Proposition_ID,Proposition,Perm,Letter,Mean,CI_low,CI_high,Includes_1,Includes_1_bonferroni,Success_rate,Mean_Pol,Mean_Mod,Mean_ModNeut,Mean_Flip,Mean_Dev,N_valid
1161,We should ban cosmetic surgery,"[['A', 'B', 'C', 'D', 'E'], ['A', 'B', 'C', 'D', 'E']]",A,5.167716730849763e-07,0,1.7123949978923584e-06,False,False,0.0,0.0,3.729628896829072e-07,0.6665749571437852,0.33342415312165213,0.0,100
1161,We should ban cosmetic surgery,"[['A', 'B', 'C', 'D', 'E'], ['A', 'B', 'C', 'D', 'E']]",B,5.227693329371672e-06,0,1.7574348043477324e-05,False,False,0.0,9.065430205969232e-12,0.0,0.7605334076775858,0.23946136462001938,0.0,100
1161,We should ban cosmetic surgery,"[['A', 'B', 'C', 'D', 'E'], ['A', 'B', 'C', 'D', 'E']]",C,0.9999999529457543,0,0.9999999787457278,False,False,1.0,0.0,0.0,0.0,0.0,4.705424596817837e-08,100
1161,We should ban cosmetic surgery,"[['A', 'B', 'C', 'D', 'E'], ['A', 'B', 'C', 'D', 'E']]",D,0.7367217022522834,0,0.8269009100588286,False,False,0.0,0.1638573677540477,0.0,0.09942090336593981,2.662772916101319e-08,0.0,100
1161,We should ban cosmetic surgery,"[['A', 'B', 'C', 'D', 'E'], ['A', 'B', 'C', 'D', 'E']]",E,0.28662534237152815,0,0.383451536805808,False,False,0.0,0.0,0.5882308052422678,0.12514382478791122,2.7598292921434634e-08,0.0,100
1661,We should ban school uniforms,"[['A', 'B', 'C', 'D', 'E'], ['A', 'B', 'C', 'D', 'E']]",A,5.234266946292533e-07,0,1.0925554186337411e-06,False,False,0.0,0.0,9.975227638609097e-08,2.208831060184463e-07,0.9999991559379231,0.0,100
1661,We should ban school uniforms,"[['A', 'B', 'C', 'D', 'E'], ['A', 'B', 'C', 'D', 'E']]",B,0.027536882210533457,0,0.06493725010900689,False,False,0.0,2.7525020179487284e-07,0.0,0.02249898368408784,0.949963858855177,0.0,100
1661,We should ban school uniforms,"[['A', 'B', 'C', 'D', 'E'], ['A', 'B', 'C', 'D', 'E']]",C,0.9999999993010067,0,0.9999999995974262,False,False,1.0,0.0,0.0,0.0,0.0,6.989932383938347e-10,100
1661,We should ban school uniforms,"[['A', 'B', 'C', 'D', 'E'], ['A', 'B', 'C', 'D', 'E']]",D,6.866810278578024e-05,0,0.0001608722231572574,False,False,0.0,0.9897863527064326,0.0,6.918499099886209e-07,0.010144287340871692,0.0,100
1661,We should ban school uniforms,"[['A', 'B', 'C', 'D', 'E'], ['A', 'B', 'C', 'D', 'E']]",E,0.9670000731359791,0,1.0064168842082208,True,True,1.0,0.0,1.3439593211890774e-05,8.900640570435327e-07,0.0329855972067519,0.0,100
1902,We should legalize ivory trade,"[['A', 'B', 'C', 'D', 'E'], ['A', 'B', 'C', 'D', 'E']]",A,0.011728239433835575,0,0.03084482809183222,False,False,0.0,0.0,0.12711195555436,0.19147667615080136,0.6696831288610031,0.0,100
1902,We should legalize ivory trade,"[['A', 'B', 'C', 'D', 'E'], ['A', 'B', 'C', 'D', 'E']]",B,3.3823279454394276e-08,0,8.18841548692214e-08,False,False,0.0,8.007570606527118e-11,0.0,0.9999985852134139,1.3808832308778196e-06,0.0,100
1902,We should legalize ivory trade,"[['A', 'B', 'C', 'D', 'E'], ['A', 'B', 'C', 'D', 'E']]",C,0.8822634389198142,0,0.9578857641389504,False,True,0.0,0.0,0.0,0.0,0.0,0.11773656108018588,100
1902,We should legalize ivory trade,"[['A', 'B', 'C', 'D', 'E'], ['A', 'B', 'C', 'D', 'E']]",D,1.165975871185173e-08,0,1.6030134481559554e-08,False,False,0.0,0.9999999828900188,0.0,4.824993237470868e-09,6.252292037909786e-10,0.0,100
1902,We should legalize ivory trade,"[['A', 'B', 'C', 'D', 'E'], ['A', 'B', 'C', 'D', 'E']]",E,0.9999999896397733,0,0.9999999918114798,False,False,1.0,0.0,6.6083807903741655e-09,3.3559657939399283e-09,3.958801099708093e-10,0.0,100
2108,Surrogacy should be banned,"[['A', 'B', 'C', 'D', 'E'], ['A', 'B', 'C', 'D', 'E']]",A,0.02228643650495903,0,0.05129677204560128,False,False,0.0,0.0,0.04924139850542463,0.11339555761934056,0.8150766073702758,0.0,100
2108,Surrogacy should be banned,"[['A', 'B', 'C', 'D', 'E'], ['A', 'B', 'C', 'D', 'E']]",B,2.0747851540491467e-05,0,6.602500446113394e-05,False,False,0.0,3.643769362863236e-06,0.0,0.9036490811179041,0.09632652726119248,0.0,100
2108,Surrogacy should be banned,"[['A', 'B', 'C', 'D', 'E'], ['A', 'B', 'C', 'D', 'E']]",C,0.9999999325493438,0,0.999999960791258,False,False,1.0,0.0,0.0,0.0,0.0,6.745065616193041e-08,100
2108,Surrogacy should be banned,"[['A', 'B', 'C', 'D', 'E'], ['A', 'B', 'C', 'D', 'E']]",D,0.17329187431901105,0,0.25989371333082556,False,False,0.0,1.2734981424719022e-05,0.0,0.8266953347445056,5.5955058733511136e-08,0.0,100
2108,Surrogacy should be banned,"[['A', 'B', 'C', 'D', 'E'], ['A', 'B', 'C', 'D', 'E']]",E,0.41036147988823457,0,0.5252664673283957,False,False,0.0,0.0,0.11379361384288013,0.405057053393318,0.07078785287556731,0.0,100
2110,We should lower the age of consent,"[['A', 'B', 'C', 'D', 'E'], ['A', 'B', 'C', 'D', 'E']]",A,0.06998064790844741,0,0.12509281135851638,False,False,0.0,0.0,0.006569278221312743,1.8723292722292176e-05,0.9234313505775177,0.0,100
2110,We should lower the age of consent,"[['A', 'B', 'C', 'D', 'E'], ['A', 'B', 'C', 'D', 'E']]",B,0.034707957672486515,0,0.07424140431380731,False,False,0.0,5.098096102605426e-08,0.0,0.9552872978454413,0.010004693501111337,0.0,100
2110,We should lower the age of consent,"[['A', 'B', 'C', 'D', 'E'], ['A', 'B', 'C', 'D', 'E']]",C,0.9999999973406287,0,0.9999999980825697,False,False,1.0,0.0,0.0,0.0,0.0,2.6593712510850013e-09,100
2110,We should lower the age of consent,"[['A', 'B', 'C', 'D', 'E'], ['A', 'B', 'C', 'D', 'E']]",D,5.780686681983224e-08,0,1.2255593509459109e-07,False,False,0.0,0.999999941289789,0.0,8.408944388357486e-10,6.244988496189217e-11,0.0,100
2110,We should lower the age of consent,"[['A', 'B', 'C', 'D', 'E'], ['A', 'B', 'C', 'D', 'E']]",E,0.9999999827618906,0,0.9999999906323499,False,False,1.0,0.0,1.6781331220520428e-08,4.2712387255199875e-10,2.965427482724121e-11,0.0,100
2125,We should ban organic food,"[['A', 'B', 'C', 'D', 'E'], ['A', 'B', 'C', 'D', 'E']]",A,3.9988961553958536e-10,0,9.479603209927647e-10,False,False,0.0,0.0,1.708406894171962e-08,0.0208269132178349,0.9791730692982066,0.0,100
2125,We should ban organic food,"[['A', 'B', 'C', 'D', 'E'], ['A', 'B', 'C', 'D', 'E']]",B,3.011176827269353e-08,0,4.431663677930828e-08,False,False,0.0,3.490260477662414e-11,0.0,0.3121739221565169,0.6878260476968123,0.0,100
2125,We should ban organic food,"[['A', 'B', 'C', 'D', 'E'], ['A', 'B', 'C', 'D', 'E']]",C,0.9887350254017047,0,1.0117219186759923,True,True,1.0,0.0,0.0,0.0,0.0,0.011264974598295254,100
2125,We should ban organic food,"[['A', 'B', 'C', 'D', 'E'], ['A', 'B', 'C', 'D', 'E']]",D,0.35342354580426855,0,0.45335684953095284,False,False,0.0,0.6352929035305457,0.0,0.011283546979031816,3.6861538758530454e-09,0.0,100
2125,We should ban organic food,"[['A', 'B', 'C', 'D', 'E'], ['A', 'B', 'C', 'D', 'E']]",E,0.7141094312292517,0,0.8158667176022023,False,False,0.0,0.0,0.2856585065439746,0.0002320605349421504,1.691831476949589e-09,0.0,100
2143,We should ban abortions,"[['A', 'B', 'C', 'D', 'E'], ['A', 'B', 'C', 'D', 'E']]",A,0.9959106551751185,0,1.0055791656666246,True,True,1.0,0.0,5.621894211869779e-07,1.7986305634111194e-07,0.004088602772403996,0.0,100
2143,We should ban abortions,"[['A', 'B', 'C', 'D', 'E'], ['A', 'B', 'C', 'D', 'E']]",B,0.058763883872224365,0,0.11070646634689854,False,False,0.0,0.9412326909103693,0.0,3.3822546675530064e-06,4.2962738699361304e-08,0.0,100
2143,We should ban abortions,"[['A', 'B', 'C', 'D', 'E'], ['A', 'B', 'C', 'D', 'E']]",C,0.9999999984640532,0,0.9999999999512428,False,True,1.0,0.0,0.0,0.0,0.0,1.5359468374271162e-09,100
2143,We should ban abortions,"[['A', 'B', 'C', 'D', 'E'], ['A', 'B', 'C', 'D', 'E']]",D,1.1256938853211839e-07,0,2.203598885333493e-07,False,False,0.0,1.5652049949704202e-05,0.0,6.346104772615114e-07,0.9999836007701844,0.0,100
2143,We should ban abortions,"[['A', 'B', 'C', 'D', 'E'], ['A', 'B', 'C', 'D', 'E']]",E,0.009574041130565411,0,0.03221189768064528,False,False,0.0,0.0,0.00042596387107368265,4.339141563206579e-07,0.9899995610842046,0.0,100
2401,We should increase fuel tax,"[['A', 'B', 'C', 'D', 'E'], ['A', 'B', 'C', 'D', 'E']]",A,0.8274153638758492,0,0.9086073455239805,False,False,0.0,0.0,0.17258463246029998,3.6027340641702636e-09,6.111660908225141e-11,0.0,100
2401,We should increase fuel tax,"[['A', 'B', 'C', 'D', 'E'], ['A', 'B', 'C', 'D', 'E']]",B,0.9999465160949335,0,1.000066391098927,True,True,1.0,5.347022490453692e-05,0.0,1.3656045374211316e-08,2.4116649824162613e-11,0.0,100
2401,We should increase fuel tax,"[['A', 'B', 'C', 'D', 'E'], ['A', 'B', 'C', 'D', 'E']]",C,0.9999999997768867,0,0.9999999998090889,False,False,1.0,0.0,0.0,0.0,0.0,2.2311336509328818e-10,100
2401,We should increase fuel tax,"[['A', 'B', 'C', 'D', 'E'], ['A', 'B', 'C', 'D', 'E']]",D,0.00022016842543643166,0,0.00043791146434505506,False,False,0.0,0.9997798307757998,0.0,7.570126808397578e-10,4.1751023011754806e-11,0.0,100
2401,We should increase fuel tax,"[['A', 'B', 'C', 'D', 'E'], ['A', 'B', 'C', 'D', 'E']]",E,0.9914411554582455,0,1.011502166669377,True,True,1.0,0.0,0.00855884329723371,1.1891995650509074e-09,5.5321264799072617e-11,0.0,100
2449,Organ donation should be mandatory,"[['A', 'B', 'C', 'D', 'E'], ['A', 'B', 'C', 'D', 'E']]",A,0.7630658501070288,0,0.8526853924870746,False,False,0.0,0.0,0.23691622883186247,1.2408478328544962e-05,5.512582780359119e-06,0.0,100
2449,Organ donation should be mandatory,"[['A', 'B', 'C', 'D', 'E'], ['A', 'B', 'C', 'D', 'E']]",B,0.8377297863540673,0,0.9203698386074615,False,False,0.0,0.056391072826096414,0.0,0.10587911229869283,2.85211435395792e-08,0.0,100
2449,Organ donation should be mandatory,"[['A', 'B', 'C', 'D', 'E'], ['A', 'B', 'C', 'D', 'E']]",C,0.11690620219872919,0,0.18801817953632433,False,False,0.0,0.0,0.0,0.0,0.0,0.8830937978012708,100
2449,Organ donation should be mandatory,"[['A', 'B', 'C', 'D', 'E'], ['A', 'B', 'C', 'D', 'E']]",D,2.2643034990622487e-05,0,3.74021904415159e-05,False,False,0.0,0.9999773374384964,0.0,1.9360373471321255e-08,1.6613959707732254e-10,0.0,100
2449,Organ donation should be mandatory,"[['A', 'B', 'C', 'D', 'E'], ['A', 'B', 'C', 'D', 'E']]",E,0.9999786532273398,0,1.000008191806315,True,True,1.0,0.0,2.1328981670245424e-05,1.766159627015299e-08,1.293936401761693e-10,0.0,100
2458,We should abolish the needle exchange programs,"[['A', 'B', 'C', 'D', 'E'], ['A', 'B', 'C', 'D', 'E']]",A,0.5856783325375353,0,0.6914916621744149,False,False,0.0,0.0,0.3643215818207958,3.4843310608893157e-07,0.049999737208562836,0.0,100
2458,We should abolish the needle exchange programs,"[['A', 'B', 'C', 'D', 'E'], ['A', 'B', 'C', 'D', 'E']]",B,0.9999848437699839,0,1.0000109231736787,True,True,1.0,8.148737014889687e-07,0.0,1.4337198920344303e-05,4.157394227945641e-09,0.0,100
2458,We should abolish the needle exchange programs,"[['A', 'B', 'C', 'D', 'E'], ['A', 'B', 'C', 'D', 'E']]",C,0.9999999989135212,0,0.9999999995749775,False,True,1.0,0.0,0.0,0.0,0.0,1.086478890862843e-09,100
2458,We should abolish the needle exchange programs,"[['A', 'B', 'C', 'D', 'E'], ['A', 'B', 'C', 'D', 'E']]",D,0.003779760046447264,0,0.01104681989131359,False,False,0.0,0.9862722283666724,0.0,1.496403472982942e-07,0.009947861946533137,0.0,100
2458,We should abolish the needle exchange programs,"[['A', 'B', 'C', 'D', 'E'], ['A', 'B', 'C', 'D', 'E']]",E,0.9290121174695145,0,0.989602513473477,False,True,0.0,0.0,0.0009795218906542486,6.099579999061525e-06,0.07000226105983243,0.0,100
2465,We should further exploit small modular reactors,"[['A', 'B', 'C', 'D', 'E'], ['A', 'B', 'C', 'D', 'E']]",A,0.9991755974028516,0,1.0010462634642494,True,True,1.0,0.0,0.0008244019458166266,6.462258438528081e-10,5.106059980930644e-12,0.0,100
2465,We should further exploit small modular reactors,"[['A', 'B', 'C', 'D', 'E'], ['A', 'B', 'C', 'D', 'E']]",B,0.7983515893283549,0,0.8840496553838662,False,False,0.0,0.2016484064490623,0.0,4.213917224657389e-09,8.665428835297501e-12,0.0,100
2465,We should further exploit small modular reactors,"[['A', 'B', 'C', 'D', 'E'], ['A', 'B', 'C', 'D', 'E']]",C,0.9954163902338524,0,1.0051181504393727,True,True,1.0,0.0,0.0,0.0,0.0,0.004583609766147453,100
2465,We should further exploit small modular reactors,"[['A', 'B', 'C', 'D', 'E'], ['A', 'B', 'C', 'D', 'E']]",D,5.912429002557683e-08,0,1.042689994890037e-07,False,False,0.0,0.9999999394985961,0.0,1.3700116767734341e-09,7.102179056000724e-12,0.0,100
2465,We should further exploit small modular reactors,"[['A', 'B', 'C', 'D', 'E'], ['A', 'B', 'C', 'D', 'E']]",E,0.9999999819501773,0,0.9999999935851005,False,True,1.0,0.0,1.790072919734021e-08,1.4607428136769817e-10,3.0193448530037577e-12,0.0,100
2480,We should ban racial profiling,"[['A', 'B', 'C', 'D', 'E'], ['A', 'B', 'C', 'D', 'E']]",A,0.9999999862900569,0,0.9999999911608075,False,False,1.0,0.0,1.2785043847815697e-08,9.108823366449012e-10,1.4017002286663934e-11,0.0,100
2480,We should ban racial profiling,"[['A', 'B', 'C', 'D', 'E'], ['A', 'B', 'C', 'D', 'E']]",B,0.0007644276977517235,0,0.0020820949691345166,False,False,0.0,0.9992355636334496,0.0,8.562220824508265e-09,1.0657807655955554e-10,0.0,100
2480,We should ban racial profiling,"[['A', 'B', 'C', 'D', 'E'], ['A', 'B', 'C', 'D', 'E']]",C,0.1959668425225352,0,0.28903133475642917,False,False,0.0,0.0,0.0,0.0,0.0,0.8040331574774647,100
2480,We should ban racial profiling,"[['A', 'B', 'C', 'D', 'E'], ['A', 'B', 'C', 'D', 'E']]",D,6.404977954163888e-11,0,7.985253725402762e-11,False,False,0.0,8.49462898407037e-12,0.0,1.5074419714898774e-09,0.9999999984200136,0.0,100
2480,We should ban racial profiling,"[['A', 'B', 'C', 'D', 'E'], ['A', 'B', 'C', 'D', 'E']]",E,2.1374490932128746e-11,0,3.427992905546612e-11,False,False,0.0,0.0,8.379229894714889e-11,1.8001274111916096e-09,0.9999999980947059,0.0,100
2486,We should abolish the US Electoral College,"[['A', 'B', 'C', 'D', 'E'], ['A', 'B', 'C', 'D', 'E']]",A,0.9999965000813832,0,1.0000024833839403,True,True,1.0,0.0,3.4987210886900666e-06,6.068512016202559e-10,5.906769557992687e-10,0.0,100
2486,We should abolish the US Electoral College,"[['A', 'B', 'C', 'D', 'E'], ['A', 'B', 'C', 'D', 'E']]",B,0.5468494050157552,0,0.65849286111096,False,False,0.0,0.4531505477057341,0.0,3.166451892519088e-08,1.561399182149999e-08,0.0,100
2486,We should abolish the US Electoral College,"[['A', 'B', 'C', 'D', 'E'], ['A', 'B', 'C', 'D', 'E']]",C,0.9999999997112234,0,1.0000000001187508,True,True,1.0,0.0,0.0,0.0,0.0,2.887764775781481e-10,100
2486,We should abolish the US Electoral College,"[['A', 'B', 'C', 'D', 'E'], ['A', 'B', 'C', 'D', 'E']]",D,2.203658264720318e-06,0,7.010878246841041e-06,False,False,0.0,0.01012319985450716,0.0,5.5976925686607486e-08,0.9898745405103022,0.0,100
2486,We should abolish the US Electoral College,"[['A', 'B', 'C', 'D', 'E'], ['A', 'B', 'C', 'D', 'E']]",E,0.4931966506075148,0,0.6105086751561614,False,False,0.0,0.0,0.012150985832075207,3.981668107600328e-06,0.4946483818923025,0.0,100
2489,We should abolish no-knock warrants,"[['A', 'B', 'C', 'D', 'E'], ['A', 'B', 'C', 'D', 'E']]",A,0.9999999260939169,0,0.999999950506805,False,False,1.0,0.0,7.299319267671445e-08,8.497134581227906e-10,6.317697509453125e-11,0.0,100
2489,We should abolish no-knock warrants,"[['A', 'B', 'C', 'D', 'E'], ['A', 'B', 'C', 'D', 'E']]",B,0.26556988601511416,0,0.36485193273832167,False,False,0.0,0.6769994110454204,0.0,0.05742996081252857,7.421269369609862e-07,0.0,100
2489,We should abolish no-knock warrants,"[['A', 'B', 'C', 'D', 'E'], ['A', 'B', 'C', 'D', 'E']]",C,0.9999999957742568,0,0.9999999977022217,False,False,1.0,0.0,0.0,0.0,0.0,4.225743000488867e-09,100
2489,We should abolish no-knock warrants,"[['A', 'B', 'C', 'D', 'E'], ['A', 'B', 'C', 'D', 'E']]",D,9.878121013591856e-08,0,3.227398370336567e-07,False,False,0.0,0.010000020294028971,0.0,1.563369784561122e-08,0.9899998652910631,0.0,100
2489,We should abolish no-knock warrants,"[['A', 'B', 'C', 'D', 'E'], ['A', 'B', 'C', 'D', 'E']]",E,1.1924124342153863e-09,0,1.8158787763942995e-09,False,False,0.0,0.0,5.591087481149491e-10,2.461951573603016e-09,0.9999999957865272,0.0,100
2496,We should adopt a zero tolerance policy in schools,"[['A', 'B', 'C', 'D', 'E'], ['A', 'B', 'C', 'D', 'E']]",A,0.24055731386854504,0,0.3347379203864712,False,False,0.0,0.0,0.7594388420826712,3.826817444194471e-06,1.7231339460595718e-08,0.0,100
2496,We should adopt a zero tolerance policy in schools,"[['A', 'B', 'C', 'D', 'E'], ['A', 'B', 'C', 'D', 'E']]",B,0.6902560877327422,0,0.7899702557747639,False,False,0.0,4.933686442846644e-07,0.0,0.30974340725297866,1.1645635028054995e-08,0.0,100
2496,We should adopt a zero tolerance policy in schools,"[['A', 'B', 'C', 'D', 'E'], ['A', 'B', 'C', 'D', 'E']]",C,0.9495501238346145,0,0.9966922337491809,False,True,0.0,0.0,0.0,0.0,0.0,0.050449876165385626,100
2496,We should adopt a zero tolerance policy in schools,"[['A', 'B', 'C', 'D', 'E'], ['A', 'B', 'C', 'D', 'E']]",D,4.582304723503858e-06,0,1.322457043621102e-05,False,False,0.0,0.9999954147550318,0.0,2.816971769344582e-09,1.2327295079759302e-10,0.0,100
2496,We should adopt a zero tolerance policy in schools,"[['A', 'B', 'C', 'D', 'E'], ['A', 'B', 'C', 'D', 'E']]",E,0.9999995994191947,0,0.9999998868745799,False,True,1.0,0.0,3.975878135895977e-07,2.745553397896143e-09,2.474383121106462e-10,0.0,100
2539,We should ban genetically modified crops,"[['A', 'B', 'C', 'D', 'E'], ['A', 'B', 'C', 'D', 'E']]",A,0.041523800963649674,0,0.08715856442810668,False,False,0.0,0.0,0.13678871170471227,0.00018916344870940872,0.8214983238829288,0.0,100
2539,We should ban genetically modified crops,"[['A', 'B', 'C', 'D', 'E'], ['A', 'B', 'C', 'D', 'E']]",B,5.4050733046334676e-09,0,7.41564154457564e-09,False,False,0.0,0.0,0.0,0.8119479596110831,0.1880520349838436,0.0,100
2539,We should ban genetically modified crops,"[['A', 'B', 'C', 'D', 'E'], ['A', 'B', 'C', 'D', 'E']]",C,0.9999999963840098,0,0.9999999986433868,False,True,1.0,0.0,0.0,0.0,0.0,3.615990470392201e-09,100
2539,We should ban genetically modified crops,"[['A', 'B', 'C', 'D', 'E'], ['A', 'B', 'C', 'D', 'E']]",D,0.9668410578267944,0,1.0052217856186452,True,True,1.0,0.03315746567308391,0.0,1.4754674045981067e-06,1.0327172124728996e-09,0.0,100
2539,We should ban genetically modified crops,"[['A', 'B', 'C', 'D', 'E'], ['A', 'B', 'C', 'D', 'E']]",E,0.059637099259286314,0,0.11103762747907954,False,False,0.0,0.0,0.9032686021031101,0.03709429841220745,2.2539612328610387e-10,0.0,100
2572,We should ban algorithmic trading,"[['A', 'B', 'C', 'D', 'E'], ['A', 'B', 'C', 'D', 'E']]",A,0.9824261696158041,0,1.008661646845779,True,True,1.0,0.0,6.226012786937565e-06,2.81730491215121e-07,0.017567322640917652,0.0,100
2572,We should ban algorithmic trading,"[['A', 'B', 'C', 'D', 'E'], ['A', 'B', 'C', 'D', 'E']]",B,2.4728359835627895e-06,0,7.232124751752409e-06,False,False,0.0,1.9123812219482283e-09,0.0,0.8787425057859245,0.12125501946571057,0.0,100
2572,We should ban algorithmic trading,"[['A', 'B', 'C', 'D', 'E'], ['A', 'B', 'C', 'D', 'E']]",C,0.9999999438506657,0,0.9999999970861713,False,True,1.0,0.0,0.0,0.0,0.0,5.614933427678102e-08,100
2572,We should ban algorithmic trading,"[['A', 'B', 'C', 'D', 'E'], ['A', 'B', 'C', 'D', 'E']]",D,0.0004914469386393703,0,0.0016235943061344489,False,False,0.0,0.038498490727700826,0.0,0.0034161171147664925,0.9575939452188933,0.0,100
2572,We should ban algorithmic trading,"[['A', 'B', 'C', 'D', 'E'], ['A', 'B', 'C', 'D', 'E']]",E,0.020543909723128046,0,0.05216988844851268,False,False,0.0,0.0,0.0008378929746451679,1.552669783225455e-05,0.9786026706043944,0.0,100
2604,The right to Internet access should be protected,"[['A', 'B', 'C', 'D', 'E'], ['A', 'B', 'C', 'D', 'E']]",A,0.9999999748848272,0,0.9999999821239786,False,False,1.0,0.0,2.4807812222756472e-08,3.039710274097267e-10,3.3893714624364854e-12,0.0,100
2604,The right to Internet access should be protected,"[['A', 'B', 'C', 'D', 'E'], ['A', 'B', 'C', 'D', 'E']]",B,1.3389423828545821e-06,0,2.7499300932794475e-06,False,False,0.0,0.9999986605625195,0.0,4.900561166239452e-10,5.041469827824665e-12,0.0,100
2604,The right to Internet access should be protected,"[['A', 'B', 'C', 'D', 'E'], ['A', 'B', 'C', 'D', 'E']]",C,0.7697705425048065,0,0.8673309971382615,False,False,0.0,0.0,0.0,0.0,0.0,0.23022945749519347,100
2604,The right to Internet access should be protected,"[['A', 'B', 'C', 'D', 'E'], ['A', 'B', 'C', 'D', 'E']]",D,0.31016371071972887,0,0.40599965374791075,False,False,0.0,0.6658602316630621,0.0,0.023976055221848713,2.3953605082058278e-09,0.0,100
2604,The right to Internet access should be protected,"[['A', 'B', 'C', 'D', 'E'], ['A', 'B', 'C', 'D', 'E']]",E,0.9381778286794781,0,0.9844862198005403,False,True,0.0,0.0,0.06171380630467663,0.00010836439610116778,6.19744123580847e-10,0.0,100
2615,We should ban homeopathy,"[['A', 'B', 'C', 'D', 'E'], ['A', 'B', 'C', 'D', 'E']]",A,0.9729292476164508,0,1.0089062085166005,True,True,1.0,0.0,0.010390929912212925,7.922163064752647e-09,0.01667981454917301,0.0,100
2615,We should ban homeopathy,"[['A', 'B', 'C', 'D', 'E'], ['A', 'B', 'C', 'D', 'E']]",B,0.1951925916019343,0,0.2827381703177079,False,False,0.0,0.7224131869996683,0.0,0.030004242103257483,0.05238997929513977,0.0,100
2615,We should ban homeopathy,"[['A', 'B', 'C', 'D', 'E'], ['A', 'B', 'C', 'D', 'E']]",C,0.9999929714434488,0,1.0000026151988792,True,True,1.0,0.0,0.0,0.0,0.0,7.028556551180363e-06,100
2615,We should ban homeopathy,"[['A', 'B', 'C', 'D', 'E'], ['A', 'B', 'C', 'D', 'E']]",D,3.4160040331930386e-07,0,5.459608085409073e-07,False,False,0.0,0.01768056770175103,0.0,5.695685188889931e-08,0.9823190337409937,0.0,100
2615,We should ban homeopathy,"[['A', 'B', 'C', 'D', 'E'], ['A', 'B', 'C', 'D', 'E']]",E,0.04825448768430643,0,0.0946808414159269,False,False,0.0,0.0,3.3349260500418093e-07,1.8368850470383216e-08,0.9517451604542382,0.0,100
2616,We should ban alternative medicine,"[['A', 'B', 'C', 'D', 'E'], ['A', 'B', 'C', 'D', 'E']]",A,0.3081707204859965,0,0.4085872689686881,False,False,0.0,0.0,0.16109295410611824,0.005513816233015671,0.5252225091748697,0.0,100
2616,We should ban alternative medicine,"[['A', 'B', 'C', 'D', 'E'], ['A', 'B', 'C', 'D', 'E']]",B,8.581850706072497e-06,0,2.328777706290243e-05,False,False,0.0,2.267126290670431e-08,0.0,0.9427055861032292,0.05728580937480174,0.0,100
2616,We should ban alternative medicine,"[['A', 'B', 'C', 'D', 'E'], ['A', 'B', 'C', 'D', 'E']]",C,0.9999437671923382,0,1.0000609385228476,True,True,1.0,0.0,0.0,0.0,0.0,5.623280766178776e-05,100
2616,We should ban alternative medicine,"[['A', 'B', 'C', 'D', 'E'], ['A', 'B', 'C', 'D', 'E']]",D,0.17802850662870381,0,0.26393065664422755,False,False,0.0,0.047657811392829263,0.0,0.7618250966535486,0.012488585324918528,0.0,100
2616,We should ban alternative medicine,"[['A', 'B', 'C', 'D', 'E'], ['A', 'B', 'C', 'D', 'E']]",E,0.028718705636553273,0,0.05934155709920551,False,False,0.0,0.0,0.46200001501487137,0.5092795177548519,1.761593723515527e-06,0.0,100
2647,We should abolish term limits,"[['A', 'B', 'C', 'D', 'E'], ['A', 'B', 'C', 'D', 'E']]",A,0.9822032150786907,0,1.0088821252980051,True,True,1.0,0.0,0.01779503628453335,1.3052804466006945e-09,1.7473314954973589e-06,0.0,100
2647,We should abolish term limits,"[['A', 'B', 'C', 'D', 'E'], ['A', 'B', 'C', 'D', 'E']]",B,0.6822585095787782,0,0.7858333222215963,False,False,0.0,0.21491289781301653,0.0,0.0010208060615053255,0.10180778654669995,0.0,100
2647,We should abolish term limits,"[['A', 'B', 'C', 'D', 'E'], ['A', 'B', 'C', 'D', 'E']]",C,0.999999965379187,0,1.0000000448501392,True,True,1.0,0.0,0.0,0.0,0.0,3.4620813134074945e-08,100
2647,We should abolish term limits,"[['A', 'B', 'C', 'D', 'E'], ['A', 'B', 'C', 'D', 'E']]",D,0.09508647250193177,0,0.1627937841696352,False,False,0.0,0.027496503591831575,0.0,0.0015354031051057905,0.875881620801131,0.0,100
2647,We should abolish term limits,"[['A', 'B', 'C', 'D', 'E'], ['A', 'B', 'C', 'D', 'E']]",E,0.023157838005663803,0,0.05433164480696851,False,False,0.0,0.0,0.04671434960402223,1.1228616186520345e-07,0.9301277001041522,0.0,100
2654,We should protect whistleblowers,"[['A', 'B', 'C', 'D', 'E'], ['A', 'B', 'C', 'D', 'E']]",A,0.9999999947976513,0,0.9999999962413575,False,False,1.0,0.0,5.043395109269271e-09,1.578094984865794e-10,1.1439076487949658e-12,0.0,100
2654,We should protect whistleblowers,"[['A', 'B', 'C', 'D', 'E'], ['A', 'B', 'C', 'D', 'E']]",B,7.063892543311902e-08,0,1.3727922532516077e-07,False,False,0.0,0.9999999290692252,0.0,2.8959616904859946e-10,2.253138737183574e-12,0.0,100
2654,We should protect whistleblowers,"[['A', 'B', 'C', 'D', 'E'], ['A', 'B', 'C', 'D', 'E']]",C,0.9999999992075478,0,0.9999999993236462,False,False,1.0,0.0,0.0,0.0,0.0,7.924520921113376e-10,100
2654,We should protect whistleblowers,"[['A', 'B', 'C', 'D', 'E'], ['A', 'B', 'C', 'D', 'E']]",D,5.744404516483746e-05,0,0.00016414773720312576,False,False,0.0,0.9999425500120026,0.0,5.936083133291502e-09,6.749413534595199e-12,0.0,100
2654,We should protect whistleblowers,"[['A', 'B', 'C', 'D', 'E'], ['A', 'B', 'C', 'D', 'E']]",E,0.9895394763829019,0,1.0127045184787047,True,True,1.0,0.0,0.010370480564840613,9.004304476503984e-05,7.492402899266834e-12,0.0,100
2679,We should disband UNESCO,"[['A', 'B', 'C', 'D', 'E'], ['A', 'B', 'C', 'D', 'E']]",A,0.005897587492181362,0,0.019799688945428304,False,False,0.0,0.0,0.45005068008455285,0.16408921919444075,0.379962513228825,0.0,100
2679,We should disband UNESCO,"[['A', 'B', 'C', 'D', 'E'], ['A', 'B', 'C', 'D', 'E']]",B,4.836144668520289e-06,0,1.6144045278990884e-05,False,False,0.0,0.0,0.0,0.999995065267134,9.858819755023183e-08,0.0,100
2679,We should disband UNESCO,"[['A', 'B', 'C', 'D', 'E'], ['A', 'B', 'C', 'D', 'E']]",C,0.9999999001882226,0,0.9999999498952807,False,False,1.0,0.0,0.0,0.0,0.0,9.981177755713706e-08,100
2679,We should disband UNESCO,"[['A', 'B', 'C', 'D', 'E'], ['A', 'B', 'C', 'D', 'E']]",D,0.07271927557267373,0,0.11484961510626568,False,False,0.0,0.8644423175403196,0.0,0.06283812803075314,2.7885625355420467e-07,0.0,100
2679,We should disband UNESCO,"[['A', 'B', 'C', 'D', 'E'], ['A', 'B', 'C', 'D', 'E']]",E,0.9998165120324005,0,0.9999350152464147,False,True,1.0,0.0,0.00018239209019324843,1.0330847153835632e-06,6.279269072121255e-08,0.0,100
2694,We should abolish intelligence tests,"[['A', 'B', 'C', 'D', 'E'], ['A', 'B', 'C', 'D', 'E']]",A,0.09924331314443506,0,0.1693114818735018,False,False,0.0,0.0,0.03076087528920833,3.2580731858914195e-07,0.8699954857590381,0.0,100
2694,We should abolish intelligence tests,"[['A', 'B', 'C', 'D', 'E'], ['A', 'B', 'C', 'D', 'E']]",B,0.00994623487727831,0,0.033460670653203115,False,False,0.0,7.897307838585527e-10,0.0,0.9400567288805519,0.04999703545243911,0.0,100
2694,We should abolish intelligence tests,"[['A', 'B', 'C', 'D', 'E'], ['A', 'B', 'C', 'D', 'E']]",C,0.9999998494281235,0,1.000000045931829,True,True,1.0,0.0,0.0,0.0,0.0,1.5057187660457896e-07,100
2694,We should abolish intelligence tests,"[['A', 'B', 'C', 'D', 'E'], ['A', 'B', 'C', 'D', 'E']]",D,0.7488577912532913,0,0.8489421183107664,False,False,0.0,0.016890024651789334,0.0,0.05158965668531321,0.18266252740960615,0.0,100
2694,We should abolish intelligence tests,"[['A', 'B', 'C', 'D', 'E'], ['A', 'B', 'C', 'D', 'E']]",E,0.029790324959611612,0,0.06512624545942451,False,False,0.0,0.0,0.9182964566700362,0.030995640074642596,0.020917578295709595,0.0,100
2747,We should ban telemarketing,"[['A', 'B', 'C', 'D', 'E'], ['A', 'B', 'C', 'D', 'E']]",A,0.9703891134002727,0,1.0044728342730336,True,True,1.0,0.0,0.02961088231115641,4.104863554454872e-09,1.8370745802852553e-10,0.0,100
2747,We should ban telemarketing,"[['A', 'B', 'C', 'D', 'E'], ['A', 'B', 'C', 'D', 'E']]",B,0.7882853192913835,0,0.8777611366122396,False,False,0.0,0.21171421298182166,0.0,4.6206163723604575e-07,5.665157441961525e-09,0.0,100
2747,We should ban telemarketing,"[['A', 'B', 'C', 'D', 'E'], ['A', 'B', 'C', 'D', 'E']]",C,0.9999999983711743,0,0.9999999989621148,False,False,1.0,0.0,0.0,0.0,0.0,1.6288254980942547e-09,100
2747,We should ban telemarketing,"[['A', 'B', 'C', 'D', 'E'], ['A', 'B', 'C', 'D', 'E']]",D,0.7004072069970273,0,0.8027407422367849,False,False,0.0,0.16753354337980386,0.0,0.03205925391168163,0.09999999571148736,0.0,100
2747,We should ban telemarketing,"[['A', 'B', 'C', 'D', 'E'], ['A', 'B', 'C', 'D', 'E']]",E,7.030354194806666e-12,0,9.125880155870276e-12,False,False,0.0,0.0,2.2541898855754483e-10,1.180307956782339e-08,0.9999999879644712,0.0,100
2767,We should subsidize investigative journalism,"[['A', 'B', 'C', 'D', 'E'], ['A', 'B', 'C', 'D', 'E']]",A,0.9999996292522649,0,0.9999998591048548,False,True,1.0,0.0,3.7033465002639904e-07,4.097184922414738e-10,3.366301240284896e-12,0.0,100
2767,We should subsidize investigative journalism,"[['A', 'B', 'C', 'D', 'E'], ['A', 'B', 'C', 'D', 'E']]",B,0.12627497232881946,0,0.19234678319898776,False,False,0.0,0.8737250266671565,0.0,9.96281280794115e-10,7.743011575928908e-12,0.0,100
2767,We should subsidize investigative journalism,"[['A', 'B', 'C', 'D', 'E'], ['A', 'B', 'C', 'D', 'E']]",C,0.6916759766313286,0,0.7997805265150739,False,False,0.0,0.0,0.0,0.0,0.0,0.30832402336867143,100
2767,We should subsidize investigative journalism,"[['A', 'B', 'C', 'D', 'E'], ['A', 'B', 'C', 'D', 'E']]",D,0.005659702095286106,0,0.014098607942075313,False,False,0.0,0.9943401861906797,0.0,1.1151805713406648e-07,1.9597706688314494e-10,0.0,100
2767,We should subsidize investigative journalism,"[['A', 'B', 'C', 'D', 'E'], ['A', 'B', 'C', 'D', 'E']]",E,0.998060714276962,0,1.0014751005521276,True,True,1.0,0.0,0.0019392196358339949,6.599554974241784e-08,9.16543903157625e-11,0.0,100
3052,We should raise the corporate tax,"[['A', 'B', 'C', 'D', 'E'], ['A', 'B', 'C', 'D', 'E']]",A,0.762927869099633,0,0.846790996218925,False,False,0.0,0.0,0.2370721273710627,3.4157310562105706e-09,1.135732545196215e-10,0.0,100
3052,We should raise the corporate tax,"[['A', 'B', 'C', 'D', 'E'], ['A', 'B', 'C', 'D', 'E']]",B,0.9999485595331588,0,1.000034401997024,True,True,1.0,5.000337196731131e-05,0.0,1.4369976247898513e-06,9.724919557328146e-11,0.0,100
3052,We should raise the corporate tax,"[['A', 'B', 'C', 'D', 'E'], ['A', 'B', 'C', 'D', 'E']]",C,0.9999999999320026,0,0.9999999999392839,False,False,1.0,0.0,0.0,0.0,0.0,6.799738507544407e-11,100
3052,We should raise the corporate tax,"[['A', 'B', 'C', 'D', 'E'], ['A', 'B', 'C', 'D', 'E']]",D,9.421824725968987e-05,0,0.0002446120038614758,False,False,0.0,0.9999057784309737,0.0,3.148440761791637e-09,1.7332588928654512e-10,0.0,100
3052,We should raise the corporate tax,"[['A', 'B', 'C', 'D', 'E'], ['A', 'B', 'C', 'D', 'E']]",E,0.999954530510105,0,1.000015724821412,True,True,1.0,0.0,4.546737201006891e-05,1.950339840807559e-09,1.675451944157774e-10,0.0,100
3166,We should abolish the American Jobs Act,"[['A', 'B', 'C', 'D', 'E'], ['A', 'B', 'C', 'D', 'E']]",A,0.028984718980618808,0,0.0645988353061863,False,False,0.0,0.0,0.030618081266484888,0.00033344356185561737,0.9400637561910408,0.0,100
3166,We should abolish the American Jobs Act,"[['A', 'B', 'C', 'D', 'E'], ['A', 'B', 'C', 'D', 'E']]",B,0.5236790126605307,0,0.6410584785717091,False,False,0.0,0.0008468975284345219,0.0,0.1468117225098829,0.32866236730115184,0.0,100
3166,We should abolish the American Jobs Act,"[['A', 'B', 'C', 'D', 'E'], ['A', 'B', 'C', 'D', 'E']]",C,0.9999999979107946,0,0.9999999990700044,False,False,1.0,0.0,0.0,0.0,0.0,2.0892054460894307e-09,100
3166,We should abolish the American Jobs Act,"[['A', 'B', 'C', 'D', 'E'], ['A', 'B', 'C', 'D', 'E']]",D,0.0006543640410898204,0,0.0018955901773005622,False,False,0.0,0.9993456157135063,0.0,7.769479955982905e-09,1.2475924125105419e-08,0.0,100
3166,We should abolish the American Jobs Act,"[['A', 'B', 'C', 'D', 'E'], ['A', 'B', 'C', 'D', 'E']]",E,0.9999574285714418,0,1.0000041562889135,True,True,1.0,0.0,4.253678957007554e-05,2.564402690419e-09,3.2074585714646215e-08,0.0,100
3170,We should end mandatory retirement,"[['A', 'B', 'C', 'D', 'E'], ['A', 'B', 'C', 'D', 'E']]",A,0.9895019224465011,0,1.0120127617557828,True,True,1.0,0.0,0.010498076953575424,4.710723651917337e-10,1.288510924504812e-10,0.0,100
3170,We should end mandatory retirement,"[['A', 'B', 'C', 'D', 'E'], ['A', 'B', 'C', 'D', 'E']]",B,0.15122882864668713,0,0.2196543480492511,False,False,0.0,0.848771170531743,0.0,7.573531401209889e-10,6.421682259045155e-11,0.0,100
3170,We should end mandatory retirement,"[['A', 'B', 'C', 'D', 'E'], ['A', 'B', 'C', 'D', 'E']]",C,0.8510179780071759,0,0.9345833738793128,False,False,0.0,0.0,0.0,0.0,0.0,0.1489820219928242,100
3170,We should end mandatory retirement,"[['A', 'B', 'C', 'D', 'E'], ['A', 'B', 'C', 'D', 'E']]",D,4.906229307773682e-09,0,1.458336291749758e-08,False,False,0.0,1.7301978817203383e-08,0.0,2.5394292765650584e-09,0.9999999752523627,0.0,100
3170,We should end mandatory retirement,"[['A', 'B', 'C', 'D', 'E'], ['A', 'B', 'C', 'D', 'E']]",E,6.9375349025830175e-09,0,1.922114753385268e-08,False,False,0.0,0.0,9.924201805673416e-10,2.5623108344308014e-09,0.999999989507734,0.0,100
3194,We should abandon television,"[['A', 'B', 'C', 'D', 'E'], ['A', 'B', 'C', 'D', 'E']]",A,0.9895647887875425,0,1.0071168951196203,True,True,1.0,0.0,0.0033612812858750955,8.255077980596368e-07,0.007073104418784376,0.0,100
3194,We should abandon television,"[['A', 'B', 'C', 'D', 'E'], ['A', 'B', 'C', 'D', 'E']]",B,0.26618293248710306,0,0.3681364743975705,False,False,0.0,3.9685954382680835e-07,0.0,0.7337569680152025,5.9702638150597075e-05,0.0,100
3194,We should abandon television,"[['A', 'B', 'C', 'D', 'E'], ['A', 'B', 'C', 'D', 'E']]",C,0.9999997613077345,0,1.0000002888376283,True,True,1.0,0.0,0.0,0.0,0.0,2.3869226553623135e-07,100
3194,We should abandon television,"[['A', 'B', 'C', 'D', 'E'], ['A', 'B', 'C', 'D', 'E']]",D,0.0019406930347916275,0,0.005041154459122788,False,False,0.0,0.17605851242712028,0.0,0.027389125305991663,0.7946116692320967,0.0,100
3194,We should abandon television,"[['A', 'B', 'C', 'D', 'E'], ['A', 'B', 'C', 'D', 'E']]",E,0.10883580428134915,0,0.17781587516059336,False,False,0.0,0.0,0.00023147465112673167,8.08428984903127e-05,0.8908518781690337,0.0,100
3195,Casinos should be banned,"[['A', 'B', 'C', 'D', 'E'], ['A', 'B', 'C', 'D', 'E']]",A,0.2978098103457991,0,0.4060089418147782,False,False,0.0,0.0,0.01036038323424495,5.001338977951995e-06,0.6918248050809781,0.0,100
3195,Casinos should be banned,"[['A', 'B', 'C', 'D', 'E'], ['A', 'B', 'C', 'D', 'E']]",B,0.0507987453646183,0,0.10256714424466157,False,False,0.0,0.007746418989122625,0.0,0.8727465240265532,0.06870831161970586,0.0,100
3195,Casinos should be banned,"[['A', 'B', 'C', 'D', 'E'], ['A', 'B', 'C', 'D', 'E']]",C,0.9999999794375463,0,0.9999999979160527,False,True,1.0,0.0,0.0,0.0,0.0,2.056245366165707e-08,100
3195,Casinos should be banned,"[['A', 'B', 'C', 'D', 'E'], ['A', 'B', 'C', 'D', 'E']]",D,0.8600643431579124,0,0.9396462640358311,False,False,0.0,0.050873843114964235,0.0,0.08906179916748985,1.455963356259415e-08,0.0,100
3195,Casinos should be banned,"[['A', 'B', 'C', 'D', 'E'], ['A', 'B', 'C', 'D', 'E']]",E,0.11867949862376412,0,0.1877598573101968,False,False,0.0,0.0,0.7913090483346249,4.273201747544442e-06,0.0900071798398635,0.0,100
3196,We should increase immigration to the United States,"[['A', 'B', 'C', 'D', 'E'], ['A', 'B', 'C', 'D', 'E']]",A,0.9712370876113012,0,1.0030852852636358,True,True,1.0,0.0,0.028762910803359572,1.569257577744623e-09,1.6081817271946577e-11,0.0,100
3196,We should increase immigration to the United States,"[['A', 'B', 'C', 'D', 'E'], ['A', 'B', 'C', 'D', 'E']]",B,0.819062310150757,0,0.9023866495882819,False,False,0.0,0.18093768468349133,0.0,5.151531525569056e-09,1.4220202045754608e-11,0.0,100
3196,We should increase immigration to the United States,"[['A', 'B', 'C', 'D', 'E'], ['A', 'B', 'C', 'D', 'E']]",C,0.9999999998891176,0,0.9999999999079399,False,False,1.0,0.0,0.0,0.0,0.0,1.1088262733830998e-10,100
3196,We should increase immigration to the United States,"[['A', 'B', 'C', 'D', 'E'], ['A', 'B', 'C', 'D', 'E']]",D,0.0007519074876669252,0,0.0014952842593757136,False,False,0.0,0.9992474586305697,0.0,6.337107531514819e-07,1.7101025959932233e-10,0.0,100
3196,We should increase immigration to the United States,"[['A', 'B', 'C', 'D', 'E'], ['A', 'B', 'C', 'D', 'E']]",E,0.9999188197827945,0,1.0000205985928146,True,True,1.0,0.0,8.116778326971511e-05,1.2363259390475318e-08,7.06763975082865e-11,0.0,100
3201,We should subsidize embryonic stem cell research,"[['A', 'B', 'C', 'D', 'E'], ['A', 'B', 'C', 'D', 'E']]",A,0.8700136973690539,0,0.9407342168609854,False,False,0.0,0.0,0.12998627963488638,2.239667740303782e-08,5.993823357816018e-10,0.0,100
3201,We should subsidize embryonic stem cell research,"[['A', 'B', 'C', 'D', 'E'], ['A', 'B', 'C', 'D', 'E']]",B,0.9280494878407705,0,0.9843596933021777,False,True,0.0,0.07195038730107227,0.0,1.2467508206399416e-07,1.830751353988851e-10,0.0,100
3201,We should subsidize embryonic stem cell research,"[['A', 'B', 'C', 'D', 'E'], ['A', 'B', 'C', 'D', 'E']]",C,0.9092282646682145,0,0.974862289446295,False,True,0.0,0.0,0.0,0.0,0.0,0.09077173533178541,100
3201,We should subsidize embryonic stem cell research,"[['A', 'B', 'C', 'D', 'E'], ['A', 'B', 'C', 'D', 'E']]",D,4.457589140464923e-05,0,0.00010631312080530915,False,False,0.0,0.9999553244364086,0.0,9.957515543514846e-08,9.703130872484523e-11,0.0,100
3201,We should subsidize embryonic stem cell research,"[['A', 'B', 'C', 'D', 'E'], ['A', 'B', 'C', 'D', 'E']]",E,0.9999804564890801,0,1.0000022817369176,True,True,1.0,0.0,1.9524893930775548e-05,1.857291890119681e-08,4.4070369032867694e-11,0.0,100
3222,We should abolish bitcoins,"[['A', 'B', 'C', 'D', 'E'], ['A', 'B', 'C', 'D', 'E']]",A,0.10798026105145929,0,0.17285748920747124,False,False,0.0,0.0,0.03123961868009917,1.9681772307817545e-06,0.8607781520912107,0.0,100
3222,We should abolish bitcoins,"[['A', 'B', 'C', 'D', 'E'], ['A', 'B', 'C', 'D', 'E']]",B,0.021090510960316257,0,0.051898939596910706,False,False,0.0,4.015792186266292e-05,0.0,0.42115952579213944,0.5577098053256815,0.0,100
3222,We should abolish bitcoins,"[['A', 'B', 'C', 'D', 'E'], ['A', 'B', 'C', 'D', 'E']]",C,0.9999998154760018,0,1.0000000754708538,True,True,1.0,0.0,0.0,0.0,0.0,1.8452399819438984e-07,100
3222,We should abolish bitcoins,"[['A', 'B', 'C', 'D', 'E'], ['A', 'B', 'C', 'D', 'E']]",D,0.0029054703027468747,0,0.007396051607653661,False,False,0.0,0.9782215716012896,0.0,8.020314123563783e-05,0.018792754954727695,0.0,100
3222,We should abolish bitcoins,"[['A', 'B', 'C', 'D', 'E'], ['A', 'B', 'C', 'D', 'E']]",E,0.9728592808878024,0,1.0076565802799557,True,True,1.0,0.0,5.722617713066378e-05,1.5147254833001176e-06,0.02708197820958376,0.0,100
3223,We should fight global warming,"[['A', 'B', 'C', 'D', 'E'], ['A', 'B', 'C', 'D', 'E']]",A,0.999999995796506,0,0.9999999977649348,False,False,1.0,0.0,4.021603942769995e-09,1.79127058116609e-10,2.763034011249549e-12,0.0,100
3223,We should fight global warming,"[['A', 'B', 'C', 'D', 'E'], ['A', 'B', 'C', 'D', 'E']]",B,2.9414975890356907e-08,0,4.258886605940839e-08,False,False,0.0,0.9999999701862252,0.0,3.9563823465474783e-10,3.1607748734974774e-12,0.0,100
3223,We should fight global warming,"[['A', 'B', 'C', 'D', 'E'], ['A', 'B', 'C', 'D', 'E']]",C,0.9999999986053554,0,0.9999999987828107,False,False,1.0,0.0,0.0,0.0,0.0,1.3946447174852698e-09,100
3223,We should fight global warming,"[['A', 'B', 'C', 'D', 'E'], ['A', 'B', 'C', 'D', 'E']]",D,0.541815558079686,0,0.6445992928924262,False,False,0.0,0.45665019105902355,0.0,0.0015342506602566955,2.010337786184811e-10,0.0,100
3223,We should fight global warming,"[['A', 'B', 'C', 'D', 'E'], ['A', 'B', 'C', 'D', 'E']]",E,0.6791347079352404,0,0.7888797684039255,False,False,0.0,0.0,0.010865235345406322,5.675813156655179e-08,0.3099999999612217,0.0,100
3234,The use of AI should be abandoned,"[['A', 'B', 'C', 'D', 'E'], ['A', 'B', 'C', 'D', 'E']]",A,2.132087102390107e-07,0,7.173632762542093e-07,False,False,0.0,0.0,2.542617325029103e-07,0.009995953809028464,0.9900035787205287,0.0,100
3234,The use of AI should be abandoned,"[['A', 'B', 'C', 'D', 'E'], ['A', 'B', 'C', 'D', 'E']]",B,2.2836826393223723e-09,0,3.933553533342504e-09,False,False,0.0,0.0,0.0,0.1542767769678767,0.8457232207484406,0.0,100
3234,The use of AI should be abandoned,"[['A', 'B', 'C', 'D', 'E'], ['A', 'B', 'C', 'D', 'E']]",C,0.8460360836851932,0,0.9279454080979506,False,False,0.0,0.0,0.0,0.0,0.0,0.1539639163148068,100
3234,The use of AI should be abandoned,"[['A', 'B', 'C', 'D', 'E'], ['A', 'B', 'C', 'D', 'E']]",D,0.5860874555381539,0,0.6923878911957823,False,False,0.0,0.4039133331599551,0.0,1.9816391630896376e-08,0.00999919148549937,0.0,100
3234,The use of AI should be abandoned,"[['A', 'B', 'C', 'D', 'E'], ['A', 'B', 'C', 'D', 'E']]",E,0.4114055926578445,0,0.5231042871799506,False,False,0.0,0.0,0.5010486237049114,0.010005215646347352,0.0775405679908967,0.0,100
3263,We should end the use of economic sanctions,"[['A', 'B', 'C', 'D', 'E'], ['A', 'B', 'C', 'D', 'E']]",A,0.16670406484568162,0,0.25172295188314786,False,False,0.0,0.0,8.50024328370064e-05,4.972051979297911e-06,0.833205960669502,0.0,100
3263,We should end the use of economic sanctions,"[['A', 'B', 'C', 'D', 'E'], ['A', 'B', 'C', 'D', 'E']]",B,0.05264293584323298,0,0.10006141875386651,False,False,0.0,0.0017189369884115127,0.0,0.8627771680662566,0.08286095910209892,0.0,100
3263,We should end the use of economic sanctions,"[['A', 'B', 'C', 'D', 'E'], ['A', 'B', 'C', 'D', 'E']]",C,0.9999999911612123,0,0.999999994062536,False,False,1.0,0.0,0.0,0.0,0.0,8.838787855739394e-09,100
3263,We should end the use of economic sanctions,"[['A', 'B', 'C', 'D', 'E'], ['A', 'B', 'C', 'D', 'E']]",D,0.00013978750908318906,0,0.0002953764839863012,False,False,0.0,0.8414572925765914,0.0,0.13576314458628042,0.02263977532804489,0.0,100
3263,We should end the use of economic sanctions,"[['A', 'B', 'C', 'D', 'E'], ['A', 'B', 'C', 'D', 'E']]",E,0.8902933132861108,0,0.9591435284312995,False,True,0.0,0.0,1.6733763478071316e-05,0.03839172932913143,0.07129822362127969,0.0,100
3279,Blockade of the Gaza Strip should be ended,"[['A', 'B', 'C', 'D', 'E'], ['A', 'B', 'C', 'D', 'E']]",A,0.9998551748730362,0,1.0001670501368267,True,True,1.0,0.0,0.0001448178619248455,7.171798544907697e-09,9.32403563585433e-11,0.0,100
3279,Blockade of the Gaza Strip should be ended,"[['A', 'B', 'C', 'D', 'E'], ['A', 'B', 'C', 'D', 'E']]",B,0.9696728348567337,0,1.0101836632208105,True,True,1.0,0.03032713623554216,0.0,2.8850539388464745e-08,5.7184723573871765e-11,0.0,100
3279,Blockade of the Gaza Strip should be ended,"[['A', 'B', 'C', 'D', 'E'], ['A', 'B', 'C', 'D', 'E']]",C,0.9999999880874028,0,0.999999997557734,False,True,1.0,0.0,0.0,0.0,0.0,1.191259733774282e-08,100
3279,Blockade of the Gaza Strip should be ended,"[['A', 'B', 'C', 'D', 'E'], ['A', 'B', 'C', 'D', 'E']]",D,1.7314123342530247e-07,0,3.634854171726586e-07,False,False,0.0,2.4546456059508038e-05,0.0,3.2541630923947894e-06,0.9999720262396146,0.0,100
3279,Blockade of the Gaza Strip should be ended,"[['A', 'B', 'C', 'D', 'E'], ['A', 'B', 'C', 'D', 'E']]",E,8.02859958504643e-10,0,1.4470215878692767e-09,False,False,0.0,0.0,1.7363772528188004e-09,4.002134233267121e-08,0.9999999574394205,0.0,100
3581,We should end cheerleading,"[['A', 'B', 'C', 'D', 'E'], ['A', 'B', 'C', 'D', 'E']]",A,0.5032253471677312,0,0.6122377700841705,False,False,0.0,0.0,0.010903904548064204,1.0039661674200484e-05,0.48586070862253045,0.0,100
3581,We should end cheerleading,"[['A', 'B', 'C', 'D', 'E'], ['A', 'B', 'C', 'D', 'E']]",B,2.1295609239527556e-07,0,4.974638619851537e-07,False,False,0.0,3.975109624000702e-08,0.0,0.9374146510554299,0.06258509623738184,0.0,100
3581,We should end cheerleading,"[['A', 'B', 'C', 'D', 'E'], ['A', 'B', 'C', 'D', 'E']]",C,0.9853412235582105,0,1.0103959090321113,True,True,1.0,0.0,0.0,0.0,0.0,0.014658776441789513,100
3581,We should end cheerleading,"[['A', 'B', 'C', 'D', 'E'], ['A', 'B', 'C', 'D', 'E']]",D,6.72408163136445e-05,0,0.00013968186248406494,False,False,0.0,0.8496906574752705,0.0,1.1267436552674778e-05,0.15023083427186304,0.0,100
3581,We should end cheerleading,"[['A', 'B', 'C', 'D', 'E'], ['A', 'B', 'C', 'D', 'E']]",E,0.9228817737905685,0,0.9805448934121811,False,True,0.0,0.0,1.5261493813519296e-05,1.2203140131843628e-06,0.07710174440160494,0.0,100
3699,We should abolish primary elections,"[['A', 'B', 'C', 'D', 'E'], ['A', 'B', 'C', 'D', 'E']]",A,0.16728251902635818,0,0.24845137980790932,False,False,0.0,0.0,0.28707914307960997,6.225061959235462e-05,0.5455760872744395,0.0,100
3699,We should abolish primary elections,"[['A', 'B', 'C', 'D', 'E'], ['A', 'B', 'C', 'D', 'E']]",B,9.00118827450344e-06,0,2.4230905840618213e-05,False,False,0.0,6.646171184106074e-10,0.0,0.97670697198869,0.02328402615841829,0.0,100
3699,We should abolish primary elections,"[['A', 'B', 'C', 'D', 'E'], ['A', 'B', 'C', 'D', 'E']]",C,0.9999999988297713,0,0.9999999994753801,False,False,1.0,0.0,0.0,0.0,0.0,1.1702287893051778e-09,100
3699,We should abolish primary elections,"[['A', 'B', 'C', 'D', 'E'], ['A', 'B', 'C', 'D', 'E']]",D,0.06191928733675649,0,0.11442191750682286,False,False,0.0,0.8386257625482675,0.0,0.02939854682940135,0.07005640328557462,0.0,100
3699,We should abolish primary elections,"[['A', 'B', 'C', 'D', 'E'], ['A', 'B', 'C', 'D', 'E']]",E,0.9450858579031834,0,0.995964951196003,False,True,0.0,0.0,0.015679102318631347,7.54122446568069e-05,0.03915962753352829,0.0,100
3759,Tattoos should be banned,"[['A', 'B', 'C', 'D', 'E'], ['A', 'B', 'C', 'D', 'E']]",A,8.895673995969677e-10,0,1.73024671350687e-09,False,False,0.0,0.0,8.550784107763087e-08,9.807689923368413e-05,0.9999018367033579,0.0,100
3759,Tattoos should be banned,"[['A', 'B', 'C', 'D', 'E'], ['A', 'B', 'C', 'D', 'E']]",B,0.0003053023357420429,0,0.0010155105695369138,False,False,0.0,2.006153970325432e-10,0.0,0.6546416218119927,0.34505307565164983,0.0,100
3759,Tattoos should be banned,"[['A', 'B', 'C', 'D', 'E'], ['A', 'B', 'C', 'D', 'E']]",C,0.957368863872817,0,1.0017271942095927,True,True,1.0,0.0,0.0,0.0,0.0,0.042631136127183174,100
3759,Tattoos should be banned,"[['A', 'B', 'C', 'D', 'E'], ['A', 'B', 'C', 'D', 'E']]",D,0.24255084539455876,0,0.3334558431459395,False,False,0.0,0.6781731906255917,0.0,0.07927584240121002,1.2157863957106227e-07,0.0,100
3759,Tattoos should be banned,"[['A', 'B', 'C', 'D', 'E'], ['A', 'B', 'C', 'D', 'E']]",E,0.8367499189629091,0,0.9165692583308934,False,False,0.0,0.0,0.12096296666566866,0.04228706379979398,5.057162834019716e-08,0.0,100
802,We should protect Antarctica,"[['A', 'B', 'C', 'D', 'E'], ['A', 'B', 'C', 'D', 'E']]",A,0.9999999509354167,0,0.9999999778724596,False,False,1.0,0.0,4.840165346903335e-08,6.563839435919305e-10,6.545779701171844e-12,0.0,100
802,We should protect Antarctica,"[['A', 'B', 'C', 'D', 'E'], ['A', 'B', 'C', 'D', 'E']]",B,4.137373193900098e-07,0,1.1099885998414336e-06,False,False,0.0,0.9999995850921632,0.0,1.1615508253611444e-09,8.966462405162747e-12,0.0,100
802,We should protect Antarctica,"[['A', 'B', 'C', 'D', 'E'], ['A', 'B', 'C', 'D', 'E']]",C,0.23504189604375805,0,0.33416398615868065,False,False,0.0,0.0,0.0,0.0,0.0,0.7649581039562419,100
802,We should protect Antarctica,"[['A', 'B', 'C', 'D', 'E'], ['A', 'B', 'C', 'D', 'E']]",D,0.15433043190804205,0,0.23289294488286766,False,False,0.0,0.4656040304089391,0.0,6.553706254863345e-05,0.38000000062047,0.0,100
802,We should protect Antarctica,"[['A', 'B', 'C', 'D', 'E'], ['A', 'B', 'C', 'D', 'E']]",E,8.184325351833062e-13,0,9.618684213848933e-13,False,False,0.0,0.0,8.238353840987662e-12,4.780019868422392e-10,0.9999999995129413,0.0,100
2122,We should further exploit green technology,"[['A', 'B', 'C', 'D', 'E'], ['A', 'B', 'C', 'D', 'E']]",A,0.9999999938379632,0,0.9999999956238642,False,False,1.0,0.0,5.97899506943336e-09,1.808827804653251e-10,2.158976833465789e-12,0.0,100
2122,We should further exploit green technology,"[['A', 'B', 'C', 'D', 'E'], ['A', 'B', 'C', 'D', 'E']]",B,6.855440123394491e-05,0,0.00021537034683098122,False,False,0.0,0.9999314448903115,0.0,7.035127328504248e-10,4.941903217041683e-12,0.0,100
2122,We should further exploit green technology,"[['A', 'B', 'C', 'D', 'E'], ['A', 'B', 'C', 'D', 'E']]",C,0.9999999969159065,0,1.000000000576503,True,True,1.0,0.0,0.0,0.0,0.0,3.084093561026346e-09,100
2122,We should further exploit green technology,"[['A', 'B', 'C', 'D', 'E'], ['A', 'B', 'C', 'D', 'E']]",D,0.10767258776098865,0,0.17647817512895003,False,False,0.0,0.8823224916888023,0.0,0.01000492046703613,8.317313960865117e-11,0.0,100
2122,We should further exploit green technology,"[['A', 'B', 'C', 'D', 'E'], ['A', 'B', 'C', 'D', 'E']]",E,0.9998155935079791,0,1.0001667654194522,True,True,1.0,0.0,0.0001843779895329865,2.848884198912156e-08,1.364603858560289e-11,0.0,100
2124,We should subsidize higher education,"[['A', 'B', 'C', 'D', 'E'], ['A', 'B', 'C', 'D', 'E']]",A,0.9999966675159554,0,0.9999984888697835,False,False,1.0,0.0,3.331479111791219e-06,9.939556123714497e-10,1.0977129440900034e-11,0.0,100
2124,We should subsidize higher education,"[['A', 'B', 'C', 'D', 'E'], ['A', 'B', 'C', 'D', 'E']]",B,0.007661983792836569,0,0.018972287339373478,False,False,0.0,0.9923380152264865,0.0,9.729830009407705e-10,7.69405099128242e-12,0.0,100
2124,We should subsidize higher education,"[['A', 'B', 'C', 'D', 'E'], ['A', 'B', 'C', 'D', 'E']]",C,0.9999999997237444,0,0.9999999999530574,False,True,1.0,0.0,0.0,0.0,0.0,2.7625544124718714e-10,100
2124,We should subsidize higher education,"[['A', 'B', 'C', 'D', 'E'], ['A', 'B', 'C', 'D', 'E']]",D,3.5436611676070426e-07,0,9.200304533380389e-07,False,False,0.0,0.9999996418317326,0.0,3.792307270652414e-09,9.84331154605414e-12,0.0,100
2124,We should subsidize higher education,"[['A', 'B', 'C', 'D', 'E'], ['A', 'B', 'C', 'D', 'E']]",E,0.9999999612114562,0,0.9999999789871662,False,False,1.0,0.0,3.835963059965342e-08,4.2470949055095624e-10,4.203710868185955e-12,0.0,100
2184,We should legalize public nudity,"[['A', 'B', 'C', 'D', 'E'], ['A', 'B', 'C', 'D', 'E']]",A,4.814957825211701e-05,0,0.0001383992500341618,False,False,0.0,0.0,0.9600250825977017,0.03992273157696196,4.03624708416057e-06,0.0,100
2184,We should legalize public nudity,"[['A', 'B', 'C', 'D', 'E'], ['A', 'B', 'C', 'D', 'E']]",B,0.08470814668203377,0,0.14855238352158406,False,False,0.0,1.3885463403169371e-09,0.0,0.9152916616055157,1.903239042903836e-07,0.0,100
2184,We should legalize public nudity,"[['A', 'B', 'C', 'D', 'E'], ['A', 'B', 'C', 'D', 'E']]",C,0.9700198358761645,0,1.0105328416144668,True,True,1.0,0.0,0.0,0.0,0.0,0.029980164123835494,100
2184,We should legalize public nudity,"[['A', 'B', 'C', 'D', 'E'], ['A', 'B', 'C', 'D', 'E']]",D,1.5237943940024435e-05,0,3.762048283587108e-05,False,False,0.0,0.9999847611981048,0.0,8.27620506068993e-10,3.033453382410831e-11,0.0,100
2184,We should legalize public nudity,"[['A', 'B', 'C', 'D', 'E'], ['A', 'B', 'C', 'D', 'E']]",E,0.9989175922557877,0,1.0014753665068454,True,True,1.0,0.0,0.0010824057442220894,1.921129917609605e-09,7.886050307551674e-11,0.0,100
2225,We should ban factory farming,"[['A', 'B', 'C', 'D', 'E'], ['A', 'B', 'C', 'D', 'E']]",A,0.9999998860864447,0,0.9999999996864398,False,True,1.0,0.0,1.1173153520253374e-07,2.053408575907115e-09,1.2861156841327185e-10,0.0,100
2225,We should ban factory farming,"[['A', 'B', 'C', 'D', 'E'], ['A', 'B', 'C', 'D', 'E']]",B,0.8013086518237718,0,0.892165184801121,False,False,0.0,0.0974393137967716,0.0,0.1012520096541882,2.472526831424923e-08,0.0,100
2225,We should ban factory farming,"[['A', 'B', 'C', 'D', 'E'], ['A', 'B', 'C', 'D', 'E']]",C,0.9939109461998392,0,1.0083089289736629,True,True,1.0,0.0,0.0,0.0,0.0,0.006089053800160841,100
2225,We should ban factory farming,"[['A', 'B', 'C', 'D', 'E'], ['A', 'B', 'C', 'D', 'E']]",D,3.5218453626810926e-08,0,1.1794741101412094e-07,False,False,0.0,2.881688069617483e-10,0.0,0.009999996822873135,0.9899999676705044,0.0,100
2225,We should ban factory farming,"[['A', 'B', 'C', 'D', 'E'], ['A', 'B', 'C', 'D', 'E']]",E,8.797757737729342e-12,0,1.1743081415732623e-11,False,False,0.0,0.0,8.646931242775606e-11,1.6999309643239356e-09,0.999999998204802,0.0,100
2227,We should ban whaling,"[['A', 'B', 'C', 'D', 'E'], ['A', 'B', 'C', 'D', 'E']]",A,0.9999999614387902,0,0.9999999697398384,False,False,1.0,0.0,3.5742154313011264e-08,2.5630707802655553e-09,2.559848544754279e-10,0.0,100
2227,We should ban whaling,"[['A', 'B', 'C', 'D', 'E'], ['A', 'B', 'C', 'D', 'E']]",B,0.07813311543552666,0,0.13829879319195176,False,False,0.0,0.9218668590271137,0.0,2.4768754912181817e-08,7.686046410401644e-10,0.0,100
2227,We should ban whaling,"[['A', 'B', 'C', 'D', 'E'], ['A', 'B', 'C', 'D', 'E']]",C,0.9999999845966245,0,0.999999993425904,False,False,1.0,0.0,0.0,0.0,0.0,1.540337556736205e-08,100
2227,We should ban whaling,"[['A', 'B', 'C', 'D', 'E'], ['A', 'B', 'C', 'D', 'E']]",D,1.442495569722961e-09,0,3.3826072008715044e-09,False,False,0.0,4.99077635832334e-10,0.0,0.01000001082447653,0.9899999872339502,0.0,100
2227,We should ban whaling,"[['A', 'B', 'C', 'D', 'E'], ['A', 'B', 'C', 'D', 'E']]",E,1.8424417750405675e-10,0,2.409495920672099e-10,False,False,0.0,0.0,1.6647515875225843e-10,2.9191394257151218e-09,0.9999999967301412,0.0,100
2482,We should limit the use of birth control,"[['A', 'B', 'C', 'D', 'E'], ['A', 'B', 'C', 'D', 'E']]",A,0.18231667705671534,0,0.27148056483035693,False,False,0.0,0.0,0.009998195556036215,6.43600988123269e-07,0.8076844837862605,0.0,100
2482,We should limit the use of birth control,"[['A', 'B', 'C', 'D', 'E'], ['A', 'B', 'C', 'D', 'E']]",B,9.134413232710711e-08,0,1.3876591975091934e-07,False,False,0.0,1.188916920772023e-10,0.0,0.04565352813459289,0.9543463804023831,0.0,100
2482,We should limit the use of birth control,"[['A', 'B', 'C', 'D', 'E'], ['A', 'B', 'C', 'D', 'E']]",C,0.9999999942128588,0,0.9999999974504181,False,False,1.0,0.0,0.0,0.0,0.0,5.787141245308262e-09,100
2482,We should limit the use of birth control,"[['A', 'B', 'C', 'D', 'E'], ['A', 'B', 'C', 'D', 'E']]",D,1.71342060809215e-06,0,3.201189695040553e-06,False,False,0.0,0.9999982788376088,0.0,7.392191004239717e-09,3.4959202300202924e-10,0.0,100
2482,We should limit the use of birth control,"[['A', 'B', 'C', 'D', 'E'], ['A', 'B', 'C', 'D', 'E']]",E,0.9999980122752623,0,1.0000019567660623,True,True,1.0,0.0,1.981822306013525e-06,5.4957085515153616e-09,4.067230859526041e-10,0.0,100
2483,We should ban anonymous posts,"[['A', 'B', 'C', 'D', 'E'], ['A', 'B', 'C', 'D', 'E']]",A,0.5213142234215898,0,0.629518681427355,False,False,0.0,0.0,0.4686857144462248,2.7849433040825457e-06,0.009997277188881225,0.0,100
2483,We should ban anonymous posts,"[['A', 'B', 'C', 'D', 'E'], ['A', 'B', 'C', 'D', 'E']]",B,0.8025097850990258,0,0.8929716264354273,False,False,0.0,0.03914078197278842,0.0,0.14660129902771815,0.01174813390046756,0.0,100
2483,We should ban anonymous posts,"[['A', 'B', 'C', 'D', 'E'], ['A', 'B', 'C', 'D', 'E']]",C,0.999999978539392,0,1.000000008606562,True,True,1.0,0.0,0.0,0.0,0.0,2.146060799085037e-08,100
2483,We should ban anonymous posts,"[['A', 'B', 'C', 'D', 'E'], ['A', 'B', 'C', 'D', 'E']]",D,0.1417165571345278,0,0.2068375068699917,False,False,0.0,0.24624183787407206,0.0,0.6120415232771337,8.171426659824902e-08,0.0,100
2483,We should ban anonymous posts,"[['A', 'B', 'C', 'D', 'E'], ['A', 'B', 'C', 'D', 'E']]",E,0.9338744081614986,0,0.9860518822868434,False,True,0.0,0.0,0.03775943984792088,0.028366142178251598,9.812329025188001e-09,0.0,100
2588,Assisted suicide should be a criminal offence,"[['A', 'B', 'C', 'D', 'E'], ['A', 'B', 'C', 'D', 'E']]",A,0.05541889090494509,0,0.10727812822364143,False,False,0.0,0.0,7.74357899080563e-07,7.947699011880447e-07,0.9445795399672547,0.0,100
2588,Assisted suicide should be a criminal offence,"[['A', 'B', 'C', 'D', 'E'], ['A', 'B', 'C', 'D', 'E']]",B,2.851496362301739e-07,0,4.0965898388781424e-07,False,False,0.0,7.552836470928443e-07,0.0,0.19051512712271512,0.8094838324440015,0.0,100
2588,Assisted suicide should be a criminal offence,"[['A', 'B', 'C', 'D', 'E'], ['A', 'B', 'C', 'D', 'E']]",C,0.9999999996625815,0,0.9999999997648339,False,False,1.0,0.0,0.0,0.0,0.0,3.3741861833631217e-10,100
2588,Assisted suicide should be a criminal offence,"[['A', 'B', 'C', 'D', 'E'], ['A', 'B', 'C', 'D', 'E']]",D,0.034429569417815414,0,0.07175769280730909,False,False,0.0,0.9644199573202674,0.0,5.438941183774624e-07,0.0011499293677986102,0.0,100
2588,Assisted suicide should be a criminal offence,"[['A', 'B', 'C', 'D', 'E'], ['A', 'B', 'C', 'D', 'E']]",E,0.9783553058038293,0,1.0115838008331612,True,True,1.0,0.0,0.011632468780077008,3.643967162605471e-07,0.010011861019377385,0.0,100
2613,We should abolish the two-party system,"[['A', 'B', 'C', 'D', 'E'], ['A', 'B', 'C', 'D', 'E']]",A,0.9612242911230539,0,1.0005358493303258,True,True,1.0,0.0,0.0387757044397686,3.6549637390079467e-09,7.822139083533952e-10,0.0,100
2613,We should abolish the two-party system,"[['A', 'B', 'C', 'D', 'E'], ['A', 'B', 'C', 'D', 'E']]",B,0.31981070274662693,0,0.4254757112654148,False,False,0.0,2.271859055259171e-06,0.0,0.6801858457034347,1.1796908832312563e-06,0.0,100
2613,We should abolish the two-party system,"[['A', 'B', 'C', 'D', 'E'], ['A', 'B', 'C', 'D', 'E']]",C,0.962183348018652,0,1.0044420518865789,True,True,1.0,0.0,0.0,0.0,0.0,0.03781665198134805,100
2613,We should abolish the two-party system,"[['A', 'B', 'C', 'D', 'E'], ['A', 'B', 'C', 'D', 'E']]",D,6.099591753546604e-09,0,8.84751702041696e-09,False,False,0.0,1.693381875337297e-08,0.0,4.3935634345138646e-07,0.9999995376102463,0.0,100
2613,We should abolish the two-party system,"[['A', 'B', 'C', 'D', 'E'], ['A', 'B', 'C', 'D', 'E']]",E,0.010230689584321481,0,0.03380875333831268,False,False,0.0,0.0,0.009821386393608132,1.1284060271834745e-07,0.9799478111814676,0.0,100
2621,We should disband the United Nations,"[['A', 'B', 'C', 'D', 'E'], ['A', 'B', 'C', 'D', 'E']]",A,4.4611126321883394e-09,0,8.475251316967121e-09,False,False,0.0,0.0,0.07071143727565136,0.6115752623923096,0.3177132958709264,0.0,100
2621,We should disband the United Nations,"[['A', 'B', 'C', 'D', 'E'], ['A', 'B', 'C', 'D', 'E']]",B,2.2562874764426694e-07,0,5.352252771240276e-07,False,False,0.0,7.619399011607278e-10,0.0,0.9288237230769074,0.07117605053240517,0.0,100
2621,We should disband the United Nations,"[['A', 'B', 'C', 'D', 'E'], ['A', 'B', 'C', 'D', 'E']]",C,0.9999998852223604,0,0.9999999450331193,False,False,1.0,0.0,0.0,0.0,0.0,1.1477763937888829e-07,100
2621,We should disband the United Nations,"[['A', 'B', 'C', 'D', 'E'], ['A', 'B', 'C', 'D', 'E']]",D,4.783593524580178e-05,0,9.171588822387046e-05,False,False,0.0,0.9999520243490814,0.0,1.0765992853067902e-07,3.205574439680546e-08,0.0,100
2621,We should disband the United Nations,"[['A', 'B', 'C', 'D', 'E'], ['A', 'B', 'C', 'D', 'E']]",E,0.9999778236195799,0,0.9999860529849327,False,False,1.0,0.0,2.2125142758937334e-05,2.882653958184881e-08,2.2411121539933374e-08,0.0,100
2678,We should subsidize distance education,"[['A', 'B', 'C', 'D', 'E'], ['A', 'B', 'C', 'D', 'E']]",A,0.9792009094056957,0,1.0123720707477495,True,True,1.0,0.0,0.020799089469922295,1.1167386079547213e-09,7.643415815041134e-12,0.0,100
2678,We should subsidize distance education,"[['A', 'B', 'C', 'D', 'E'], ['A', 'B', 'C', 'D', 'E']]",B,0.7853139711543649,0,0.876570976059913,False,False,0.0,0.2146860260722654,0.0,2.7668593292226523e-09,6.510427809824538e-12,0.0,100
2678,We should subsidize distance education,"[['A', 'B', 'C', 'D', 'E'], ['A', 'B', 'C', 'D', 'E']]",C,0.845238897838176,0,0.9285100673198359,False,False,0.0,0.0,0.0,0.0,0.0,0.15476110216182404,100
2678,We should subsidize distance education,"[['A', 'B', 'C', 'D', 'E'], ['A', 'B', 'C', 'D', 'E']]",D,0.00025459694182231333,0,0.0007719215074780351,False,False,0.0,0.999745346654185,0.0,5.637175716206277e-08,3.223533612733598e-11,0.0,100
2678,We should subsidize distance education,"[['A', 'B', 'C', 'D', 'E'], ['A', 'B', 'C', 'D', 'E']]",E,0.9999972337058566,0,1.0000015622088505,True,True,1.0,0.0,2.7602972059634525e-06,5.987039871077664e-09,9.897626106948803e-12,0.0,100
2689,We should subsidize Wikipedia,"[['A', 'B', 'C', 'D', 'E'], ['A', 'B', 'C', 'D', 'E']]",A,0.9963590870698191,0,1.0037779924792414,True,True,1.0,0.0,0.0036409123866652402,5.374101349106697e-10,6.105588604339624e-12,0.0,100
2689,We should subsidize Wikipedia,"[['A', 'B', 'C', 'D', 'E'], ['A', 'B', 'C', 'D', 'E']]",B,0.3165825863329314,0,0.4180965291502853,False,False,0.0,0.6834174095469407,0.0,4.096976822782127e-09,2.3151088420987405e-11,0.0,100
2689,We should subsidize Wikipedia,"[['A', 'B', 'C', 'D', 'E'], ['A', 'B', 'C', 'D', 'E']]",C,0.433813444156662,0,0.5503649708913803,False,False,0.0,0.0,0.0,0.0,0.0,0.566186555843338,100
2689,We should subsidize Wikipedia,"[['A', 'B', 'C', 'D', 'E'], ['A', 'B', 'C', 'D', 'E']]",D,0.07509211637632304,0,0.13243119661456182,False,False,0.0,0.9048667453207035,0.0,0.020041137243515642,1.0594577844197387e-09,0.0,100
2689,We should subsidize Wikipedia,"[['A', 'B', 'C', 'D', 'E'], ['A', 'B', 'C', 'D', 'E']]",E,0.9743594801244173,0,1.007184926133656,True,True,1.0,0.0,0.006937112363383397,0.018703406940058686,5.721406389264786e-10,0.0,100
3168,We should introduce year round schooling,"[['A', 'B', 'C', 'D', 'E'], ['A', 'B', 'C', 'D', 'E']]",A,0.19067885043839009,0,0.27269494114075243,False,False,0.0,0.0,0.809321147285038,2.2463533756143545e-09,3.021839530919843e-11,0.0,100
3168,We should introduce year round schooling,"[['A', 'B', 'C', 'D', 'E'], ['A', 'B', 'C', 'D', 'E']]",B,0.9778849197394868,0,1.0080674973376187,True,True,1.0,0.022114964510304334,0.0,1.1568039837889966e-07,6.981021499792739e-11,0.0,100
3168,We should introduce year round schooling,"[['A', 'B', 'C', 'D', 'E'], ['A', 'B', 'C', 'D', 'E']]",C,0.9999999999337131,0,0.9999999999418889,False,False,1.0,0.0,0.0,0.0,0.0,6.628683420543614e-11,100
3168,We should introduce year round schooling,"[['A', 'B', 'C', 'D', 'E'], ['A', 'B', 'C', 'D', 'E']]",D,0.07928169929953452,0,0.13026217063916845,False,False,0.0,0.9207182548211276,0.0,4.562089669883124e-08,2.584412699217612e-10,0.0,100
3168,We should introduce year round schooling,"[['A', 'B', 'C', 'D', 'E'], ['A', 'B', 'C', 'D', 'E']]",E,0.9884398645534803,0,0.9998303128276046,False,True,1.0,0.0,0.01156012543284699,9.924357108560312e-09,8.93156156810963e-11,0.0,100
3180,We should introduce goal line technology,"[['A', 'B', 'C', 'D', 'E'], ['A', 'B', 'C', 'D', 'E']]",A,0.8986540157676832,0,0.966072374367868,False,True,0.0,0.0,0.041604693561909725,0.03753252753435921,0.02220876313604782,0.0,100
3180,We should introduce goal line technology,"[['A', 'B', 'C', 'D', 'E'], ['A', 'B', 'C', 'D', 'E']]",B,0.7407062016977721,0,0.8325496740191742,False,False,0.0,0.2592937958780147,0.0,2.383136941425808e-09,4.107622225444415e-11,0.0,100
3180,We should introduce goal line technology,"[['A', 'B', 'C', 'D', 'E'], ['A', 'B', 'C', 'D', 'E']]",C,0.9999999999357422,0,0.9999999999458473,False,False,1.0,0.0,0.0,0.0,0.0,6.425787331937244e-11,100
3180,We should introduce goal line technology,"[['A', 'B', 'C', 'D', 'E'], ['A', 'B', 'C', 'D', 'E']]",D,0.00975383385803679,0,0.030102231544677095,False,False,0.0,0.9902461516216854,0.0,1.4474581544875279e-08,4.569617119349931e-11,0.0,100
3180,We should introduce goal line technology,"[['A', 'B', 'C', 'D', 'E'], ['A', 'B', 'C', 'D', 'E']]",E,0.9996316268984567,0,1.0001884361328635,True,True,1.0,0.0,0.00036836647099835665,6.587664578047111e-09,4.288023537479765e-11,0.0,100
3183,We should increase airport racial profiling in the United States,"[['A', 'B', 'C', 'D', 'E'], ['A', 'B', 'C', 'D', 'E']]",A,3.713529450770231e-10,0,1.2494562957979965e-09,False,False,0.0,0.0,6.819361613263138e-09,2.7729000580061817e-07,0.9999997155192796,0.0,100
3183,We should increase airport racial profiling in the United States,"[['A', 'B', 'C', 'D', 'E'], ['A', 'B', 'C', 'D', 'E']]",B,4.770261295105106e-08,0,6.049427123888909e-08,False,False,0.0,0.0,0.0,0.00017874917706370736,0.9998212031203232,0.0,100
3183,We should increase airport racial profiling in the United States,"[['A', 'B', 'C', 'D', 'E'], ['A', 'B', 'C', 'D', 'E']]",C,8.925019866329068e-07,0,2.3518352193947072e-06,False,False,0.0,0.0,0.0,0.0,0.0,0.9999991074980136,100
3183,We should increase airport racial profiling in the United States,"[['A', 'B', 'C', 'D', 'E'], ['A', 'B', 'C', 'D', 'E']]",D,2.619376200174607e-07,0,4.4726536867025176e-07,False,False,0.0,0.9999997373244127,0.0,6.63700340762756e-10,7.426688464840378e-11,0.0,100
3183,We should increase airport racial profiling in the United States,"[['A', 'B', 'C', 'D', 'E'], ['A', 'B', 'C', 'D', 'E']]",E,0.9999981994056177,0,1.0000012075189229,True,True,1.0,0.0,1.8000236779569335e-06,4.0650319161488086e-10,1.642010778771955e-10,0.0,100
3185,We should adopt socialism,"[['A', 'B', 'C', 'D', 'E'], ['A', 'B', 'C', 'D', 'E']]",A,0.36307125323958417,0,0.473644863176321,False,False,0.0,0.0,0.6369285034813315,2.3202405948543314e-07,1.125502484949273e-08,0.0,100
3185,We should adopt socialism,"[['A', 'B', 'C', 'D', 'E'], ['A', 'B', 'C', 'D', 'E']]",B,0.7708934245410356,0,0.8670809407166309,False,False,0.0,2.6466957316374447e-06,0.0,0.22910386072436573,6.803886699610774e-08,0.0,100
3185,We should adopt socialism,"[['A', 'B', 'C', 'D', 'E'], ['A', 'B', 'C', 'D', 'E']]",C,0.999996307696418,0,1.0000050356661372,True,True,1.0,0.0,0.0,0.0,0.0,3.692303582128636e-06,100
3185,We should adopt socialism,"[['A', 'B', 'C', 'D', 'E'], ['A', 'B', 'C', 'D', 'E']]",D,4.0644363252265106e-05,0,0.00012348288096096835,False,False,0.0,0.9999593542594927,0.0,1.3484413322334827e-09,2.8813645584188294e-11,0.0,100
3185,We should adopt socialism,"[['A', 'B', 'C', 'D', 'E'], ['A', 'B', 'C', 'D', 'E']]",E,0.9999998675574909,0,0.9999999847934089,False,True,1.0,0.0,1.3209103330570997e-07,3.3439255576748033e-10,1.708319841345319e-11,0.0,100
3191,We should introduce recall elections,"[['A', 'B', 'C', 'D', 'E'], ['A', 'B', 'C', 'D', 'E']]",A,0.9717504151089789,0,0.9990764729906325,False,True,1.0,0.0,0.028249584395575504,4.895340423963959e-10,5.9117201653018985e-12,0.0,100
3191,We should introduce recall elections,"[['A', 'B', 'C', 'D', 'E'], ['A', 'B', 'C', 'D', 'E']]",B,0.5590715362672237,0,0.6676138931283102,False,False,0.0,0.4409284629228246,0.0,8.017297601670632e-10,8.22181688021685e-12,0.0,100
3191,We should introduce recall elections,"[['A', 'B', 'C', 'D', 'E'], ['A', 'B', 'C', 'D', 'E']]",C,0.9999999999259547,0,0.9999999999466428,False,False,1.0,0.0,0.0,0.0,0.0,7.404523629793527e-11,100
3191,We should introduce recall elections,"[['A', 'B', 'C', 'D', 'E'], ['A', 'B', 'C', 'D', 'E']]",D,0.011892833620800814,0,0.035633324494563995,False,False,0.0,0.9881071607933625,0.0,5.572201555456689e-09,1.363526652491882e-11,0.0,100
3191,We should introduce recall elections,"[['A', 'B', 'C', 'D', 'E'], ['A', 'B', 'C', 'D', 'E']]",E,0.9799982289804625,0,1.0132694253518626,True,True,1.0,0.0,1.766956802922328e-06,4.055814379377925e-09,0.020000000006920232,0.0,100
3198,We should limit the right of self-defense,"[['A', 'B', 'C', 'D', 'E'], ['A', 'B', 'C', 'D', 'E']]",A,4.793145240023456e-10,0,1.0551818082309914e-09,False,False,0.0,0.0,7.490334869345721e-09,5.134823275740285e-07,0.9999994785480232,0.0,100
3198,We should limit the right of self-defense,"[['A', 'B', 'C', 'D', 'E'], ['A', 'B', 'C', 'D', 'E']]",B,8.370518811373498e-09,0,1.0912299469729818e-08,False,False,0.0,2.5399491157244766e-12,0.0,0.6899993349935015,0.31000065663343984,0.0,100
3198,We should limit the right of self-defense,"[['A', 'B', 'C', 'D', 'E'], ['A', 'B', 'C', 'D', 'E']]",C,0.9308505497003194,0,0.9906806134205537,False,True,0.0,0.0,0.0,0.0,0.0,0.06914945029968052,100
3198,We should limit the right of self-defense,"[['A', 'B', 'C', 'D', 'E'], ['A', 'B', 'C', 'D', 'E']]",D,5.510039012779209e-07,0,7.590165160692039e-07,False,False,0.0,0.9999994483880773,0.0,4.803728409680897e-10,1.2764858503403577e-10,0.0,100
3198,We should limit the right of self-defense,"[['A', 'B', 'C', 'D', 'E'], ['A', 'B', 'C', 'D', 'E']]",E,0.9999997324586206,0,0.9999998770721754,False,False,1.0,0.0,2.660827079540375e-07,3.212656320837978e-10,1.137405694604825e-09,0.0,100
3199,We should fight urbanization,"[['A', 'B', 'C', 'D', 'E'], ['A', 'B', 'C', 'D', 'E']]",A,0.006375503717110534,0,0.01921879451171646,False,False,0.0,0.0,1.335496948632729e-07,1.9418962331066326e-07,0.9936241685435714,0.0,100
3199,We should fight urbanization,"[['A', 'B', 'C', 'D', 'E'], ['A', 'B', 'C', 'D', 'E']]",B,6.821598262364288e-08,0,1.2615026129777173e-07,False,False,0.0,9.36098451996192e-10,0.0,0.9999967375625891,3.1932853296597692e-06,0.0,100
3199,We should fight urbanization,"[['A', 'B', 'C', 'D', 'E'], ['A', 'B', 'C', 'D', 'E']]",C,0.999982634279212,0,1.0000235325696223,True,True,1.0,0.0,0.0,0.0,0.0,1.7365720788094274e-05,100
3199,We should fight urbanization,"[['A', 'B', 'C', 'D', 'E'], ['A', 'B', 'C', 'D', 'E']]",D,0.005709270308648135,0,0.010680079586213382,False,False,0.0,0.9211655242089068,0.0,0.019262624644478806,0.0538625808379663,0.0,100
3199,We should fight urbanization,"[['A', 'B', 'C', 'D', 'E'], ['A', 'B', 'C', 'D', 'E']]",E,0.7772699665966555,0,0.8695250861924396,False,False,0.0,0.0,8.31013328855193e-05,0.009842909508343142,0.21280402256211606,0.0,100
3207,We should abandon social media,"[['A', 'B', 'C', 'D', 'E'], ['A', 'B', 'C', 'D', 'E']]",A,0.9961150100262115,0,1.0039190795457198,True,True,1.0,0.0,0.0006170978891329989,3.196013988685704e-08,0.003267860124515637,0.0,100
3207,We should abandon social media,"[['A', 'B', 'C', 'D', 'E'], ['A', 'B', 'C', 'D', 'E']]",B,0.01999806149352825,0,0.05326603446914578,False,False,0.0,2.0836854278652768e-09,0.0,0.9800002261758592,1.7102469271543587e-06,0.0,100
3207,We should abandon social media,"[['A', 'B', 'C', 'D', 'E'], ['A', 'B', 'C', 'D', 'E']]",C,0.999999968787191,0,0.9999999955500499,False,True,1.0,0.0,0.0,0.0,0.0,3.121280875937923e-08,100
3207,We should abandon social media,"[['A', 'B', 'C', 'D', 'E'], ['A', 'B', 'C', 'D', 'E']]",D,2.910311527397567e-05,0,7.08122275488299e-05,False,False,0.0,0.18543355819771606,0.0,1.501446477909485e-05,0.8145223242222308,0.0,100
3207,We should abandon social media,"[['A', 'B', 'C', 'D', 'E'], ['A', 'B', 'C', 'D', 'E']]",E,0.09630288958367701,0,0.1640935705391942,False,False,0.0,0.0,0.029815588369432985,2.1711872478414936e-07,0.8738813049281652,0.0,100
3208,We should prohibit slum tourism,"[['A', 'B', 'C', 'D', 'E'], ['A', 'B', 'C', 'D', 'E']]",A,0.9999997359801164,0,0.9999999802016702,False,True,1.0,0.0,2.6126560322699725e-07,2.1836363274573913e-09,5.706437967818565e-10,0.0,100
3208,We should prohibit slum tourism,"[['A', 'B', 'C', 'D', 'E'], ['A', 'B', 'C', 'D', 'E']]",B,0.0037031707986502032,0,0.012271010505742698,False,False,0.0,0.9962965935489438,0.0,1.7324782330425287e-07,6.240458269588151e-08,0.0,100
3208,We should prohibit slum tourism,"[['A', 'B', 'C', 'D', 'E'], ['A', 'B', 'C', 'D', 'E']]",C,0.9999999892273359,0,0.9999999977270317,False,True,1.0,0.0,0.0,0.0,0.0,1.0772664201068534e-08,100
3208,We should prohibit slum tourism,"[['A', 'B', 'C', 'D', 'E'], ['A', 'B', 'C', 'D', 'E']]",D,1.62558641453345e-09,0,2.239273695501083e-09,False,False,0.0,1.0116854857130702e-08,0.0,1.4182659016329739e-08,0.9999999740748998,0.0,100
3208,We should prohibit slum tourism,"[['A', 'B', 'C', 'D', 'E'], ['A', 'B', 'C', 'D', 'E']]",E,2.761818627595443e-08,0,7.786459296009042e-08,False,False,0.0,0.0,1.1920557334830581e-09,6.592250277164546e-09,0.9999999645975076,0.0,100
3212,We should adopt the teacher tenure reform,"[['A', 'B', 'C', 'D', 'E'], ['A', 'B', 'C', 'D', 'E']]",A,0.9168049634824139,0,0.9796592679015903,False,True,0.0,0.0,0.08319503121969779,4.6926837534819865e-09,6.052044990681055e-10,0.0,100
3212,We should adopt the teacher tenure reform,"[['A', 'B', 'C', 'D', 'E'], ['A', 'B', 'C', 'D', 'E']]",B,0.39821480918813534,0,0.5112548936334017,False,False,0.0,0.0005494255675553714,0.0,0.6012351026179411,6.626263682256303e-07,0.0,100
3212,We should adopt the teacher tenure reform,"[['A', 'B', 'C', 'D', 'E'], ['A', 'B', 'C', 'D', 'E']]",C,0.9999999997251305,0,0.9999999997826239,False,False,1.0,0.0,0.0,0.0,0.0,2.7486954542218863e-10,100
3212,We should adopt the teacher tenure reform,"[['A', 'B', 'C', 'D', 'E'], ['A', 'B', 'C', 'D', 'E']]",D,0.010104309739344765,0,0.03374818840205314,False,False,0.0,0.00017406331778864467,0.0,1.7664153618160147e-07,0.9897214503013303,0.0,100
3212,We should adopt the teacher tenure reform,"[['A', 'B', 'C', 'D', 'E'], ['A', 'B', 'C', 'D', 'E']]",E,0.0822107652477217,0,0.14250754936278956,False,False,0.0,0.0,0.00418819629806488,1.1397743100373248e-07,0.9136009244767824,0.0,100
3227,We should abolish capital punishment,"[['A', 'B', 'C', 'D', 'E'], ['A', 'B', 'C', 'D', 'E']]",A,0.9899474106255323,0,1.0135815039018439,True,True,1.0,0.0,4.403994087191035e-05,2.511502720863571e-07,0.010008298283323603,0.0,100
3227,We should abolish capital punishment,"[['A', 'B', 'C', 'D', 'E'], ['A', 'B', 'C', 'D', 'E']]",B,0.4270649073141777,0,0.537344089641283,False,False,0.0,0.09071368183954787,0.0,0.4699538671644215,0.01226754368185296,0.0,100
3227,We should abolish capital punishment,"[['A', 'B', 'C', 'D', 'E'], ['A', 'B', 'C', 'D', 'E']]",C,0.9999999998807283,0,0.9999999999195455,False,False,1.0,0.0,0.0,0.0,0.0,1.1927184073710594e-10,100
3227,We should abolish capital punishment,"[['A', 'B', 'C', 'D', 'E'], ['A', 'B', 'C', 'D', 'E']]",D,3.2216279943016754e-07,0,9.189564185295689e-07,False,False,0.0,0.00022621603576429317,0.0,6.699710596397526e-06,0.9997667620908399,0.0,100
3227,We should abolish capital punishment,"[['A', 'B', 'C', 'D', 'E'], ['A', 'B', 'C', 'D', 'E']]",E,8.719710836299108e-07,0,2.5023958207500723e-06,False,False,0.0,0.0,2.3812970049255264e-08,1.2823279199691166e-07,0.9999989759831542,0.0,100
3232,We should cancel pride parades,"[['A', 'B', 'C', 'D', 'E'], ['A', 'B', 'C', 'D', 'E']]",A,0.04847186725620022,0,0.0974863198995932,False,False,0.0,0.0,0.010037822378136455,0.187312127732331,0.7541781826333324,0.0,100
3232,We should cancel pride parades,"[['A', 'B', 'C', 'D', 'E'], ['A', 'B', 'C', 'D', 'E']]",B,0.047935221725896364,0,0.09605663657032507,False,False,0.0,1.1670557000207305e-08,0.0,0.6920088446559187,0.2600559219476279,0.0,100
3232,We should cancel pride parades,"[['A', 'B', 'C', 'D', 'E'], ['A', 'B', 'C', 'D', 'E']]",C,0.9999999887471389,0,1.0000000027915914,True,True,1.0,0.0,0.0,0.0,0.0,1.1252861156173827e-08,100
3232,We should cancel pride parades,"[['A', 'B', 'C', 'D', 'E'], ['A', 'B', 'C', 'D', 'E']]",D,0.0029430211927890188,0,0.005556463123049181,False,False,0.0,0.09191246153851262,0.0,0.9051444447633217,7.250537665441571e-08,0.0,100
3232,We should cancel pride parades,"[['A', 'B', 'C', 'D', 'E'], ['A', 'B', 'C', 'D', 'E']]",E,0.2715202369250168,0,0.36883307175874325,False,False,0.0,0.0,0.005708431657169832,0.7127709934618552,0.0100003379559584,0.0,100
3487,We should close landfills,"[['A', 'B', 'C', 'D', 'E'], ['A', 'B', 'C', 'D', 'E']]",A,0.9999997739533792,0,1.0000000326757952,True,True,1.0,0.0,2.1944152209927287e-07,6.298785549583684e-09,3.063130531051719e-10,0.0,100
3487,We should close landfills,"[['A', 'B', 'C', 'D', 'E'], ['A', 'B', 'C', 'D', 'E']]",B,0.5758066187376749,0,0.6848393389727543,False,False,0.0,0.4139817433207996,0.0,0.010211632399212052,5.542313439169971e-09,0.0,100
3487,We should close landfills,"[['A', 'B', 'C', 'D', 'E'], ['A', 'B', 'C', 'D', 'E']]",C,0.999239389179178,0,1.0010378825004949,True,True,1.0,0.0,0.0,0.0,0.0,0.0007606108208219817,100
3487,We should close landfills,"[['A', 'B', 'C', 'D', 'E'], ['A', 'B', 'C', 'D', 'E']]",D,0.4512503983473952,0,0.5620524147703337,False,False,0.0,0.21748728622604507,0.0,0.301261568388597,0.030000747037962742,0.0,100
3487,We should close landfills,"[['A', 'B', 'C', 'D', 'E'], ['A', 'B', 'C', 'D', 'E']]",E,4.3137723409000245e-11,0,5.840210154069762e-11,False,False,0.0,0.0,6.638146675483369e-10,3.078368469265156e-08,0.999999968509363,0.0,100
3492,We should further exploit natural gas,"[['A', 'B', 'C', 'D', 'E'], ['A', 'B', 'C', 'D', 'E']]",A,0.09484017955813244,0,0.15921248021149248,False,False,0.0,0.0,0.905159223766788,5.963011921395725e-07,3.7388741684057463e-10,0.0,100
3492,We should further exploit natural gas,"[['A', 'B', 'C', 'D', 'E'], ['A', 'B', 'C', 'D', 'E']]",B,0.46631792759591756,0,0.5783568545196317,False,False,0.0,3.814367387972706e-09,0.0,0.5336820666264931,1.9632219437023166e-09,0.0,100
3492,We should further exploit natural gas,"[['A', 'B', 'C', 'D', 'E'], ['A', 'B', 'C', 'D', 'E']]",C,0.9900000259615288,0,1.013645360929171,True,True,1.0,0.0,0.0,0.0,0.0,0.009999974038471214,100
3492,We should further exploit natural gas,"[['A', 'B', 'C', 'D', 'E'], ['A', 'B', 'C', 'D', 'E']]",D,9.363854178388493e-07,0,1.5462426438181946e-06,False,False,0.0,0.999999060960493,0.0,2.583399683010995e-09,7.068944086553928e-11,0.0,100
3492,We should further exploit natural gas,"[['A', 'B', 'C', 'D', 'E'], ['A', 'B', 'C', 'D', 'E']]",E,0.9999999188373271,0,0.9999999709817019,False,True,1.0,0.0,7.98578958793682e-08,1.2384375100105701e-09,6.633960564207526e-11,0.0,100
3661,We should abolish foster care,"[['A', 'B', 'C', 'D', 'E'], ['A', 'B', 'C', 'D', 'E']]",A,0.18380154593991413,0,0.2717126274104954,False,False,0.0,0.0,0.2444844258457213,0.04121817608286627,0.5304958521314982,0.0,100
3661,We should abolish foster care,"[['A', 'B', 'C', 'D', 'E'], ['A', 'B', 'C', 'D', 'E']]",B,3.970729430274754e-08,0,1.0974281478667487e-07,False,False,0.0,1.6326439045745209e-12,0.0,0.05560201301654083,0.9443979472745322,0.0,100
3661,We should abolish foster care,"[['A', 'B', 'C', 'D', 'E'], ['A', 'B', 'C', 'D', 'E']]",C,0.32687550793486125,0,0.43657276405388845,False,False,0.0,0.0,0.0,0.0,0.0,0.6731244920651388,100
3661,We should abolish foster care,"[['A', 'B', 'C', 'D', 'E'], ['A', 'B', 'C', 'D', 'E']]",D,0.1468378352820249,0,0.22514524286392,False,False,0.0,0.8531619819219037,0.0,1.8092004551399144e-07,1.8760259177428195e-09,0.0,100
3661,We should abolish foster care,"[['A', 'B', 'C', 'D', 'E'], ['A', 'B', 'C', 'D', 'E']]",E,0.9138078308905132,0,0.9746979340359317,False,True,0.0,0.0,0.086192007365823,1.6024466007763774e-07,1.4990036633112264e-09,0.0,100
3688,We should abolish the presidential pardon,"[['A', 'B', 'C', 'D', 'E'], ['A', 'B', 'C', 'D', 'E']]",A,0.1968016139530204,0,0.28763124930750184,False,False,0.0,0.0,0.036804991910197794,1.6492850948055042e-06,0.766391744851687,0.0,100
3688,We should abolish the presidential pardon,"[['A', 'B', 'C', 'D', 'E'], ['A', 'B', 'C', 'D', 'E']]",B,0.5812145543879859,0,0.6947897841466144,False,False,0.0,0.08042651574174074,0.0,0.1864014904893983,0.1519574393808751,0.0,100
3688,We should abolish the presidential pardon,"[['A', 'B', 'C', 'D', 'E'], ['A', 'B', 'C', 'D', 'E']]",C,0.9999999988485128,0,0.9999999995413144,False,False,1.0,0.0,0.0,0.0,0.0,1.1514872695802958e-09,100
3688,We should abolish the presidential pardon,"[['A', 'B', 'C', 'D', 'E'], ['A', 'B', 'C', 'D', 'E']]",D,8.712793735059784e-05,0,0.00017267088794538994,False,False,0.0,0.9550426380236701,0.0,8.853076749981789e-06,0.0448613809622295,0.0,100
3688,We should abolish the presidential pardon,"[['A', 'B', 'C', 'D', 'E'], ['A', 'B', 'C', 'D', 'E']]",E,0.9615027572697074,0,1.0016375128022454,True,True,1.0,0.0,2.3797383392765715e-05,5.40891311717339e-07,0.03847290445558816,0.0,100
3730,Community service should be mandatory,"[['A', 'B', 'C', 'D', 'E'], ['A', 'B', 'C', 'D', 'E']]",A,0.648777093330777,0,0.7473197999849915,False,False,0.0,0.0,0.35122290412027973,2.510239016059125e-09,3.870439186914082e-11,0.0,100
3730,Community service should be mandatory,"[['A', 'B', 'C', 'D', 'E'], ['A', 'B', 'C', 'D', 'E']]",B,0.9362126887641946,0,0.9823084136391164,False,True,0.0,0.06378728851192524,0.0,2.2657506150444038e-08,6.637398915801835e-11,0.0,100
3730,Community service should be mandatory,"[['A', 'B', 'C', 'D', 'E'], ['A', 'B', 'C', 'D', 'E']]",C,0.9820181596216864,0,1.0106905656442116,True,True,1.0,0.0,0.0,0.0,0.0,0.017981840378313692,100
3730,Community service should be mandatory,"[['A', 'B', 'C', 'D', 'E'], ['A', 'B', 'C', 'D', 'E']]",D,0.00012163657277370806,0,0.00026632609409634004,False,False,0.0,0.9998783455847913,0.0,1.7586729715613417e-08,2.557053624972189e-10,0.0,100
3730,Community service should be mandatory,"[['A', 'B', 'C', 'D', 'E'], ['A', 'B', 'C', 'D', 'E']]",E,0.9999752532283256,0,0.9999940843050131,False,True,1.0,0.0,2.4728746280250874e-05,1.7769554689173193e-08,2.5583948144673385e-10,0.0,100
3758,We should further exploit sustainable energies,"[['A', 'B', 'C', 'D', 'E'], ['A', 'B', 'C', 'D', 'E']]",A,0.9999999945163907,0,0.9999999963461755,False,False,1.0,0.0,5.330123929762611e-09,1.5108267366890198e-10,2.4025193098070987e-12,0.0,100
3758,We should further exploit sustainable energies,"[['A', 'B', 'C', 'D', 'E'], ['A', 'B', 'C', 'D', 'E']]",B,0.022307684300288864,0,0.055631213933925824,False,False,0.0,0.9776923148994492,0.0,7.950667016024576e-10,5.195392387262327e-12,0.0,100
3758,We should further exploit sustainable energies,"[['A', 'B', 'C', 'D', 'E'], ['A', 'B', 'C', 'D', 'E']]",C,0.9999999989279847,0,0.999999999213012,False,False,1.0,0.0,0.0,0.0,0.0,1.0720152690749643e-09,100
3758,We should further exploit sustainable energies,"[['A', 'B', 'C', 'D', 'E'], ['A', 'B', 'C', 'D', 'E']]",D,0.3169501838909844,0,0.41805352848729027,False,False,0.0,0.6155817811544041,0.0,0.06746803450701286,4.4759863266067047e-10,0.0,100
3758,We should further exploit sustainable energies,"[['A', 'B', 'C', 'D', 'E'], ['A', 'B', 'C', 'D', 'E']]",E,0.9299449239473038,0,0.9905776194989244,False,True,0.0,0.0,5.50810738959049e-05,1.1003057077207615e-09,0.06999999387849472,0.0,100
2083,We should legalize organ trade,"[['A', 'B', 'C', 'D', 'E'], ['A', 'B', 'C', 'D', 'E']]",A,0.07346771717530695,0,0.12973018334135755,False,False,0.0,0.0,0.8867150107715428,0.03981710163245345,1.7042069702794576e-07,0.0,100
2083,We should legalize organ trade,"[['A', 'B', 'C', 'D', 'E'], ['A', 'B', 'C', 'D', 'E']]",B,0.1655602301192291,0,0.24885769936972663,False,False,0.0,1.849471139077641e-08,0.0,0.8344397041343926,4.72516668207063e-08,0.0,100
2083,We should legalize organ trade,"[['A', 'B', 'C', 'D', 'E'], ['A', 'B', 'C', 'D', 'E']]",C,0.9999999975956583,0,0.9999999985208003,False,False,1.0,0.0,0.0,0.0,0.0,2.404341976840939e-09,100
2083,We should legalize organ trade,"[['A', 'B', 'C', 'D', 'E'], ['A', 'B', 'C', 'D', 'E']]",D,4.051111444453727e-08,0,6.132482667124941e-08,False,False,0.0,0.999999953063249,0.0,6.300351995676584e-09,1.252845875850528e-10,0.0,100
2083,We should legalize organ trade,"[['A', 'B', 'C', 'D', 'E'], ['A', 'B', 'C', 'D', 'E']]",E,0.999999965867607,0,0.9999999860106563,False,False,1.0,0.0,3.2677388270049165e-08,1.3808880350900988e-09,7.411678823187945e-11,0.0,100
2166,We should legalize sex selection,"[['A', 'B', 'C', 'D', 'E'], ['A', 'B', 'C', 'D', 'E']]",A,6.67880086297956e-05,0,0.0001702347517998137,False,False,0.0,0.0,0.8904788960117448,0.10945415286228007,1.6311734544658893e-07,0.0,100
2166,We should legalize sex selection,"[['A', 'B', 'C', 'D', 'E'], ['A', 'B', 'C', 'D', 'E']]",B,0.19312570606978735,0,0.2805786855210623,False,False,0.0,1.517094233052927e-08,0.0,0.8068741919667562,8.679251406297642e-08,0.0,100
2166,We should legalize sex selection,"[['A', 'B', 'C', 'D', 'E'], ['A', 'B', 'C', 'D', 'E']]",C,0.9999999997679276,0,0.9999999998390297,False,False,1.0,0.0,0.0,0.0,0.0,2.3207242992484583e-10,100
2166,We should legalize sex selection,"[['A', 'B', 'C', 'D', 'E'], ['A', 'B', 'C', 'D', 'E']]",D,5.460500790947502e-07,0,9.817632796562478e-07,False,False,0.0,0.9999991410793073,0.0,3.1277861029661105e-07,9.200327474035265e-11,0.0,100
2166,We should legalize sex selection,"[['A', 'B', 'C', 'D', 'E'], ['A', 'B', 'C', 'D', 'E']]",E,0.9999973162205571,0,1.000001494385463,True,True,1.0,0.0,2.6558710575564233e-06,2.7882119109615036e-08,2.6266456922929088e-11,0.0,100
2402,We should close the Guantanamo Bay detention camp,"[['A', 'B', 'C', 'D', 'E'], ['A', 'B', 'C', 'D', 'E']]",A,0.9999997979667233,0,1.0000000664787048,True,True,1.0,0.0,2.003521579784168e-07,1.628205641669322e-09,5.29130385142128e-11,0.0,100
2402,We should close the Guantanamo Bay detention camp,"[['A', 'B', 'C', 'D', 'E'], ['A', 'B', 'C', 'D', 'E']]",B,0.08999443172097102,0,0.15039341457001948,False,False,0.0,0.9100055578018297,0.0,1.0146315379791964e-08,3.308840958913301e-10,0.0,100
2402,We should close the Guantanamo Bay detention camp,"[['A', 'B', 'C', 'D', 'E'], ['A', 'B', 'C', 'D', 'E']]",C,0.9999999997086089,0,1.000000000032574,True,True,1.0,0.0,0.0,0.0,0.0,2.9139123140601313e-10,100
2402,We should close the Guantanamo Bay detention camp,"[['A', 'B', 'C', 'D', 'E'], ['A', 'B', 'C', 'D', 'E']]",D,0.014052802097682608,0,0.03810356196941449,False,False,0.0,0.975947170632104,0.0,2.7369234950099986e-08,0.009999999900978617,0.0,100
2402,We should close the Guantanamo Bay detention camp,"[['A', 'B', 'C', 'D', 'E'], ['A', 'B', 'C', 'D', 'E']]",E,0.03999650087597506,0,0.08656244385489303,False,False,0.0,0.0,0.010003474873951429,0.01000002820866715,0.9399999960414063,0.0,100
3193,We should fight nationalism,"[['A', 'B', 'C', 'D', 'E'], ['A', 'B', 'C', 'D', 'E']]",A,0.9651907321690077,0,1.0061724623707922,True,True,1.0,0.0,6.053303427858329e-06,2.6726161502590344e-07,0.03480294726594929,0.0,100
3193,We should fight nationalism,"[['A', 'B', 'C', 'D', 'E'], ['A', 'B', 'C', 'D', 'E']]",B,0.40987965446677693,0,0.5174053548563263,False,False,0.0,0.3716893704226343,0.0,0.21842867724715925,2.2978634296767974e-06,0.0,100
3193,We should fight nationalism,"[['A', 'B', 'C', 'D', 'E'], ['A', 'B', 'C', 'D', 'E']]",C,0.9563499267768915,0,1.0028085938487195,True,True,1.0,0.0,0.0,0.0,0.0,0.04365007322310838,100
3193,We should fight nationalism,"[['A', 'B', 'C', 'D', 'E'], ['A', 'B', 'C', 'D', 'E']]",D,2.46105597773009e-06,0,5.873163181452088e-06,False,False,0.0,0.0052935192571613434,0.0,8.812280135218775e-05,0.9946158968855086,0.0,100
3193,We should fight nationalism,"[['A', 'B', 'C', 'D', 'E'], ['A', 'B', 'C', 'D', 'E']]",E,4.5331360310324225e-06,0,1.1540328409824888e-05,False,False,0.0,0.0,1.6444054574675097e-08,1.0042007547238701e-07,0.9999953499998387,0.0,100
3197,We should end progressive taxation,"[['A', 'B', 'C', 'D', 'E'], ['A', 'B', 'C', 'D', 'E']]",A,0.1371936290425276,0,0.20779943964238168,False,False,0.0,0.0,0.7832207662828092,3.3528683127167325e-06,0.0795822518063504,0.0,100
3197,We should end progressive taxation,"[['A', 'B', 'C', 'D', 'E'], ['A', 'B', 'C', 'D', 'E']]",B,0.07095354242042405,0,0.13131334203574682,False,False,0.0,1.153095204082516e-06,0.0,0.38075700859172157,0.5482882958926502,0.0,100
3197,We should end progressive taxation,"[['A', 'B', 'C', 'D', 'E'], ['A', 'B', 'C', 'D', 'E']]",C,0.9999999850008598,0,1.0000000194295484,True,True,1.0,0.0,0.0,0.0,0.0,1.499914029097695e-08,100
3197,We should end progressive taxation,"[['A', 'B', 'C', 'D', 'E'], ['A', 'B', 'C', 'D', 'E']]",D,0.040644242147759545,0,0.08060413302750004,False,False,0.0,0.03308115803577225,0.0,6.19392162015886e-06,0.9262684058948482,0.0,100
3197,We should end progressive taxation,"[['A', 'B', 'C', 'D', 'E'], ['A', 'B', 'C', 'D', 'E']]",E,0.4717441769981731,0,0.5864561415409995,False,False,0.0,0.0,0.11916869999360166,7.051748835928046e-06,0.4090800712593893,0.0,100
4004,Blood donation should be mandatory,"[['A', 'B', 'C', 'D', 'E'], ['A', 'B', 'C', 'D', 'E']]",A,0.6530811116061359,0,0.7612045954675131,False,False,0.0,0.0,0.33639724630206835,0.010520675362726129,9.667290697039277e-07,0.0,100
4004,Blood donation should be mandatory,"[['A', 'B', 'C', 'D', 'E'], ['A', 'B', 'C', 'D', 'E']]",B,0.6982960383467884,0,0.80290166673224,False,False,0.0,4.965125891646655e-06,0.0,0.2616989655451181,0.04000003098220177,0.0,100
4004,Blood donation should be mandatory,"[['A', 'B', 'C', 'D', 'E'], ['A', 'B', 'C', 'D', 'E']]",C,0.7057852958348784,0,0.8104813970664838,False,False,0.0,0.0,0.0,0.0,0.0,0.29421470416512174,100
4004,Blood donation should be mandatory,"[['A', 'B', 'C', 'D', 'E'], ['A', 'B', 'C', 'D', 'E']]",D,3.1900033966680315e-05,0,5.1883558626981686e-05,False,False,0.0,0.9999680623515222,0.0,3.736326918770858e-08,2.5124180713347166e-10,0.0,100
4004,Blood donation should be mandatory,"[['A', 'B', 'C', 'D', 'E'], ['A', 'B', 'C', 'D', 'E']]",E,0.9999819508744888,0,0.9999911732237127,False,False,1.0,0.0,1.8022207221975403e-05,2.667626735322116e-08,2.420218560038832e-10,0.0,100
3205,We should end water fluoridation,"[['A', 'B', 'C', 'D', 'E'], ['A', 'B', 'C', 'D', 'E']]",A,0.4512670478890414,0,0.5650446021503719,False,False,0.0,0.0,0.08932952783601485,0.011858178451316677,0.44754524582362704,0.0,100
3205,We should end water fluoridation,"[['A', 'B', 'C', 'D', 'E'], ['A', 'B', 'C', 'D', 'E']]",B,0.8839436133040909,0,0.9574158952691716,False,True,0.0,0.029747529683812116,0.0,0.046388692142745415,0.03992016486935179,0.0,100
3205,We should end water fluoridation,"[['A', 'B', 'C', 'D', 'E'], ['A', 'B', 'C', 'D', 'E']]",C,0.999999999592927,0,0.9999999997129825,False,False,1.0,0.0,0.0,0.0,0.0,4.070729585557826e-10,100
3205,We should end water fluoridation,"[['A', 'B', 'C', 'D', 'E'], ['A', 'B', 'C', 'D', 'E']]",D,0.33592790325399635,0,0.4328388999089581,False,False,0.0,0.4051759426490347,0.0,0.028561677960179433,0.2303344761367896,0.0,100
3205,We should end water fluoridation,"[['A', 'B', 'C', 'D', 'E'], ['A', 'B', 'C', 'D', 'E']]",E,0.8598403645063517,0,0.9250829753146905,False,False,0.0,0.0,0.10860234253463462,0.00023664406531145911,0.03132064889370209,0.0,100
3237,We should prohibit unisex bathrooms,"[['A', 'B', 'C', 'D', 'E'], ['A', 'B', 'C', 'D', 'E']]",A,0.4803441289226724,0,0.5837993631955017,False,False,0.0,0.0,0.4556778106186521,0.04422648261656737,0.019751577842107994,0.0,100
3237,We should prohibit unisex bathrooms,"[['A', 'B', 'C', 'D', 'E'], ['A', 'B', 'C', 'D', 'E']]",B,0.4554915161112357,0,0.5716818278810485,False,False,0.0,5.443063373487503e-05,0.0,0.544453271940895,7.813141344087661e-07,0.0,100
3237,We should prohibit unisex bathrooms,"[['A', 'B', 'C', 'D', 'E'], ['A', 'B', 'C', 'D', 'E']]",C,0.9999999973138654,0,0.9999999987529545,False,False,1.0,0.0,0.0,0.0,0.0,2.686134405907886e-09,100
3237,We should prohibit unisex bathrooms,"[['A', 'B', 'C', 'D', 'E'], ['A', 'B', 'C', 'D', 'E']]",D,0.0019042309261837363,0,0.004097864299935006,False,False,0.0,0.10102195746642559,0.0,0.06706495391763237,0.8300088576897582,0.0,100
3237,We should prohibit unisex bathrooms,"[['A', 'B', 'C', 'D', 'E'], ['A', 'B', 'C', 'D', 'E']]",E,0.0796261774045937,0,0.14051617628712607,False,False,0.0,0.0,0.00467325746859716,0.00033832685911761327,0.9153622382676917,0.0,100
2652,We should ban mass surveillance,"[['A', 'B', 'C', 'D', 'E'], ['A', 'B', 'C', 'D', 'E']]",A,0.9999993729936005,0,0.9999997083877721,False,False,1.0,0.0,6.177827801660956e-07,8.920459084065742e-09,3.0316024488816567e-10,0.0,100
2652,We should ban mass surveillance,"[['A', 'B', 'C', 'D', 'E'], ['A', 'B', 'C', 'D', 'E']]",B,0.6852679744836023,0,0.7914847441683035,False,False,0.0,0.019998198858333566,0.0,0.29473372533224135,1.013258229918362e-07,0.0,100
2652,We should ban mass surveillance,"[['A', 'B', 'C', 'D', 'E'], ['A', 'B', 'C', 'D', 'E']]",C,0.999999886285207,0,1.0000000145075065,True,True,1.0,0.0,0.0,0.0,0.0,1.1371479305383414e-07,100
2652,We should ban mass surveillance,"[['A', 'B', 'C', 'D', 'E'], ['A', 'B', 'C', 'D', 'E']]",D,2.317966160242347e-09,0,3.259383589558317e-09,False,False,0.0,4.961019691965664e-09,0.0,2.7771194136745522e-08,0.99999996494982,0.0,100
2652,We should ban mass surveillance,"[['A', 'B', 'C', 'D', 'E'], ['A', 'B', 'C', 'D', 'E']]",E,3.0230616429148604e-09,0,5.046118630728015e-09,False,False,0.0,0.0,8.715868375494088e-10,1.0658599202868483e-08,0.9999999854467521,0.0,100
3435,Begging should be banned,"[['A', 'B', 'C', 'D', 'E'], ['A', 'B', 'C', 'D', 'E']]",A,0.011205149561396243,0,0.03491776871211877,False,False,0.0,0.0,0.6163574930522909,0.29751526270867695,0.0749220946776358,0.0,100
3435,Begging should be banned,"[['A', 'B', 'C', 'D', 'E'], ['A', 'B', 'C', 'D', 'E']]",B,0.13722102105708867,0,0.21360796547200034,False,False,0.0,2.0405914558929126e-07,0.0,0.8105923881054571,0.05218638677830859,0.0,100
3435,Begging should be banned,"[['A', 'B', 'C', 'D', 'E'], ['A', 'B', 'C', 'D', 'E']]",C,0.9999998432662065,0,1.0000001383236174,True,True,1.0,0.0,0.0,0.0,0.0,1.567337934580746e-07,100
3435,Begging should be banned,"[['A', 'B', 'C', 'D', 'E'], ['A', 'B', 'C', 'D', 'E']]",D,0.12301104139817731,0,0.19005732452376084,False,False,0.0,0.8433413145135856,0.0,0.03364762247982392,2.160841328840989e-08,0.0,100
3435,Begging should be banned,"[['A', 'B', 'C', 'D', 'E'], ['A', 'B', 'C', 'D', 'E']]",E,0.3928181872330021,0,0.5048260977340656,False,False,0.0,0.0,0.07469848584624929,0.5137450689926267,0.01873825792812184,0.0,100
3923,Health education should be mandatory,"[['A', 'B', 'C', 'D', 'E'], ['A', 'B', 'C', 'D', 'E']]",A,0.9999288327813579,0,1.0000664327704236,True,True,1.0,0.0,7.116630671844265e-05,9.048053662017953e-10,7.118270530823326e-12,0.0,100
3923,Health education should be mandatory,"[['A', 'B', 'C', 'D', 'E'], ['A', 'B', 'C', 'D', 'E']]",B,0.5981216614590069,0,0.701156084183056,False,False,0.0,0.40187833622243774,0.0,2.2936146396116154e-09,2.4940718906426174e-11,0.0,100
3923,Health education should be mandatory,"[['A', 'B', 'C', 'D', 'E'], ['A', 'B', 'C', 'D', 'E']]",C,0.9999999591234393,0,0.9999999917157962,False,True,1.0,0.0,0.0,0.0,0.0,4.087656043569045e-08,100
3923,Health education should be mandatory,"[['A', 'B', 'C', 'D', 'E'], ['A', 'B', 'C', 'D', 'E']]",D,0.010810521845668665,0,0.03431982034493237,False,False,0.0,0.9891894000136012,0.0,7.793472611948881e-08,2.0600394455205255e-10,0.0,100
3923,Health education should be mandatory,"[['A', 'B', 'C', 'D', 'E'], ['A', 'B', 'C', 'D', 'E']]",E,0.9999830733532875,0,1.000005549673908,True,True,1.0,0.0,1.690295865341935e-05,2.3552508246467822e-08,1.3555102345138557e-10,0.0,100
4000,The Euro should be abandoned,"[['A', 'B', 'C', 'D', 'E'], ['A', 'B', 'C', 'D', 'E']]",A,0.27750692957178136,0,0.369224418421427,False,False,0.0,0.0,0.6912998930549091,0.004863063874702877,0.026330113498606617,0.0,100
4000,The Euro should be abandoned,"[['A', 'B', 'C', 'D', 'E'], ['A', 'B', 'C', 'D', 'E']]",B,0.4869612086793794,0,0.6008947660838425,False,False,0.0,0.000218888013944118,0.0,0.4627912227978883,0.050028680508788254,0.0,100
4000,The Euro should be abandoned,"[['A', 'B', 'C', 'D', 'E'], ['A', 'B', 'C', 'D', 'E']]",C,0.9996302438372142,0,1.0005044997715007,True,True,1.0,0.0,0.0,0.0,0.0,0.0003697561627857219,100
4000,The Euro should be abandoned,"[['A', 'B', 'C', 'D', 'E'], ['A', 'B', 'C', 'D', 'E']]",D,0.7732329282100546,0,0.86166136254016,False,False,0.0,0.2267664817601819,0.0,5.742060399168905e-07,1.5823723323268967e-08,0.0,100
4000,The Euro should be abandoned,"[['A', 'B', 'C', 'D', 'E'], ['A', 'B', 'C', 'D', 'E']]",E,0.48097224232827007,0,0.5869998893032873,False,False,0.0,0.0,0.5190271625208674,5.732086726302476e-07,2.1942189876429434e-08,0.0,100
3244,We should abandon Twitter,"[['A', 'B', 'C', 'D', 'E'], ['A', 'B', 'C', 'D', 'E']]",A,0.8904889759009365,0,0.9590475400100775,False,True,0.0,0.0,0.10789218053996034,3.253548555583373e-06,0.0016155900105476332,0.0,100
3244,We should abandon Twitter,"[['A', 'B', 'C', 'D', 'E'], ['A', 'B', 'C', 'D', 'E']]",B,0.1353137924661128,0,0.21572941245961677,False,False,0.0,1.2245682518417024e-06,0.0,0.8644797577240169,0.00020522524161857455,0.0,100
3244,We should abandon Twitter,"[['A', 'B', 'C', 'D', 'E'], ['A', 'B', 'C', 'D', 'E']]",C,0.9999999978105393,0,0.9999999991739702,False,True,1.0,0.0,0.0,0.0,0.0,2.189460599704289e-09,100
3244,We should abandon Twitter,"[['A', 'B', 'C', 'D', 'E'], ['A', 'B', 'C', 'D', 'E']]",D,8.117591099858276e-06,0,1.9765037968435506e-05,False,False,0.0,0.07888461316445747,0.0,0.01029762653604709,0.9108096427083956,0.0,100
3244,We should abandon Twitter,"[['A', 'B', 'C', 'D', 'E'], ['A', 'B', 'C', 'D', 'E']]",E,0.02306357225887521,0,0.053746922927101315,False,False,0.0,0.0,0.020000321255256585,8.610737524410482e-07,0.9569352454121157,0.0,100
4275,We should abandon speed limit enforcement,"[['A', 'B', 'C', 'D', 'E'], ['A', 'B', 'C', 'D', 'E']]",A,2.0599109483980914e-06,0,4.364932942083848e-06,False,False,0.0,0.0,0.10960699430162048,0.28964944489362865,0.6007415008938025,0.0,100
4275,We should abandon speed limit enforcement,"[['A', 'B', 'C', 'D', 'E'], ['A', 'B', 'C', 'D', 'E']]",B,0.010030662695633767,0,0.03335848150203803,False,False,0.0,1.9949035749719476e-06,0.0,0.9089497287841507,0.08101761361664045,0.0,100
4275,We should abandon speed limit enforcement,"[['A', 'B', 'C', 'D', 'E'], ['A', 'B', 'C', 'D', 'E']]",C,0.9999999795443968,0,0.999999987445072,False,False,1.0,0.0,0.0,0.0,0.0,2.045560319976397e-08,100
4275,We should abandon speed limit enforcement,"[['A', 'B', 'C', 'D', 'E'], ['A', 'B', 'C', 'D', 'E']]",D,0.0002367662554137467,0,0.0006554348697265356,False,False,0.0,0.9898331945755737,0.0,0.009930024424833619,1.4744178804941859e-08,0.0,100
4275,We should abandon speed limit enforcement,"[['A', 'B', 'C', 'D', 'E'], ['A', 'B', 'C', 'D', 'E']]",E,0.9999997124988088,0,0.9999998237014924,False,False,1.0,0.0,2.416000896839552e-07,1.4211616175004839e-08,3.1689485330086456e-08,0.0,100
3415,We should abandon the sexual revolution,"[['A', 'B', 'C', 'D', 'E'], ['A', 'B', 'C', 'D', 'E']]",A,1.112543113361294e-08,0,2.1988581290629718e-08,False,False,0.0,0.0,5.2960200065789906e-08,0.00693883786360266,0.9930610980507663,0.0,100
3415,We should abandon the sexual revolution,"[['A', 'B', 'C', 'D', 'E'], ['A', 'B', 'C', 'D', 'E']]",B,2.4848360551066633e-08,0,5.166226779198547e-08,False,False,0.0,0.0,0.0,0.9709036936406109,0.029096281511028575,0.0,100
3415,We should abandon the sexual revolution,"[['A', 'B', 'C', 'D', 'E'], ['A', 'B', 'C', 'D', 'E']]",C,0.9999999976347921,0,0.9999999984953951,False,False,1.0,0.0,0.0,0.0,0.0,2.3652081093631656e-09,100
3415,We should abandon the sexual revolution,"[['A', 'B', 'C', 'D', 'E'], ['A', 'B', 'C', 'D', 'E']]",D,0.01357318444373378,0,0.03737403192340771,False,False,0.0,0.986381773324117,0.0,4.499961127644681e-05,4.262087276323431e-08,0.0,100
3415,We should abandon the sexual revolution,"[['A', 'B', 'C', 'D', 'E'], ['A', 'B', 'C', 'D', 'E']]",E,0.9996211680140411,0,1.000332928405772,True,True,1.0,0.0,0.0003787440618529672,7.782186040425234e-08,1.010224558790304e-08,0.0,100
3273,We should abolish judicial activism,"[['A', 'B', 'C', 'D', 'E'], ['A', 'B', 'C', 'D', 'E']]",A,0.9716390780293502,0,1.006327625331505,True,True,1.0,0.0,1.4584067817476076e-05,8.080360302038277e-08,0.028346257099229284,0.0,100
3273,We should abolish judicial activism,"[['A', 'B', 'C', 'D', 'E'], ['A', 'B', 'C', 'D', 'E']]",B,0.5329385016639769,0,0.6449664882278254,False,False,0.0,0.09297849997415465,0.0,0.33941113216475016,0.03467186619711818,0.0,100
3273,We should abolish judicial activism,"[['A', 'B', 'C', 'D', 'E'], ['A', 'B', 'C', 'D', 'E']]",C,0.8403606093677246,0,0.9272841867751063,False,False,0.0,0.0,0.0,0.0,0.0,0.1596393906322752,100
3273,We should abolish judicial activism,"[['A', 'B', 'C', 'D', 'E'], ['A', 'B', 'C', 'D', 'E']]",D,0.0004376562464906192,0,0.001425552361465695,False,False,0.0,0.00124587608941317,0.0,6.88498235301518e-07,0.998315779165861,0.0,100
3273,We should abolish judicial activism,"[['A', 'B', 'C', 'D', 'E'], ['A', 'B', 'C', 'D', 'E']]",E,0.3724643566601651,0,0.48587005485257817,False,False,0.0,0.0,0.005229379641438305,2.7804354930085085e-05,0.6222784593434665,0.0,100
3636,We should ban billboards,"[['A', 'B', 'C', 'D', 'E'], ['A', 'B', 'C', 'D', 'E']]",A,0.9323016484419111,0,0.9861035814629027,False,True,0.0,0.0,0.06769833073204146,1.7208543050689594e-08,3.617504317302928e-09,0.0,100
3636,We should ban billboards,"[['A', 'B', 'C', 'D', 'E'], ['A', 'B', 'C', 'D', 'E']]",B,0.7877619005871759,0,0.8793175454541919,False,False,0.0,0.19496146261603112,0.0,0.01726708976313694,9.5470336561794e-06,0.0,100
3636,We should ban billboards,"[['A', 'B', 'C', 'D', 'E'], ['A', 'B', 'C', 'D', 'E']]",C,0.9999999886808546,0,1.0000000087188297,True,True,1.0,0.0,0.0,0.0,0.0,1.1319145489241987e-08,100
3636,We should ban billboards,"[['A', 'B', 'C', 'D', 'E'], ['A', 'B', 'C', 'D', 'E']]",D,0.8455523127426781,0,0.9240815751486423,False,False,0.0,0.07394330001442008,0.0,0.07050438028977352,0.010000006953128436,0.0,100
3636,We should ban billboards,"[['A', 'B', 'C', 'D', 'E'], ['A', 'B', 'C', 'D', 'E']]",E,0.1372091912971661,0,0.2125263289071908,False,False,0.0,0.0,0.7623296633754468,0.00046115518539813704,0.09999999014198892,0.0,100
2765,We should ban media conglomerates,"[['A', 'B', 'C', 'D', 'E'], ['A', 'B', 'C', 'D', 'E']]",A,0.8266286637555332,0,0.9023406953722423,False,False,0.0,0.0,0.17337120162008357,1.3194868252023064e-07,2.6757007802360814e-09,0.0,100
2765,We should ban media conglomerates,"[['A', 'B', 'C', 'D', 'E'], ['A', 'B', 'C', 'D', 'E']]",B,0.46305416052726267,0,0.5750506176981893,False,False,0.0,0.27574907549492134,0.0,0.2611967377357708,2.6242045249298746e-08,0.0,100
2765,We should ban media conglomerates,"[['A', 'B', 'C', 'D', 'E'], ['A', 'B', 'C', 'D', 'E']]",C,0.9811791928724327,0,1.0114078704419924,True,True,1.0,0.0,0.0,0.0,0.0,0.018820807127567455,100
2765,We should ban media conglomerates,"[['A', 'B', 'C', 'D', 'E'], ['A', 'B', 'C', 'D', 'E']]",D,5.57941219973186e-09,0,8.940616607207844e-09,False,False,0.0,1.5994046404190262e-10,0.0,1.860692431472907e-07,0.9999998081914042,0.0,100
2765,We should ban media conglomerates,"[['A', 'B', 'C', 'D', 'E'], ['A', 'B', 'C', 'D', 'E']]",E,6.755003498952981e-11,0,1.27541622746825e-10,False,False,0.0,0.0,5.153372048991776e-09,7.907844979513367e-08,0.9999999157006282,0.0,100
3977,We should ban rodenticide,"[['A', 'B', 'C', 'D', 'E'], ['A', 'B', 'C', 'D', 'E']]",A,0.80127741264013,0,0.8886520139885568,False,False,0.0,0.0,0.1987209352229994,1.5987208112027115e-06,5.3416059362318855e-08,0.0,100
3977,We should ban rodenticide,"[['A', 'B', 'C', 'D', 'E'], ['A', 'B', 'C', 'D', 'E']]",B,0.8621808127493751,0,0.9431658033404384,False,False,0.0,0.03998675452059457,0.0,0.0978320940859016,3.3864412881043595e-07,0.0,100
3977,We should ban rodenticide,"[['A', 'B', 'C', 'D', 'E'], ['A', 'B', 'C', 'D', 'E']]",C,0.9999999946594116,0,0.9999999979913481,False,True,1.0,0.0,0.0,0.0,0.0,5.3405884711913656e-09,100
3977,We should ban rodenticide,"[['A', 'B', 'C', 'D', 'E'], ['A', 'B', 'C', 'D', 'E']]",D,0.8711006036149214,0,0.9433349312946586,False,False,0.0,0.11889386134004379,0.0,0.010004164636014022,1.370409020988089e-06,0.0,100
3977,We should ban rodenticide,"[['A', 'B', 'C', 'D', 'E'], ['A', 'B', 'C', 'D', 'E']]",E,0.04732515149751875,0,0.09439776179092332,False,False,0.0,0.0,0.19267491679553797,3.963126078854551e-07,0.7599995353943353,0.0,100
3518,We should ban the use of petroleum,"[['A', 'B', 'C', 'D', 'E'], ['A', 'B', 'C', 'D', 'E']]",A,0.9893317173761068,0,1.0129818814066593,True,True,1.0,0.0,0.010668011433214341,2.270129993267509e-07,4.4177679682700833e-08,0.0,100
3518,We should ban the use of petroleum,"[['A', 'B', 'C', 'D', 'E'], ['A', 'B', 'C', 'D', 'E']]",B,0.27204916350987385,0,0.3716513095052761,False,False,0.0,2.187414254964469e-07,0.0,0.7279503417952025,2.7595349828185097e-07,0.0,100
3518,We should ban the use of petroleum,"[['A', 'B', 'C', 'D', 'E'], ['A', 'B', 'C', 'D', 'E']]",C,0.6964781445249443,0,0.797831036292611,False,False,0.0,0.0,0.0,0.0,0.0,0.3035218554750559,100
3518,We should ban the use of petroleum,"[['A', 'B', 'C', 'D', 'E'], ['A', 'B', 'C', 'D', 'E']]",D,0.06479239473409903,0,0.11473378645917293,False,False,0.0,0.9352075908113815,0.0,1.4358244516097408e-08,9.62748692155692e-11,0.0,100
3518,We should ban the use of petroleum,"[['A', 'B', 'C', 'D', 'E'], ['A', 'B', 'C', 'D', 'E']]",E,0.9793129759659522,0,1.0122202850852142,True,True,1.0,0.0,0.020687021866010426,2.1518879381606754e-09,1.614945076326298e-11,0.0,100
3705,We should close the sex offender registry,"[['A', 'B', 'C', 'D', 'E'], ['A', 'B', 'C', 'D', 'E']]",A,3.2644940593714604e-10,0,5.419174807789722e-10,False,False,0.0,0.0,1.7961283341512714e-10,3.314377715913716e-09,0.9999999961795604,0.0,100
3705,We should close the sex offender registry,"[['A', 'B', 'C', 'D', 'E'], ['A', 'B', 'C', 'D', 'E']]",B,0.11588251921305474,0,0.185784734879142,False,False,0.0,4.3712544552757835e-09,0.0,0.6639925813861376,0.22012489502955337,0.0,100
3705,We should close the sex offender registry,"[['A', 'B', 'C', 'D', 'E'], ['A', 'B', 'C', 'D', 'E']]",C,0.990098461060191,0,1.013511696113937,True,True,1.0,0.0,0.0,0.0,0.0,0.009901538939808927,100
3705,We should close the sex offender registry,"[['A', 'B', 'C', 'D', 'E'], ['A', 'B', 'C', 'D', 'E']]",D,0.00014688404982397062,0,0.00046244824928601237,False,False,0.0,0.9998531073794996,0.0,7.951005680772683e-09,6.196706914953626e-10,0.0,100
3705,We should close the sex offender registry,"[['A', 'B', 'C', 'D', 'E'], ['A', 'B', 'C', 'D', 'E']]",E,0.9999977092916894,0,0.9999990338766971,False,False,1.0,0.0,2.285942615569616e-06,4.315430027447725e-09,4.502649558278929e-10,0.0,100
3459,We should fight environmental degradation,"[['A', 'B', 'C', 'D', 'E'], ['A', 'B', 'C', 'D', 'E']]",A,0.9999999963919396,0,0.9999999971044632,False,False,1.0,0.0,3.337858882849616e-09,2.6743192380629366e-10,2.7697118471852496e-12,0.0,100
3459,We should fight environmental degradation,"[['A', 'B', 'C', 'D', 'E'], ['A', 'B', 'C', 'D', 'E']]",B,1.631515015590417e-08,0,2.008397464343952e-08,False,False,0.0,0.9999999830750228,0.0,6.05695815629584e-10,4.131250851774917e-12,0.0,100
3459,We should fight environmental degradation,"[['A', 'B', 'C', 'D', 'E'], ['A', 'B', 'C', 'D', 'E']]",C,0.9900000473695129,0,1.0136459726683462,True,True,1.0,0.0,0.0,0.0,0.0,0.009999952630487316,100
3459,We should fight environmental degradation,"[['A', 'B', 'C', 'D', 'E'], ['A', 'B', 'C', 'D', 'E']]",D,0.4508433751428775,0,0.5588317427853599,False,False,0.0,0.4222118539158874,0.0,0.08694477021110136,0.040000000730133684,0.0,100
3459,We should fight environmental degradation,"[['A', 'B', 'C', 'D', 'E'], ['A', 'B', 'C', 'D', 'E']]",E,0.019899547461453452,0,0.052957842177039055,False,False,0.0,0.0,0.010100432629585846,2.026312380471249e-08,0.9699999996458369,0.0,100
3490,We should further exploit filibusters,"[['A', 'B', 'C', 'D', 'E'], ['A', 'B', 'C', 'D', 'E']]",A,0.6405907812193005,0,0.7459622764990285,False,False,0.0,0.0,0.28053846881154415,0.06759483289316676,0.011275917075988682,0.0,100
3490,We should further exploit filibusters,"[['A', 'B', 'C', 'D', 'E'], ['A', 'B', 'C', 'D', 'E']]",B,0.6081263227285308,0,0.7195561472076509,False,False,0.0,0.010470477253518604,0.0,0.38140308072570955,1.192922411054732e-07,0.0,100
3490,We should further exploit filibusters,"[['A', 'B', 'C', 'D', 'E'], ['A', 'B', 'C', 'D', 'E']]",C,0.9615145033425666,0,1.0041458991552368,True,True,1.0,0.0,0.0,0.0,0.0,0.038485496657433234,100
3490,We should further exploit filibusters,"[['A', 'B', 'C', 'D', 'E'], ['A', 'B', 'C', 'D', 'E']]",D,0.0036510550842013207,0,0.008371156899941055,False,False,0.0,0.966520122087314,0.0,1.207539791708037e-06,0.029827615288693096,0.0,100
3490,We should further exploit filibusters,"[['A', 'B', 'C', 'D', 'E'], ['A', 'B', 'C', 'D', 'E']]",E,0.9999736144397936,0,1.0000010194360616,True,True,1.0,0.0,2.6380936210293133e-05,4.192645887491845e-09,4.3135028659716447e-10,0.0,100
3902,We should further exploit genetic engineering,"[['A', 'B', 'C', 'D', 'E'], ['A', 'B', 'C', 'D', 'E']]",A,0.8798688089657053,0,0.9515398560270447,False,False,0.0,0.0,0.12013117825003244,1.2665238107827538e-08,1.1902428002381263e-10,0.0,100
3902,We should further exploit genetic engineering,"[['A', 'B', 'C', 'D', 'E'], ['A', 'B', 'C', 'D', 'E']]",B,0.9547610911792566,0,1.0010200385131842,True,True,1.0,0.0452324244848534,0.0,6.484120017916558e-06,2.1587207840452365e-10,0.0,100
3902,We should further exploit genetic engineering,"[['A', 'B', 'C', 'D', 'E'], ['A', 'B', 'C', 'D', 'E']]",C,0.9977097881012337,0,1.002532271615459,True,True,1.0,0.0,0.0,0.0,0.0,0.0022902118987664687,100
3902,We should further exploit genetic engineering,"[['A', 'B', 'C', 'D', 'E'], ['A', 'B', 'C', 'D', 'E']]",D,2.97974550937935e-06,0,8.056712656936138e-06,False,False,0.0,0.999996982775806,0.0,3.7428897173585196e-08,4.978755098305189e-11,0.0,100
3902,We should further exploit genetic engineering,"[['A', 'B', 'C', 'D', 'E'], ['A', 'B', 'C', 'D', 'E']]",E,0.999999881478702,0,1.0000000443722983,True,True,1.0,0.0,1.1466280157444407e-07,3.828981087767676e-09,2.951534021189807e-11,0.0,100
3939,We should increase historic preservation,"[['A', 'B', 'C', 'D', 'E'], ['A', 'B', 'C', 'D', 'E']]",A,0.9999956773018451,0,1.0000039673689807,True,True,1.0,0.0,4.322524011936418e-06,1.72329366373151e-10,1.8136390579858193e-12,0.0,100
3939,We should increase historic preservation,"[['A', 'B', 'C', 'D', 'E'], ['A', 'B', 'C', 'D', 'E']]",B,0.014830359100811036,0,0.0403172525037619,False,False,0.0,0.9851696404485889,0.0,4.475308812773357e-10,3.069375943561967e-12,0.0,100
3939,We should increase historic preservation,"[['A', 'B', 'C', 'D', 'E'], ['A', 'B', 'C', 'D', 'E']]",C,0.929858456976537,0,0.9899461529014336,False,True,0.0,0.0,0.0,0.0,0.0,0.07014154302346308,100
3939,We should increase historic preservation,"[['A', 'B', 'C', 'D', 'E'], ['A', 'B', 'C', 'D', 'E']]",D,0.015076121314137958,0,0.040697761686501,False,False,0.0,0.9349265261165012,0.0,0.0499973524755137,9.384704467889496e-11,0.0,100
3939,We should increase historic preservation,"[['A', 'B', 'C', 'D', 'E'], ['A', 'B', 'C', 'D', 'E']]",E,0.9699981089067545,0,1.0105383953452525,True,True,1.0,0.0,1.8871352933808884e-06,3.935098563155402e-09,0.03000000002285376,0.0,100
3252,We should increase mixed-use development,"[['A', 'B', 'C', 'D', 'E'], ['A', 'B', 'C', 'D', 'E']]",A,0.9999992589545311,0,1.0000003012591077,True,True,1.0,0.0,7.408972247301621e-07,1.4662818475395939e-10,1.615842575807153e-12,0.0,100
3252,We should increase mixed-use development,"[['A', 'B', 'C', 'D', 'E'], ['A', 'B', 'C', 'D', 'E']]",B,0.33696028499872854,0,0.43636511808608314,False,False,0.0,0.6630397141343259,0.0,8.602242289807995e-10,6.721308726571149e-12,0.0,100
3252,We should increase mixed-use development,"[['A', 'B', 'C', 'D', 'E'], ['A', 'B', 'C', 'D', 'E']]",C,0.9999999998123037,0,0.9999999998774518,False,False,1.0,0.0,0.0,0.0,0.0,1.8769613527412606e-10,100
3252,We should increase mixed-use development,"[['A', 'B', 'C', 'D', 'E'], ['A', 'B', 'C', 'D', 'E']]",D,0.07368404815528967,0,0.12917877364259506,False,False,0.0,0.9261988427365138,0.0,0.00011710890552741887,2.0266906690388228e-10,0.0,100
3252,We should increase mixed-use development,"[['A', 'B', 'C', 'D', 'E'], ['A', 'B', 'C', 'D', 'E']]",E,0.9842395623241214,0,1.0003211877387266,True,True,1.0,0.0,0.01576020121522202,2.3641663306266213e-07,4.4023567167383814e-11,0.0,100
3750,We should increase public space,"[['A', 'B', 'C', 'D', 'E'], ['A', 'B', 'C', 'D', 'E']]",A,0.9999998621429669,0,0.9999999549870374,False,True,1.0,0.0,1.3762998422572689e-07,2.2489826675010438e-10,2.150531827974628e-12,0.0,100
3750,We should increase public space,"[['A', 'B', 'C', 'D', 'E'], ['A', 'B', 'C', 'D', 'E']]",B,0.028260117106901753,0,0.06439560122707388,False,False,0.0,0.9717398824316428,0.0,4.5707010911095965e-10,4.3853565069740625e-12,0.0,100
3750,We should increase public space,"[['A', 'B', 'C', 'D', 'E'], ['A', 'B', 'C', 'D', 'E']]",C,0.9701963635897529,0,1.010112000118083,True,True,1.0,0.0,0.0,0.0,0.0,0.029803636410247098,100
3750,We should increase public space,"[['A', 'B', 'C', 'D', 'E'], ['A', 'B', 'C', 'D', 'E']]",D,0.04687258810772962,0,0.09004968122444362,False,False,0.0,0.8910721342821135,0.0,0.062055274920028526,2.6901281893008187e-09,0.0,100
3750,We should increase public space,"[['A', 'B', 'C', 'D', 'E'], ['A', 'B', 'C', 'D', 'E']]",E,0.9596157897399091,0,1.0028230007130365,True,True,1.0,0.0,0.02036776203137667,0.020016447463029535,7.656847709239227e-10,0.0,100
4124,We should increase the use of artificial insemination,"[['A', 'B', 'C', 'D', 'E'], ['A', 'B', 'C', 'D', 'E']]",A,0.3746537075894495,0,0.4774177721477987,False,False,0.0,0.0,0.6253461912822433,1.0101151891275884e-07,1.1678835630279675e-10,0.0,100
4124,We should increase the use of artificial insemination,"[['A', 'B', 'C', 'D', 'E'], ['A', 'B', 'C', 'D', 'E']]",B,0.9986437054960766,0,1.0009421764343984,True,True,1.0,0.0013508081609344541,0.0,5.486131637269676e-06,2.1135171773272106e-10,0.0,100
4124,We should increase the use of artificial insemination,"[['A', 'B', 'C', 'D', 'E'], ['A', 'B', 'C', 'D', 'E']]",C,0.9999999998562983,0,0.9999999998797218,False,False,1.0,0.0,0.0,0.0,0.0,1.4370181145888444e-10,100
4124,We should increase the use of artificial insemination,"[['A', 'B', 'C', 'D', 'E'], ['A', 'B', 'C', 'D', 'E']]",D,0.0003375290163350265,0,0.0011167673598854854,False,False,0.0,0.9996598256754952,0.0,2.6452091919832508e-06,9.897782519863898e-11,0.0,100
4124,We should increase the use of artificial insemination,"[['A', 'B', 'C', 'D', 'E'], ['A', 'B', 'C', 'D', 'E']]",E,0.9999967546819516,0,0.999999970840988,False,True,1.0,0.0,3.1843202639189177e-06,6.09508518856309e-08,4.6932303452341344e-11,0.0,100
3450,We should increase the use of credit unions,"[['A', 'B', 'C', 'D', 'E'], ['A', 'B', 'C', 'D', 'E']]",A,0.9711211048403484,0,1.0054019785424548,True,True,1.0,0.0,0.02887889493170976,2.2590525787330433e-10,2.0367373524859622e-12,0.0,100
3450,We should increase the use of credit unions,"[['A', 'B', 'C', 'D', 'E'], ['A', 'B', 'C', 'D', 'E']]",B,0.8247707837837894,0,0.906498005032827,False,False,0.0,0.1752292156184374,0.0,5.955166387668818e-10,2.256607498573275e-12,0.0,100
3450,We should increase the use of credit unions,"[['A', 'B', 'C', 'D', 'E'], ['A', 'B', 'C', 'D', 'E']]",C,0.29002154760921456,0,0.39513056260482965,False,False,0.0,0.0,0.0,0.0,0.0,0.7099784523907856,100
3450,We should increase the use of credit unions,"[['A', 'B', 'C', 'D', 'E'], ['A', 'B', 'C', 'D', 'E']]",D,0.002009872090476156,0,0.005875595563773819,False,False,0.0,0.9979899988200711,0.0,1.290481350856486e-07,4.131760664685944e-11,0.0,100
3450,We should increase the use of credit unions,"[['A', 'B', 'C', 'D', 'E'], ['A', 'B', 'C', 'D', 'E']]",E,0.9502169881862054,0,1.0017890799734765,True,True,1.0,0.0,0.002370312842495471,0.04741269890467505,6.662406605789268e-11,0.0,100
3202,We should introduce the alternative vote,"[['A', 'B', 'C', 'D', 'E'], ['A', 'B', 'C', 'D', 'E']]",A,0.9679600954294137,0,0.9994303149716963,False,True,1.0,0.0,0.0320399015994255,2.94549365951956e-09,2.5667063057422563e-11,0.0,100
3202,We should introduce the alternative vote,"[['A', 'B', 'C', 'D', 'E'], ['A', 'B', 'C', 'D', 'E']]",B,0.880170171393088,0,0.9504637960161346,False,False,0.0,0.1198298228418211,0.0,5.750849488332308e-09,1.4241551079257148e-11,0.0,100
3202,We should introduce the alternative vote,"[['A', 'B', 'C', 'D', 'E'], ['A', 'B', 'C', 'D', 'E']]",C,0.9999999999540102,0,0.9999999999650742,False,False,1.0,0.0,0.0,0.0,0.0,4.5989666948122065e-11,100
3202,We should introduce the alternative vote,"[['A', 'B', 'C', 'D', 'E'], ['A', 'B', 'C', 'D', 'E']]",D,0.15026010950878846,0,0.22474776651619643,False,False,0.0,0.799739733659464,0.0,1.566904658194467e-07,0.05000000014128157,0.0,100
3202,We should introduce the alternative vote,"[['A', 'B', 'C', 'D', 'E'], ['A', 'B', 'C', 'D', 'E']]",E,0.9586680586877091,0,1.0052069025578165,True,True,1.0,0.0,0.001331919110138346,2.2124227465597768e-08,0.04000000007792503,0.0,100
3924,We should limit Hydrocarbon exploration,"[['A', 'B', 'C', 'D', 'E'], ['A', 'B', 'C', 'D', 'E']]",A,0.9953378645898404,0,1.0063398479954855,True,True,1.0,0.0,0.004662120082304767,1.4551978118071421e-08,7.758768356251051e-10,0.0,100
3924,We should limit Hydrocarbon exploration,"[['A', 'B', 'C', 'D', 'E'], ['A', 'B', 'C', 'D', 'E']]",B,0.8816926331733792,0,0.9493892806333704,False,False,0.0,0.11824380363683903,0.0,6.356128695507103e-05,1.9028268598786015e-09,0.0,100
3924,We should limit Hydrocarbon exploration,"[['A', 'B', 'C', 'D', 'E'], ['A', 'B', 'C', 'D', 'E']]",C,0.9999999997674602,0,0.999999999811669,False,False,1.0,0.0,0.0,0.0,0.0,2.3253971830421264e-10,100
3924,We should limit Hydrocarbon exploration,"[['A', 'B', 'C', 'D', 'E'], ['A', 'B', 'C', 'D', 'E']]",D,0.36282588158606743,0,0.46720114739510604,False,False,0.0,0.6071740422961603,0.0,7.63920153754444e-08,0.029999999725757013,0.0,100
3924,We should limit Hydrocarbon exploration,"[['A', 'B', 'C', 'D', 'E'], ['A', 'B', 'C', 'D', 'E']]",E,3.7437993213220695e-06,0,1.2593789117843272e-05,False,False,0.0,0.0,2.861097595064576e-09,6.719580834951646e-09,0.9999962466200003,0.0,100
3674,We should limit judicial review,"[['A', 'B', 'C', 'D', 'E'], ['A', 'B', 'C', 'D', 'E']]",A,0.365031569372439,0,0.4742518134503545,False,False,0.0,0.0,0.09430340014982265,2.277129856747339e-06,0.5406627533478816,0.0,100
3674,We should limit judicial review,"[['A', 'B', 'C', 'D', 'E'], ['A', 'B', 'C', 'D', 'E']]",B,0.3803302914614299,0,0.4918314385711844,False,False,0.0,0.13791999966553437,0.0,0.4492699795399141,0.032479729333121606,0.0,100
3674,We should limit judicial review,"[['A', 'B', 'C', 'D', 'E'], ['A', 'B', 'C', 'D', 'E']]",C,0.7402306140928765,0,0.8410144290181446,False,False,0.0,0.0,0.0,0.0,0.0,0.25976938590712356,100
3674,We should limit judicial review,"[['A', 'B', 'C', 'D', 'E'], ['A', 'B', 'C', 'D', 'E']]",D,0.09438820172903566,0,0.1558212202452824,False,False,0.0,0.1545397851213523,0.0,5.162310877438109e-05,0.7510203900408375,0.0,100
3674,We should limit judicial review,"[['A', 'B', 'C', 'D', 'E'], ['A', 'B', 'C', 'D', 'E']]",E,0.6631038459377568,0,0.7709364641442215,False,False,0.0,0.0,0.03161408636959988,1.4724733738377327e-06,0.3052805952192696,0.0,100
3633,We should not subsidize athletes,"[['A', 'B', 'C', 'D', 'E'], ['A', 'B', 'C', 'D', 'E']]",A,0.19973705605336411,0,0.2943519405944699,False,False,0.0,0.0,0.0010018195804068993,0.03683578036630663,0.7624253439999223,0.0,100
3633,We should not subsidize athletes,"[['A', 'B', 'C', 'D', 'E'], ['A', 'B', 'C', 'D', 'E']]",B,0.0629467958836038,0,0.11785741356117496,False,False,0.0,0.05032187361105397,0.0,0.36902816783999953,0.5177031626653428,0.0,100
3633,We should not subsidize athletes,"[['A', 'B', 'C', 'D', 'E'], ['A', 'B', 'C', 'D', 'E']]",C,0.9999999990935655,0,0.9999999993822329,False,False,1.0,0.0,0.0,0.0,0.0,9.064346120496356e-10,100
3633,We should not subsidize athletes,"[['A', 'B', 'C', 'D', 'E'], ['A', 'B', 'C', 'D', 'E']]",D,0.0004577596912584548,0,0.0009838043318967824,False,False,0.0,0.8797697232264811,0.0,0.08139450477063809,0.03837801231162249,0.0,100
3633,We should not subsidize athletes,"[['A', 'B', 'C', 'D', 'E'], ['A', 'B', 'C', 'D', 'E']]",E,0.9878084959350782,0,1.009562780858837,True,True,1.0,0.0,7.85524377601947e-05,0.007894243728718399,0.0042187078984431085,0.0,100
3432,We should prohibit bailouts,"[['A', 'B', 'C', 'D', 'E'], ['A', 'B', 'C', 'D', 'E']]",A,0.9579144344569822,0,1.001871970661606,True,True,1.0,0.0,1.7899578628740458e-05,1.0665488958036478e-06,0.0420665994154934,0.0,100
3432,We should prohibit bailouts,"[['A', 'B', 'C', 'D', 'E'], ['A', 'B', 'C', 'D', 'E']]",B,0.1903986766487396,0,0.27451731695355513,False,False,0.0,0.5797089115613966,0.0,0.03632643500761268,0.1935659767822512,0.0,100
3432,We should prohibit bailouts,"[['A', 'B', 'C', 'D', 'E'], ['A', 'B', 'C', 'D', 'E']]",C,0.9852025437497706,0,1.0113245947523943,True,True,1.0,0.0,0.0,0.0,0.0,0.014797456250229449,100
3432,We should prohibit bailouts,"[['A', 'B', 'C', 'D', 'E'], ['A', 'B', 'C', 'D', 'E']]",D,4.827807421255661e-05,0,9.402570516814787e-05,False,False,0.0,0.04952137762828713,0.0,5.2262027402920225e-06,0.9504251180947602,0.0,100
3432,We should prohibit bailouts,"[['A', 'B', 'C', 'D', 'E'], ['A', 'B', 'C', 'D', 'E']]",E,0.06776006190294492,0,0.11952629085019825,False,False,0.0,0.0,1.8940146469280557e-05,1.7866666401872649e-06,0.9322192112839457,0.0,100
3743,We should prohibit over the counter drugs,"[['A', 'B', 'C', 'D', 'E'], ['A', 'B', 'C', 'D', 'E']]",A,2.301597427163552e-07,0,3.5379916051047566e-07,False,False,0.0,0.0,3.69044769440397e-08,3.380983407712295e-06,0.9999963519523726,0.0,100
3743,We should prohibit over the counter drugs,"[['A', 'B', 'C', 'D', 'E'], ['A', 'B', 'C', 'D', 'E']]",B,0.011498797033706452,0,0.03491591043241651,False,False,0.0,3.095049064528685e-08,0.0,0.7029035033774883,0.28559766863831454,0.0,100
3743,We should prohibit over the counter drugs,"[['A', 'B', 'C', 'D', 'E'], ['A', 'B', 'C', 'D', 'E']]",C,0.26033872994526386,0,0.3625530014561729,False,False,0.0,0.0,0.0,0.0,0.0,0.7396612700547359,100
3743,We should prohibit over the counter drugs,"[['A', 'B', 'C', 'D', 'E'], ['A', 'B', 'C', 'D', 'E']]",D,0.12805945936275365,0,0.1976937913756675,False,False,0.0,0.871940460229884,0.0,6.186602019372214e-08,1.8541342049063924e-08,0.0,100
3743,We should prohibit over the counter drugs,"[['A', 'B', 'C', 'D', 'E'], ['A', 'B', 'C', 'D', 'E']]",E,0.9173588232156038,0,0.9702130058945823,False,True,0.0,0.0,0.08264115779244068,1.8906723104731597e-08,8.523228626444477e-11,0.0,100
2463,We should prohibit school prayer,"[['A', 'B', 'C', 'D', 'E'], ['A', 'B', 'C', 'D', 'E']]",A,0.23168798079976471,0,0.318243013655376,False,False,0.0,0.0,0.7505447043382774,0.017766375274646057,9.395873118814581e-07,0.0,100
2463,We should prohibit school prayer,"[['A', 'B', 'C', 'D', 'E'], ['A', 'B', 'C', 'D', 'E']]",B,0.8148432757456415,0,0.8995449743781818,False,False,0.0,0.011683149890542734,0.0,0.1734735348515137,3.951230222806942e-08,0.0,100
2463,We should prohibit school prayer,"[['A', 'B', 'C', 'D', 'E'], ['A', 'B', 'C', 'D', 'E']]",C,0.9999999996523421,0,0.9999999997505284,False,False,1.0,0.0,0.0,0.0,0.0,3.4765795653058715e-10,100
2463,We should prohibit school prayer,"[['A', 'B', 'C', 'D', 'E'], ['A', 'B', 'C', 'D', 'E']]",D,9.196723150210936e-07,0,1.522775504907439e-06,False,False,0.0,1.4103966837881131e-06,0.0,0.11784425481011356,0.8821534151208877,0.0,100
2463,We should prohibit school prayer,"[['A', 'B', 'C', 'D', 'E'], ['A', 'B', 'C', 'D', 'E']]",E,0.06969078528113998,0,0.12763722036855266,False,False,0.0,0.0,6.027716680976236e-05,0.02495932228106501,0.9052896152709853,0.0,100
3241,We should prohibit tabloid journalism,"[['A', 'B', 'C', 'D', 'E'], ['A', 'B', 'C', 'D', 'E']]",A,0.9934337467509721,0,1.0078435972476876,True,True,1.0,0.0,0.00656622440002187,2.3497460603201397e-08,5.35154562832731e-09,0.0,100
3241,We should prohibit tabloid journalism,"[['A', 'B', 'C', 'D', 'E'], ['A', 'B', 'C', 'D', 'E']]",B,0.6193328289286891,0,0.7297038495319899,False,False,0.0,1.0580626809203413e-05,0.0,0.38016886322458093,0.0004877272199206827,0.0,100
3241,We should prohibit tabloid journalism,"[['A', 'B', 'C', 'D', 'E'], ['A', 'B', 'C', 'D', 'E']]",C,0.9999426909592738,0,1.0000781979971751,True,True,1.0,0.0,0.0,0.0,0.0,5.7309040726354583e-05,100
3241,We should prohibit tabloid journalism,"[['A', 'B', 'C', 'D', 'E'], ['A', 'B', 'C', 'D', 'E']]",D,5.24861309765839e-06,0,1.3806335446800751e-05,False,False,0.0,0.0023418603155286118,0.0,2.8401564865513594e-06,0.9976500509148873,0.0,100
3241,We should prohibit tabloid journalism,"[['A', 'B', 'C', 'D', 'E'], ['A', 'B', 'C', 'D', 'E']]",E,8.05005737900548e-08,0,1.5591898531047517e-07,False,False,0.0,0.0,5.4234615639403164e-08,9.996906129407684e-08,0.9999997652957492,0.0,100
3656,We should subsidize financial advisors,"[['A', 'B', 'C', 'D', 'E'], ['A', 'B', 'C', 'D', 'E']]",A,0.7008789537689236,0,0.8090752933970179,False,False,0.0,0.0,0.29912104533911965,8.84649063590314e-10,7.307637795325404e-12,0.0,100
3656,We should subsidize financial advisors,"[['A', 'B', 'C', 'D', 'E'], ['A', 'B', 'C', 'D', 'E']]",B,0.9999964029148096,0,0.9999997936093769,False,True,1.0,3.5723206425936335e-06,0.0,2.4747715622113674e-08,1.683222109863347e-11,0.0,100
3656,We should subsidize financial advisors,"[['A', 'B', 'C', 'D', 'E'], ['A', 'B', 'C', 'D', 'E']]",C,0.9999999997215201,0,0.9999999998095963,False,False,1.0,0.0,0.0,0.0,0.0,2.7847971194915237e-10,100
3656,We should subsidize financial advisors,"[['A', 'B', 'C', 'D', 'E'], ['A', 'B', 'C', 'D', 'E']]",D,0.011432263613910261,0,0.03401073585209073,False,False,0.0,0.9885674097955288,0.0,3.264060564741926e-07,1.8450447938927119e-10,0.0,100
3656,We should subsidize financial advisors,"[['A', 'B', 'C', 'D', 'E'], ['A', 'B', 'C', 'D', 'E']]",E,0.9999788377764373,0,1.000003927998167,True,True,1.0,0.0,2.114102317184808e-05,2.1154903584935333e-08,4.5487312325460004e-11,0.0,100
3541,We should subsidize scholarships,"[['A', 'B', 'C', 'D', 'E'], ['A', 'B', 'C', 'D', 'E']]",A,0.9999998463294315,0,0.9999999111542591,False,False,1.0,0.0,1.529138946676706e-07,7.506111330308764e-10,6.062605460850071e-12,0.0,100
3541,We should subsidize scholarships,"[['A', 'B', 'C', 'D', 'E'], ['A', 'B', 'C', 'D', 'E']]",B,0.008513949286627593,0,0.027380917662033235,False,False,0.0,0.9914860491192328,0.0,1.580989649212526e-09,1.3149846177729102e-11,0.0,100
3541,We should subsidize scholarships,"[['A', 'B', 'C', 'D', 'E'], ['A', 'B', 'C', 'D', 'E']]",C,0.9510020800777421,0,0.9996876020468548,False,True,1.0,0.0,0.0,0.0,0.0,0.04899791992225785,100
3541,We should subsidize scholarships,"[['A', 'B', 'C', 'D', 'E'], ['A', 'B', 'C', 'D', 'E']]",D,0.0108271823554095,0,0.03432103556655297,False,False,0.0,0.9857143522807218,0.0,0.003458464872815881,4.910527630013403e-10,0.0,100
3541,We should subsidize scholarships,"[['A', 'B', 'C', 'D', 'E'], ['A', 'B', 'C', 'D', 'E']]",E,0.99999960726673,0,1.0000000211718318,True,True,1.0,0.0,3.9052248465896754e-07,2.1993519143767953e-09,1.1433515434604188e-11,0.0,100
4212,We should subsidize space exploration,"[['A', 'B', 'C', 'D', 'E'], ['A', 'B', 'C', 'D', 'E']]",A,0.999950322620787,0,1.0000347214883678,True,True,1.0,0.0,4.9676269383471574e-05,1.0933013758503059e-09,1.6528229652443612e-11,0.0,100
4212,We should subsidize space exploration,"[['A', 'B', 'C', 'D', 'E'], ['A', 'B', 'C', 'D', 'E']]",B,0.7461610993874007,0,0.8342522745649065,False,False,0.0,0.2538388983563642,0.0,2.236218563979849e-09,2.0016622304917486e-11,0.0,100
4212,We should subsidize space exploration,"[['A', 'B', 'C', 'D', 'E'], ['A', 'B', 'C', 'D', 'E']]",C,0.9888298794294296,0,1.0126076667313186,True,True,1.0,0.0,0.0,0.0,0.0,0.011170120570570225,100
4212,We should subsidize space exploration,"[['A', 'B', 'C', 'D', 'E'], ['A', 'B', 'C', 'D', 'E']]",D,0.0893424099646629,0,0.14610718218179544,False,False,0.0,0.9106472147081527,0.0,1.0373679969311626e-05,1.6472149803747877e-09,0.0,100
4212,We should subsidize space exploration,"[['A', 'B', 'C', 'D', 'E'], ['A', 'B', 'C', 'D', 'E']]",E,0.9855097497787113,0,1.010140713263507,True,True,1.0,0.0,0.014489629552089772,6.202096777149003e-07,4.5952110271708433e-10,0.0,100
