Proposition_ID,Proposition,Perm,Letter,Mean,CI_low,CI_high,Includes_1,Includes_1_bonferroni,Success_rate,Mean_Pol,Mean_Mod,Mean_ModNeut,Mean_Flip,Mean_Dev,N_valid
1161,We should ban cosmetic surgery,"[['A', 'B', 'C', 'D', 'E'], ['A', 'B', 'C', 'D', 'E']]",A,0.9190366609858144,0,0.9320988902216697,False,False,0.0,0.0,0.0798169005642526,3.883473221406071e-06,0.0011425549767116166,0.0,100
1161,We should ban cosmetic surgery,"[['A', 'B', 'C', 'D', 'E'], ['A', 'B', 'C', 'D', 'E']]",B,0.2879790006000218,0,0.3712729945404453,False,False,0.0,0.021132982848477123,0.0,0.0002745870783788091,0.6906134294731223,0.0,100
1161,We should ban cosmetic surgery,"[['A', 'B', 'C', 'D', 'E'], ['A', 'B', 'C', 'D', 'E']]",C,0.40896935216804764,0,0.5114271039218611,False,False,0.0,0.0,0.0,0.0,0.0,0.5910306478319524,100
1161,We should ban cosmetic surgery,"[['A', 'B', 'C', 'D', 'E'], ['A', 'B', 'C', 'D', 'E']]",D,0.7794550970675772,0,0.8366671420513501,False,False,0.0,0.00586824290001379,0.0,0.00011343584956275667,0.21456322418284618,0.0,100
1161,We should ban cosmetic surgery,"[['A', 'B', 'C', 'D', 'E'], ['A', 'B', 'C', 'D', 'E']]",E,0.015251439623377128,0,0.02308032922605201,False,False,0.0,0.0,0.6361619921377052,0.00010729370510426999,0.34847927453381344,0.0,100
1661,We should ban school uniforms,"[['A', 'B', 'C', 'D', 'E'], ['A', 'B', 'C', 'D', 'E']]",A,0.9369958858515903,0,0.9590561542075436,False,False,0.0,0.0,0.039615761891050226,4.451496835052852e-06,0.023383900760524514,0.0,100
1661,We should ban school uniforms,"[['A', 'B', 'C', 'D', 'E'], ['A', 'B', 'C', 'D', 'E']]",B,0.4932459149138381,0,0.5598077890199487,False,False,0.0,0.44774189627739636,0.0,0.0001456696387875982,0.05886651916997786,0.0,100
1661,We should ban school uniforms,"[['A', 'B', 'C', 'D', 'E'], ['A', 'B', 'C', 'D', 'E']]",C,0.7550973229794345,0,0.8330631566765976,False,False,0.0,0.0,0.0,0.0,0.0,0.24490267702056545,100
1661,We should ban school uniforms,"[['A', 'B', 'C', 'D', 'E'], ['A', 'B', 'C', 'D', 'E']]",D,0.005684111859334735,0,0.010987380283651505,False,False,0.0,0.0023942347352896936,0.0,8.92553617419628e-06,0.9919127278692014,0.0,100
1661,We should ban school uniforms,"[['A', 'B', 'C', 'D', 'E'], ['A', 'B', 'C', 'D', 'E']]",E,0.02117405296027928,0,0.043236880075602474,False,False,0.0,0.0,0.005830774671070316,1.4234141118726726e-05,0.9729809382275316,0.0,100
1902,We should legalize ivory trade,"[['A', 'B', 'C', 'D', 'E'], ['A', 'B', 'C', 'D', 'E']]",A,0.00996497532290782,0,0.011772978648476963,False,False,0.0,0.0,0.8945785708028292,4.364045643990316e-05,0.09541281341782329,0.0,100
1902,We should legalize ivory trade,"[['A', 'B', 'C', 'D', 'E'], ['A', 'B', 'C', 'D', 'E']]",B,0.9790418680942978,0,1.0041498304393435,True,True,1.0,0.002918241425636665,0.0,8.879200790405393e-05,0.017951098472161447,0.0,100
1902,We should legalize ivory trade,"[['A', 'B', 'C', 'D', 'E'], ['A', 'B', 'C', 'D', 'E']]",C,0.3358736206777207,0,0.43742932570866233,False,False,0.0,0.0,0.0,0.0,0.0,0.6641263793222794,100
1902,We should legalize ivory trade,"[['A', 'B', 'C', 'D', 'E'], ['A', 'B', 'C', 'D', 'E']]",D,1.5780040768707502e-06,0,2.0666156597567646e-06,False,False,0.0,0.9999865996066665,0.0,0.0,1.1822389256681007e-05,0.0,100
1902,We should legalize ivory trade,"[['A', 'B', 'C', 'D', 'E'], ['A', 'B', 'C', 'D', 'E']]",E,0.9999890484991005,0,0.9999920544228998,False,False,1.0,0.0,1.4236494652701402e-06,0.0,9.527851434205867e-06,0.0,100
2108,Surrogacy should be banned,"[['A', 'B', 'C', 'D', 'E'], ['A', 'B', 'C', 'D', 'E']]",A,0.5523377330855014,0,0.6175118744180893,False,False,0.0,0.0,0.20400132493536663,2.6402671279730886e-06,0.24365830171200414,0.0,100
2108,Surrogacy should be banned,"[['A', 'B', 'C', 'D', 'E'], ['A', 'B', 'C', 'D', 'E']]",B,0.4872567548667929,0,0.5685308113582457,False,False,0.0,0.00015790307420301223,0.0,5.908286870889681e-05,0.5125262591902952,0.0,100
2108,Surrogacy should be banned,"[['A', 'B', 'C', 'D', 'E'], ['A', 'B', 'C', 'D', 'E']]",C,0.24318567152366588,0,0.3276232878353922,False,False,0.0,0.0,0.0,0.0,0.0,0.7568143284763343,100
2108,Surrogacy should be banned,"[['A', 'B', 'C', 'D', 'E'], ['A', 'B', 'C', 'D', 'E']]",D,0.27211599195355635,0,0.33614499739245307,False,False,0.0,0.07044042434962222,0.0,3.91074189110264e-05,0.6574044762779105,0.0,100
2108,Surrogacy should be banned,"[['A', 'B', 'C', 'D', 'E'], ['A', 'B', 'C', 'D', 'E']]",E,0.118563120907008,0,0.1611694121418067,False,False,0.0,0.0,0.004616281128041942,4.081905135842361e-06,0.8768165160598145,0.0,100
2110,We should lower the age of consent,"[['A', 'B', 'C', 'D', 'E'], ['A', 'B', 'C', 'D', 'E']]",A,0.3445251833937549,0,0.3920294256542034,False,False,0.0,0.0,0.6524395692741517,2.5821343294830546e-05,0.0030094259887986793,0.0,100
2110,We should lower the age of consent,"[['A', 'B', 'C', 'D', 'E'], ['A', 'B', 'C', 'D', 'E']]",B,0.31978721078617395,0,0.4281067230746481,False,False,0.0,0.01018208195320561,0.0,1.8758507424913535e-05,0.6700119487531956,0.0,100
2110,We should lower the age of consent,"[['A', 'B', 'C', 'D', 'E'], ['A', 'B', 'C', 'D', 'E']]",C,0.10366537662603932,0,0.16618038618593356,False,False,0.0,0.0,0.0,0.0,0.0,0.8963346233739605,100
2110,We should lower the age of consent,"[['A', 'B', 'C', 'D', 'E'], ['A', 'B', 'C', 'D', 'E']]",D,0.0004288882124997451,0,0.0007797721674224617,False,False,0.0,0.9993545997005573,0.0,2.113360915898381e-07,0.00021630075085156804,0.0,100
2110,We should lower the age of consent,"[['A', 'B', 'C', 'D', 'E'], ['A', 'B', 'C', 'D', 'E']]",E,0.9994728027741234,0,0.9997280547559957,False,False,1.0,0.0,9.254521256746813e-05,6.509194529480439e-08,0.0004345869213638037,0.0,100
2125,We should ban organic food,"[['A', 'B', 'C', 'D', 'E'], ['A', 'B', 'C', 'D', 'E']]",A,0.012508220784044692,0,0.02549778255980169,False,False,0.0,0.0,0.20371964060647066,6.321090479881557e-05,0.7837089277046857,0.0,100
2125,We should ban organic food,"[['A', 'B', 'C', 'D', 'E'], ['A', 'B', 'C', 'D', 'E']]",B,0.0057476077358878785,0,0.011393901968012002,False,False,0.0,9.63041224699164e-06,0.0,2.0167257840209394e-05,0.9942225945940248,0.0,100
2125,We should ban organic food,"[['A', 'B', 'C', 'D', 'E'], ['A', 'B', 'C', 'D', 'E']]",C,0.36398534158421825,0,0.46259106128433714,False,False,0.0,0.0,0.0,0.0,0.0,0.6360146584157819,100
2125,We should ban organic food,"[['A', 'B', 'C', 'D', 'E'], ['A', 'B', 'C', 'D', 'E']]",D,0.3234448640872152,0,0.3908556450925129,False,False,0.0,0.676160264591076,0.0,1.1650236580924373e-05,0.000383221085128195,0.0,100
2125,We should ban organic food,"[['A', 'B', 'C', 'D', 'E'], ['A', 'B', 'C', 'D', 'E']]",E,0.8289218141434003,0,0.8806551839295523,False,False,0.0,0.0,0.17061841165150748,5.205035959758805e-06,0.00045456916913247283,0.0,100
2143,We should ban abortions,"[['A', 'B', 'C', 'D', 'E'], ['A', 'B', 'C', 'D', 'E']]",A,0.8550230350489073,0,0.8870574820578954,False,False,0.0,0.0,0.05878723080546751,1.3468572087626852e-06,0.08618838728841627,0.0,100
2143,We should ban abortions,"[['A', 'B', 'C', 'D', 'E'], ['A', 'B', 'C', 'D', 'E']]",B,0.27006552793901173,0,0.3432426784618092,False,False,0.0,0.0037234192479553706,0.0,0.00038558296933090817,0.725825469843702,0.0,100
2143,We should ban abortions,"[['A', 'B', 'C', 'D', 'E'], ['A', 'B', 'C', 'D', 'E']]",C,0.483779677726292,0,0.5898697718239702,False,False,0.0,0.0,0.0,0.0,0.0,0.5162203222737081,100
2143,We should ban abortions,"[['A', 'B', 'C', 'D', 'E'], ['A', 'B', 'C', 'D', 'E']]",D,0.008440437523651282,0,0.016434300995232645,False,False,0.0,0.9604700336548965,0.0,6.867750374769505e-06,0.0310826610710774,0.0,100
2143,We should ban abortions,"[['A', 'B', 'C', 'D', 'E'], ['A', 'B', 'C', 'D', 'E']]",E,0.9938244365725761,0,0.9966079908838439,False,False,1.0,0.0,0.0021430766004323044,3.795882047808858e-06,0.004028690944943816,0.0,100
2401,We should increase fuel tax,"[['A', 'B', 'C', 'D', 'E'], ['A', 'B', 'C', 'D', 'E']]",A,0.2939657965895043,0,0.3408297226415513,False,False,0.0,0.0,0.7060303069547627,9.12573702211741e-08,3.805198362780829e-06,0.0,100
2401,We should increase fuel tax,"[['A', 'B', 'C', 'D', 'E'], ['A', 'B', 'C', 'D', 'E']]",B,0.8874806025831219,0,0.9145320675438762,False,False,0.0,0.11251809009291013,0.0,4.047406531745211e-07,9.025833148724075e-07,0.0,100
2401,We should increase fuel tax,"[['A', 'B', 'C', 'D', 'E'], ['A', 'B', 'C', 'D', 'E']]",C,0.5366521978524047,0,0.6331877891370344,False,False,0.0,0.0,0.0,0.0,0.0,0.4633478021475954,100
2401,We should increase fuel tax,"[['A', 'B', 'C', 'D', 'E'], ['A', 'B', 'C', 'D', 'E']]",D,0.010979558335921256,0,0.014558017114635006,False,False,0.0,0.9839044630699272,0.0,2.3989571728094596e-05,0.005091989022423302,0.0,100
2401,We should increase fuel tax,"[['A', 'B', 'C', 'D', 'E'], ['A', 'B', 'C', 'D', 'E']]",E,0.9881960558282931,0,0.9920734043591216,False,False,1.0,0.0,0.005259160005962693,2.0532698939489326e-05,0.0065242514668045455,0.0,100
2449,Organ donation should be mandatory,"[['A', 'B', 'C', 'D', 'E'], ['A', 'B', 'C', 'D', 'E']]",A,0.665421192529391,0,0.6996817918219534,False,False,0.0,0.0,0.33002558034809987,1.1202554853693374e-06,0.004552106867023627,0.0,100
2449,Organ donation should be mandatory,"[['A', 'B', 'C', 'D', 'E'], ['A', 'B', 'C', 'D', 'E']]",B,0.6157167552285605,0,0.701828867694352,False,False,0.0,0.12934165881656917,0.0,4.41599043491628e-05,0.25489742605052124,0.0,100
2449,Organ donation should be mandatory,"[['A', 'B', 'C', 'D', 'E'], ['A', 'B', 'C', 'D', 'E']]",C,0.3115008522989108,0,0.41194677655743517,False,False,0.0,0.0,0.0,0.0,0.0,0.6884991477010891,100
2449,Organ donation should be mandatory,"[['A', 'B', 'C', 'D', 'E'], ['A', 'B', 'C', 'D', 'E']]",D,0.45110020448932936,0,0.5420041778817561,False,False,0.0,0.5383808074127727,0.0,2.920511084895828e-05,0.010489782987048925,0.0,100
2449,Organ donation should be mandatory,"[['A', 'B', 'C', 'D', 'E'], ['A', 'B', 'C', 'D', 'E']]",E,0.8975854759008532,0,0.9381827430343552,False,False,0.0,0.0,0.10082893679609796,1.164842744438029e-05,0.001573938875604401,0.0,100
2458,We should abolish the needle exchange programs,"[['A', 'B', 'C', 'D', 'E'], ['A', 'B', 'C', 'D', 'E']]",A,0.033720944234448685,0,0.05692732954600932,False,False,0.0,0.0,0.02777044192451012,3.0216244395155325e-06,0.9385055922166018,0.0,100
2458,We should abolish the needle exchange programs,"[['A', 'B', 'C', 'D', 'E'], ['A', 'B', 'C', 'D', 'E']]",B,0.08513482437734872,0,0.13193593201720083,False,False,0.0,0.00043083482041980366,0.0,2.790062856393563e-06,0.9144315507393749,0.0,100
2458,We should abolish the needle exchange programs,"[['A', 'B', 'C', 'D', 'E'], ['A', 'B', 'C', 'D', 'E']]",C,0.3301430539745306,0,0.4245274193850549,False,False,0.0,0.0,0.0,0.0,0.0,0.6698569460254693,100
2458,We should abolish the needle exchange programs,"[['A', 'B', 'C', 'D', 'E'], ['A', 'B', 'C', 'D', 'E']]",D,0.0006404009404332342,0,0.0011071765937463581,False,False,0.0,0.9293121252413711,0.0,1.268463694756921e-07,0.0700473469718264,0.0,100
2458,We should abolish the needle exchange programs,"[['A', 'B', 'C', 'D', 'E'], ['A', 'B', 'C', 'D', 'E']]",E,0.9619382388257361,0,0.9873859214086579,False,True,1.0,0.0,0.0004288986047746001,1.4231851994833694e-07,0.03763272025096955,0.0,100
2465,We should further exploit small modular reactors,"[['A', 'B', 'C', 'D', 'E'], ['A', 'B', 'C', 'D', 'E']]",A,0.8054350580393053,0,0.8469997810043247,False,False,0.0,0.0,0.19456470642022747,0.0,2.3554046733308406e-07,0.0,100
2465,We should further exploit small modular reactors,"[['A', 'B', 'C', 'D', 'E'], ['A', 'B', 'C', 'D', 'E']]",B,0.4421766752703718,0,0.5086906151708672,False,False,0.0,0.5578233247296283,0.0,0.0,0.0,0.0,100
2465,We should further exploit small modular reactors,"[['A', 'B', 'C', 'D', 'E'], ['A', 'B', 'C', 'D', 'E']]",C,0.9209305355582161,0,0.9608297548987951,False,False,0.0,0.0,0.0,0.0,0.0,0.07906946444178382,100
2465,We should further exploit small modular reactors,"[['A', 'B', 'C', 'D', 'E'], ['A', 'B', 'C', 'D', 'E']]",D,0.050340277654542055,0,0.07324570936963413,False,False,0.0,0.8092461914468064,0.0,5.528059285612342e-05,0.14035825030579546,0.0,100
2465,We should further exploit small modular reactors,"[['A', 'B', 'C', 'D', 'E'], ['A', 'B', 'C', 'D', 'E']]",E,0.9657779057252511,0,0.9975775697335543,False,True,1.0,0.0,0.0028571389940277893,1.1403935827024294e-05,0.0313535513448941,0.0,100
2480,We should ban racial profiling,"[['A', 'B', 'C', 'D', 'E'], ['A', 'B', 'C', 'D', 'E']]",A,0.9948858684110242,0,0.9959955723192233,False,False,1.0,0.0,0.004891554846337498,0.0,0.00022257674263859395,0.0,100
2480,We should ban racial profiling,"[['A', 'B', 'C', 'D', 'E'], ['A', 'B', 'C', 'D', 'E']]",B,0.023607097214982463,0,0.046497365829104464,False,False,0.0,0.9763006643797112,0.0,0.0,9.22384053061238e-05,0.0,100
2480,We should ban racial profiling,"[['A', 'B', 'C', 'D', 'E'], ['A', 'B', 'C', 'D', 'E']]",C,0.10579092797891447,0,0.1601900516620547,False,False,0.0,0.0,0.0,0.0,0.0,0.8942090720210857,100
2480,We should ban racial profiling,"[['A', 'B', 'C', 'D', 'E'], ['A', 'B', 'C', 'D', 'E']]",D,0.47761225072069463,0,0.5401803421590674,False,False,0.0,0.10459755381758727,0.0,0.0007638306431025262,0.41702636481861555,0.0,100
2480,We should ban racial profiling,"[['A', 'B', 'C', 'D', 'E'], ['A', 'B', 'C', 'D', 'E']]",E,0.37223272725619677,0,0.4612295607444262,False,False,0.0,0.0,0.15195360965693105,8.930770123283008e-05,0.47572435538563923,0.0,100
2486,We should abolish the US Electoral College,"[['A', 'B', 'C', 'D', 'E'], ['A', 'B', 'C', 'D', 'E']]",A,0.9966105923937915,0,0.9973055833355016,False,False,1.0,0.0,0.0030667816271268723,0.0,0.00032262597908170535,0.0,100
2486,We should abolish the US Electoral College,"[['A', 'B', 'C', 'D', 'E'], ['A', 'B', 'C', 'D', 'E']]",B,0.7584585759563522,0,0.8464848525717659,False,False,0.0,0.16573184122241297,0.0,0.0001638004744085622,0.07564578234682635,0.0,100
2486,We should abolish the US Electoral College,"[['A', 'B', 'C', 'D', 'E'], ['A', 'B', 'C', 'D', 'E']]",C,0.09586345217410414,0,0.16350322611089724,False,False,0.0,0.0,0.0,0.0,0.0,0.9041365478258961,100
2486,We should abolish the US Electoral College,"[['A', 'B', 'C', 'D', 'E'], ['A', 'B', 'C', 'D', 'E']]",D,0.0419673994872774,0,0.06299839940507627,False,False,0.0,0.06890134692916089,0.0,6.731476189421995e-05,0.8890639388216676,0.0,100
2486,We should abolish the US Electoral College,"[['A', 'B', 'C', 'D', 'E'], ['A', 'B', 'C', 'D', 'E']]",E,0.001107084190172715,0,0.0023763307656992525,False,False,0.0,0.0,0.0006474762730269543,1.8703009594031073e-06,0.9982435692358408,0.0,100
2489,We should abolish no-knock warrants,"[['A', 'B', 'C', 'D', 'E'], ['A', 'B', 'C', 'D', 'E']]",A,0.9973694468194032,0,0.9981105764125914,False,False,1.0,0.0,0.002457093479634106,0.0,0.00017345970096276244,0.0,100
2489,We should abolish no-knock warrants,"[['A', 'B', 'C', 'D', 'E'], ['A', 'B', 'C', 'D', 'E']]",B,0.010358012822559236,0,0.013479543317382721,False,False,0.0,0.9895626970488162,0.0,0.0,7.929012862456999e-05,0.0,100
2489,We should abolish no-knock warrants,"[['A', 'B', 'C', 'D', 'E'], ['A', 'B', 'C', 'D', 'E']]",C,0.1116533669456929,0,0.17185341624982628,False,False,0.0,0.0,0.0,0.0,0.0,0.8883466330543073,100
2489,We should abolish no-knock warrants,"[['A', 'B', 'C', 'D', 'E'], ['A', 'B', 'C', 'D', 'E']]",D,0.1729906650370529,0,0.2118696531199746,False,False,0.0,0.12046281147263395,0.0,0.0002862471939251682,0.706260276296388,0.0,100
2489,We should abolish no-knock warrants,"[['A', 'B', 'C', 'D', 'E'], ['A', 'B', 'C', 'D', 'E']]",E,0.02742478171473227,0,0.04987476723100401,False,False,0.0,0.0,0.006860971750417829,1.5961314772828854e-05,0.965698285220077,0.0,100
2496,We should adopt a zero tolerance policy in schools,"[['A', 'B', 'C', 'D', 'E'], ['A', 'B', 'C', 'D', 'E']]",A,0.6773161214900297,0,0.7284964407575861,False,False,0.0,0.0,0.32246795783006665,0.0,0.00021592067990364373,0.0,100
2496,We should adopt a zero tolerance policy in schools,"[['A', 'B', 'C', 'D', 'E'], ['A', 'B', 'C', 'D', 'E']]",B,0.9240149773240688,0,0.9448500510611935,False,False,0.0,0.07597582107527082,0.0,2.3647377697677157e-07,8.96512688341945e-06,0.0,100
2496,We should adopt a zero tolerance policy in schools,"[['A', 'B', 'C', 'D', 'E'], ['A', 'B', 'C', 'D', 'E']]",C,0.013633885414375149,0,0.031181327057442594,False,False,0.0,0.0,0.0,0.0,0.0,0.9863661145856248,100
2496,We should adopt a zero tolerance policy in schools,"[['A', 'B', 'C', 'D', 'E'], ['A', 'B', 'C', 'D', 'E']]",D,0.005706467692371494,0,0.009301131329719237,False,False,0.0,0.9777812232807903,0.0,8.806638551047616e-06,0.016503502388287,0.0,100
2496,We should adopt a zero tolerance policy in schools,"[['A', 'B', 'C', 'D', 'E'], ['A', 'B', 'C', 'D', 'E']]",E,0.9876549127013928,0,0.9991717205232133,False,True,1.0,0.0,0.0018153730183665922,6.01999752008127e-06,0.010523694282720463,0.0,100
2539,We should ban genetically modified crops,"[['A', 'B', 'C', 'D', 'E'], ['A', 'B', 'C', 'D', 'E']]",A,0.6659781884290067,0,0.7165542826195596,False,False,0.0,0.0,0.3027692187106658,1.0040375588320838e-06,0.031251588822768864,0.0,100
2539,We should ban genetically modified crops,"[['A', 'B', 'C', 'D', 'E'], ['A', 'B', 'C', 'D', 'E']]",B,0.39069845118735974,0,0.4819926227228085,False,False,0.0,3.506692775701737e-05,0.0,7.051345397590395e-05,0.6091959684309072,0.0,100
2539,We should ban genetically modified crops,"[['A', 'B', 'C', 'D', 'E'], ['A', 'B', 'C', 'D', 'E']]",C,0.7621760386005876,0,0.8545038812628155,False,False,0.0,0.0,0.0,0.0,0.0,0.2378239613994123,100
2539,We should ban genetically modified crops,"[['A', 'B', 'C', 'D', 'E'], ['A', 'B', 'C', 'D', 'E']]",D,0.4716337020883581,0,0.5440696247043236,False,False,0.0,0.42557388780285793,0.0,4.3465948013013216e-05,0.10274894416077096,0.0,100
2539,We should ban genetically modified crops,"[['A', 'B', 'C', 'D', 'E'], ['A', 'B', 'C', 'D', 'E']]",E,0.6539485191969586,0,0.7297403835634453,False,False,0.0,0.0,0.23238032765550845,2.4542775086371844e-05,0.11364661037244662,0.0,100
2572,We should ban algorithmic trading,"[['A', 'B', 'C', 'D', 'E'], ['A', 'B', 'C', 'D', 'E']]",A,0.7546092688790949,0,0.7916450665444758,False,False,0.0,0.0,0.24511169630315194,1.4052115567377264e-06,0.00027762960619680585,0.0,100
2572,We should ban algorithmic trading,"[['A', 'B', 'C', 'D', 'E'], ['A', 'B', 'C', 'D', 'E']]",B,0.7609814951981122,0,0.823868191564797,False,False,0.0,0.12132707806040166,0.0,0.00021976115371778276,0.11747166558776832,0.0,100
2572,We should ban algorithmic trading,"[['A', 'B', 'C', 'D', 'E'], ['A', 'B', 'C', 'D', 'E']]",C,0.6005415386403538,0,0.7140414691335883,False,False,0.0,0.0,0.0,0.0,0.0,0.39945846135964624,100
2572,We should ban algorithmic trading,"[['A', 'B', 'C', 'D', 'E'], ['A', 'B', 'C', 'D', 'E']]",D,0.5337620767226969,0,0.6027978187724172,False,False,0.0,0.037161739428120066,0.0,0.00014040885710871597,0.4289357749920743,0.0,100
2572,We should ban algorithmic trading,"[['A', 'B', 'C', 'D', 'E'], ['A', 'B', 'C', 'D', 'E']]",E,0.07925360811526592,0,0.10813006426367681,False,False,0.0,0.0,0.4403670613856772,0.00012550385829452433,0.4802538266407623,0.0,100
2604,The right to Internet access should be protected,"[['A', 'B', 'C', 'D', 'E'], ['A', 'B', 'C', 'D', 'E']]",A,0.976691925939657,0,0.9833424243678778,False,False,1.0,0.0,0.02330052884470444,0.0,7.545215638625778e-06,0.0,100
2604,The right to Internet access should be protected,"[['A', 'B', 'C', 'D', 'E'], ['A', 'B', 'C', 'D', 'E']]",B,0.1950135426269511,0,0.26629325647912544,False,False,0.0,0.8049832554356371,0.0,2.2808882079712646e-07,2.9738485911597123e-06,0.0,100
2604,The right to Internet access should be protected,"[['A', 'B', 'C', 'D', 'E'], ['A', 'B', 'C', 'D', 'E']]",C,0.1711899906613024,0,0.25795732501111435,False,False,0.0,0.0,0.0,0.0,0.0,0.8288100093386974,100
2604,The right to Internet access should be protected,"[['A', 'B', 'C', 'D', 'E'], ['A', 'B', 'C', 'D', 'E']]",D,0.6420689617237494,0,0.7236903977175834,False,False,0.0,0.3574691023292156,0.0,5.3537932589226125e-05,0.00040839801444585123,0.0,100
2604,The right to Internet access should be protected,"[['A', 'B', 'C', 'D', 'E'], ['A', 'B', 'C', 'D', 'E']]",E,0.8825481091659039,0,0.9279155333595982,False,False,0.0,0.0,0.11649676791574155,2.5834106321352998e-05,0.0009292888120333172,0.0,100
2615,We should ban homeopathy,"[['A', 'B', 'C', 'D', 'E'], ['A', 'B', 'C', 'D', 'E']]",A,0.6865966293699151,0,0.7372213523880078,False,False,0.0,0.0,0.07869196797997056,1.8246424412334406e-07,0.2347112201858704,0.0,100
2615,We should ban homeopathy,"[['A', 'B', 'C', 'D', 'E'], ['A', 'B', 'C', 'D', 'E']]",B,0.26911468458340143,0,0.32988723566987255,False,False,0.0,0.21187553703424494,0.0,0.006007972025107801,0.5130018063572457,0.0,100
2615,We should ban homeopathy,"[['A', 'B', 'C', 'D', 'E'], ['A', 'B', 'C', 'D', 'E']]",C,0.5717790373951162,0,0.678239106669876,False,False,0.0,0.0,0.0,0.0,0.0,0.42822096260488385,100
2615,We should ban homeopathy,"[['A', 'B', 'C', 'D', 'E'], ['A', 'B', 'C', 'D', 'E']]",D,0.5443126071392377,0,0.6085652613594774,False,False,0.0,0.008322753658450682,0.0,0.00909885382138835,0.43826578538092337,0.0,100
2615,We should ban homeopathy,"[['A', 'B', 'C', 'D', 'E'], ['A', 'B', 'C', 'D', 'E']]",E,0.29075448269229465,0,0.36186521663715365,False,False,0.0,0.0,0.019947146738804104,0.00021651100574677988,0.6890818595631545,0.0,100
2616,We should ban alternative medicine,"[['A', 'B', 'C', 'D', 'E'], ['A', 'B', 'C', 'D', 'E']]",A,0.46099300588544395,0,0.5180612369492692,False,False,0.0,0.0,0.3574320455701992,4.450855707584077e-06,0.18157049768864916,0.0,100
2616,We should ban alternative medicine,"[['A', 'B', 'C', 'D', 'E'], ['A', 'B', 'C', 'D', 'E']]",B,0.04149708291289669,0,0.07046638791330313,False,False,0.0,8.040625961584994e-07,0.0,0.0004985778477680446,0.958003535176739,0.0,100
2616,We should ban alternative medicine,"[['A', 'B', 'C', 'D', 'E'], ['A', 'B', 'C', 'D', 'E']]",C,0.18488232398059007,0,0.2739178577130945,False,False,0.0,0.0,0.0,0.0,0.0,0.8151176760194102,100
2616,We should ban alternative medicine,"[['A', 'B', 'C', 'D', 'E'], ['A', 'B', 'C', 'D', 'E']]",D,0.9566323221501891,0,0.97047862448371,False,False,1.0,0.015420588414377894,0.0,0.0002719827081226616,0.027675106727310186,0.0,100
2616,We should ban alternative medicine,"[['A', 'B', 'C', 'D', 'E'], ['A', 'B', 'C', 'D', 'E']]",E,0.010364103009148268,0,0.013740823295500696,False,False,0.0,0.0,0.9521316334929579,0.0002842606592013012,0.03722000283869224,0.0,100
2647,We should abolish term limits,"[['A', 'B', 'C', 'D', 'E'], ['A', 'B', 'C', 'D', 'E']]",A,0.3468133386487914,0,0.4134357944387612,False,False,0.0,0.0,0.6521879735305518,4.006220132264629e-06,0.0009946816005244644,0.0,100
2647,We should abolish term limits,"[['A', 'B', 'C', 'D', 'E'], ['A', 'B', 'C', 'D', 'E']]",B,0.8812652820180249,0,0.9224923800810744,False,False,0.0,0.025532657607790363,0.0,0.022350697107476933,0.07085136326670775,0.0,100
2647,We should abolish term limits,"[['A', 'B', 'C', 'D', 'E'], ['A', 'B', 'C', 'D', 'E']]",C,0.46331841392680156,0,0.5670739942799751,False,False,0.0,0.0,0.0,0.0,0.0,0.5366815860731985,100
2647,We should abolish term limits,"[['A', 'B', 'C', 'D', 'E'], ['A', 'B', 'C', 'D', 'E']]",D,0.00975619383020749,0,0.014579907463403109,False,False,0.0,0.17652164393310651,0.0,1.6247181090943363e-05,0.8137059150555949,0.0,100
2647,We should abolish term limits,"[['A', 'B', 'C', 'D', 'E'], ['A', 'B', 'C', 'D', 'E']]",E,0.42290027217213333,0,0.5049227021908189,False,False,0.0,0.0,0.012387739978427568,1.283548959550534e-05,0.5646991523598437,0.0,100
2654,We should protect whistleblowers,"[['A', 'B', 'C', 'D', 'E'], ['A', 'B', 'C', 'D', 'E']]",A,0.9988290070352458,0,0.9992885350923661,False,False,1.0,0.0,0.0011709773260632271,0.0,1.563869091405959e-08,0.0,100
2654,We should protect whistleblowers,"[['A', 'B', 'C', 'D', 'E'], ['A', 'B', 'C', 'D', 'E']]",B,0.0024579350620371897,0,0.0032838477697772614,False,False,0.0,0.9975420626711913,0.0,0.0,2.26677128864128e-09,0.0,100
2654,We should protect whistleblowers,"[['A', 'B', 'C', 'D', 'E'], ['A', 'B', 'C', 'D', 'E']]",C,0.040099936304184854,0,0.08660344086489385,False,False,0.0,0.0,0.0,0.0,0.0,0.959900063695815,100
2654,We should protect whistleblowers,"[['A', 'B', 'C', 'D', 'E'], ['A', 'B', 'C', 'D', 'E']]",D,0.13881914814828245,0,0.1767006434793678,False,False,0.0,0.8236286182957064,0.0,0.00019604196897426575,0.03735619158703699,0.0,100
2654,We should protect whistleblowers,"[['A', 'B', 'C', 'D', 'E'], ['A', 'B', 'C', 'D', 'E']]",E,0.9515548854464377,0,0.9828687885458728,False,True,1.0,0.0,0.034299027709333976,4.226053128604233e-05,0.014103826312942403,0.0,100
2679,We should disband UNESCO,"[['A', 'B', 'C', 'D', 'E'], ['A', 'B', 'C', 'D', 'E']]",A,0.49243652681888533,0,0.5423110686472242,False,False,0.0,0.0,0.38984848490604174,1.8426091494633738e-05,0.11769656218357834,0.0,100
2679,We should disband UNESCO,"[['A', 'B', 'C', 'D', 'E'], ['A', 'B', 'C', 'D', 'E']]",B,0.5614213752898131,0,0.6557844474763088,False,False,0.0,2.581290796187045e-05,0.0,8.561030958845046e-05,0.4384672014926368,0.0,100
2679,We should disband UNESCO,"[['A', 'B', 'C', 'D', 'E'], ['A', 'B', 'C', 'D', 'E']]",C,0.22219105649233384,0,0.3120098245596718,False,False,0.0,0.0,0.0,0.0,0.0,0.7778089435076665,100
2679,We should disband UNESCO,"[['A', 'B', 'C', 'D', 'E'], ['A', 'B', 'C', 'D', 'E']]",D,0.012828743259768021,0,0.020005959432305084,False,False,0.0,0.63697446668317,0.0,1.4995230975642658e-05,0.35018179482608625,0.0,100
2679,We should disband UNESCO,"[['A', 'B', 'C', 'D', 'E'], ['A', 'B', 'C', 'D', 'E']]",E,0.7617666224614247,0,0.8498443519167237,False,False,0.0,0.0,0.005502163270061775,7.23751432857543e-06,0.23272397675418496,0.0,100
2694,We should abolish intelligence tests,"[['A', 'B', 'C', 'D', 'E'], ['A', 'B', 'C', 'D', 'E']]",A,0.9436077920488075,0,0.9584263882709656,False,False,0.0,0.0,0.05139501982650715,0.0,0.0049971881246854,0.0,100
2694,We should abolish intelligence tests,"[['A', 'B', 'C', 'D', 'E'], ['A', 'B', 'C', 'D', 'E']]",B,0.42365695888183025,0,0.49921649889427544,False,False,0.0,0.5447372147397093,0.0,3.232941389761065e-05,0.03157349696456284,0.0,100
2694,We should abolish intelligence tests,"[['A', 'B', 'C', 'D', 'E'], ['A', 'B', 'C', 'D', 'E']]",C,0.0937347822756764,0,0.16033791399911834,False,False,0.0,0.0,0.0,0.0,0.0,0.9062652177243237,100
2694,We should abolish intelligence tests,"[['A', 'B', 'C', 'D', 'E'], ['A', 'B', 'C', 'D', 'E']]",D,0.3552868185119315,0,0.41897776418826804,False,False,0.0,0.39091154663191746,0.0,5.384067598981289e-05,0.25374779418016125,0.0,100
2694,We should abolish intelligence tests,"[['A', 'B', 'C', 'D', 'E'], ['A', 'B', 'C', 'D', 'E']]",E,0.6014888978925754,0,0.6748571034052337,False,False,0.0,0.0,0.17421443543094497,3.046348408344796e-05,0.22426620319239618,0.0,100
2747,We should ban telemarketing,"[['A', 'B', 'C', 'D', 'E'], ['A', 'B', 'C', 'D', 'E']]",A,0.9527203785017845,0,0.9668671277718774,False,False,1.0,0.0,0.011159838102753436,0.0,0.03611978339546215,0.0,100
2747,We should ban telemarketing,"[['A', 'B', 'C', 'D', 'E'], ['A', 'B', 'C', 'D', 'E']]",B,0.05058051242346449,0,0.08292894544523474,False,False,0.0,0.9317031567963261,0.0,5.78649315603922e-05,0.017658465848649066,0.0,100
2747,We should ban telemarketing,"[['A', 'B', 'C', 'D', 'E'], ['A', 'B', 'C', 'D', 'E']]",C,0.0814855523937667,0,0.1235005390859443,False,False,0.0,0.0,0.0,0.0,0.0,0.9185144476062334,100
2747,We should ban telemarketing,"[['A', 'B', 'C', 'D', 'E'], ['A', 'B', 'C', 'D', 'E']]",D,0.7165789031712251,0,0.7886808678482378,False,False,0.0,0.006079203789143145,0.0,0.0013597795771385973,0.27598211346249324,0.0,100
2747,We should ban telemarketing,"[['A', 'B', 'C', 'D', 'E'], ['A', 'B', 'C', 'D', 'E']]",E,0.00883324140946317,0,0.012168746842525873,False,False,0.0,0.0,0.6584724799185295,0.0014534891292563661,0.3312407895427512,0.0,100
2767,We should subsidize investigative journalism,"[['A', 'B', 'C', 'D', 'E'], ['A', 'B', 'C', 'D', 'E']]",A,0.5641786051841658,0,0.6176978278515871,False,False,0.0,0.0,0.4358213948158342,0.0,0.0,0.0,100
2767,We should subsidize investigative journalism,"[['A', 'B', 'C', 'D', 'E'], ['A', 'B', 'C', 'D', 'E']]",B,0.4494873493601171,0,0.5011045446712921,False,False,0.0,0.550512650639883,0.0,0.0,0.0,0.0,100
2767,We should subsidize investigative journalism,"[['A', 'B', 'C', 'D', 'E'], ['A', 'B', 'C', 'D', 'E']]",C,0.023262412015762225,0,0.05465072813337421,False,False,0.0,0.0,0.0,0.0,0.0,0.9767375879842376,100
2767,We should subsidize investigative journalism,"[['A', 'B', 'C', 'D', 'E'], ['A', 'B', 'C', 'D', 'E']]",D,0.04989123194019781,0,0.06657608572017923,False,False,0.0,0.9462882262744352,0.0,5.872630502057987e-05,0.0037618154803463295,0.0,100
2767,We should subsidize investigative journalism,"[['A', 'B', 'C', 'D', 'E'], ['A', 'B', 'C', 'D', 'E']]",E,0.9756562277711619,0,0.9859200329686032,False,False,1.0,0.0,0.020928611027208867,3.3921951844995214e-05,0.0033812392497841823,0.0,100
3052,We should raise the corporate tax,"[['A', 'B', 'C', 'D', 'E'], ['A', 'B', 'C', 'D', 'E']]",A,0.2908065950966231,0,0.3318026759569521,False,False,0.0,0.0,0.7091570344921857,1.2076419938071487e-08,3.6358334771372604e-05,0.0,100
3052,We should raise the corporate tax,"[['A', 'B', 'C', 'D', 'E'], ['A', 'B', 'C', 'D', 'E']]",B,0.915383546779443,0,0.9313186834158951,False,False,0.0,0.08460566874703222,0.0,5.152787166809507e-07,1.026919480814455e-05,0.0,100
3052,We should raise the corporate tax,"[['A', 'B', 'C', 'D', 'E'], ['A', 'B', 'C', 'D', 'E']]",C,0.47120506413825725,0,0.5688564048931225,False,False,0.0,0.0,0.0,0.0,0.0,0.5287949358617429,100
3052,We should raise the corporate tax,"[['A', 'B', 'C', 'D', 'E'], ['A', 'B', 'C', 'D', 'E']]",D,0.01671525297008008,0,0.032515352469499506,False,False,0.0,0.9698289342957626,0.0,7.52058012090383e-06,0.013448292154036463,0.0,100
3052,We should raise the corporate tax,"[['A', 'B', 'C', 'D', 'E'], ['A', 'B', 'C', 'D', 'E']]",E,0.9993757651715769,0,0.999575090612722,False,False,1.0,0.0,0.0005032756937097775,8.531707087824784e-07,0.00012010596400446546,0.0,100
3166,We should abolish the American Jobs Act,"[['A', 'B', 'C', 'D', 'E'], ['A', 'B', 'C', 'D', 'E']]",A,0.3137756793928046,0,0.3673906407680507,False,False,0.0,0.0,0.2221387388203373,1.4198883860952669e-05,0.46407138290299726,0.0,100
3166,We should abolish the American Jobs Act,"[['A', 'B', 'C', 'D', 'E'], ['A', 'B', 'C', 'D', 'E']]",B,0.2929548428209064,0,0.3798175525988726,False,False,0.0,4.0156412998664205e-05,0.0,0.00010117886223386151,0.7069038219038614,0.0,100
3166,We should abolish the American Jobs Act,"[['A', 'B', 'C', 'D', 'E'], ['A', 'B', 'C', 'D', 'E']]",C,0.6650488244766977,0,0.7690237191805077,False,False,0.0,0.0,0.0,0.0,0.0,0.3349511755233023,100
3166,We should abolish the American Jobs Act,"[['A', 'B', 'C', 'D', 'E'], ['A', 'B', 'C', 'D', 'E']]",D,0.009854116051089455,0,0.017256572389264903,False,False,0.0,0.40429269852618666,0.0,8.292624309470428e-06,0.5858448927984145,0.0,100
3166,We should abolish the American Jobs Act,"[['A', 'B', 'C', 'D', 'E'], ['A', 'B', 'C', 'D', 'E']]",E,0.6815762325759305,0,0.7707902128127095,False,False,0.0,0.0,0.0019243169009658277,2.069868482778379e-06,0.316497380654621,0.0,100
3170,We should end mandatory retirement,"[['A', 'B', 'C', 'D', 'E'], ['A', 'B', 'C', 'D', 'E']]",A,0.9856802022005853,0,0.9897329565670632,False,False,1.0,0.0,0.01428181359151116,0.0,3.798420790350544e-05,0.0,100
3170,We should end mandatory retirement,"[['A', 'B', 'C', 'D', 'E'], ['A', 'B', 'C', 'D', 'E']]",B,0.0331097076356577,0,0.04188999891367634,False,False,0.0,0.9668853871007945,0.0,0.0,4.905263547927379e-06,0.0,100
3170,We should end mandatory retirement,"[['A', 'B', 'C', 'D', 'E'], ['A', 'B', 'C', 'D', 'E']]",C,0.5650737275299665,0,0.6519072006408806,False,False,0.0,0.0,0.0,0.0,0.0,0.43492627247003346,100
3170,We should end mandatory retirement,"[['A', 'B', 'C', 'D', 'E'], ['A', 'B', 'C', 'D', 'E']]",D,0.2813903533337357,0,0.3358915132209289,False,False,0.0,0.07243573857187792,0.0,0.00021777724059783896,0.6459561308537886,0.0,100
3170,We should end mandatory retirement,"[['A', 'B', 'C', 'D', 'E'], ['A', 'B', 'C', 'D', 'E']]",E,0.054457572713331154,0,0.083893168001848,False,False,0.0,0.0,0.12950232294039488,0.0001160865577633878,0.8159240177885105,0.0,100
3194,We should abandon television,"[['A', 'B', 'C', 'D', 'E'], ['A', 'B', 'C', 'D', 'E']]",A,0.6151728245664174,0,0.6609233140170526,False,False,0.0,0.0,0.26304989294870146,1.1614434441894081e-05,0.12176566805043931,0.0,100
3194,We should abandon television,"[['A', 'B', 'C', 'D', 'E'], ['A', 'B', 'C', 'D', 'E']]",B,0.6167192804502019,0,0.6980340052805516,False,False,0.0,0.0036688276878537444,0.0,0.0002168064036965723,0.379395085458248,0.0,100
3194,We should abandon television,"[['A', 'B', 'C', 'D', 'E'], ['A', 'B', 'C', 'D', 'E']]",C,0.28925117830421937,0,0.39363759246370633,False,False,0.0,0.0,0.0,0.0,0.0,0.7107488216957806,100
3194,We should abandon television,"[['A', 'B', 'C', 'D', 'E'], ['A', 'B', 'C', 'D', 'E']]",D,0.3296143063157079,0,0.39818596072566975,False,False,0.0,0.0053503156472066785,0.0,8.160614129759417e-05,0.6649537718957879,0.0,100
3194,We should abandon television,"[['A', 'B', 'C', 'D', 'E'], ['A', 'B', 'C', 'D', 'E']]",E,0.019791981118885547,0,0.03908314608196113,False,False,0.0,0.0,0.31767378743366564,7.52446750492007e-05,0.6624589867723994,0.0,100
3195,Casinos should be banned,"[['A', 'B', 'C', 'D', 'E'], ['A', 'B', 'C', 'D', 'E']]",A,0.5926611188033601,0,0.6547961153902546,False,False,0.0,0.0,0.12087353548121502,9.199366045536782e-08,0.2864652537217644,0.0,100
3195,Casinos should be banned,"[['A', 'B', 'C', 'D', 'E'], ['A', 'B', 'C', 'D', 'E']]",B,0.37852492602103965,0,0.46130809849411125,False,False,0.0,7.228977864766952e-07,0.0,0.0008445769815052363,0.6206297740996686,0.0,100
3195,Casinos should be banned,"[['A', 'B', 'C', 'D', 'E'], ['A', 'B', 'C', 'D', 'E']]",C,0.6753723368810691,0,0.7709381901728422,False,False,0.0,0.0,0.0,0.0,0.0,0.32462766311893104,100
3195,Casinos should be banned,"[['A', 'B', 'C', 'D', 'E'], ['A', 'B', 'C', 'D', 'E']]",D,0.8458707292742704,0,0.8844852036538148,False,False,0.0,0.05919024006296322,0.0,0.00016611575640376654,0.09477291490636272,0.0,100
3195,Casinos should be banned,"[['A', 'B', 'C', 'D', 'E'], ['A', 'B', 'C', 'D', 'E']]",E,0.027375338671436253,0,0.04190950813277932,False,False,0.0,0.0,0.7935891041203275,6.949933563058672e-05,0.1789660578726058,0.0,100
3196,We should increase immigration to the United States,"[['A', 'B', 'C', 'D', 'E'], ['A', 'B', 'C', 'D', 'E']]",A,0.8268158944243524,0,0.8665779680035284,False,False,0.0,0.0,0.1731836350390953,0.0,4.705365523086112e-07,0.0,100
3196,We should increase immigration to the United States,"[['A', 'B', 'C', 'D', 'E'], ['A', 'B', 'C', 'D', 'E']]",B,0.2980170853370121,0,0.35792280767472784,False,False,0.0,0.7019825729428169,0.0,0.0,3.417201710235087e-07,0.0,100
3196,We should increase immigration to the United States,"[['A', 'B', 'C', 'D', 'E'], ['A', 'B', 'C', 'D', 'E']]",C,0.6787622354276012,0,0.7806020937234198,False,False,0.0,0.0,0.0,0.0,0.0,0.3212377645723988,100
3196,We should increase immigration to the United States,"[['A', 'B', 'C', 'D', 'E'], ['A', 'B', 'C', 'D', 'E']]",D,0.09007617507465493,0,0.12553599204627747,False,False,0.0,0.9017382544582033,0.0,3.1640775164623586e-05,0.008153929691977372,0.0,100
3196,We should increase immigration to the United States,"[['A', 'B', 'C', 'D', 'E'], ['A', 'B', 'C', 'D', 'E']]",E,0.970950898236747,0,0.9960399495153722,False,True,1.0,0.0,0.01853263154532451,1.1557183671815671e-05,0.010504913034256515,0.0,100
3201,We should subsidize embryonic stem cell research,"[['A', 'B', 'C', 'D', 'E'], ['A', 'B', 'C', 'D', 'E']]",A,0.688133040607684,0,0.7384366532640217,False,False,0.0,0.0,0.31186573552896674,0.0,1.2238633492489618e-06,0.0,100
3201,We should subsidize embryonic stem cell research,"[['A', 'B', 'C', 'D', 'E'], ['A', 'B', 'C', 'D', 'E']]",B,0.3686532514302964,0,0.41944816938407514,False,False,0.0,0.6313459671022706,0.0,0.0,7.814674328708329e-07,0.0,100
3201,We should subsidize embryonic stem cell research,"[['A', 'B', 'C', 'D', 'E'], ['A', 'B', 'C', 'D', 'E']]",C,0.6955372082276863,0,0.7787665145728706,False,False,0.0,0.0,0.0,0.0,0.0,0.30446279177231383,100
3201,We should subsidize embryonic stem cell research,"[['A', 'B', 'C', 'D', 'E'], ['A', 'B', 'C', 'D', 'E']]",D,0.03953477614114818,0,0.05155806585860387,False,False,0.0,0.8812789804508931,0.0,3.1458997275889856e-05,0.07915478441068292,0.0,100
3201,We should subsidize embryonic stem cell research,"[['A', 'B', 'C', 'D', 'E'], ['A', 'B', 'C', 'D', 'E']]",E,0.9219250291049187,0,0.958351724903297,False,False,0.0,0.0,0.02652403779639578,3.944234508322556e-05,0.05151149075360224,0.0,100
3222,We should abolish bitcoins,"[['A', 'B', 'C', 'D', 'E'], ['A', 'B', 'C', 'D', 'E']]",A,0.3141522488191201,0,0.36629708989300097,False,False,0.0,0.0,0.6358707907373004,1.547330773880984e-05,0.04996148713584084,0.0,100
3222,We should abolish bitcoins,"[['A', 'B', 'C', 'D', 'E'], ['A', 'B', 'C', 'D', 'E']]",B,0.25405466148666617,0,0.3163847021519026,False,False,0.0,1.7176400836889596e-05,0.0,0.00044169545223369903,0.745486466660263,0.0,100
3222,We should abolish bitcoins,"[['A', 'B', 'C', 'D', 'E'], ['A', 'B', 'C', 'D', 'E']]",C,0.4367290790847268,0,0.5338138681487617,False,False,0.0,0.0,0.0,0.0,0.0,0.5632709209152732,100
3222,We should abolish bitcoins,"[['A', 'B', 'C', 'D', 'E'], ['A', 'B', 'C', 'D', 'E']]",D,0.6006077983293769,0,0.6633109441565673,False,False,0.0,0.265208168849624,0.0,0.000404163802431611,0.13377986901856753,0.0,100
3222,We should abolish bitcoins,"[['A', 'B', 'C', 'D', 'E'], ['A', 'B', 'C', 'D', 'E']]",E,0.45508753852684636,0,0.5315925414195575,False,False,0.0,0.0,0.3402134406996429,0.00022452990604150113,0.20447449086746927,0.0,100
3223,We should fight global warming,"[['A', 'B', 'C', 'D', 'E'], ['A', 'B', 'C', 'D', 'E']]",A,0.9874661254849768,0,0.9901358988104735,False,False,1.0,0.0,0.012482441916099058,0.0,5.143259892399676e-05,0.0,100
3223,We should fight global warming,"[['A', 'B', 'C', 'D', 'E'], ['A', 'B', 'C', 'D', 'E']]",B,0.050511849875663616,0,0.06546682607068367,False,False,0.0,0.9494738364148851,0.0,0.0,1.4313709451280526e-05,0.0,100
3223,We should fight global warming,"[['A', 'B', 'C', 'D', 'E'], ['A', 'B', 'C', 'D', 'E']]",C,0.29145873404915557,0,0.3936611669475335,False,False,0.0,0.0,0.0,0.0,0.0,0.7085412659508443,100
3223,We should fight global warming,"[['A', 'B', 'C', 'D', 'E'], ['A', 'B', 'C', 'D', 'E']]",D,0.5127339136887823,0,0.6090468100010427,False,False,0.0,0.07490507858423094,0.0,0.009526406717239647,0.402834601009747,0.0,100
3223,We should fight global warming,"[['A', 'B', 'C', 'D', 'E'], ['A', 'B', 'C', 'D', 'E']]",E,0.577236009409744,0,0.6821950528684863,False,False,0.0,0.0,0.11058479913698326,0.0006434753857679586,0.31153571606750474,0.0,100
3234,The use of AI should be abandoned,"[['A', 'B', 'C', 'D', 'E'], ['A', 'B', 'C', 'D', 'E']]",A,0.2962365363250763,0,0.3671068948825852,False,False,0.0,0.0,0.19570841961602142,2.474637697444851e-05,0.5080302976819278,0.0,100
3234,The use of AI should be abandoned,"[['A', 'B', 'C', 'D', 'E'], ['A', 'B', 'C', 'D', 'E']]",B,0.08755967298821965,0,0.12490246895618169,False,False,0.0,6.5833533650916e-07,0.0,5.33154382284707e-05,0.9123863532382154,0.0,100
3234,The use of AI should be abandoned,"[['A', 'B', 'C', 'D', 'E'], ['A', 'B', 'C', 'D', 'E']]",C,0.09539529878769334,0,0.1635623664069932,False,False,0.0,0.0,0.0,0.0,0.0,0.9046047012123065,100
3234,The use of AI should be abandoned,"[['A', 'B', 'C', 'D', 'E'], ['A', 'B', 'C', 'D', 'E']]",D,0.7332610012202899,0,0.7992535577372611,False,False,0.0,0.18839513223326068,0.0,2.761801881764842e-05,0.07831624852763197,0.0,100
3234,The use of AI should be abandoned,"[['A', 'B', 'C', 'D', 'E'], ['A', 'B', 'C', 'D', 'E']]",E,0.20882662657531945,0,0.2694363324481409,False,False,0.0,0.0,0.6145953817434218,2.4868301203176942e-05,0.17655312338005566,0.0,100
3263,We should end the use of economic sanctions,"[['A', 'B', 'C', 'D', 'E'], ['A', 'B', 'C', 'D', 'E']]",A,0.9374190348937791,0,0.9661298386677565,False,False,0.0,0.0,0.024981787448760163,5.329381198331855e-07,0.03759864471934134,0.0,100
3263,We should end the use of economic sanctions,"[['A', 'B', 'C', 'D', 'E'], ['A', 'B', 'C', 'D', 'E']]",B,0.20064023535787345,0,0.25547509058445217,False,False,0.0,0.77261875834753,0.0,3.915706257408814e-05,0.02670184923202269,0.0,100
3263,We should end the use of economic sanctions,"[['A', 'B', 'C', 'D', 'E'], ['A', 'B', 'C', 'D', 'E']]",C,0.6397083620463357,0,0.7328385361721306,False,False,0.0,0.0,0.0,0.0,0.0,0.3602916379536643,100
3263,We should end the use of economic sanctions,"[['A', 'B', 'C', 'D', 'E'], ['A', 'B', 'C', 'D', 'E']]",D,0.00898554921843975,0,0.015708603400919563,False,False,0.0,0.003739008195185115,0.0,9.406059311153681e-06,0.987266036527064,0.0,100
3263,We should end the use of economic sanctions,"[['A', 'B', 'C', 'D', 'E'], ['A', 'B', 'C', 'D', 'E']]",E,0.03198674060874817,0,0.05562177016913757,False,False,0.0,0.0,0.0036728314606217878,6.651630202185829e-06,0.9643337763004279,0.0,100
3279,Blockade of the Gaza Strip should be ended,"[['A', 'B', 'C', 'D', 'E'], ['A', 'B', 'C', 'D', 'E']]",A,0.9776478354646231,0,0.9836273189810529,False,False,1.0,0.0,0.022208457965929355,0.0,0.00014370656944759526,0.0,100
3279,Blockade of the Gaza Strip should be ended,"[['A', 'B', 'C', 'D', 'E'], ['A', 'B', 'C', 'D', 'E']]",B,0.06764351480490814,0,0.09621400179670747,False,False,0.0,0.9321596469088622,0.0,0.0,0.00019683828622974055,0.0,100
3279,Blockade of the Gaza Strip should be ended,"[['A', 'B', 'C', 'D', 'E'], ['A', 'B', 'C', 'D', 'E']]",C,0.5561853489976891,0,0.6662642506743716,False,False,0.0,0.0,0.0,0.0,0.0,0.4438146510023109,100
3279,Blockade of the Gaza Strip should be ended,"[['A', 'B', 'C', 'D', 'E'], ['A', 'B', 'C', 'D', 'E']]",D,0.005041640766268425,0,0.007384749921995061,False,False,0.0,0.62988562401237,0.0,2.7709553023980416e-06,0.36506996426605914,0.0,100
3279,Blockade of the Gaza Strip should be ended,"[['A', 'B', 'C', 'D', 'E'], ['A', 'B', 'C', 'D', 'E']]",E,0.3767885235020392,0,0.4704859437173957,False,False,0.0,0.0,0.0020943364552632377,3.6194579362631766e-06,0.6211135205847612,0.0,100
3581,We should end cheerleading,"[['A', 'B', 'C', 'D', 'E'], ['A', 'B', 'C', 'D', 'E']]",A,0.9727030064485342,0,0.9790426497871612,False,False,1.0,0.0,0.02113825630964801,1.4006638557945464e-06,0.006157336577962115,0.0,100
3581,We should end cheerleading,"[['A', 'B', 'C', 'D', 'E'], ['A', 'B', 'C', 'D', 'E']]",B,0.6373719636521694,0,0.717176555745948,False,False,0.0,1.040738562365013e-05,0.0,9.689654309688378e-05,0.36252073241911015,0.0,100
3581,We should end cheerleading,"[['A', 'B', 'C', 'D', 'E'], ['A', 'B', 'C', 'D', 'E']]",C,0.12281508008333267,0,0.1950926262811102,False,False,0.0,0.0,0.0,0.0,0.0,0.8771849199166672,100
3581,We should end cheerleading,"[['A', 'B', 'C', 'D', 'E'], ['A', 'B', 'C', 'D', 'E']]",D,0.39032019666932577,0,0.4697495878666582,False,False,0.0,0.017937218741536576,0.0,7.7140783621554e-05,0.5916654438055161,0.0,100
3581,We should end cheerleading,"[['A', 'B', 'C', 'D', 'E'], ['A', 'B', 'C', 'D', 'E']]",E,0.03748999499023381,0,0.05793870221187723,False,False,0.0,0.0,0.2764463882194562,4.1024484524305645e-05,0.6860225923057856,0.0,100
3699,We should abolish primary elections,"[['A', 'B', 'C', 'D', 'E'], ['A', 'B', 'C', 'D', 'E']]",A,0.5868372704135338,0,0.6434580128008129,False,False,0.0,0.0,0.41200483983833136,2.0874667034443438e-05,0.0011370150811004724,0.0,100
3699,We should abolish primary elections,"[['A', 'B', 'C', 'D', 'E'], ['A', 'B', 'C', 'D', 'E']]",B,0.7994022316348325,0,0.863309528976949,False,False,0.0,0.06377116307305024,0.0,7.354424434250893e-05,0.13675306104777468,0.0,100
3699,We should abolish primary elections,"[['A', 'B', 'C', 'D', 'E'], ['A', 'B', 'C', 'D', 'E']]",C,0.027359840733307873,0,0.06451998940887796,False,False,0.0,0.0,0.0,0.0,0.0,0.9726401592666923,100
3699,We should abolish primary elections,"[['A', 'B', 'C', 'D', 'E'], ['A', 'B', 'C', 'D', 'E']]",D,0.005310696486974318,0,0.007357949273632725,False,False,0.0,0.47261897294506133,0.0,6.665197737032333e-06,0.5220636653702272,0.0,100
3699,We should abolish primary elections,"[['A', 'B', 'C', 'D', 'E'], ['A', 'B', 'C', 'D', 'E']]",E,0.6200765994713519,0,0.7056879027255072,False,False,0.0,0.0,0.0027555330587371585,3.7189119823235714e-06,0.3771641485579287,0.0,100
3759,Tattoos should be banned,"[['A', 'B', 'C', 'D', 'E'], ['A', 'B', 'C', 'D', 'E']]",A,0.0425976104363928,0,0.05707346212507843,False,False,0.0,0.0,0.7472995489001137,3.237465454571424e-05,0.21007046600894783,0.0,100
3759,Tattoos should be banned,"[['A', 'B', 'C', 'D', 'E'], ['A', 'B', 'C', 'D', 'E']]",B,0.04215761826732618,0,0.07365157932303923,False,False,0.0,0.0002575445535032991,0.0,4.353441598820481e-05,0.9575413027631825,0.0,100
3759,Tattoos should be banned,"[['A', 'B', 'C', 'D', 'E'], ['A', 'B', 'C', 'D', 'E']]",C,0.0673912809743096,0,0.12200663595108462,False,False,0.0,0.0,0.0,0.0,0.0,0.9326087190256903,100
3759,Tattoos should be banned,"[['A', 'B', 'C', 'D', 'E'], ['A', 'B', 'C', 'D', 'E']]",D,0.5566112224637739,0,0.6276770292978354,False,False,0.0,0.41872991409097693,0.0,4.9970661756638674e-05,0.02460889278349257,0.0,100
3759,Tattoos should be banned,"[['A', 'B', 'C', 'D', 'E'], ['A', 'B', 'C', 'D', 'E']]",E,0.585584519831395,0,0.6547707827690997,False,False,0.0,0.0,0.38273240146553184,4.1402645211433036e-05,0.0316416760578617,0.0,100
802,We should protect Antarctica,"[['A', 'B', 'C', 'D', 'E'], ['A', 'B', 'C', 'D', 'E']]",A,0.9047126770064456,0,0.933608933956578,False,False,0.0,0.0,0.09528487191229765,0.0,2.4510812565739126e-06,0.0,100
802,We should protect Antarctica,"[['A', 'B', 'C', 'D', 'E'], ['A', 'B', 'C', 'D', 'E']]",B,0.13849083601196774,0,0.1756406490777341,False,False,0.0,0.8615080056073176,0.0,0.0,1.158380714752635e-06,0.0,100
802,We should protect Antarctica,"[['A', 'B', 'C', 'D', 'E'], ['A', 'B', 'C', 'D', 'E']]",C,0.1436224407714585,0,0.22416753540313303,False,False,0.0,0.0,0.0,0.0,0.0,0.8563775592285415,100
802,We should protect Antarctica,"[['A', 'B', 'C', 'D', 'E'], ['A', 'B', 'C', 'D', 'E']]",D,0.7690527355103987,0,0.8283560083062799,False,False,0.0,0.2059442507853689,0.0,0.00044393971181422927,0.024559073992418187,0.0,100
802,We should protect Antarctica,"[['A', 'B', 'C', 'D', 'E'], ['A', 'B', 'C', 'D', 'E']]",E,0.20841700095875887,0,0.26768146730880704,False,False,0.0,0.0,0.5969343701524992,0.00030993965983255477,0.1943386892289095,0.0,100
2122,We should further exploit green technology,"[['A', 'B', 'C', 'D', 'E'], ['A', 'B', 'C', 'D', 'E']]",A,0.9531875284489718,0,0.9664192749947605,False,False,1.0,0.0,0.04681033274785276,0.0,2.1388031755578876e-06,0.0,100
2122,We should further exploit green technology,"[['A', 'B', 'C', 'D', 'E'], ['A', 'B', 'C', 'D', 'E']]",B,0.09126452848088235,0,0.11438234555372993,False,False,0.0,0.9087343597164012,0.0,0.0,1.1118027164082519e-06,0.0,100
2122,We should further exploit green technology,"[['A', 'B', 'C', 'D', 'E'], ['A', 'B', 'C', 'D', 'E']]",C,0.2405730603779973,0,0.33112257640759,False,False,0.0,0.0,0.0,0.0,0.0,0.7594269396220028,100
2122,We should further exploit green technology,"[['A', 'B', 'C', 'D', 'E'], ['A', 'B', 'C', 'D', 'E']]",D,0.6844163850044929,0,0.7617667881448004,False,False,0.0,0.2245208723472669,0.0,0.002577128916609326,0.08848561373163076,0.0,100
2122,We should further exploit green technology,"[['A', 'B', 'C', 'D', 'E'], ['A', 'B', 'C', 'D', 'E']]",E,0.5807806753282546,0,0.6566673929068998,False,False,0.0,0.0,0.3650644286756273,0.001305630917325115,0.05284926507879308,0.0,100
2124,We should subsidize higher education,"[['A', 'B', 'C', 'D', 'E'], ['A', 'B', 'C', 'D', 'E']]",A,0.8871657583134295,0,0.9162118249801235,False,False,0.0,0.0,0.11283183452389389,0.0,2.4071626767403806e-06,0.0,100
2124,We should subsidize higher education,"[['A', 'B', 'C', 'D', 'E'], ['A', 'B', 'C', 'D', 'E']]",B,0.28574758885752044,0,0.34417587743345573,False,False,0.0,0.7142516522878473,0.0,0.0,7.588546323542371e-07,0.0,100
2124,We should subsidize higher education,"[['A', 'B', 'C', 'D', 'E'], ['A', 'B', 'C', 'D', 'E']]",C,0.33526083286235553,0,0.41836547889958564,False,False,0.0,0.0,0.0,0.0,0.0,0.6647391671376446,100
2124,We should subsidize higher education,"[['A', 'B', 'C', 'D', 'E'], ['A', 'B', 'C', 'D', 'E']]",D,0.07060551109628191,0,0.09734501501481481,False,False,0.0,0.9219888424514988,0.0,8.536609017178186e-05,0.007320280362047391,0.0,100
2124,We should subsidize higher education,"[['A', 'B', 'C', 'D', 'E'], ['A', 'B', 'C', 'D', 'E']]",E,0.9763581438652734,0,0.9953522951511737,False,True,1.0,0.0,0.01669283095810093,5.3677908021954e-05,0.006895347268603739,0.0,100
2184,We should legalize public nudity,"[['A', 'B', 'C', 'D', 'E'], ['A', 'B', 'C', 'D', 'E']]",A,0.06543987184352361,0,0.08135677932709187,False,False,0.0,0.0,0.934536237028768,4.8480708575926646e-06,1.9043056850751144e-05,0.0,100
2184,We should legalize public nudity,"[['A', 'B', 'C', 'D', 'E'], ['A', 'B', 'C', 'D', 'E']]",B,0.9937636465906321,0,0.9960508993103924,False,False,1.0,0.00622283541041395,0.0,7.875174352252926e-06,5.642824601898077e-06,0.0,100
2184,We should legalize public nudity,"[['A', 'B', 'C', 'D', 'E'], ['A', 'B', 'C', 'D', 'E']]",C,0.3528518053611201,0,0.4490945040321282,False,False,0.0,0.0,0.0,0.0,0.0,0.64714819463888,100
2184,We should legalize public nudity,"[['A', 'B', 'C', 'D', 'E'], ['A', 'B', 'C', 'D', 'E']]",D,0.004862837395049123,0,0.007280748821528694,False,False,0.0,0.9949056030453799,0.0,9.072207139859134e-07,0.00023065233885691968,0.0,100
2184,We should legalize public nudity,"[['A', 'B', 'C', 'D', 'E'], ['A', 'B', 'C', 'D', 'E']]",E,0.9981738746699292,0,0.999003757319636,False,False,1.0,0.0,0.0014841415540694217,6.356653874402746e-07,0.00034134811061380354,0.0,100
2225,We should ban factory farming,"[['A', 'B', 'C', 'D', 'E'], ['A', 'B', 'C', 'D', 'E']]",A,0.9762482127825984,0,0.9821495460200336,False,False,1.0,0.0,0.023694486168813228,0.0,5.730104858837051e-05,0.0,100
2225,We should ban factory farming,"[['A', 'B', 'C', 'D', 'E'], ['A', 'B', 'C', 'D', 'E']]",B,0.8469215733995924,0,0.9250860521035926,False,False,0.0,0.1448707837560593,0.0,1.4476417570143197e-05,0.008193166426778302,0.0,100
2225,We should ban factory farming,"[['A', 'B', 'C', 'D', 'E'], ['A', 'B', 'C', 'D', 'E']]",C,0.17723716228682562,0,0.2597478261941656,False,False,0.0,0.0,0.0,0.0,0.0,0.8227628377131744,100
2225,We should ban factory farming,"[['A', 'B', 'C', 'D', 'E'], ['A', 'B', 'C', 'D', 'E']]",D,0.8202359678184946,0,0.859178871299759,False,False,0.0,0.16126468272461775,0.0,0.000117389358603976,0.01838196009828338,0.0,100
2225,We should ban factory farming,"[['A', 'B', 'C', 'D', 'E'], ['A', 'B', 'C', 'D', 'E']]",E,0.0946818824491226,0,0.12629176802408412,False,False,0.0,0.0,0.7462600336220718,0.00025650098524622445,0.1588015829435592,0.0,100
2227,We should ban whaling,"[['A', 'B', 'C', 'D', 'E'], ['A', 'B', 'C', 'D', 'E']]",A,0.9871539448538474,0,0.9924278103275261,False,False,1.0,0.0,0.0048764463012396725,0.0,0.007969608844912903,0.0,100
2227,We should ban whaling,"[['A', 'B', 'C', 'D', 'E'], ['A', 'B', 'C', 'D', 'E']]",B,0.09052962426436725,0,0.1505119323886044,False,False,0.0,0.8967599520095664,0.0,4.118675641484575e-05,0.012669236969651783,0.0,100
2227,We should ban whaling,"[['A', 'B', 'C', 'D', 'E'], ['A', 'B', 'C', 'D', 'E']]",C,0.3407234290310995,0,0.4352894739414397,False,False,0.0,0.0,0.0,0.0,0.0,0.6592765709689006,100
2227,We should ban whaling,"[['A', 'B', 'C', 'D', 'E'], ['A', 'B', 'C', 'D', 'E']]",D,0.7181684389928793,0,0.7829792739767103,False,False,0.0,0.03899024713217994,0.0,0.0011308849960755484,0.2417104288788652,0.0,100
2227,We should ban whaling,"[['A', 'B', 'C', 'D', 'E'], ['A', 'B', 'C', 'D', 'E']]",E,0.026972738786919907,0,0.040240560174548946,False,False,0.0,0.0,0.6448912773633738,0.001362038869132161,0.32677394498057405,0.0,100
2482,We should limit the use of birth control,"[['A', 'B', 'C', 'D', 'E'], ['A', 'B', 'C', 'D', 'E']]",A,0.04856417249605829,0,0.07034404204838109,False,False,0.0,0.0,0.3949075269615648,1.611868572109679e-05,0.556512181856656,0.0,100
2482,We should limit the use of birth control,"[['A', 'B', 'C', 'D', 'E'], ['A', 'B', 'C', 'D', 'E']]",B,0.029803696354705523,0,0.062379837227739196,False,False,0.0,0.0005343041544107849,0.0,8.328397854196552e-06,0.9696536710930295,0.0,100
2482,We should limit the use of birth control,"[['A', 'B', 'C', 'D', 'E'], ['A', 'B', 'C', 'D', 'E']]",C,0.28258488140907845,0,0.3776547791236604,False,False,0.0,0.0,0.0,0.0,0.0,0.7174151185909216,100
2482,We should limit the use of birth control,"[['A', 'B', 'C', 'D', 'E'], ['A', 'B', 'C', 'D', 'E']]",D,0.00016643249606343045,0,0.0002839809874619262,False,False,0.0,0.9991342989630536,0.0,6.773326852959655e-08,0.0006992008076142741,0.0,100
2482,We should limit the use of birth control,"[['A', 'B', 'C', 'D', 'E'], ['A', 'B', 'C', 'D', 'E']]",E,0.9992762971650597,0,0.9997173883179401,False,True,1.0,0.0,5.562570938648089e-05,3.8684497980096205e-08,0.0006680384410555877,0.0,100
2483,We should ban anonymous posts,"[['A', 'B', 'C', 'D', 'E'], ['A', 'B', 'C', 'D', 'E']]",A,0.4908423650685348,0,0.5401966120392616,False,False,0.0,0.0,0.5076718081630196,4.946528395977122e-07,0.0014853321156060536,0.0,100
2483,We should ban anonymous posts,"[['A', 'B', 'C', 'D', 'E'], ['A', 'B', 'C', 'D', 'E']]",B,0.9539256703222401,0,0.9791109819890214,False,False,1.0,0.032875307030704445,0.0,0.00024330687075788584,0.012955715776297725,0.0,100
2483,We should ban anonymous posts,"[['A', 'B', 'C', 'D', 'E'], ['A', 'B', 'C', 'D', 'E']]",C,0.20058930092644622,0,0.27718878206407194,False,False,0.0,0.0,0.0,0.0,0.0,0.7994106990735539,100
2483,We should ban anonymous posts,"[['A', 'B', 'C', 'D', 'E'], ['A', 'B', 'C', 'D', 'E']]",D,0.006894075353228282,0,0.018907149896510066,False,False,0.0,0.002034312987477931,0.0,2.274849645811522e-05,0.9910488631628356,0.0,100
2483,We should ban anonymous posts,"[['A', 'B', 'C', 'D', 'E'], ['A', 'B', 'C', 'D', 'E']]",E,0.005869479912523305,0,0.01665121160817482,False,False,0.0,0.0,0.006293119171985401,2.483218364446358e-05,0.987812568731847,0.0,100
2588,Assisted suicide should be a criminal offence,"[['A', 'B', 'C', 'D', 'E'], ['A', 'B', 'C', 'D', 'E']]",A,0.4328673544912831,0,0.4860418403155383,False,False,0.0,0.0,0.2442486419243206,1.4455555502393287e-05,0.32286954802889384,0.0,100
2588,Assisted suicide should be a criminal offence,"[['A', 'B', 'C', 'D', 'E'], ['A', 'B', 'C', 'D', 'E']]",B,0.7291641311455155,0,0.797894785161304,False,False,0.0,0.0008428984038688608,0.0,0.0002525020937547266,0.26974046835686094,0.0,100
2588,Assisted suicide should be a criminal offence,"[['A', 'B', 'C', 'D', 'E'], ['A', 'B', 'C', 'D', 'E']]",C,0.5158005646005708,0,0.6172873746792202,False,False,0.0,0.0,0.0,0.0,0.0,0.4841994353994293,100
2588,Assisted suicide should be a criminal offence,"[['A', 'B', 'C', 'D', 'E'], ['A', 'B', 'C', 'D', 'E']]",D,0.17398407084927311,0,0.2282504871326248,False,False,0.0,0.08099766582343707,0.0,0.00012223510901291138,0.7448960282182768,0.0,100
2588,Assisted suicide should be a criminal offence,"[['A', 'B', 'C', 'D', 'E'], ['A', 'B', 'C', 'D', 'E']]",E,0.0982875301888881,0,0.13352998433815116,False,False,0.0,0.0,0.07767093346674586,5.6953957759202495e-05,0.8239845823866067,0.0,100
2613,We should abolish the two-party system,"[['A', 'B', 'C', 'D', 'E'], ['A', 'B', 'C', 'D', 'E']]",A,0.9817085213626481,0,0.9856554065760919,False,False,1.0,0.0,0.01770922980761019,0.0,0.0005822488297417234,0.0,100
2613,We should abolish the two-party system,"[['A', 'B', 'C', 'D', 'E'], ['A', 'B', 'C', 'D', 'E']]",B,0.6184379609058804,0,0.6887616786459362,False,False,0.0,0.009790292993437973,0.0,0.0002661164017454596,0.3715056296989363,0.0,100
2613,We should abolish the two-party system,"[['A', 'B', 'C', 'D', 'E'], ['A', 'B', 'C', 'D', 'E']]",C,0.09558865747919207,0,0.15588292200421772,False,False,0.0,0.0,0.0,0.0,0.0,0.904411342520808,100
2613,We should abolish the two-party system,"[['A', 'B', 'C', 'D', 'E'], ['A', 'B', 'C', 'D', 'E']]",D,0.31056412771953085,0,0.3692381961117813,False,False,0.0,0.026087863119080484,0.0,0.00023920709040193823,0.6631088020709868,0.0,100
2613,We should abolish the two-party system,"[['A', 'B', 'C', 'D', 'E'], ['A', 'B', 'C', 'D', 'E']]",E,0.09784180185007849,0,0.1397040708548067,False,False,0.0,0.0,0.18787119820184867,0.0001134753885063971,0.7141735245595666,0.0,100
2621,We should disband the United Nations,"[['A', 'B', 'C', 'D', 'E'], ['A', 'B', 'C', 'D', 'E']]",A,0.2699284478101486,0,0.3140589649414569,False,False,0.0,0.0,0.4622136386965211,4.406881944215072e-05,0.26781384467388825,0.0,100
2621,We should disband the United Nations,"[['A', 'B', 'C', 'D', 'E'], ['A', 'B', 'C', 'D', 'E']]",B,0.2803752733814552,0,0.35525755193524744,False,False,0.0,0.0008544514227565842,0.0,4.717026057454072e-05,0.7187231049352135,0.0,100
2621,We should disband the United Nations,"[['A', 'B', 'C', 'D', 'E'], ['A', 'B', 'C', 'D', 'E']]",C,0.02560804723393263,0,0.05372374430835254,False,False,0.0,0.0,0.0,0.0,0.0,0.9743919527660674,100
2621,We should disband the United Nations,"[['A', 'B', 'C', 'D', 'E'], ['A', 'B', 'C', 'D', 'E']]",D,0.02731224457530278,0,0.04224675276220611,False,False,0.0,0.9229843655130681,0.0,9.040103423766962e-06,0.04969434980820532,0.0,100
2621,We should disband the United Nations,"[['A', 'B', 'C', 'D', 'E'], ['A', 'B', 'C', 'D', 'E']]",E,0.9304018561472289,0,0.963799393958993,False,False,0.0,0.0,0.01595862809565609,6.251811212817638e-06,0.05363326394590231,0.0,100
2678,We should subsidize distance education,"[['A', 'B', 'C', 'D', 'E'], ['A', 'B', 'C', 'D', 'E']]",A,0.7088623794511686,0,0.7589604392369711,False,False,0.0,0.0,0.2911375795291052,0.0,4.1019726183527686e-08,0.0,100
2678,We should subsidize distance education,"[['A', 'B', 'C', 'D', 'E'], ['A', 'B', 'C', 'D', 'E']]",B,0.492073367660657,0,0.5553023835207299,False,False,0.0,0.507926632339343,0.0,0.0,0.0,0.0,100
2678,We should subsidize distance education,"[['A', 'B', 'C', 'D', 'E'], ['A', 'B', 'C', 'D', 'E']]",C,0.15051427774825268,0,0.23445849831616278,False,False,0.0,0.0,0.0,0.0,0.0,0.8494857222517475,100
2678,We should subsidize distance education,"[['A', 'B', 'C', 'D', 'E'], ['A', 'B', 'C', 'D', 'E']]",D,0.18487777946000986,0,0.223503157579866,False,False,0.0,0.792940811827758,0.0,0.0001217216007503117,0.02205968711148183,0.0,100
2678,We should subsidize distance education,"[['A', 'B', 'C', 'D', 'E'], ['A', 'B', 'C', 'D', 'E']]",E,0.8711100346535591,0,0.9083795652665111,False,False,0.0,0.0,0.08842387939196074,8.496672853140451e-05,0.04038111922594871,0.0,100
2689,We should subsidize Wikipedia,"[['A', 'B', 'C', 'D', 'E'], ['A', 'B', 'C', 'D', 'E']]",A,0.1636349613079548,0,0.19422122741253792,False,False,0.0,0.0,0.8363632348683602,9.078260911457085e-07,8.959975937729995e-07,0.0,100
2689,We should subsidize Wikipedia,"[['A', 'B', 'C', 'D', 'E'], ['A', 'B', 'C', 'D', 'E']]",B,0.878586455452066,0,0.9004157987376143,False,False,0.0,0.12141111221974675,0.0,1.5743565756027248e-06,8.579716117584348e-07,0.0,100
2689,We should subsidize Wikipedia,"[['A', 'B', 'C', 'D', 'E'], ['A', 'B', 'C', 'D', 'E']]",C,0.11696255479332673,0,0.19140016119141046,False,False,0.0,0.0,0.0,0.0,0.0,0.8830374452066733,100
2689,We should subsidize Wikipedia,"[['A', 'B', 'C', 'D', 'E'], ['A', 'B', 'C', 'D', 'E']]",D,0.04568601145035579,0,0.061429605067325865,False,False,0.0,0.9504524205693039,0.0,4.451792989966837e-05,0.0038170500504404957,0.0,100
2689,We should subsidize Wikipedia,"[['A', 'B', 'C', 'D', 'E'], ['A', 'B', 'C', 'D', 'E']]",E,0.9842414933523064,0,0.989687367654341,False,False,1.0,0.0,0.014655149905792832,2.0691488687814152e-05,0.0010826652532128509,0.0,100
3168,We should introduce year round schooling,"[['A', 'B', 'C', 'D', 'E'], ['A', 'B', 'C', 'D', 'E']]",A,0.32134608325160713,0,0.37239259165280997,False,False,0.0,0.0,0.6786508334229674,1.292542960522043e-07,2.9540711293430043e-06,0.0,100
3168,We should introduce year round schooling,"[['A', 'B', 'C', 'D', 'E'], ['A', 'B', 'C', 'D', 'E']]",B,0.79202180111963,0,0.8314860988383382,False,False,0.0,0.20797601167504134,0.0,5.650371555372477e-07,1.6221681731072684e-06,0.0,100
3168,We should introduce year round schooling,"[['A', 'B', 'C', 'D', 'E'], ['A', 'B', 'C', 'D', 'E']]",C,0.4954882393738538,0,0.6064039534564369,False,False,0.0,0.0,0.0,0.0,0.0,0.5045117606261462,100
3168,We should introduce year round schooling,"[['A', 'B', 'C', 'D', 'E'], ['A', 'B', 'C', 'D', 'E']]",D,0.5366706116079016,0,0.5969780895210963,False,False,0.0,0.38732227179532186,0.0,0.00032955229917800853,0.07567756429759841,0.0,100
3168,We should introduce year round schooling,"[['A', 'B', 'C', 'D', 'E'], ['A', 'B', 'C', 'D', 'E']]",E,0.7379413335412219,0,0.8055906704243805,False,False,0.0,0.0,0.205854426815547,0.00021708952015379976,0.055987150123077145,0.0,100
3180,We should introduce goal line technology,"[['A', 'B', 'C', 'D', 'E'], ['A', 'B', 'C', 'D', 'E']]",A,0.3583105256112148,0,0.4262710153126241,False,False,0.0,0.0,0.6416772171261836,3.9947889471023055e-07,1.1857783706933915e-05,0.0,100
3180,We should introduce goal line technology,"[['A', 'B', 'C', 'D', 'E'], ['A', 'B', 'C', 'D', 'E']]",B,0.7092524057901848,0,0.7658615330433804,False,False,0.0,0.2907436548995576,0.0,5.343848315212153e-07,3.404925426244869e-06,0.0,100
3180,We should introduce goal line technology,"[['A', 'B', 'C', 'D', 'E'], ['A', 'B', 'C', 'D', 'E']]",C,0.2515233092463682,0,0.351253597164745,False,False,0.0,0.0,0.0,0.0,0.0,0.7484766907536318,100
3180,We should introduce goal line technology,"[['A', 'B', 'C', 'D', 'E'], ['A', 'B', 'C', 'D', 'E']]",D,0.19313418398403384,0,0.22429323023887032,False,False,0.0,0.6457280100595816,0.0,0.0010553772835564443,0.1600824286728283,0.0,100
3180,We should introduce goal line technology,"[['A', 'B', 'C', 'D', 'E'], ['A', 'B', 'C', 'D', 'E']]",E,0.714264915698726,0,0.76210262703737,False,False,0.0,0.0,0.13598852775994752,0.0008031745121700636,0.14894338202915644,0.0,100
3183,We should increase airport racial profiling in the United States,"[['A', 'B', 'C', 'D', 'E'], ['A', 'B', 'C', 'D', 'E']]",A,0.03501421379896739,0,0.042533564571628706,False,False,0.0,0.0,0.9641099062227576,8.01680739530953e-06,0.0008678631708798778,0.0,100
3183,We should increase airport racial profiling in the United States,"[['A', 'B', 'C', 'D', 'E'], ['A', 'B', 'C', 'D', 'E']]",B,0.9037588143856417,0,0.9720839876581776,False,True,0.0,0.0003367591864798187,0.0,6.725890595793287e-05,0.0958371675219206,0.0,100
3183,We should increase airport racial profiling in the United States,"[['A', 'B', 'C', 'D', 'E'], ['A', 'B', 'C', 'D', 'E']]",C,0.01700937392440812,0,0.04353192505988892,False,False,0.0,0.0,0.0,0.0,0.0,0.982990626075592,100
3183,We should increase airport racial profiling in the United States,"[['A', 'B', 'C', 'D', 'E'], ['A', 'B', 'C', 'D', 'E']]",D,0.00010743294010252595,0,0.00015840471676189068,False,False,0.0,0.9998816078964261,0.0,1.5261204438009327e-07,1.0806551427051156e-05,0.0,100
3183,We should increase airport racial profiling in the United States,"[['A', 'B', 'C', 'D', 'E'], ['A', 'B', 'C', 'D', 'E']]",E,0.9999416712188283,0,0.99996564591794,False,False,1.0,0.0,5.055581705549813e-05,4.425126152119407e-08,7.728712854704991e-06,0.0,100
3185,We should adopt socialism,"[['A', 'B', 'C', 'D', 'E'], ['A', 'B', 'C', 'D', 'E']]",A,0.26547379938904764,0,0.3041599663795232,False,False,0.0,0.0,0.7343207941893479,1.3079634979746402e-07,0.00020527562525461294,0.0,100
3185,We should adopt socialism,"[['A', 'B', 'C', 'D', 'E'], ['A', 'B', 'C', 'D', 'E']]",B,0.9505318712412574,0,0.9696034438567811,False,False,1.0,0.043288037490615876,0.0,2.0701100515051347e-05,0.006159390167611648,0.0,100
3185,We should adopt socialism,"[['A', 'B', 'C', 'D', 'E'], ['A', 'B', 'C', 'D', 'E']]",C,0.586935216747279,0,0.6922792471851543,False,False,0.0,0.0,0.0,0.0,0.0,0.413064783252721,100
3185,We should adopt socialism,"[['A', 'B', 'C', 'D', 'E'], ['A', 'B', 'C', 'D', 'E']]",D,0.0004315576891039045,0,0.0008356590979472842,False,False,0.0,0.9995570853632451,0.0,1.1790654686600145e-07,1.1239041104021991e-05,0.0,100
3185,We should adopt socialism,"[['A', 'B', 'C', 'D', 'E'], ['A', 'B', 'C', 'D', 'E']]",E,0.9999212068579874,0,0.9999334876945467,False,False,1.0,0.0,7.100028836557228e-05,3.30837326633806e-08,7.759769914336857e-06,0.0,100
3191,We should introduce recall elections,"[['A', 'B', 'C', 'D', 'E'], ['A', 'B', 'C', 'D', 'E']]",A,0.8906611227726267,0,0.922790377849758,False,False,0.0,0.0,0.10933706214575732,0.0,1.8150816160517059e-06,0.0,100
3191,We should introduce recall elections,"[['A', 'B', 'C', 'D', 'E'], ['A', 'B', 'C', 'D', 'E']]",B,0.23632103037412847,0,0.280934445833305,False,False,0.0,0.763678645969275,0.0,0.0,3.2365659637748104e-07,0.0,100
3191,We should introduce recall elections,"[['A', 'B', 'C', 'D', 'E'], ['A', 'B', 'C', 'D', 'E']]",C,0.046516939843155726,0,0.08955917470297417,False,False,0.0,0.0,0.0,0.0,0.0,0.9534830601568445,100
3191,We should introduce recall elections,"[['A', 'B', 'C', 'D', 'E'], ['A', 'B', 'C', 'D', 'E']]",D,0.22930959839176587,0,0.2745861918388593,False,False,0.0,0.7437759500535062,0.0,0.0001232563312741138,0.026791195223453933,0.0,100
3191,We should introduce recall elections,"[['A', 'B', 'C', 'D', 'E'], ['A', 'B', 'C', 'D', 'E']]",E,0.8212377104034357,0,0.8697937831097504,False,False,0.0,0.0,0.15134082447322184,7.94958241036763e-05,0.02734196929923858,0.0,100
3198,We should limit the right of self-defense,"[['A', 'B', 'C', 'D', 'E'], ['A', 'B', 'C', 'D', 'E']]",A,0.2970982559888753,0,0.34213889529675323,False,False,0.0,0.0,0.6010420097563365,8.60792610363673e-06,0.10185112632868477,0.0,100
3198,We should limit the right of self-defense,"[['A', 'B', 'C', 'D', 'E'], ['A', 'B', 'C', 'D', 'E']]",B,0.3808119081944941,0,0.47713291573836736,False,False,0.0,0.005367931608940612,0.0,5.288720753399889e-05,0.6137672729890313,0.0,100
3198,We should limit the right of self-defense,"[['A', 'B', 'C', 'D', 'E'], ['A', 'B', 'C', 'D', 'E']]",C,0.10340820144867009,0,0.17340155588563236,False,False,0.0,0.0,0.0,0.0,0.0,0.8965917985513298,100
3198,We should limit the right of self-defense,"[['A', 'B', 'C', 'D', 'E'], ['A', 'B', 'C', 'D', 'E']]",D,0.0006104006568643263,0,0.0009712905348240791,False,False,0.0,0.9736362402934583,0.0,4.31282528842333e-07,0.02575292776714852,0.0,100
3198,We should limit the right of self-defense,"[['A', 'B', 'C', 'D', 'E'], ['A', 'B', 'C', 'D', 'E']]",E,0.9959039646129771,0,0.9974799535021074,False,False,1.0,0.0,0.0002461510337621535,1.6379578065516584e-07,0.0038497205574803076,0.0,100
3199,We should fight urbanization,"[['A', 'B', 'C', 'D', 'E'], ['A', 'B', 'C', 'D', 'E']]",A,0.8786547581009162,0,0.9017207514401058,False,False,0.0,0.0,0.11984132048683956,8.896064871601022e-07,0.0015030318057568906,0.0,100
3199,We should fight urbanization,"[['A', 'B', 'C', 'D', 'E'], ['A', 'B', 'C', 'D', 'E']]",B,0.9869201336117278,0,1.0015288215336877,True,True,1.0,0.011639371495906443,0.0,0.00019144429848198482,0.001249050593883592,0.0,100
3199,We should fight urbanization,"[['A', 'B', 'C', 'D', 'E'], ['A', 'B', 'C', 'D', 'E']]",C,0.2704374195245159,0,0.3736911659529863,False,False,0.0,0.0,0.0,0.0,0.0,0.7295625804754842,100
3199,We should fight urbanization,"[['A', 'B', 'C', 'D', 'E'], ['A', 'B', 'C', 'D', 'E']]",D,0.024891253721198985,0,0.04898995188814484,False,False,0.0,0.0019526819491484362,0.0,4.655419024841696e-05,0.9731095101394043,0.0,100
3199,We should fight urbanization,"[['A', 'B', 'C', 'D', 'E'], ['A', 'B', 'C', 'D', 'E']]",E,0.002459988897209467,0,0.0037162305983290877,False,False,0.0,0.0,0.010283766736784638,2.805651391661191e-05,0.9872281878520891,0.0,100
3207,We should abandon social media,"[['A', 'B', 'C', 'D', 'E'], ['A', 'B', 'C', 'D', 'E']]",A,0.5555625241049834,0,0.6033377684646619,False,False,0.0,0.0,0.41405105783172014,3.301796253434599e-06,0.03038311626704304,0.0,100
3207,We should abandon social media,"[['A', 'B', 'C', 'D', 'E'], ['A', 'B', 'C', 'D', 'E']]",B,0.6130836105283362,0,0.6833636644684908,False,False,0.0,1.1158264646515812e-07,0.0,0.00012874723658617076,0.3867875306524314,0.0,100
3207,We should abandon social media,"[['A', 'B', 'C', 'D', 'E'], ['A', 'B', 'C', 'D', 'E']]",C,0.07164895496018754,0,0.12950656583444484,False,False,0.0,0.0,0.0,0.0,0.0,0.9283510450398126,100
3207,We should abandon social media,"[['A', 'B', 'C', 'D', 'E'], ['A', 'B', 'C', 'D', 'E']]",D,0.6130816136249782,0,0.6877976174225073,False,False,0.0,0.011867608683438937,0.0,6.967339439615082e-05,0.3749811042971868,0.0,100
3207,We should abandon social media,"[['A', 'B', 'C', 'D', 'E'], ['A', 'B', 'C', 'D', 'E']]",E,0.048293233411425725,0,0.07248288117447349,False,False,0.0,0.0,0.35799593722896433,4.065891926053355e-05,0.5936701704403494,0.0,100
3208,We should prohibit slum tourism,"[['A', 'B', 'C', 'D', 'E'], ['A', 'B', 'C', 'D', 'E']]",A,0.9576120842776703,0,0.9828912625838115,False,False,1.0,0.0,0.00789170960620838,0.0,0.0344962061161214,0.0,100
3208,We should prohibit slum tourism,"[['A', 'B', 'C', 'D', 'E'], ['A', 'B', 'C', 'D', 'E']]",B,0.8161128833886647,0,0.8960484024472535,False,False,0.0,0.17625456240230822,0.0,0.00010787799875450187,0.007524676210272636,0.0,100
3208,We should prohibit slum tourism,"[['A', 'B', 'C', 'D', 'E'], ['A', 'B', 'C', 'D', 'E']]",C,0.34104335449510387,0,0.428154701335299,False,False,0.0,0.0,0.0,0.0,0.0,0.6589566455048961,100
3208,We should prohibit slum tourism,"[['A', 'B', 'C', 'D', 'E'], ['A', 'B', 'C', 'D', 'E']]",D,0.09953469830167792,0,0.15015406936369466,False,False,0.0,0.0018212482730271013,0.0,0.00042006380253922115,0.8982239896227557,0.0,100
3208,We should prohibit slum tourism,"[['A', 'B', 'C', 'D', 'E'], ['A', 'B', 'C', 'D', 'E']]",E,0.08807901241652755,0,0.12847964099592982,False,False,0.0,0.0,3.101025654754964e-05,7.989857248037197e-07,0.9118891783411999,0.0,100
3212,We should adopt the teacher tenure reform,"[['A', 'B', 'C', 'D', 'E'], ['A', 'B', 'C', 'D', 'E']]",A,0.6902039792594065,0,0.7437545804146967,False,False,0.0,0.0,0.30970726798071274,0.0,8.875275988100563e-05,0.0,100
3212,We should adopt the teacher tenure reform,"[['A', 'B', 'C', 'D', 'E'], ['A', 'B', 'C', 'D', 'E']]",B,0.6713749317228778,0,0.7361948491847973,False,False,0.0,0.32853320778244616,0.0,9.629219906956265e-08,9.176420247690715e-05,0.0,100
3212,We should adopt the teacher tenure reform,"[['A', 'B', 'C', 'D', 'E'], ['A', 'B', 'C', 'D', 'E']]",C,0.941110823914943,0,0.9779474903059285,False,True,0.0,0.0,0.0,0.0,0.0,0.05888917608505689,100
3212,We should adopt the teacher tenure reform,"[['A', 'B', 'C', 'D', 'E'], ['A', 'B', 'C', 'D', 'E']]",D,0.12855347154427502,0,0.1698193032974423,False,False,0.0,0.5817399335724757,0.0,0.00022873331106124356,0.2894778615721879,0.0,100
3212,We should adopt the teacher tenure reform,"[['A', 'B', 'C', 'D', 'E'], ['A', 'B', 'C', 'D', 'E']]",E,0.23327188777074234,0,0.3166112645928098,False,False,0.0,0.0,0.028440492265095357,4.547804010275286e-05,0.7382421419240595,0.0,100
3227,We should abolish capital punishment,"[['A', 'B', 'C', 'D', 'E'], ['A', 'B', 'C', 'D', 'E']]",A,0.9946928060221825,0,0.9958604865207633,False,False,1.0,0.0,0.003644576777648777,0.0,0.0016626172001688413,0.0,100
3227,We should abolish capital punishment,"[['A', 'B', 'C', 'D', 'E'], ['A', 'B', 'C', 'D', 'E']]",B,0.0755396843435506,0,0.1251381306578639,False,False,0.0,0.9153999522690337,0.0,3.136253589487286e-05,0.009029000851521028,0.0,100
3227,We should abolish capital punishment,"[['A', 'B', 'C', 'D', 'E'], ['A', 'B', 'C', 'D', 'E']]",C,0.803109619911762,0,0.8863037556787832,False,False,0.0,0.0,0.0,0.0,0.0,0.19689038008823811,100
3227,We should abolish capital punishment,"[['A', 'B', 'C', 'D', 'E'], ['A', 'B', 'C', 'D', 'E']]",D,0.059380803932211144,0,0.07869510780243286,False,False,0.0,0.06808355157788049,0.0,2.564818400637516e-05,0.8725099963059019,0.0,100
3227,We should abolish capital punishment,"[['A', 'B', 'C', 'D', 'E'], ['A', 'B', 'C', 'D', 'E']]",E,0.07816882344093128,0,0.10392543977182184,False,False,0.0,0.0,0.061095047309591866,2.191881432653863e-05,0.8607142104351503,0.0,100
3232,We should cancel pride parades,"[['A', 'B', 'C', 'D', 'E'], ['A', 'B', 'C', 'D', 'E']]",A,0.038229655482980004,0,0.06809635951861427,False,False,0.0,0.0,0.11060299462083835,2.0792535524800215e-05,0.8511465573606567,0.0,100
3232,We should cancel pride parades,"[['A', 'B', 'C', 'D', 'E'], ['A', 'B', 'C', 'D', 'E']]",B,0.40633465410895275,0,0.49002911386853654,False,False,0.0,0.002219190774215057,0.0,6.189820568157443e-06,0.5914399652962641,0.0,100
3232,We should cancel pride parades,"[['A', 'B', 'C', 'D', 'E'], ['A', 'B', 'C', 'D', 'E']]",C,0.0035865926264277283,0,0.011809853185204723,False,False,0.0,0.0,0.0,0.0,0.0,0.9964134073735722,100
3232,We should cancel pride parades,"[['A', 'B', 'C', 'D', 'E'], ['A', 'B', 'C', 'D', 'E']]",D,0.006189173509824817,0,0.009582698150603166,False,False,0.0,0.8241623201896333,0.0,2.8730341019373463e-06,0.1696456332664401,0.0,100
3232,We should cancel pride parades,"[['A', 'B', 'C', 'D', 'E'], ['A', 'B', 'C', 'D', 'E']]",E,0.888309319084683,0,0.934804159820775,False,False,0.0,0.0,0.0006589650150293323,5.408004770162978e-07,0.11103117509981075,0.0,100
3487,We should close landfills,"[['A', 'B', 'C', 'D', 'E'], ['A', 'B', 'C', 'D', 'E']]",A,0.9546788989835161,0,0.9697303247395763,False,False,1.0,0.0,0.04411571173436533,0.0,0.0012053892821188678,0.0,100
3487,We should close landfills,"[['A', 'B', 'C', 'D', 'E'], ['A', 'B', 'C', 'D', 'E']]",B,0.05948186952070423,0,0.07582816558677509,False,False,0.0,0.9402041935061649,0.0,0.0,0.0003139369731308096,0.0,100
3487,We should close landfills,"[['A', 'B', 'C', 'D', 'E'], ['A', 'B', 'C', 'D', 'E']]",C,0.19125827940292953,0,0.27254399579459065,False,False,0.0,0.0,0.0,0.0,0.0,0.8087417205970705,100
3487,We should close landfills,"[['A', 'B', 'C', 'D', 'E'], ['A', 'B', 'C', 'D', 'E']]",D,0.49052491097742384,0,0.5578160071031515,False,False,0.0,0.23583858933790444,0.0,9.060127254991198e-05,0.2735458984121219,0.0,100
3487,We should close landfills,"[['A', 'B', 'C', 'D', 'E'], ['A', 'B', 'C', 'D', 'E']]",E,0.30203868195993216,0,0.37178607027467936,False,False,0.0,0.0,0.37452081704737383,8.445186646473371e-05,0.3233560491262293,0.0,100
3492,We should further exploit natural gas,"[['A', 'B', 'C', 'D', 'E'], ['A', 'B', 'C', 'D', 'E']]",A,0.35034748799033666,0,0.4116550148799177,False,False,0.0,0.0,0.6496482662541804,0.0,4.2457554830455175e-06,0.0,100
3492,We should further exploit natural gas,"[['A', 'B', 'C', 'D', 'E'], ['A', 'B', 'C', 'D', 'E']]",B,0.960712863380308,0,0.9754617714374957,False,False,1.0,0.039286503651495004,0.0,5.343939616338849e-07,9.85742354638569e-08,0.0,100
3492,We should further exploit natural gas,"[['A', 'B', 'C', 'D', 'E'], ['A', 'B', 'C', 'D', 'E']]",C,0.738287798330658,0,0.8138176818418649,False,False,0.0,0.0,0.0,0.0,0.0,0.26171220166934195,100
3492,We should further exploit natural gas,"[['A', 'B', 'C', 'D', 'E'], ['A', 'B', 'C', 'D', 'E']]",D,4.647948479338667e-05,0,5.756103615123824e-05,False,False,0.0,0.685345696299051,0.0,3.534357635559826e-07,0.31460747078039214,0.0,100
3492,We should further exploit natural gas,"[['A', 'B', 'C', 'D', 'E'], ['A', 'B', 'C', 'D', 'E']]",E,0.9686827855144814,0,1.0026684868743319,True,True,1.0,0.0,1.418120334217365e-05,2.4791686932678985e-07,0.031302785365307166,0.0,100
3661,We should abolish foster care,"[['A', 'B', 'C', 'D', 'E'], ['A', 'B', 'C', 'D', 'E']]",A,0.8191366148914822,0,0.8799957336776876,False,False,0.0,0.0,0.17948049665753257,2.978226722625571e-06,0.001379910224262877,0.0,100
3661,We should abolish foster care,"[['A', 'B', 'C', 'D', 'E'], ['A', 'B', 'C', 'D', 'E']]",B,0.36728837678639464,0,0.45578059082397276,False,False,0.0,1.4715460835172038e-07,0.0,6.448522740654667e-05,0.6326469908315904,0.0,100
3661,We should abolish foster care,"[['A', 'B', 'C', 'D', 'E'], ['A', 'B', 'C', 'D', 'E']]",C,6.43751661559981e-05,0,7.630350169493037e-05,False,False,0.0,0.0,0.0,0.0,0.0,0.9999356248338441,100
3661,We should abolish foster care,"[['A', 'B', 'C', 'D', 'E'], ['A', 'B', 'C', 'D', 'E']]",D,0.45583248467989557,0,0.5582630446289661,False,False,0.0,0.5272402536300643,0.0,4.5949175307286505e-06,0.016922666772509334,0.0,100
3661,We should abolish foster care,"[['A', 'B', 'C', 'D', 'E'], ['A', 'B', 'C', 'D', 'E']]",E,0.9563968300039051,0,0.9803726377927612,False,False,1.0,0.0,0.041242967670490786,4.0733138275461185e-06,0.002356129011776692,0.0,100
3688,We should abolish the presidential pardon,"[['A', 'B', 'C', 'D', 'E'], ['A', 'B', 'C', 'D', 'E']]",A,0.9690786894282668,0,0.9776325432391852,False,False,1.0,0.0,0.012227557202396478,1.8637356335723093e-07,0.01869356699577339,0.0,100
3688,We should abolish the presidential pardon,"[['A', 'B', 'C', 'D', 'E'], ['A', 'B', 'C', 'D', 'E']]",B,0.936199336195834,0,0.9901900762747369,False,True,0.0,0.06245145544490377,0.0,2.1059512480875238e-05,0.0013281488467813843,0.0,100
3688,We should abolish the presidential pardon,"[['A', 'B', 'C', 'D', 'E'], ['A', 'B', 'C', 'D', 'E']]",C,0.14474032083020888,0,0.2248262887711452,False,False,0.0,0.0,0.0,0.0,0.0,0.8552596791697913,100
3688,We should abolish the presidential pardon,"[['A', 'B', 'C', 'D', 'E'], ['A', 'B', 'C', 'D', 'E']]",D,0.009618400704634142,0,0.025935873432681517,False,False,0.0,0.005472378960904205,0.0,6.213334472624956e-05,0.9848470869897353,0.0,100
3688,We should abolish the presidential pardon,"[['A', 'B', 'C', 'D', 'E'], ['A', 'B', 'C', 'D', 'E']]",E,0.025462133970718566,0,0.03443762981821999,False,False,0.0,0.0,7.1148087432365e-05,4.395097976388881e-07,0.9744662784320515,0.0,100
3730,Community service should be mandatory,"[['A', 'B', 'C', 'D', 'E'], ['A', 'B', 'C', 'D', 'E']]",A,0.3880113093074403,0,0.42478740917197155,False,False,0.0,0.0,0.6119286509948035,9.435620398731184e-08,5.9945341552250705e-05,0.0,100
3730,Community service should be mandatory,"[['A', 'B', 'C', 'D', 'E'], ['A', 'B', 'C', 'D', 'E']]",B,0.7894476258057014,0,0.8446416167199113,False,False,0.0,0.05472331245712848,0.0,0.00015565375562560306,0.15567340798154447,0.0,100
3730,Community service should be mandatory,"[['A', 'B', 'C', 'D', 'E'], ['A', 'B', 'C', 'D', 'E']]",C,0.018222425037603233,0,0.043724687651529856,False,False,0.0,0.0,0.0,0.0,0.0,0.9817775749623968,100
3730,Community service should be mandatory,"[['A', 'B', 'C', 'D', 'E'], ['A', 'B', 'C', 'D', 'E']]",D,0.055564755099725895,0,0.08104223017047509,False,False,0.0,0.9432557251818748,0.0,1.3135729813717725e-05,0.0011663839885856673,0.0,100
3730,Community service should be mandatory,"[['A', 'B', 'C', 'D', 'E'], ['A', 'B', 'C', 'D', 'E']]",E,0.987390182744089,0,0.9929675829354767,False,False,1.0,0.0,0.012155176447633228,5.851430832686015e-06,0.00044878937744520855,0.0,100
3758,We should further exploit sustainable energies,"[['A', 'B', 'C', 'D', 'E'], ['A', 'B', 'C', 'D', 'E']]",A,0.959724723898839,0,0.9751301187637386,False,False,1.0,0.0,0.040272144753968835,0.0,3.1313471920076573e-06,0.0,100
3758,We should further exploit sustainable energies,"[['A', 'B', 'C', 'D', 'E'], ['A', 'B', 'C', 'D', 'E']]",B,0.06492674744100063,0,0.08044778720432406,False,False,0.0,0.9350721180054093,0.0,0.0,1.1345535901691613e-06,0.0,100
3758,We should further exploit sustainable energies,"[['A', 'B', 'C', 'D', 'E'], ['A', 'B', 'C', 'D', 'E']]",C,0.12312767072255434,0,0.20004686084366755,False,False,0.0,0.0,0.0,0.0,0.0,0.8768723292774457,100
3758,We should further exploit sustainable energies,"[['A', 'B', 'C', 'D', 'E'], ['A', 'B', 'C', 'D', 'E']]",D,0.51267506734623,0,0.602639959278022,False,False,0.0,0.2707985813112366,0.0,0.00526107654173282,0.21126527480080054,0.0,100
3758,We should further exploit sustainable energies,"[['A', 'B', 'C', 'D', 'E'], ['A', 'B', 'C', 'D', 'E']]",E,0.4157795662400844,0,0.5193322647098286,False,False,0.0,0.0,0.18784755806189807,0.0005427276382857676,0.3958301480597317,0.0,100
2083,We should legalize organ trade,"[['A', 'B', 'C', 'D', 'E'], ['A', 'B', 'C', 'D', 'E']]",A,0.22798577398791686,0,0.2745710176236285,False,False,0.0,0.0,0.7720047797096709,2.8518252657800795e-07,9.161119885788e-06,0.0,100
2083,We should legalize organ trade,"[['A', 'B', 'C', 'D', 'E'], ['A', 'B', 'C', 'D', 'E']]",B,0.9493352183187942,0,0.9600353363806072,False,False,0.0,0.05065866697040338,0.0,2.130615235538913e-06,3.984095567023575e-06,0.0,100
2083,We should legalize organ trade,"[['A', 'B', 'C', 'D', 'E'], ['A', 'B', 'C', 'D', 'E']]",C,0.3752132307118024,0,0.45518092379777986,False,False,0.0,0.0,0.0,0.0,0.0,0.6247867692881975,100
2083,We should legalize organ trade,"[['A', 'B', 'C', 'D', 'E'], ['A', 'B', 'C', 'D', 'E']]",D,0.00019705393495418028,0,0.0002618133328771747,False,False,0.0,0.9994562751227012,0.0,4.4044800615763227e-07,0.00034623049433842317,0.0,100
2083,We should legalize organ trade,"[['A', 'B', 'C', 'D', 'E'], ['A', 'B', 'C', 'D', 'E']]",E,0.9980645118364473,0,1.0014660981211752,True,True,1.0,0.0,6.99926020530589e-05,2.2082195271335606e-07,0.0018652747395470493,0.0,100
2166,We should legalize sex selection,"[['A', 'B', 'C', 'D', 'E'], ['A', 'B', 'C', 'D', 'E']]",A,0.05829573481579905,0,0.07443855666145364,False,False,0.0,0.0,0.9416231573876453,1.9360354824191317e-05,6.174744173111703e-05,0.0,100
2166,We should legalize sex selection,"[['A', 'B', 'C', 'D', 'E'], ['A', 'B', 'C', 'D', 'E']]",B,0.9358107600310313,0,0.9878645333090765,False,True,0.0,0.009700683317587023,0.0,0.00015080876577177417,0.0543377478856099,0.0,100
2166,We should legalize sex selection,"[['A', 'B', 'C', 'D', 'E'], ['A', 'B', 'C', 'D', 'E']]",C,0.46237485199604045,0,0.5642352234403617,False,False,0.0,0.0,0.0,0.0,0.0,0.5376251480039596,100
2166,We should legalize sex selection,"[['A', 'B', 'C', 'D', 'E'], ['A', 'B', 'C', 'D', 'E']]",D,0.00038730196212730274,0,0.000518818751877713,False,False,0.0,0.9995871571339023,0.0,6.229392601253695e-07,2.4917964710340226e-05,0.0,100
2166,We should legalize sex selection,"[['A', 'B', 'C', 'D', 'E'], ['A', 'B', 'C', 'D', 'E']]",E,0.9997937593197561,0,0.9998740695416509,False,False,1.0,0.0,0.00012793632541120928,3.6533752045843574e-07,7.793901731224555e-05,0.0,100
2402,We should close the Guantanamo Bay detention camp,"[['A', 'B', 'C', 'D', 'E'], ['A', 'B', 'C', 'D', 'E']]",A,0.9834286350007778,0,0.9863702864885534,False,False,1.0,0.0,0.01620377919567099,0.0,0.0003675858035509891,0.0,100
2402,We should close the Guantanamo Bay detention camp,"[['A', 'B', 'C', 'D', 'E'], ['A', 'B', 'C', 'D', 'E']]",B,0.024325106766128736,0,0.029534833642968314,False,False,0.0,0.9755813584115289,0.0,0.0,9.353482234239832e-05,0.0,100
2402,We should close the Guantanamo Bay detention camp,"[['A', 'B', 'C', 'D', 'E'], ['A', 'B', 'C', 'D', 'E']]",C,0.5979243720509166,0,0.7056043214415589,False,False,0.0,0.0,0.0,0.0,0.0,0.40207562794908336,100
2402,We should close the Guantanamo Bay detention camp,"[['A', 'B', 'C', 'D', 'E'], ['A', 'B', 'C', 'D', 'E']]",D,0.06172217457083945,0,0.10119402612389886,False,False,0.0,0.47797401656438576,0.0,2.172564146155252e-05,0.4602820832233132,0.0,100
2402,We should close the Guantanamo Bay detention camp,"[['A', 'B', 'C', 'D', 'E'], ['A', 'B', 'C', 'D', 'E']]",E,0.5406265102858874,0,0.6058793646020373,False,False,0.0,0.0,0.0037849209386097127,6.266259543831584e-06,0.4555823025159591,0.0,100
3193,We should fight nationalism,"[['A', 'B', 'C', 'D', 'E'], ['A', 'B', 'C', 'D', 'E']]",A,0.9390817782573347,0,0.9641503869863036,False,False,0.0,0.0,0.03462024972309009,6.807462408129304e-08,0.02629790394495103,0.0,100
3193,We should fight nationalism,"[['A', 'B', 'C', 'D', 'E'], ['A', 'B', 'C', 'D', 'E']]",B,0.7443062159521603,0,0.8406856366525991,False,False,0.0,0.24297209502864903,0.0,0.0006023903523356461,0.012119298666855089,0.0,100
3193,We should fight nationalism,"[['A', 'B', 'C', 'D', 'E'], ['A', 'B', 'C', 'D', 'E']]",C,0.2961441908642217,0,0.3985121217378713,False,False,0.0,0.0,0.0,0.0,0.0,0.7038558091357784,100
3193,We should fight nationalism,"[['A', 'B', 'C', 'D', 'E'], ['A', 'B', 'C', 'D', 'E']]",D,0.002769323591304984,0,0.005748638874851945,False,False,0.0,0.10491809596847287,0.0,0.004884224650183812,0.8874283557900384,0.0,100
3193,We should fight nationalism,"[['A', 'B', 'C', 'D', 'E'], ['A', 'B', 'C', 'D', 'E']]",E,0.09897105449150655,0,0.13947796365343124,False,False,0.0,0.0,1.6343287796851555e-05,4.810437689719059e-08,0.90101255411632,0.0,100
3197,We should end progressive taxation,"[['A', 'B', 'C', 'D', 'E'], ['A', 'B', 'C', 'D', 'E']]",A,0.27003579100785446,0,0.3220067410801364,False,False,0.0,0.0,0.25694709519641823,1.5032165242033079e-05,0.4730020816304853,0.0,100
3197,We should end progressive taxation,"[['A', 'B', 'C', 'D', 'E'], ['A', 'B', 'C', 'D', 'E']]",B,0.48785163803525544,0,0.5840235916509768,False,False,0.0,0.00881046297972204,0.0,1.093828111580144e-05,0.5033269607039066,0.0,100
3197,We should end progressive taxation,"[['A', 'B', 'C', 'D', 'E'], ['A', 'B', 'C', 'D', 'E']]",C,0.0949351055159238,0,0.15492753673115095,False,False,0.0,0.0,0.0,0.0,0.0,0.9050648944840763,100
3197,We should end progressive taxation,"[['A', 'B', 'C', 'D', 'E'], ['A', 'B', 'C', 'D', 'E']]",D,0.0014790167703025278,0,0.0019969731813042303,False,False,0.0,0.7551427266740126,0.0,8.222471662601944e-07,0.2433774343085187,0.0,100
3197,We should end progressive taxation,"[['A', 'B', 'C', 'D', 'E'], ['A', 'B', 'C', 'D', 'E']]",E,0.7011367618107041,0,0.7788960139121086,False,False,0.0,0.0,0.0009827021950477859,5.657014373949834e-07,0.29787997029281105,0.0,100
4004,Blood donation should be mandatory,"[['A', 'B', 'C', 'D', 'E'], ['A', 'B', 'C', 'D', 'E']]",A,0.2470931538459047,0,0.2879749952124057,False,False,0.0,0.0,0.74534362231618,9.077353212674986e-06,0.007554146484702796,0.0,100
4004,Blood donation should be mandatory,"[['A', 'B', 'C', 'D', 'E'], ['A', 'B', 'C', 'D', 'E']]",B,0.7689599909712552,0,0.8528325721646028,False,False,0.0,0.0396228130241352,0.0,5.833319364212455e-05,0.1913588628109676,0.0,100
4004,Blood donation should be mandatory,"[['A', 'B', 'C', 'D', 'E'], ['A', 'B', 'C', 'D', 'E']]",C,0.04085398004150337,0,0.07166911401319859,False,False,0.0,0.0,0.0,0.0,0.0,0.9591460199584967,100
4004,Blood donation should be mandatory,"[['A', 'B', 'C', 'D', 'E'], ['A', 'B', 'C', 'D', 'E']]",D,0.27270236706575157,0,0.3457740053888556,False,False,0.0,0.7249972809879138,0.0,2.678837045165905e-05,0.0022735635758829925,0.0,100
4004,Blood donation should be mandatory,"[['A', 'B', 'C', 'D', 'E'], ['A', 'B', 'C', 'D', 'E']]",E,0.917888139195518,0,0.9505920697973692,False,False,0.0,0.0,0.08125679892087403,9.932707558127202e-06,0.0008451291760498553,0.0,100
3205,We should end water fluoridation,"[['A', 'B', 'C', 'D', 'E'], ['A', 'B', 'C', 'D', 'E']]",A,0.8286238329473207,0,0.8724654044251278,False,False,0.0,0.0,0.08472294422370145,6.159408068797186e-06,0.08664706342090919,0.0,100
3205,We should end water fluoridation,"[['A', 'B', 'C', 'D', 'E'], ['A', 'B', 'C', 'D', 'E']]",B,0.8266304011041763,0,0.8809517366163313,False,False,0.0,0.02201057978983538,0.0,3.0002404291215552e-05,0.15132901670169735,0.0,100
3205,We should end water fluoridation,"[['A', 'B', 'C', 'D', 'E'], ['A', 'B', 'C', 'D', 'E']]",C,0.9021572989751604,0,0.9478867421858695,False,False,0.0,0.0,0.0,0.0,0.0,0.09784270102483963,100
3205,We should end water fluoridation,"[['A', 'B', 'C', 'D', 'E'], ['A', 'B', 'C', 'D', 'E']]",D,0.0031961610576676813,0,0.005440015521549766,False,False,0.0,0.1319930023530021,0.0,1.3998903223483181e-06,0.864809436699008,0.0,100
3205,We should end water fluoridation,"[['A', 'B', 'C', 'D', 'E'], ['A', 'B', 'C', 'D', 'E']]",E,0.291706245438439,0,0.37308028471710053,False,False,0.0,0.0,0.0012265764453780021,1.933716314615467e-06,0.7070652443998684,0.0,100
3237,We should prohibit unisex bathrooms,"[['A', 'B', 'C', 'D', 'E'], ['A', 'B', 'C', 'D', 'E']]",A,0.2715017851192279,0,0.320580696469748,False,False,0.0,0.0,0.6388803977246139,1.0926065438692078e-05,0.08960689109071948,0.0,100
3237,We should prohibit unisex bathrooms,"[['A', 'B', 'C', 'D', 'E'], ['A', 'B', 'C', 'D', 'E']]",B,0.9286808313593936,0,0.9495056784647082,False,False,0.0,0.06662865728601573,0.0,8.13998836108457e-06,0.0046823713662297465,0.0,100
3237,We should prohibit unisex bathrooms,"[['A', 'B', 'C', 'D', 'E'], ['A', 'B', 'C', 'D', 'E']]",C,0.6378142216646728,0,0.7397626533301284,False,False,0.0,0.0,0.0,0.0,0.0,0.3621857783353272,100
3237,We should prohibit unisex bathrooms,"[['A', 'B', 'C', 'D', 'E'], ['A', 'B', 'C', 'D', 'E']]",D,0.004533655978849579,0,0.006462147515596194,False,False,0.0,0.9254839445496914,0.0,8.105069806237884e-06,0.06997429440165287,0.0,100
3237,We should prohibit unisex bathrooms,"[['A', 'B', 'C', 'D', 'E'], ['A', 'B', 'C', 'D', 'E']]",E,0.5738277425609316,0,0.6787214511492827,False,False,0.0,0.0,0.0009475196203349474,4.556449956229747e-06,0.4252201813687772,0.0,100
2652,We should ban mass surveillance,"[['A', 'B', 'C', 'D', 'E'], ['A', 'B', 'C', 'D', 'E']]",A,0.9959311492144157,0,0.9967529786642567,False,False,1.0,0.0,0.0036169819537156785,0.0,0.0004518688318686661,0.0,100
2652,We should ban mass surveillance,"[['A', 'B', 'C', 'D', 'E'], ['A', 'B', 'C', 'D', 'E']]",B,0.15384993409340636,0,0.2223373640247621,False,False,0.0,0.8456180169884041,0.0,8.591807532864148e-06,0.0005234571106565486,0.0,100
2652,We should ban mass surveillance,"[['A', 'B', 'C', 'D', 'E'], ['A', 'B', 'C', 'D', 'E']]",C,0.23360818710408837,0,0.32122035571011287,False,False,0.0,0.0,0.0,0.0,0.0,0.766391812895912,100
2652,We should ban mass surveillance,"[['A', 'B', 'C', 'D', 'E'], ['A', 'B', 'C', 'D', 'E']]",D,0.11132176407884595,0,0.15294297924415182,False,False,0.0,0.12773904996942764,0.0,3.213590792264043e-05,0.7609070500438038,0.0,100
2652,We should ban mass surveillance,"[['A', 'B', 'C', 'D', 'E'], ['A', 'B', 'C', 'D', 'E']]",E,0.16053515825979825,0,0.20752595026760215,False,False,0.0,0.0,0.03983760207430059,1.4763072339127131e-05,0.799612476593562,0.0,100
3435,Begging should be banned,"[['A', 'B', 'C', 'D', 'E'], ['A', 'B', 'C', 'D', 'E']]",A,0.04878972330585461,0,0.060395244974132255,False,False,0.0,0.0,0.9341480330191579,1.2007614228921901e-05,0.017050236060758325,0.0,100
3435,Begging should be banned,"[['A', 'B', 'C', 'D', 'E'], ['A', 'B', 'C', 'D', 'E']]",B,0.5265519174446497,0,0.6130482257846603,False,False,0.0,0.0012980029953311234,0.0,0.0002257695860819605,0.47192430997393714,0.0,100
3435,Begging should be banned,"[['A', 'B', 'C', 'D', 'E'], ['A', 'B', 'C', 'D', 'E']]",C,0.08549070836746857,0,0.13960725052692377,False,False,0.0,0.0,0.0,0.0,0.0,0.9145092916325315,100
3435,Begging should be banned,"[['A', 'B', 'C', 'D', 'E'], ['A', 'B', 'C', 'D', 'E']]",D,0.030754169621912245,0,0.05592103973809613,False,False,0.0,0.9164352519321477,0.0,2.159423287099792e-05,0.05278898421306907,0.0,100
3435,Begging should be banned,"[['A', 'B', 'C', 'D', 'E'], ['A', 'B', 'C', 'D', 'E']]",E,0.6977288476795759,0,0.791350908945995,False,False,0.0,0.0,0.11743286357398537,3.935418228630632e-05,0.18479893456415247,0.0,100
3923,Health education should be mandatory,"[['A', 'B', 'C', 'D', 'E'], ['A', 'B', 'C', 'D', 'E']]",A,0.9037130724107348,0,0.932823968517927,False,False,0.0,0.0,0.09619929897786364,0.0,8.762861140141583e-05,0.0,100
3923,Health education should be mandatory,"[['A', 'B', 'C', 'D', 'E'], ['A', 'B', 'C', 'D', 'E']]",B,0.1756628968064644,0,0.21798723522015492,False,False,0.0,0.8242573319219233,0.0,0.0,7.977127161221748e-05,0.0,100
3923,Health education should be mandatory,"[['A', 'B', 'C', 'D', 'E'], ['A', 'B', 'C', 'D', 'E']]",C,0.025493055446800535,0,0.05982741161572626,False,False,0.0,0.0,0.0,0.0,0.0,0.9745069445531995,100
3923,Health education should be mandatory,"[['A', 'B', 'C', 'D', 'E'], ['A', 'B', 'C', 'D', 'E']]",D,0.4014735716739144,0,0.46398229380116773,False,False,0.0,0.5951339931325278,0.0,0.00022338028082284422,0.0031690549127349993,0.0,100
3923,Health education should be mandatory,"[['A', 'B', 'C', 'D', 'E'], ['A', 'B', 'C', 'D', 'E']]",E,0.9096684450671358,0,0.9390046378615579,False,False,0.0,0.0,0.0894247188457859,5.4576746515095414e-05,0.0008522593405631854,0.0,100
4000,The Euro should be abandoned,"[['A', 'B', 'C', 'D', 'E'], ['A', 'B', 'C', 'D', 'E']]",A,0.2912649227749189,0,0.33579967656877024,False,False,0.0,0.0,0.39074263389553415,5.000799736211833e-05,0.31794243533218486,0.0,100
4000,The Euro should be abandoned,"[['A', 'B', 'C', 'D', 'E'], ['A', 'B', 'C', 'D', 'E']]",B,0.10206071135122949,0,0.15079948360142864,False,False,0.0,0.0005244990387564615,0.0,9.79302067744867e-05,0.8973168594032395,0.0,100
4000,The Euro should be abandoned,"[['A', 'B', 'C', 'D', 'E'], ['A', 'B', 'C', 'D', 'E']]",C,0.763517582222116,0,0.8528521434246463,False,False,0.0,0.0,0.0,0.0,0.0,0.23648241777788404,100
4000,The Euro should be abandoned,"[['A', 'B', 'C', 'D', 'E'], ['A', 'B', 'C', 'D', 'E']]",D,0.02204239930711351,0,0.03673062449046921,False,False,0.0,0.9059190760958051,0.0,1.1488302051050024e-05,0.07202703629503035,0.0,100
4000,The Euro should be abandoned,"[['A', 'B', 'C', 'D', 'E'], ['A', 'B', 'C', 'D', 'E']]",E,0.7982717999352544,0,0.875723010850977,False,False,0.0,0.0,0.02592921979021556,1.4689540381417764e-05,0.17578429073414853,0.0,100
3244,We should abandon Twitter,"[['A', 'B', 'C', 'D', 'E'], ['A', 'B', 'C', 'D', 'E']]",A,0.357949976416078,0,0.4019444151833106,False,False,0.0,0.0,0.4509250021400439,1.0463745610800353e-05,0.19111455769826732,0.0,100
3244,We should abandon Twitter,"[['A', 'B', 'C', 'D', 'E'], ['A', 'B', 'C', 'D', 'E']]",B,0.9322894183887466,0,0.9647127522799446,False,False,0.0,9.477573420216155e-06,0.0,6.234507179960516e-05,0.06763875896603361,0.0,100
3244,We should abandon Twitter,"[['A', 'B', 'C', 'D', 'E'], ['A', 'B', 'C', 'D', 'E']]",C,0.0814589791062054,0,0.1372472320143598,False,False,0.0,0.0,0.0,0.0,0.0,0.9185410208937946,100
3244,We should abandon Twitter,"[['A', 'B', 'C', 'D', 'E'], ['A', 'B', 'C', 'D', 'E']]",D,0.13148707940868892,0,0.1705262981048109,False,False,0.0,0.011497038370421828,0.0,5.9528602080101734e-05,0.8569563536188091,0.0,100
3244,We should abandon Twitter,"[['A', 'B', 'C', 'D', 'E'], ['A', 'B', 'C', 'D', 'E']]",E,0.020628511288720664,0,0.03428397625649811,False,False,0.0,0.0,0.11332795686540319,5.1204284562618105e-05,0.8659923275613136,0.0,100
4275,We should abandon speed limit enforcement,"[['A', 'B', 'C', 'D', 'E'], ['A', 'B', 'C', 'D', 'E']]",A,0.38264294699814877,0,0.45046288144403807,False,False,0.0,0.0,0.45317076507934906,8.067503445282783e-05,0.16410561288804942,0.0,100
4275,We should abandon speed limit enforcement,"[['A', 'B', 'C', 'D', 'E'], ['A', 'B', 'C', 'D', 'E']]",B,0.37743898393785935,0,0.47369506577796283,False,False,0.0,0.007892510111392378,0.0,2.063536277867015e-05,0.6146478705879698,0.0,100
4275,We should abandon speed limit enforcement,"[['A', 'B', 'C', 'D', 'E'], ['A', 'B', 'C', 'D', 'E']]",C,0.015578775529924017,0,0.038613905204925775,False,False,0.0,0.0,0.0,0.0,0.0,0.984421224470076,100
4275,We should abandon speed limit enforcement,"[['A', 'B', 'C', 'D', 'E'], ['A', 'B', 'C', 'D', 'E']]",D,0.0002598710941246132,0,0.00033949669611089777,False,False,0.0,0.9024634270733991,0.0,2.099173769181682e-07,0.09727649191509943,0.0,100
4275,We should abandon speed limit enforcement,"[['A', 'B', 'C', 'D', 'E'], ['A', 'B', 'C', 'D', 'E']]",E,0.9630603266908677,0,0.9801839418510423,False,False,1.0,0.0,0.00023951241325386764,1.496568057721821e-07,0.036700011239072655,0.0,100
3415,We should abandon the sexual revolution,"[['A', 'B', 'C', 'D', 'E'], ['A', 'B', 'C', 'D', 'E']]",A,0.32022448104066137,0,0.3672846019282796,False,False,0.0,0.0,0.17513484431732493,1.578608345801961e-05,0.5046248885585556,0.0,100
3415,We should abandon the sexual revolution,"[['A', 'B', 'C', 'D', 'E'], ['A', 'B', 'C', 'D', 'E']]",B,0.8398754853522005,0,0.8984237534633843,False,False,0.0,0.0005211223603569403,0.0,0.0003481487104133514,0.15925524357702936,0.0,100
3415,We should abandon the sexual revolution,"[['A', 'B', 'C', 'D', 'E'], ['A', 'B', 'C', 'D', 'E']]",C,0.1617672593469972,0,0.2458659366021862,False,False,0.0,0.0,0.0,0.0,0.0,0.8382327406530028,100
3415,We should abandon the sexual revolution,"[['A', 'B', 'C', 'D', 'E'], ['A', 'B', 'C', 'D', 'E']]",D,0.023433139905165223,0,0.03302576698529809,False,False,0.0,0.2005478301503292,0.0,1.508323837713469e-05,0.7760039467061283,0.0,100
3415,We should abandon the sexual revolution,"[['A', 'B', 'C', 'D', 'E'], ['A', 'B', 'C', 'D', 'E']]",E,0.3856813560800822,0,0.4658070040287646,False,False,0.0,0.0,0.00944341346430296,9.974131381534764e-06,0.6048652563242333,0.0,100
3273,We should abolish judicial activism,"[['A', 'B', 'C', 'D', 'E'], ['A', 'B', 'C', 'D', 'E']]",A,0.9553537797384756,0,0.9646190576854209,False,False,1.0,0.0,0.022924834408708638,1.3986464641075448e-06,0.021719987206351803,0.0,100
3273,We should abolish judicial activism,"[['A', 'B', 'C', 'D', 'E'], ['A', 'B', 'C', 'D', 'E']]",B,0.8378084136587587,0,0.9102598817505984,False,False,0.0,0.13489661023648053,0.0,0.0009602491076014498,0.026334726997159396,0.0,100
3273,We should abolish judicial activism,"[['A', 'B', 'C', 'D', 'E'], ['A', 'B', 'C', 'D', 'E']]",C,0.20558390531712448,0,0.29773770439639224,False,False,0.0,0.0,0.0,0.0,0.0,0.7944160946828757,100
3273,We should abolish judicial activism,"[['A', 'B', 'C', 'D', 'E'], ['A', 'B', 'C', 'D', 'E']]",D,0.00041710912806512825,0,0.0005821973315341413,False,False,0.0,0.004853015748798022,0.0,7.229512511707141e-06,0.9947226456106253,0.0,100
3273,We should abolish judicial activism,"[['A', 'B', 'C', 'D', 'E'], ['A', 'B', 'C', 'D', 'E']]",E,0.014141643029134234,0,0.02092137711982823,False,False,0.0,0.0,0.0003084884275351554,5.004969421857611e-06,0.9855448635739087,0.0,100
3636,We should ban billboards,"[['A', 'B', 'C', 'D', 'E'], ['A', 'B', 'C', 'D', 'E']]",A,0.8945755192732954,0,0.9107243105889773,False,False,0.0,0.0,0.10200099346197801,5.161648941968138e-07,0.0034229710998323667,0.0,100
3636,We should ban billboards,"[['A', 'B', 'C', 'D', 'E'], ['A', 'B', 'C', 'D', 'E']]",B,0.44107387271639836,0,0.51872512976757,False,False,0.0,0.5564028013197473,0.0,1.2858267378678158e-05,0.00251046769647555,0.0,100
3636,We should ban billboards,"[['A', 'B', 'C', 'D', 'E'], ['A', 'B', 'C', 'D', 'E']]",C,0.411667830625369,0,0.5064525311772515,False,False,0.0,0.0,0.0,0.0,0.0,0.588332169374631,100
3636,We should ban billboards,"[['A', 'B', 'C', 'D', 'E'], ['A', 'B', 'C', 'D', 'E']]",D,0.828442760074647,0,0.8766426272937077,False,False,0.0,0.01244232637410856,0.0,0.00024302407713162712,0.15887188947411282,0.0,100
3636,We should ban billboards,"[['A', 'B', 'C', 'D', 'E'], ['A', 'B', 'C', 'D', 'E']]",E,0.02667738041009422,0,0.04388557446783491,False,False,0.0,0.0,0.5201901806748046,0.00024307029697714157,0.452889368618124,0.0,100
2765,We should ban media conglomerates,"[['A', 'B', 'C', 'D', 'E'], ['A', 'B', 'C', 'D', 'E']]",A,0.9470338581288296,0,0.9572917642811419,False,False,0.0,0.0,0.05260612238046934,3.3972030511987917e-07,0.00035967977039597256,0.0,100
2765,We should ban media conglomerates,"[['A', 'B', 'C', 'D', 'E'], ['A', 'B', 'C', 'D', 'E']]",B,0.10931926965143919,0,0.1495361370991371,False,False,0.0,0.8902694867832867,0.0,2.4035848341127727e-06,0.00040883998044019787,0.0,100
2765,We should ban media conglomerates,"[['A', 'B', 'C', 'D', 'E'], ['A', 'B', 'C', 'D', 'E']]",C,0.07352064621547455,0,0.13062456509922615,False,False,0.0,0.0,0.0,0.0,0.0,0.9264793537845254,100
2765,We should ban media conglomerates,"[['A', 'B', 'C', 'D', 'E'], ['A', 'B', 'C', 'D', 'E']]",D,0.3821058349272939,0,0.4600809051477513,False,False,0.0,0.05665384447573043,0.0,0.00012189293299933087,0.5611184276639762,0.0,100
2765,We should ban media conglomerates,"[['A', 'B', 'C', 'D', 'E'], ['A', 'B', 'C', 'D', 'E']]",E,0.002033756043581711,0,0.005485835115616685,False,False,0.0,0.0,0.011128792762621846,1.5668668811693185e-06,0.9868358843269153,0.0,100
3977,We should ban rodenticide,"[['A', 'B', 'C', 'D', 'E'], ['A', 'B', 'C', 'D', 'E']]",A,0.9731664356765277,0,0.9838852145609823,False,False,1.0,0.0,0.026673665390094935,0.0,0.00015989893337746156,0.0,100
3977,We should ban rodenticide,"[['A', 'B', 'C', 'D', 'E'], ['A', 'B', 'C', 'D', 'E']]",B,0.17638841738681685,0,0.2468073789351257,False,False,0.0,0.8210664129182221,0.0,3.9609297823391863e-05,0.0025055603971376873,0.0,100
3977,We should ban rodenticide,"[['A', 'B', 'C', 'D', 'E'], ['A', 'B', 'C', 'D', 'E']]",C,0.25563631634295814,0,0.34097841950565627,False,False,0.0,0.0,0.0,0.0,0.0,0.7443636836570423,100
3977,We should ban rodenticide,"[['A', 'B', 'C', 'D', 'E'], ['A', 'B', 'C', 'D', 'E']]",D,0.2829023242138975,0,0.35520980193843626,False,False,0.0,0.3736144919925901,0.0,0.0001277183932965556,0.34335546540021566,0.0,100
3977,We should ban rodenticide,"[['A', 'B', 'C', 'D', 'E'], ['A', 'B', 'C', 'D', 'E']]",E,0.47785042452879084,0,0.5403714581524829,False,False,0.0,0.0,0.12514463346222712,8.411822919233286e-05,0.39692082377978993,0.0,100
3518,We should ban the use of petroleum,"[['A', 'B', 'C', 'D', 'E'], ['A', 'B', 'C', 'D', 'E']]",A,0.8245873690565608,0,0.8598727044229009,False,False,0.0,0.0,0.16687874966593289,0.0,0.008533881277506318,0.0,100
3518,We should ban the use of petroleum,"[['A', 'B', 'C', 'D', 'E'], ['A', 'B', 'C', 'D', 'E']]",B,0.8081893621467645,0,0.8748193215028359,False,False,0.0,0.19128703813587655,0.0,6.734830297371558e-07,0.0005229262343291369,0.0,100
3518,We should ban the use of petroleum,"[['A', 'B', 'C', 'D', 'E'], ['A', 'B', 'C', 'D', 'E']]",C,0.11136700804362684,0,0.18080260991910804,False,False,0.0,0.0,0.0,0.0,0.0,0.8886329919563732,100
3518,We should ban the use of petroleum,"[['A', 'B', 'C', 'D', 'E'], ['A', 'B', 'C', 'D', 'E']]",D,0.8634423178009802,0,0.8923666578290794,False,False,0.0,0.10836777434591584,0.0,0.0001425369615455344,0.02804737089155834,0.0,100
3518,We should ban the use of petroleum,"[['A', 'B', 'C', 'D', 'E'], ['A', 'B', 'C', 'D', 'E']]",E,0.1250839808995713,0,0.17393234507161953,False,False,0.0,0.0,0.5886809452751326,7.650053052030706e-05,0.28615857329477584,0.0,100
3705,We should close the sex offender registry,"[['A', 'B', 'C', 'D', 'E'], ['A', 'B', 'C', 'D', 'E']]",A,0.6560901736462198,0,0.7270361857914549,False,False,0.0,0.0,0.3397497419242791,4.943608630994754e-06,0.004155140820870054,0.0,100
3705,We should close the sex offender registry,"[['A', 'B', 'C', 'D', 'E'], ['A', 'B', 'C', 'D', 'E']]",B,0.6613718905591874,0,0.7533477265841748,False,False,0.0,0.001910833067434957,0.0,1.2481645589725221e-05,0.3367047947277878,0.0,100
3705,We should close the sex offender registry,"[['A', 'B', 'C', 'D', 'E'], ['A', 'B', 'C', 'D', 'E']]",C,0.2518933755164495,0,0.3416062903015481,False,False,0.0,0.0,0.0,0.0,0.0,0.7481066244835505,100
3705,We should close the sex offender registry,"[['A', 'B', 'C', 'D', 'E'], ['A', 'B', 'C', 'D', 'E']]",D,0.0008147528946327993,0,0.0012062067821444356,False,False,0.0,0.18145544582345824,0.0,4.4932453391090403e-07,0.8177293519573748,0.0,100
3705,We should close the sex offender registry,"[['A', 'B', 'C', 'D', 'E'], ['A', 'B', 'C', 'D', 'E']]",E,0.21161435620971342,0,0.2742686028753726,False,False,0.0,0.0,0.0006398008495624109,1.1145105973399686e-07,0.7877457314896645,0.0,100
3459,We should fight environmental degradation,"[['A', 'B', 'C', 'D', 'E'], ['A', 'B', 'C', 'D', 'E']]",A,0.9953187534695915,0,0.9972289715278776,False,False,1.0,0.0,0.004656981599301356,0.0,2.4264931106951123e-05,0.0,100
3459,We should fight environmental degradation,"[['A', 'B', 'C', 'D', 'E'], ['A', 'B', 'C', 'D', 'E']]",B,0.021570897698894552,0,0.031162605661730937,False,False,0.0,0.9784223294146588,0.0,0.0,6.772886446516813e-06,0.0,100
3459,We should fight environmental degradation,"[['A', 'B', 'C', 'D', 'E'], ['A', 'B', 'C', 'D', 'E']]",C,0.2049704284237892,0,0.29410310787500915,False,False,0.0,0.0,0.0,0.0,0.0,0.7950295715762108,100
3459,We should fight environmental degradation,"[['A', 'B', 'C', 'D', 'E'], ['A', 'B', 'C', 'D', 'E']]",D,0.40640569276735033,0,0.4912501110196699,False,False,0.0,0.25445493441797123,0.0,0.00812980056712919,0.3310095722475493,0.0,100
3459,We should fight environmental degradation,"[['A', 'B', 'C', 'D', 'E'], ['A', 'B', 'C', 'D', 'E']]",E,0.31344462177310567,0,0.4164737367722521,False,False,0.0,0.0,0.08082459233730069,0.0014801990134872198,0.6042505868761063,0.0,100
3490,We should further exploit filibusters,"[['A', 'B', 'C', 'D', 'E'], ['A', 'B', 'C', 'D', 'E']]",A,0.33212423541917274,0,0.38534184350297007,False,False,0.0,0.0,0.6678048213246585,1.0195697624843872e-05,6.074755854398399e-05,0.0,100
3490,We should further exploit filibusters,"[['A', 'B', 'C', 'D', 'E'], ['A', 'B', 'C', 'D', 'E']]",B,0.9696696769886854,0,0.9801401666456578,False,False,1.0,0.03031306118028941,0.0,9.063050479172613e-06,8.198780546014808e-06,0.0,100
3490,We should further exploit filibusters,"[['A', 'B', 'C', 'D', 'E'], ['A', 'B', 'C', 'D', 'E']]",C,0.36396505258150996,0,0.47232711162550756,False,False,0.0,0.0,0.0,0.0,0.0,0.6360349474184901,100
3490,We should further exploit filibusters,"[['A', 'B', 'C', 'D', 'E'], ['A', 'B', 'C', 'D', 'E']]",D,0.00014436813763481652,0,0.00017516033329371592,False,False,0.0,0.999797686304208,0.0,1.3779790706058387e-06,5.656757908669766e-05,0.0,100
3490,We should further exploit filibusters,"[['A', 'B', 'C', 'D', 'E'], ['A', 'B', 'C', 'D', 'E']]",E,0.9995411581440794,0,0.9997645284463276,False,False,1.0,0.0,9.334962230754114e-05,9.205701598526048e-07,0.00036457166345308934,0.0,100
3902,We should further exploit genetic engineering,"[['A', 'B', 'C', 'D', 'E'], ['A', 'B', 'C', 'D', 'E']]",A,0.5246561897322062,0,0.5822185772465478,False,False,0.0,0.0,0.47534004764126836,0.0,3.7626265254301608e-06,0.0,100
3902,We should further exploit genetic engineering,"[['A', 'B', 'C', 'D', 'E'], ['A', 'B', 'C', 'D', 'E']]",B,0.758293029965032,0,0.8049615815713063,False,False,0.0,0.24170679424505057,0.0,5.764889814367952e-08,1.1814101926867229e-07,0.0,100
3902,We should further exploit genetic engineering,"[['A', 'B', 'C', 'D', 'E'], ['A', 'B', 'C', 'D', 'E']]",C,0.5316623764504705,0,0.6400599830648491,False,False,0.0,0.0,0.0,0.0,0.0,0.46833762354952957,100
3902,We should further exploit genetic engineering,"[['A', 'B', 'C', 'D', 'E'], ['A', 'B', 'C', 'D', 'E']]",D,0.0630810701590207,0,0.09456006861707404,False,False,0.0,0.7639445984461818,0.0,9.778110353239462e-05,0.17287655029126486,0.0,100
3902,We should further exploit genetic engineering,"[['A', 'B', 'C', 'D', 'E'], ['A', 'B', 'C', 'D', 'E']]",E,0.9513456498451264,0,0.9771719337857612,False,False,1.0,0.0,0.010147365827905866,4.3450916189128306e-05,0.038463533410778517,0.0,100
3939,We should increase historic preservation,"[['A', 'B', 'C', 'D', 'E'], ['A', 'B', 'C', 'D', 'E']]",A,0.8943239453081011,0,0.9223864570253567,False,False,0.0,0.0,0.10567578075898691,0.0,2.739329120693673e-07,0.0,100
3939,We should increase historic preservation,"[['A', 'B', 'C', 'D', 'E'], ['A', 'B', 'C', 'D', 'E']]",B,0.179427685722731,0,0.21771850621449684,False,False,0.0,0.8205722471118471,0.0,0.0,6.716542199960798e-08,0.0,100
3939,We should increase historic preservation,"[['A', 'B', 'C', 'D', 'E'], ['A', 'B', 'C', 'D', 'E']]",C,0.2625446033179253,0,0.36244878685885745,False,False,0.0,0.0,0.0,0.0,0.0,0.7374553966820747,100
3939,We should increase historic preservation,"[['A', 'B', 'C', 'D', 'E'], ['A', 'B', 'C', 'D', 'E']]",D,0.9435974289587008,0,0.9692075510030899,False,False,0.0,0.011706829844148479,0.0,0.005038890717248234,0.039656850479902445,0.0,100
3939,We should increase historic preservation,"[['A', 'B', 'C', 'D', 'E'], ['A', 'B', 'C', 'D', 'E']]",E,0.3297237935886371,0,0.40918462224837365,False,False,0.0,0.0,0.664271195730166,0.0004998590222473582,0.005505151658949623,0.0,100
3252,We should increase mixed-use development,"[['A', 'B', 'C', 'D', 'E'], ['A', 'B', 'C', 'D', 'E']]",A,0.9153199332713017,0,0.9355179856940506,False,False,0.0,0.0,0.08468006179270962,0.0,4.935988828305131e-09,0.0,100
3252,We should increase mixed-use development,"[['A', 'B', 'C', 'D', 'E'], ['A', 'B', 'C', 'D', 'E']]",B,0.10199910493459535,0,0.1274068972628382,False,False,0.0,0.8980008950654047,0.0,0.0,0.0,0.0,100
3252,We should increase mixed-use development,"[['A', 'B', 'C', 'D', 'E'], ['A', 'B', 'C', 'D', 'E']]",C,0.487562162034979,0,0.5942671728423464,False,False,0.0,0.0,0.0,0.0,0.0,0.5124378379650211,100
3252,We should increase mixed-use development,"[['A', 'B', 'C', 'D', 'E'], ['A', 'B', 'C', 'D', 'E']]",D,0.2569799217523581,0,0.30214700996837357,False,False,0.0,0.6947037086204396,0.0,0.00020625211065985498,0.04811011751654206,0.0,100
3252,We should increase mixed-use development,"[['A', 'B', 'C', 'D', 'E'], ['A', 'B', 'C', 'D', 'E']]",E,0.8386997058889035,0,0.8775859937493449,False,False,0.0,0.0,0.12899953748087767,0.00013734894345428556,0.03216340768676452,0.0,100
3750,We should increase public space,"[['A', 'B', 'C', 'D', 'E'], ['A', 'B', 'C', 'D', 'E']]",A,0.9567172526014506,0,0.9705690020344181,False,False,1.0,0.0,0.043282599127209026,0.0,1.482713405426286e-07,0.0,100
3750,We should increase public space,"[['A', 'B', 'C', 'D', 'E'], ['A', 'B', 'C', 'D', 'E']]",B,0.08326137667505396,0,0.10609316945503282,False,False,0.0,0.916738623324946,0.0,0.0,0.0,0.0,100
3750,We should increase public space,"[['A', 'B', 'C', 'D', 'E'], ['A', 'B', 'C', 'D', 'E']]",C,0.2511506243842576,0,0.3298451082889962,False,False,0.0,0.0,0.0,0.0,0.0,0.7488493756157424,100
3750,We should increase public space,"[['A', 'B', 'C', 'D', 'E'], ['A', 'B', 'C', 'D', 'E']]",D,0.5543778725134016,0,0.6256470265182376,False,False,0.0,0.4096522725426023,0.0,0.00031830591036854044,0.03565154903362752,0.0,100
3750,We should increase public space,"[['A', 'B', 'C', 'D', 'E'], ['A', 'B', 'C', 'D', 'E']]",E,0.615196632848971,0,0.6900067278042465,False,False,0.0,0.0,0.36615769327604597,0.00012788745320444566,0.018517786421778638,0.0,100
4124,We should increase the use of artificial insemination,"[['A', 'B', 'C', 'D', 'E'], ['A', 'B', 'C', 'D', 'E']]",A,0.10036179855774449,0,0.12711099899439646,False,False,0.0,0.0,0.899637703478549,1.718585922170306e-07,3.2610511424680884e-07,0.0,100
4124,We should increase the use of artificial insemination,"[['A', 'B', 'C', 'D', 'E'], ['A', 'B', 'C', 'D', 'E']]",B,0.9452293154205148,0,0.9575890227783598,False,False,0.0,0.05477001191975886,0.0,5.792902835089286e-07,9.336944291774741e-08,0.0,100
4124,We should increase the use of artificial insemination,"[['A', 'B', 'C', 'D', 'E'], ['A', 'B', 'C', 'D', 'E']]",C,0.9657802751947401,0,0.9946482432136408,False,True,1.0,0.0,0.0,0.0,0.0,0.03421972480525993,100
4124,We should increase the use of artificial insemination,"[['A', 'B', 'C', 'D', 'E'], ['A', 'B', 'C', 'D', 'E']]",D,0.09341147274078543,0,0.12060841705443624,False,False,0.0,0.7146547036470499,0.0,0.0001889246525192455,0.19174489895964547,0.0,100
4124,We should increase the use of artificial insemination,"[['A', 'B', 'C', 'D', 'E'], ['A', 'B', 'C', 'D', 'E']]",E,0.7731935441984684,0,0.8435949861888965,False,False,0.0,0.0,0.030929213621162695,0.00011409566469703373,0.1957631465156717,0.0,100
3450,We should increase the use of credit unions,"[['A', 'B', 'C', 'D', 'E'], ['A', 'B', 'C', 'D', 'E']]",A,0.6694918298449898,0,0.7121755451889126,False,False,0.0,0.0,0.3305078781351786,0.0,2.920198312508869e-07,0.0,100
3450,We should increase the use of credit unions,"[['A', 'B', 'C', 'D', 'E'], ['A', 'B', 'C', 'D', 'E']]",B,0.5232956927781571,0,0.577109823135285,False,False,0.0,0.4767042748149729,0.0,0.0,3.2406869961488825e-08,0.0,100
3450,We should increase the use of credit unions,"[['A', 'B', 'C', 'D', 'E'], ['A', 'B', 'C', 'D', 'E']]",C,0.3243027292123271,0,0.4301394366408936,False,False,0.0,0.0,0.0,0.0,0.0,0.675697270787673,100
3450,We should increase the use of credit unions,"[['A', 'B', 'C', 'D', 'E'], ['A', 'B', 'C', 'D', 'E']]",D,0.7616652321387796,0,0.8179412372539279,False,False,0.0,0.23275018527522906,0.0,0.0009259802836981617,0.004658602302293343,0.0,100
3450,We should increase the use of credit unions,"[['A', 'B', 'C', 'D', 'E'], ['A', 'B', 'C', 'D', 'E']]",E,0.4968440728259257,0,0.5716569882277731,False,False,0.0,0.0,0.49414563038089127,0.00017745548790147316,0.008832841305281515,0.0,100
3202,We should introduce the alternative vote,"[['A', 'B', 'C', 'D', 'E'], ['A', 'B', 'C', 'D', 'E']]",A,0.8038468980443042,0,0.8322726873689347,False,False,0.0,0.0,0.19614384543035307,0.0,9.256525342861734e-06,0.0,100
3202,We should introduce the alternative vote,"[['A', 'B', 'C', 'D', 'E'], ['A', 'B', 'C', 'D', 'E']]",B,0.22844386459218058,0,0.2628596552826622,False,False,0.0,0.7715475320234023,0.0,0.0,8.603384417000641e-06,0.0,100
3202,We should introduce the alternative vote,"[['A', 'B', 'C', 'D', 'E'], ['A', 'B', 'C', 'D', 'E']]",C,0.07929079436953812,0,0.14207560816216513,False,False,0.0,0.0,0.0,0.0,0.0,0.9207092056304618,100
3202,We should introduce the alternative vote,"[['A', 'B', 'C', 'D', 'E'], ['A', 'B', 'C', 'D', 'E']]",D,0.14580259989530908,0,0.183995464502404,False,False,0.0,0.8519892737271229,0.0,5.539027529983284e-05,0.002152736102268053,0.0,100
3202,We should introduce the alternative vote,"[['A', 'B', 'C', 'D', 'E'], ['A', 'B', 'C', 'D', 'E']]",E,0.9564794751129084,0,0.9763339600098602,False,False,1.0,0.0,0.04241106947370617,2.3274650540492915e-05,0.0010861807628449844,0.0,100
3924,We should limit Hydrocarbon exploration,"[['A', 'B', 'C', 'D', 'E'], ['A', 'B', 'C', 'D', 'E']]",A,0.8889727620096489,0,0.9160239608114888,False,False,0.0,0.0,0.10994963648506655,0.0,0.0010776015052845287,0.0,100
3924,We should limit Hydrocarbon exploration,"[['A', 'B', 'C', 'D', 'E'], ['A', 'B', 'C', 'D', 'E']]",B,0.12489952088563026,0,0.1559840784644532,False,False,0.0,0.8746842831443391,0.0,0.0,0.00041619597003063726,0.0,100
3924,We should limit Hydrocarbon exploration,"[['A', 'B', 'C', 'D', 'E'], ['A', 'B', 'C', 'D', 'E']]",C,0.36434638247508633,0,0.4713079639015031,False,False,0.0,0.0,0.0,0.0,0.0,0.6356536175249137,100
3924,We should limit Hydrocarbon exploration,"[['A', 'B', 'C', 'D', 'E'], ['A', 'B', 'C', 'D', 'E']]",D,0.0941441154369013,0,0.1332025400591036,False,False,0.0,0.4530458872234244,0.0,2.689211361220819e-05,0.452783105226062,0.0,100
3924,We should limit Hydrocarbon exploration,"[['A', 'B', 'C', 'D', 'E'], ['A', 'B', 'C', 'D', 'E']]",E,0.09442627858759912,0,0.15103871438050162,False,False,0.0,0.0,0.012436764215415796,3.914074728319275e-06,0.8931330431222568,0.0,100
3674,We should limit judicial review,"[['A', 'B', 'C', 'D', 'E'], ['A', 'B', 'C', 'D', 'E']]",A,0.1952586471095201,0,0.23616358195047993,False,False,0.0,0.0,0.6226174322865395,0.000120461877492381,0.182003458726448,0.0,100
3674,We should limit judicial review,"[['A', 'B', 'C', 'D', 'E'], ['A', 'B', 'C', 'D', 'E']]",B,0.8631589452177082,0,0.9220867659601635,False,False,0.0,0.04171901014738938,0.0,7.049029349790772e-05,0.09505155434140455,0.0,100
3674,We should limit judicial review,"[['A', 'B', 'C', 'D', 'E'], ['A', 'B', 'C', 'D', 'E']]",C,0.2316347970534024,0,0.3275640886175515,False,False,0.0,0.0,0.0,0.0,0.0,0.7683652029465975,100
3674,We should limit judicial review,"[['A', 'B', 'C', 'D', 'E'], ['A', 'B', 'C', 'D', 'E']]",D,0.00016937708896372892,0,0.0002512411771131781,False,False,0.0,0.9202001203791077,0.0,6.713648479463327e-07,0.07962983116708042,0.0,100
3674,We should limit judicial review,"[['A', 'B', 'C', 'D', 'E'], ['A', 'B', 'C', 'D', 'E']]",E,0.9155847433954554,0,0.9575623430415368,False,False,0.0,0.0,6.413322714574025e-05,4.087453526460048e-07,0.08435071463204645,0.0,100
3633,We should not subsidize athletes,"[['A', 'B', 'C', 'D', 'E'], ['A', 'B', 'C', 'D', 'E']]",A,0.14957602745553408,0,0.1916770089954808,False,False,0.0,0.0,0.16771733814062031,5.253530713542349e-05,0.6826540990967103,0.0,100
3633,We should not subsidize athletes,"[['A', 'B', 'C', 'D', 'E'], ['A', 'B', 'C', 'D', 'E']]",B,0.909745122245597,0,0.9643068604999476,False,False,0.0,0.01811773266611666,0.0,8.661116380045683e-05,0.07205053392448586,0.0,100
3633,We should not subsidize athletes,"[['A', 'B', 'C', 'D', 'E'], ['A', 'B', 'C', 'D', 'E']]",C,0.4240597440702593,0,0.5330222586242274,False,False,0.0,0.0,0.0,0.0,0.0,0.5759402559297407,100
3633,We should not subsidize athletes,"[['A', 'B', 'C', 'D', 'E'], ['A', 'B', 'C', 'D', 'E']]",D,0.0065815412338960655,0,0.010104652616192422,False,False,0.0,0.5062868676693243,0.0,3.824063912566021e-05,0.48709335045765395,0.0,100
3633,We should not subsidize athletes,"[['A', 'B', 'C', 'D', 'E'], ['A', 'B', 'C', 'D', 'E']]",E,0.6968772351043334,0,0.7604631803675534,False,False,0.0,0.0,0.0058285438288351275,3.975132035478138e-05,0.2972544697464766,0.0,100
3432,We should prohibit bailouts,"[['A', 'B', 'C', 'D', 'E'], ['A', 'B', 'C', 'D', 'E']]",A,0.9461941497133936,0,0.9640548683986198,False,False,0.0,0.0,0.024200321706040542,1.2215709033945016e-07,0.029605406423475623,0.0,100
3432,We should prohibit bailouts,"[['A', 'B', 'C', 'D', 'E'], ['A', 'B', 'C', 'D', 'E']]",B,0.3999253680375531,0,0.4961677726124438,False,False,0.0,0.5480449582043437,0.0,0.0003684275989955511,0.051661246159107665,0.0,100
3432,We should prohibit bailouts,"[['A', 'B', 'C', 'D', 'E'], ['A', 'B', 'C', 'D', 'E']]",C,0.3829120958751019,0,0.4885659360376632,False,False,0.0,0.0,0.0,0.0,0.0,0.6170879041248981,100
3432,We should prohibit bailouts,"[['A', 'B', 'C', 'D', 'E'], ['A', 'B', 'C', 'D', 'E']]",D,3.514545418081436e-05,0,4.359286388577547e-05,False,False,0.0,0.09392111344991112,0.0,3.215478931507705e-07,0.9060434195480148,0.0,100
3432,We should prohibit bailouts,"[['A', 'B', 'C', 'D', 'E'], ['A', 'B', 'C', 'D', 'E']]",E,0.14135330517540948,0,0.19083275502322616,False,False,0.0,0.0,3.4325839401238046e-05,3.32532706757471e-07,0.8586120364524825,0.0,100
3743,We should prohibit over the counter drugs,"[['A', 'B', 'C', 'D', 'E'], ['A', 'B', 'C', 'D', 'E']]",A,0.3801443359032769,0,0.441406250973724,False,False,0.0,0.0,0.5820162535959879,1.0773920628237283e-05,0.037828636580107024,0.0,100
3743,We should prohibit over the counter drugs,"[['A', 'B', 'C', 'D', 'E'], ['A', 'B', 'C', 'D', 'E']]",B,0.8839482535041596,0,0.9501997923599572,False,False,0.0,0.008590663857789983,0.0,3.430526309659925e-05,0.10742677737495387,0.0,100
3743,We should prohibit over the counter drugs,"[['A', 'B', 'C', 'D', 'E'], ['A', 'B', 'C', 'D', 'E']]",C,0.3600021002548031,0,0.45029914577654123,False,False,0.0,0.0,0.0,0.0,0.0,0.6399978997451968,100
3743,We should prohibit over the counter drugs,"[['A', 'B', 'C', 'D', 'E'], ['A', 'B', 'C', 'D', 'E']]",D,0.5715083012781542,0,0.649416654707092,False,False,0.0,0.3469925847636064,0.0,5.6668362270858135e-05,0.08144244559596853,0.0,100
3743,We should prohibit over the counter drugs,"[['A', 'B', 'C', 'D', 'E'], ['A', 'B', 'C', 'D', 'E']]",E,0.12520089602702927,0,0.18483627170122294,False,False,0.0,0.0,0.2861729442168116,5.847177298493741e-05,0.5885676879831742,0.0,100
2463,We should prohibit school prayer,"[['A', 'B', 'C', 'D', 'E'], ['A', 'B', 'C', 'D', 'E']]",A,0.9688581174269292,0,0.9779549914495178,False,False,1.0,0.0,0.020257996150507652,2.8583231742419937e-06,0.010881028099388956,0.0,100
2463,We should prohibit school prayer,"[['A', 'B', 'C', 'D', 'E'], ['A', 'B', 'C', 'D', 'E']]",B,0.5273551354750281,0,0.631844147997993,False,False,0.0,0.4435167418466935,0.0,0.0001568671940613652,0.02897125548421699,0.0,100
2463,We should prohibit school prayer,"[['A', 'B', 'C', 'D', 'E'], ['A', 'B', 'C', 'D', 'E']]",C,0.24048904120109962,0,0.32240476419806974,False,False,0.0,0.0,0.0,0.0,0.0,0.7595109587989003,100
2463,We should prohibit school prayer,"[['A', 'B', 'C', 'D', 'E'], ['A', 'B', 'C', 'D', 'E']]",D,0.005620015024432257,0,0.00957207619501975,False,False,0.0,0.5861285408697556,0.0,9.948702386194336e-06,0.4082414954034259,0.0,100
2463,We should prohibit school prayer,"[['A', 'B', 'C', 'D', 'E'], ['A', 'B', 'C', 'D', 'E']]",E,0.2722129856347607,0,0.36338986878489277,False,False,0.0,0.0,0.01026634275887558,1.3084125613262342e-05,0.7175075874807506,0.0,100
3241,We should prohibit tabloid journalism,"[['A', 'B', 'C', 'D', 'E'], ['A', 'B', 'C', 'D', 'E']]",A,0.872393093407715,0,0.8954166337681863,False,False,0.0,0.0,0.12575592188053003,1.9887776563379072e-07,0.0018507858339894027,0.0,100
3241,We should prohibit tabloid journalism,"[['A', 'B', 'C', 'D', 'E'], ['A', 'B', 'C', 'D', 'E']]",B,0.26028537038565625,0,0.3033929907273267,False,False,0.0,0.723034382862927,0.0,3.515715357278409e-05,0.016645089597843988,0.0,100
3241,We should prohibit tabloid journalism,"[['A', 'B', 'C', 'D', 'E'], ['A', 'B', 'C', 'D', 'E']]",C,0.013140008435680259,0,0.019624793929831956,False,False,0.0,0.0,0.0,0.0,0.0,0.9868599915643198,100
3241,We should prohibit tabloid journalism,"[['A', 'B', 'C', 'D', 'E'], ['A', 'B', 'C', 'D', 'E']]",D,0.37290925289537086,0,0.45201349234163446,False,False,0.0,0.007076609455305952,0.0,0.0005557710035125173,0.6194583666458107,0.0,100
3241,We should prohibit tabloid journalism,"[['A', 'B', 'C', 'D', 'E'], ['A', 'B', 'C', 'D', 'E']]",E,0.0033513411083879114,0,0.00574468632329248,False,False,0.0,0.0,0.0844752217055098,0.00018292704993074201,0.9119905101361716,0.0,100
3656,We should subsidize financial advisors,"[['A', 'B', 'C', 'D', 'E'], ['A', 'B', 'C', 'D', 'E']]",A,0.120920951635737,0,0.1443301899088772,False,False,0.0,0.0,0.879078561505637,2.485475890166219e-07,2.3831103695827425e-07,0.0,100
3656,We should subsidize financial advisors,"[['A', 'B', 'C', 'D', 'E'], ['A', 'B', 'C', 'D', 'E']]",B,0.9518068730290353,0,0.963521438809633,False,False,1.0,0.048192800460988075,0.0,2.339454068610462e-07,9.256456979958798e-08,0.0,100
3656,We should subsidize financial advisors,"[['A', 'B', 'C', 'D', 'E'], ['A', 'B', 'C', 'D', 'E']]",C,0.17206481536357102,0,0.2607854138054609,False,False,0.0,0.0,0.0,0.0,0.0,0.827935184636429,100
3656,We should subsidize financial advisors,"[['A', 'B', 'C', 'D', 'E'], ['A', 'B', 'C', 'D', 'E']]",D,0.029767942050527307,0,0.04599867363425446,False,False,0.0,0.9488091386838831,0.0,5.4881835579636514e-05,0.021368037430009965,0.0,100
3656,We should subsidize financial advisors,"[['A', 'B', 'C', 'D', 'E'], ['A', 'B', 'C', 'D', 'E']]",E,0.9661463126406948,0,0.9851757591744293,False,False,1.0,0.0,0.018183851943322716,3.164466491247635e-05,0.015638190751069883,0.0,100
3541,We should subsidize scholarships,"[['A', 'B', 'C', 'D', 'E'], ['A', 'B', 'C', 'D', 'E']]",A,0.9646301017535004,0,0.9778114640953451,False,False,1.0,0.0,0.03536966473521005,0.0,2.3351128975888082e-07,0.0,100
3541,We should subsidize scholarships,"[['A', 'B', 'C', 'D', 'E'], ['A', 'B', 'C', 'D', 'E']]",B,0.13415559650240289,0,0.17428532162309018,False,False,0.0,0.865844327232691,0.0,0.0,7.626490613025717e-08,0.0,100
3541,We should subsidize scholarships,"[['A', 'B', 'C', 'D', 'E'], ['A', 'B', 'C', 'D', 'E']]",C,0.29665271845637503,0,0.3923663384726948,False,False,0.0,0.0,0.0,0.0,0.0,0.7033472815436249,100
3541,We should subsidize scholarships,"[['A', 'B', 'C', 'D', 'E'], ['A', 'B', 'C', 'D', 'E']]",D,0.2020820140263021,0,0.25178528349591167,False,False,0.0,0.6599894434070158,0.0,0.0003247403133668812,0.13760380225331523,0.0,100
3541,We should subsidize scholarships,"[['A', 'B', 'C', 'D', 'E'], ['A', 'B', 'C', 'D', 'E']]",E,0.8068890895139019,0,0.8626944288617737,False,False,0.0,0.0,0.060940635289568376,0.00018777322988700488,0.13198250196664285,0.0,100
4212,We should subsidize space exploration,"[['A', 'B', 'C', 'D', 'E'], ['A', 'B', 'C', 'D', 'E']]",A,0.5312663892651629,0,0.5883843846007555,False,False,0.0,0.0,0.46873353124753103,0.0,7.948730614516649e-08,0.0,100
4212,We should subsidize space exploration,"[['A', 'B', 'C', 'D', 'E'], ['A', 'B', 'C', 'D', 'E']]",B,0.6715611198833515,0,0.7226847037081437,False,False,0.0,0.3284388420871991,0.0,0.0,3.8029449363558165e-08,0.0,100
4212,We should subsidize space exploration,"[['A', 'B', 'C', 'D', 'E'], ['A', 'B', 'C', 'D', 'E']]",C,0.32474417143729467,0,0.42173661966707615,False,False,0.0,0.0,0.0,0.0,0.0,0.6752558285627053,100
4212,We should subsidize space exploration,"[['A', 'B', 'C', 'D', 'E'], ['A', 'B', 'C', 'D', 'E']]",D,0.7028946298104143,0,0.7498656132122181,False,False,0.0,0.15895588771503377,0.0,0.00022851063417746303,0.1379209718403745,0.0,100
4212,We should subsidize space exploration,"[['A', 'B', 'C', 'D', 'E'], ['A', 'B', 'C', 'D', 'E']]",E,0.29113643585702603,0,0.3428666675220793,False,False,0.0,0.0,0.5982328850152144,0.0001982809468514449,0.11043239818090812,0.0,100
