Proposition_ID,Proposition,Perm,Letter,Mean,CI_low,CI_high,Includes_1,Includes_1_bonferroni,Success_rate,Mean_Pol,Mean_Mod,Mean_ModNeut,Mean_Flip,Mean_Dev,N_valid
1161,We should ban cosmetic surgery,"[['A', 'B', 'C', 'D', 'E'], ['A', 'B', 'C', 'D', 'E']]",A,0.989999996140522,0,1.0136460546562711,True,True,1.0,0.0,2.2337301986376955e-09,1.0083590709174999e-11,0.01000000161566423,0.0,100
1161,We should ban cosmetic surgery,"[['A', 'B', 'C', 'D', 'E'], ['A', 'B', 'C', 'D', 'E']]",B,0.0046812842255337704,0,0.011323883153063997,False,False,0.0,8.444235197871043e-07,0.0,0.00840542491184311,0.9869124464391034,0.0,100
1161,We should ban cosmetic surgery,"[['A', 'B', 'C', 'D', 'E'], ['A', 'B', 'C', 'D', 'E']]",C,0.5786552238052718,0,0.6891470192244591,False,False,0.0,0.0,0.0,0.0,0.0,0.42134477619472827,100
1161,We should ban cosmetic surgery,"[['A', 'B', 'C', 'D', 'E'], ['A', 'B', 'C', 'D', 'E']]",D,0.8334449208606475,0,0.9008150438750647,False,False,0.0,0.16655123664309923,0.0,3.6076262665876822e-06,2.3486998673424812e-07,0.0,100
1161,We should ban cosmetic surgery,"[['A', 'B', 'C', 'D', 'E'], ['A', 'B', 'C', 'D', 'E']]",E,0.5773167819225159,0,0.6592530275503096,False,False,0.0,0.0,0.42268112610900826,2.5930083041386458e-08,2.0660383927159403e-06,0.0,100
1661,We should ban school uniforms,"[['A', 'B', 'C', 'D', 'E'], ['A', 'B', 'C', 'D', 'E']]",A,0.9999999803333108,0,0.999999987508298,False,False,1.0,0.0,1.8179806921440066e-08,1.7081527274674745e-11,1.4698008186296855e-09,0.0,100
1661,We should ban school uniforms,"[['A', 'B', 'C', 'D', 'E'], ['A', 'B', 'C', 'D', 'E']]",B,0.2493121127440564,0,0.3358965134384263,False,False,0.0,0.32524208235916996,0.0,0.31388348792272003,0.1115623169740535,0.0,100
1661,We should ban school uniforms,"[['A', 'B', 'C', 'D', 'E'], ['A', 'B', 'C', 'D', 'E']]",C,0.994367740179892,0,1.0076607842691792,True,True,1.0,0.0,0.0,0.0,0.0,0.005632259820107901,100
1661,We should ban school uniforms,"[['A', 'B', 'C', 'D', 'E'], ['A', 'B', 'C', 'D', 'E']]",D,0.729401304303753,0,0.8250907811324206,False,False,0.0,0.22239196011668352,0.0,0.018237631152521635,0.029969104427041832,0.0,100
1661,We should ban school uniforms,"[['A', 'B', 'C', 'D', 'E'], ['A', 'B', 'C', 'D', 'E']]",E,0.9589112322445483,0,1.0002265953526268,True,True,1.0,0.0,0.01182437804148917,2.0307039048216288e-07,0.029264186643571954,0.0,100
1902,We should legalize ivory trade,"[['A', 'B', 'C', 'D', 'E'], ['A', 'B', 'C', 'D', 'E']]",A,0.9999634410704605,0,0.9999831070886126,False,False,1.0,0.0,3.6558803494202845e-05,9.104505902593958e-11,3.5000255819604356e-11,0.0,100
1902,We should legalize ivory trade,"[['A', 'B', 'C', 'D', 'E'], ['A', 'B', 'C', 'D', 'E']]",B,0.09277684538816752,0,0.14747444788071792,False,False,0.0,0.9068485669674063,0.0,0.0003744843843037103,1.0326012240627616e-07,0.0,100
1902,We should legalize ivory trade,"[['A', 'B', 'C', 'D', 'E'], ['A', 'B', 'C', 'D', 'E']]",C,0.9997496287228367,0,1.0002934929422123,True,True,1.0,0.0,0.0,0.0,0.0,0.00025037127716325496,100
1902,We should legalize ivory trade,"[['A', 'B', 'C', 'D', 'E'], ['A', 'B', 'C', 'D', 'E']]",D,1.6663439948656707e-08,0,2.5414087458462257e-08,False,False,0.0,0.9999999797266025,0.0,2.229437905671052e-11,3.5876633245756694e-09,0.0,100
1902,We should legalize ivory trade,"[['A', 'B', 'C', 'D', 'E'], ['A', 'B', 'C', 'D', 'E']]",E,0.9999999922178988,0,0.9999999952833278,False,False,1.0,0.0,6.622761426110987e-09,1.9943389501827028e-11,1.139396480866415e-09,0.0,100
2108,Surrogacy should be banned,"[['A', 'B', 'C', 'D', 'E'], ['A', 'B', 'C', 'D', 'E']]",A,0.8599999939539704,0,0.9424620962172272,False,False,0.0,0.0,2.380996666414887e-09,2.1464747264087011e-10,0.14000000345038544,0.0,100
2108,Surrogacy should be banned,"[['A', 'B', 'C', 'D', 'E'], ['A', 'B', 'C', 'D', 'E']]",B,1.0496075152498234e-06,0,2.7874361217439624e-06,False,False,0.0,3.799541707218494e-08,0.0,1.9007043272404863e-08,0.9999988933900245,0.0,100
2108,Surrogacy should be banned,"[['A', 'B', 'C', 'D', 'E'], ['A', 'B', 'C', 'D', 'E']]",C,0.584965083172647,0,0.6990150635333352,False,False,0.0,0.0,0.0,0.0,0.0,0.4150349168273531,100
2108,Surrogacy should be banned,"[['A', 'B', 'C', 'D', 'E'], ['A', 'B', 'C', 'D', 'E']]",D,0.7539589770097279,0,0.829526372474513,False,False,0.0,0.226034161987332,0.0,6.899406269154985e-08,0.02000679200887746,0.0,100
2108,Surrogacy should be banned,"[['A', 'B', 'C', 'D', 'E'], ['A', 'B', 'C', 'D', 'E']]",E,0.5858420674948085,0,0.6723384485641557,False,False,0.0,0.0,0.4040995161710707,1.4466186803084232e-07,0.01005827167225281,0.0,100
2110,We should lower the age of consent,"[['A', 'B', 'C', 'D', 'E'], ['A', 'B', 'C', 'D', 'E']]",A,0.9999999891187126,0,0.9999999933380304,False,False,1.0,0.0,1.0861891052449476e-08,5.6021248514409e-12,1.3794335929197537e-11,0.0,100
2110,We should lower the age of consent,"[['A', 'B', 'C', 'D', 'E'], ['A', 'B', 'C', 'D', 'E']]",B,0.2980639249798093,0,0.3935971034793746,False,False,0.0,0.6920948988002088,0.0,0.004467127658296529,0.005374048561685254,0.0,100
2110,We should lower the age of consent,"[['A', 'B', 'C', 'D', 'E'], ['A', 'B', 'C', 'D', 'E']]",C,0.9799956559265014,0,1.0132573434411587,True,True,1.0,0.0,0.0,0.0,0.0,0.02000434407349847,100
2110,We should lower the age of consent,"[['A', 'B', 'C', 'D', 'E'], ['A', 'B', 'C', 'D', 'E']]",D,1.1992015610781197e-06,0,2.9335521966848176e-06,False,False,0.0,0.9999988005615082,0.0,2.1121130335213325e-11,2.1580942806789057e-10,0.0,100
2110,We should lower the age of consent,"[['A', 'B', 'C', 'D', 'E'], ['A', 'B', 'C', 'D', 'E']]",E,0.9999999054758252,0,0.9999999586056367,False,False,1.0,0.0,9.414587448712899e-08,2.216744247329923e-11,3.5613291628446027e-10,0.0,100
2125,We should ban organic food,"[['A', 'B', 'C', 'D', 'E'], ['A', 'B', 'C', 'D', 'E']]",A,0.05999999233702711,0,0.11643916752282911,False,False,0.0,0.0,2.7842261922582045e-09,4.115777732069484e-11,0.9400000048375889,0.0,100
2125,We should ban organic food,"[['A', 'B', 'C', 'D', 'E'], ['A', 'B', 'C', 'D', 'E']]",B,3.101326672937736e-09,0,3.834580779197359e-09,False,False,0.0,8.982091030958027e-11,0.0,1.759993130144496e-08,0.9999999792089211,0.0,100
2125,We should ban organic food,"[['A', 'B', 'C', 'D', 'E'], ['A', 'B', 'C', 'D', 'E']]",C,0.46337842660252787,0,0.5789257349115641,False,False,0.0,0.0,0.0,0.0,0.0,0.5366215733974722,100
2125,We should ban organic food,"[['A', 'B', 'C', 'D', 'E'], ['A', 'B', 'C', 'D', 'E']]",D,0.17846648005222465,0,0.252797571377594,False,False,0.0,0.8215335160689832,0.0,8.325758842959226e-10,3.0462163731113187e-09,0.0,100
2125,We should ban organic food,"[['A', 'B', 'C', 'D', 'E'], ['A', 'B', 'C', 'D', 'E']]",E,0.9976546150684795,0,0.9997524444331096,False,True,1.0,0.0,0.0023453844968473535,3.847677151246928e-11,3.9619641626627837e-10,0.0,100
2143,We should ban abortions,"[['A', 'B', 'C', 'D', 'E'], ['A', 'B', 'C', 'D', 'E']]",A,0.9999999998287532,0,0.999999999864902,False,False,1.0,0.0,1.5050404514447986e-10,0.0,2.074265381133401e-11,0.0,100
2143,We should ban abortions,"[['A', 'B', 'C', 'D', 'E'], ['A', 'B', 'C', 'D', 'E']]",B,0.1458868398818444,0,0.2249351375966246,False,False,0.0,0.02757110447931294,0.0,0.043531436167443614,0.7830106194713992,0.0,100
2143,We should ban abortions,"[['A', 'B', 'C', 'D', 'E'], ['A', 'B', 'C', 'D', 'E']]",C,0.9359725049665804,0,0.9925613245698535,False,True,0.0,0.0,0.0,0.0,0.0,0.06402749503341978,100
2143,We should ban abortions,"[['A', 'B', 'C', 'D', 'E'], ['A', 'B', 'C', 'D', 'E']]",D,0.009009468232131867,0,0.028358466821160784,False,False,0.0,0.9909905316507612,0.0,6.986916381132057e-12,1.1011987189269102e-10,0.0,100
2143,We should ban abortions,"[['A', 'B', 'C', 'D', 'E'], ['A', 'B', 'C', 'D', 'E']]",E,0.9999846366706037,0,0.9999965447759112,False,True,1.0,0.0,1.5363245221913584e-05,4.064549258495424e-12,8.01098029695345e-11,0.0,100
2401,We should increase fuel tax,"[['A', 'B', 'C', 'D', 'E'], ['A', 'B', 'C', 'D', 'E']]",A,0.9999999993315964,0,0.9999999995096812,False,False,1.0,0.0,6.63413712928452e-10,2.6767314938234356e-14,4.963244516552267e-12,0.0,100
2401,We should increase fuel tax,"[['A', 'B', 'C', 'D', 'E'], ['A', 'B', 'C', 'D', 'E']]",B,0.010325264989125869,0,0.033846328426435604,False,False,0.0,0.9896746340517275,0.0,1.0080091364384722e-07,1.5823303276886864e-10,0.0,100
2401,We should increase fuel tax,"[['A', 'B', 'C', 'D', 'E'], ['A', 'B', 'C', 'D', 'E']]",C,0.9997179018708269,0,1.000268684560684,True,True,1.0,0.0,0.0,0.0,0.0,0.0002820981291732319,100
2401,We should increase fuel tax,"[['A', 'B', 'C', 'D', 'E'], ['A', 'B', 'C', 'D', 'E']]",D,0.02703973809140321,0,0.05252082398351743,False,False,0.0,0.9729602610679422,0.0,1.8061132528626484e-10,6.600433391830323e-10,0.0,100
2401,We should increase fuel tax,"[['A', 'B', 'C', 'D', 'E'], ['A', 'B', 'C', 'D', 'E']]",E,0.9999050580940387,0,1.0000296404185203,True,True,1.0,0.0,9.494173347095476e-05,1.6279992698650952e-11,1.5621043336198275e-10,0.0,100
2449,Organ donation should be mandatory,"[['A', 'B', 'C', 'D', 'E'], ['A', 'B', 'C', 'D', 'E']]",A,0.9999999832166364,0,1.0000000085714293,True,True,1.0,0.0,1.677342578383524e-08,1.2757992045026078e-12,8.662018664019208e-12,0.0,100
2449,Organ donation should be mandatory,"[['A', 'B', 'C', 'D', 'E'], ['A', 'B', 'C', 'D', 'E']]",B,0.23646003147204006,0,0.33326609770050686,False,False,0.0,0.23143736860022796,0.0,0.0059695991492745085,0.5261330007784575,0.0,100
2449,Organ donation should be mandatory,"[['A', 'B', 'C', 'D', 'E'], ['A', 'B', 'C', 'D', 'E']]",C,0.4511375914587161,0,0.5681000742058586,False,False,0.0,0.0,0.0,0.0,0.0,0.5488624085412839,100
2449,Organ donation should be mandatory,"[['A', 'B', 'C', 'D', 'E'], ['A', 'B', 'C', 'D', 'E']]",D,0.05124165523158124,0,0.08808026103421879,False,False,0.0,0.9487583435387186,0.0,2.886222766254896e-10,9.410777571238063e-10,0.0,100
2449,Organ donation should be mandatory,"[['A', 'B', 'C', 'D', 'E'], ['A', 'B', 'C', 'D', 'E']]",E,0.999989037085566,0,1.0000024010679176,True,True,1.0,0.0,1.0961363315273688e-05,4.8353951007702214e-11,1.5027650574810161e-09,0.0,100
2458,We should abolish the needle exchange programs,"[['A', 'B', 'C', 'D', 'E'], ['A', 'B', 'C', 'D', 'E']]",A,5.578385703860025e-06,0,1.864851932733679e-05,False,False,0.0,0.0,1.2476540014866313e-09,1.6909485602504059e-10,0.9999944201975473,0.0,100
2458,We should abolish the needle exchange programs,"[['A', 'B', 'C', 'D', 'E'], ['A', 'B', 'C', 'D', 'E']]",B,0.002367841336168608,0,0.006047639783290542,False,False,0.0,0.04147536696578627,0.0,0.0027142079631037913,0.9534425837349414,0.0,100
2458,We should abolish the needle exchange programs,"[['A', 'B', 'C', 'D', 'E'], ['A', 'B', 'C', 'D', 'E']]",C,0.8530843763639551,0,0.9315897841733896,False,False,0.0,0.0,0.0,0.0,0.0,0.14691562363604496,100
2458,We should abolish the needle exchange programs,"[['A', 'B', 'C', 'D', 'E'], ['A', 'B', 'C', 'D', 'E']]",D,0.0017316653519504936,0,0.0031921908951836205,False,False,0.0,0.9982683330127504,0.0,7.079144140244019e-11,1.564507632025107e-09,0.0,100
2458,We should abolish the needle exchange programs,"[['A', 'B', 'C', 'D', 'E'], ['A', 'B', 'C', 'D', 'E']]",E,0.9985755626441386,0,1.0008901968649866,True,True,1.0,0.0,0.0014244343036501521,1.231330913191961e-10,2.9290782417498803e-09,0.0,100
2465,We should further exploit small modular reactors,"[['A', 'B', 'C', 'D', 'E'], ['A', 'B', 'C', 'D', 'E']]",A,0.9999999987767366,0,0.9999999993503949,False,False,1.0,0.0,1.2177904774974673e-09,5.74912854757171e-14,5.415434680582764e-12,0.0,100
2465,We should further exploit small modular reactors,"[['A', 'B', 'C', 'D', 'E'], ['A', 'B', 'C', 'D', 'E']]",B,0.0002118440158755881,0,0.0006429591141117641,False,False,0.0,0.9997881559725349,0.0,6.654340454776551e-12,4.935322494642355e-12,0.0,100
2465,We should further exploit small modular reactors,"[['A', 'B', 'C', 'D', 'E'], ['A', 'B', 'C', 'D', 'E']]",C,0.9441226146662843,0,0.9877814900843752,False,True,0.0,0.0,0.0,0.0,0.0,0.05587738533371544,100
2465,We should further exploit small modular reactors,"[['A', 'B', 'C', 'D', 'E'], ['A', 'B', 'C', 'D', 'E']]",D,0.21742351535650947,0,0.30129825207247785,False,False,0.0,0.7825764722710118,0.0,5.7289592707523144e-09,6.643519354572596e-09,0.0,100
2465,We should further exploit small modular reactors,"[['A', 'B', 'C', 'D', 'E'], ['A', 'B', 'C', 'D', 'E']]",E,0.9999999290561251,0,1.0000000427726141,True,True,1.0,0.0,6.960524298017758e-08,2.074366052639523e-11,1.317888421276477e-09,0.0,100
2480,We should ban racial profiling,"[['A', 'B', 'C', 'D', 'E'], ['A', 'B', 'C', 'D', 'E']]",A,0.9999999998451987,0,0.9999999998690099,False,False,1.0,0.0,1.505789619331972e-10,0.0,4.2223702712839994e-12,0.0,100
2480,We should ban racial profiling,"[['A', 'B', 'C', 'D', 'E'], ['A', 'B', 'C', 'D', 'E']]",B,0.018801267029562096,0,0.05014175758044895,False,False,0.0,0.9811943050088867,0.0,3.5664786546170444e-06,8.614828967421503e-07,0.0,100
2480,We should ban racial profiling,"[['A', 'B', 'C', 'D', 'E'], ['A', 'B', 'C', 'D', 'E']]",C,0.8928925548706558,0,0.9567239746134097,False,False,0.0,0.0,0.0,0.0,0.0,0.10710744512934404,100
2480,We should ban racial profiling,"[['A', 'B', 'C', 'D', 'E'], ['A', 'B', 'C', 'D', 'E']]",D,0.9658608274448013,0,1.0015657591869331,True,True,1.0,0.015035260640093182,0.0,0.009619992434738952,0.009483919480366554,0.0,100
2480,We should ban racial profiling,"[['A', 'B', 'C', 'D', 'E'], ['A', 'B', 'C', 'D', 'E']]",E,0.5249754448136432,0,0.6254320014429666,False,False,0.0,0.0,0.44502454645966105,3.6414832164182136e-09,0.0300000050852127,0.0,100
2486,We should abolish the US Electoral College,"[['A', 'B', 'C', 'D', 'E'], ['A', 'B', 'C', 'D', 'E']]",A,0.9999999997740293,0,0.9999999998043144,False,False,1.0,0.0,2.191571232406263e-10,0.0,6.813386462092751e-12,0.0,100
2486,We should abolish the US Electoral College,"[['A', 'B', 'C', 'D', 'E'], ['A', 'B', 'C', 'D', 'E']]",B,0.27046998323059646,0,0.3673176554538665,False,False,0.0,0.5181456092688695,0.0,0.03317049194605144,0.17821391555448257,0.0,100
2486,We should abolish the US Electoral College,"[['A', 'B', 'C', 'D', 'E'], ['A', 'B', 'C', 'D', 'E']]",C,0.9888184825297173,0,1.0081920425299873,True,True,1.0,0.0,0.0,0.0,0.0,0.011181517470282747,100
2486,We should abolish the US Electoral College,"[['A', 'B', 'C', 'D', 'E'], ['A', 'B', 'C', 'D', 'E']]",D,0.29784808501191923,0,0.3976016602198247,False,False,0.0,0.6120174809714858,0.0,0.0033813393473202673,0.08675309466927464,0.0,100
2486,We should abolish the US Electoral College,"[['A', 'B', 'C', 'D', 'E'], ['A', 'B', 'C', 'D', 'E']]",E,0.34997451243233263,0,0.46331896241515635,False,False,0.0,0.0,2.548736770358728e-05,2.395107316008746e-11,0.6500000001760127,0.0,100
2489,We should abolish no-knock warrants,"[['A', 'B', 'C', 'D', 'E'], ['A', 'B', 'C', 'D', 'E']]",A,0.9999999996702239,0,0.9999999997397698,False,False,1.0,0.0,3.2151555113640427e-10,0.0,8.26060085893022e-12,0.0,100
2489,We should abolish no-knock warrants,"[['A', 'B', 'C', 'D', 'E'], ['A', 'B', 'C', 'D', 'E']]",B,0.513291120111958,0,0.6181203635824131,False,False,0.0,0.2900753071268506,0.0,0.018237879335591105,0.1783956934256003,0.0,100
2489,We should abolish no-knock warrants,"[['A', 'B', 'C', 'D', 'E'], ['A', 'B', 'C', 'D', 'E']]",C,0.9339355282846041,0,0.9862061418050767,False,True,0.0,0.0,0.0,0.0,0.0,0.06606447171539574,100
2489,We should abolish no-knock warrants,"[['A', 'B', 'C', 'D', 'E'], ['A', 'B', 'C', 'D', 'E']]",D,0.6937193422027843,0,0.7876910043689456,False,False,0.0,0.2642200750571843,0.0,0.0059967859100319995,0.03606379682999945,0.0,100
2489,We should abolish no-knock warrants,"[['A', 'B', 'C', 'D', 'E'], ['A', 'B', 'C', 'D', 'E']]",E,0.00986498343045878,0,0.033178336740712105,False,False,0.0,0.0,0.030314739555107866,6.984415221126539e-06,0.9598132925992122,0.0,100
2496,We should adopt a zero tolerance policy in schools,"[['A', 'B', 'C', 'D', 'E'], ['A', 'B', 'C', 'D', 'E']]",A,0.9999999992984793,0,0.9999999994655144,False,False,1.0,0.0,6.933465766661977e-10,7.865463216784533e-14,8.095557719465207e-12,0.0,100
2496,We should adopt a zero tolerance policy in schools,"[['A', 'B', 'C', 'D', 'E'], ['A', 'B', 'C', 'D', 'E']]",B,0.6893388150480306,0,0.7886753898355822,False,False,0.0,0.2892912340452599,0.0,0.0012311413760185594,0.020138809530690523,0.0,100
2496,We should adopt a zero tolerance policy in schools,"[['A', 'B', 'C', 'D', 'E'], ['A', 'B', 'C', 'D', 'E']]",C,0.5405989098283603,0,0.6446790617381698,False,False,0.0,0.0,0.0,0.0,0.0,0.4594010901716396,100
2496,We should adopt a zero tolerance policy in schools,"[['A', 'B', 'C', 'D', 'E'], ['A', 'B', 'C', 'D', 'E']]",D,0.07409981577289287,0,0.12357760492807494,False,False,0.0,0.9259001837729807,0.0,6.152671210074845e-11,3.9259973700935905e-10,0.0,100
2496,We should adopt a zero tolerance policy in schools,"[['A', 'B', 'C', 'D', 'E'], ['A', 'B', 'C', 'D', 'E']]",E,0.9994066605593792,0,1.0000396202345,True,True,1.0,0.0,0.000593339359352632,6.609618487001353e-12,7.465864930904646e-11,0.0,100
2539,We should ban genetically modified crops,"[['A', 'B', 'C', 'D', 'E'], ['A', 'B', 'C', 'D', 'E']]",A,0.9999999991454925,0,0.9999999993351164,False,False,1.0,0.0,7.34748222229062e-10,1.2932218871592294e-13,1.1963000856548314e-10,0.0,100
2539,We should ban genetically modified crops,"[['A', 'B', 'C', 'D', 'E'], ['A', 'B', 'C', 'D', 'E']]",B,0.0103530065545016,0,0.0339506098972569,False,False,0.0,0.019624336664246147,0.0,0.015438080675372223,0.95458457610588,0.0,100
2539,We should ban genetically modified crops,"[['A', 'B', 'C', 'D', 'E'], ['A', 'B', 'C', 'D', 'E']]",C,0.841448082646789,0,0.9189571230914637,False,False,0.0,0.0,0.0,0.0,0.0,0.15855191735321092,100
2539,We should ban genetically modified crops,"[['A', 'B', 'C', 'D', 'E'], ['A', 'B', 'C', 'D', 'E']]",D,0.5746874142561046,0,0.6658869570196424,False,False,0.0,0.42531258020052376,0.0,6.303159442683017e-10,4.913055632631665e-09,0.0,100
2539,We should ban genetically modified crops,"[['A', 'B', 'C', 'D', 'E'], ['A', 'B', 'C', 'D', 'E']]",E,0.8943508848884693,0,0.9461265815077604,False,False,0.0,0.0,0.10564910932656957,4.961821992417411e-10,5.288778888635874e-09,0.0,100
2572,We should ban algorithmic trading,"[['A', 'B', 'C', 'D', 'E'], ['A', 'B', 'C', 'D', 'E']]",A,0.9999999990391686,0,0.9999999992525139,False,False,1.0,0.0,9.289808883209471e-10,2.8949581884728363e-13,3.156111919481919e-11,0.0,100
2572,We should ban algorithmic trading,"[['A', 'B', 'C', 'D', 'E'], ['A', 'B', 'C', 'D', 'E']]",B,0.004997694581726306,0,0.009991490988705314,False,False,0.0,5.2002061772441625e-08,0.0,0.01595354818241459,0.9790487052337973,0.0,100
2572,We should ban algorithmic trading,"[['A', 'B', 'C', 'D', 'E'], ['A', 'B', 'C', 'D', 'E']]",C,0.6730791725943055,0,0.7789436832220595,False,False,0.0,0.0,0.0,0.0,0.0,0.3269208274056944,100
2572,We should ban algorithmic trading,"[['A', 'B', 'C', 'D', 'E'], ['A', 'B', 'C', 'D', 'E']]",D,0.9214914249741797,0,0.9723181720191081,False,True,0.0,0.07849746004069867,0.0,2.293898602426784e-06,8.821086519315847e-06,0.0,100
2572,We should ban algorithmic trading,"[['A', 'B', 'C', 'D', 'E'], ['A', 'B', 'C', 'D', 'E']]",E,0.7470619401464912,0,0.8272943310303271,False,False,0.0,0.0,0.25293803687870575,3.1795579492668143e-09,1.9795245189047085e-08,0.0,100
2604,The right to Internet access should be protected,"[['A', 'B', 'C', 'D', 'E'], ['A', 'B', 'C', 'D', 'E']]",A,0.9999999998430146,0,0.9999999998726193,False,False,1.0,0.0,1.522434121160497e-10,1.3279747544212739e-14,4.728719866899768e-12,0.0,100
2604,The right to Internet access should be protected,"[['A', 'B', 'C', 'D', 'E'], ['A', 'B', 'C', 'D', 'E']]",B,0.01939006013742584,0,0.051661875692425904,False,False,0.0,0.9806099217888634,0.0,1.7925208730459777e-08,1.485020476693208e-10,0.0,100
2604,The right to Internet access should be protected,"[['A', 'B', 'C', 'D', 'E'], ['A', 'B', 'C', 'D', 'E']]",C,0.9522644152067049,0,0.998756013449383,False,True,1.0,0.0,0.0,0.0,0.0,0.04773558479329507,100
2604,The right to Internet access should be protected,"[['A', 'B', 'C', 'D', 'E'], ['A', 'B', 'C', 'D', 'E']]",D,0.5874647474504946,0,0.6741818539467662,False,False,0.0,0.4125352218050021,0.0,2.5231178805178793e-08,5.513324632366698e-09,0.0,100
2604,The right to Internet access should be protected,"[['A', 'B', 'C', 'D', 'E'], ['A', 'B', 'C', 'D', 'E']]",E,0.8025562820799245,0,0.8589699966366354,False,False,0.0,0.0,0.1974437144431706,1.1605326543147076e-09,2.316372292078397e-09,0.0,100
2615,We should ban homeopathy,"[['A', 'B', 'C', 'D', 'E'], ['A', 'B', 'C', 'D', 'E']]",A,0.9999999997583388,0,0.9999999998048069,False,False,1.0,0.0,2.3307077064540433e-10,0.0,8.590479655940081e-12,0.0,100
2615,We should ban homeopathy,"[['A', 'B', 'C', 'D', 'E'], ['A', 'B', 'C', 'D', 'E']]",B,0.32847293132617783,0,0.42719788959326965,False,False,0.0,0.34602562847401347,0.0,0.03154673494516563,0.29395470525464307,0.0,100
2615,We should ban homeopathy,"[['A', 'B', 'C', 'D', 'E'], ['A', 'B', 'C', 'D', 'E']]",C,0.7146414036942802,0,0.8107265741052512,False,False,0.0,0.0,0.0,0.0,0.0,0.2853585963057197,100
2615,We should ban homeopathy,"[['A', 'B', 'C', 'D', 'E'], ['A', 'B', 'C', 'D', 'E']]",D,0.9983937881266434,0,1.0000806024004318,True,True,1.0,0.00026950160194145594,0.0,0.0007420905208162269,0.0005946197505990422,0.0,100
2615,We should ban homeopathy,"[['A', 'B', 'C', 'D', 'E'], ['A', 'B', 'C', 'D', 'E']]",E,0.09536647433774074,0,0.15286444393772294,False,False,0.0,0.0,0.33694078662380506,4.005168112470474e-05,0.5676526873573294,0.0,100
2616,We should ban alternative medicine,"[['A', 'B', 'C', 'D', 'E'], ['A', 'B', 'C', 'D', 'E']]",A,0.9999999984264955,0,0.9999999988202852,False,False,1.0,0.0,1.5412798653143458e-09,4.482006748457424e-13,3.177662072442911e-11,0.0,100
2616,We should ban alternative medicine,"[['A', 'B', 'C', 'D', 'E'], ['A', 'B', 'C', 'D', 'E']]",B,1.466956204483731e-07,0,4.54883815123279e-07,False,False,0.0,8.743655170822151e-11,0.0,1.7135947662644319e-06,0.9999981396221768,0.0,100
2616,We should ban alternative medicine,"[['A', 'B', 'C', 'D', 'E'], ['A', 'B', 'C', 'D', 'E']]",C,0.1852409849965561,0,0.27471749667594175,False,False,0.0,0.0,0.0,0.0,0.0,0.8147590150034438,100
2616,We should ban alternative medicine,"[['A', 'B', 'C', 'D', 'E'], ['A', 'B', 'C', 'D', 'E']]",D,0.9710272192761968,0,0.9955325564866373,False,True,1.0,0.028972751433164995,0.0,2.5346235095147326e-08,3.944402994155368e-09,0.0,100
2616,We should ban alternative medicine,"[['A', 'B', 'C', 'D', 'E'], ['A', 'B', 'C', 'D', 'E']]",E,0.4222301235570042,0,0.5114832506000315,False,False,0.0,0.0,0.5777698637179156,2.5771267589505847e-09,1.0147953469804171e-08,0.0,100
2647,We should abolish term limits,"[['A', 'B', 'C', 'D', 'E'], ['A', 'B', 'C', 'D', 'E']]",A,0.999999978599246,0,1.0000000009801526,True,True,1.0,0.0,2.1345016399933414e-08,1.1985571889388691e-11,4.3751868248958775e-11,0.0,100
2647,We should abolish term limits,"[['A', 'B', 'C', 'D', 'E'], ['A', 'B', 'C', 'D', 'E']]",B,0.00037877165796441366,0,0.00108800587085498,False,False,0.0,0.9996206326162926,0.0,3.4463070943858616e-07,2.5109503348424625e-07,0.0,100
2647,We should abolish term limits,"[['A', 'B', 'C', 'D', 'E'], ['A', 'B', 'C', 'D', 'E']]",C,0.977840910274153,0,1.0081111778043341,True,True,1.0,0.0,0.0,0.0,0.0,0.02215908972584719,100
2647,We should abolish term limits,"[['A', 'B', 'C', 'D', 'E'], ['A', 'B', 'C', 'D', 'E']]",D,0.07337157825019276,0,0.12982811255461515,False,False,0.0,0.9215815124926333,0.0,0.004956082264160963,9.082699301303999e-05,0.0,100
2647,We should abolish term limits,"[['A', 'B', 'C', 'D', 'E'], ['A', 'B', 'C', 'D', 'E']]",E,0.9999983164661168,0,0.9999992916453659,False,False,1.0,0.0,1.6815171932404639e-06,1.4769802268081108e-10,1.8689917554413954e-09,0.0,100
2654,We should protect whistleblowers,"[['A', 'B', 'C', 'D', 'E'], ['A', 'B', 'C', 'D', 'E']]",A,0.9999999999439539,0,0.9999999999558371,False,False,1.0,0.0,5.321947548228512e-11,0.0,2.826750229763292e-12,0.0,100
2654,We should protect whistleblowers,"[['A', 'B', 'C', 'D', 'E'], ['A', 'B', 'C', 'D', 'E']]",B,0.08119648359044707,0,0.14389068149306328,False,False,0.0,0.918803371353854,0.0,1.437286254107105e-07,1.3270734184675257e-09,0.0,100
2654,We should protect whistleblowers,"[['A', 'B', 'C', 'D', 'E'], ['A', 'B', 'C', 'D', 'E']]",C,0.49600737087271923,0,0.6071282647792836,False,False,0.0,0.0,0.0,0.0,0.0,0.5039926291272807,100
2654,We should protect whistleblowers,"[['A', 'B', 'C', 'D', 'E'], ['A', 'B', 'C', 'D', 'E']]",D,0.9241506007345143,0,0.9630007464451905,False,False,0.0,0.05522450764213267,0.0,0.00025729946926638763,0.02036759215408666,0.0,100
2654,We should protect whistleblowers,"[['A', 'B', 'C', 'D', 'E'], ['A', 'B', 'C', 'D', 'E']]",E,0.8275400398376749,0,0.8998868203560995,False,False,0.0,0.0,0.17245995127166316,6.896529271170446e-09,1.994132737792224e-09,0.0,100
2679,We should disband UNESCO,"[['A', 'B', 'C', 'D', 'E'], ['A', 'B', 'C', 'D', 'E']]",A,2.9546004612487794e-09,0,5.123310701372194e-09,False,False,0.0,0.0,2.0427284802325137e-09,5.853591530781519e-10,0.9999999944173118,0.0,100
2679,We should disband UNESCO,"[['A', 'B', 'C', 'D', 'E'], ['A', 'B', 'C', 'D', 'E']]",B,3.3891507211663136e-06,0,1.131801915277312e-05,False,False,0.0,3.911621631903456e-08,0.0,6.297002618359568e-08,0.9999965087630364,0.0,100
2679,We should disband UNESCO,"[['A', 'B', 'C', 'D', 'E'], ['A', 'B', 'C', 'D', 'E']]",C,0.5964591616340585,0,0.7101404410381968,False,False,0.0,0.0,0.0,0.0,0.0,0.4035408383659415,100
2679,We should disband UNESCO,"[['A', 'B', 'C', 'D', 'E'], ['A', 'B', 'C', 'D', 'E']]",D,0.5532337788422691,0,0.6499432534377229,False,False,0.0,0.44676620582833076,0.0,4.069242530318909e-09,1.1260157666972235e-08,0.0,100
2679,We should disband UNESCO,"[['A', 'B', 'C', 'D', 'E'], ['A', 'B', 'C', 'D', 'E']]",E,0.8697065597286929,0,0.9409149617012585,False,False,0.0,0.0,0.1302933777014527,7.285698624504155e-09,5.528415581429493e-08,0.0,100
2694,We should abolish intelligence tests,"[['A', 'B', 'C', 'D', 'E'], ['A', 'B', 'C', 'D', 'E']]",A,0.9999999987906678,0,0.999999999010962,False,False,1.0,0.0,1.195355477668025e-09,3.5624718834409926e-13,1.3620443756481336e-11,0.0,100
2694,We should abolish intelligence tests,"[['A', 'B', 'C', 'D', 'E'], ['A', 'B', 'C', 'D', 'E']]",B,0.22007212115408578,0,0.2955194828752443,False,False,0.0,0.2092389831934055,0.0,0.01259268692505616,0.5580962087274527,0.0,100
2694,We should abolish intelligence tests,"[['A', 'B', 'C', 'D', 'E'], ['A', 'B', 'C', 'D', 'E']]",C,0.6846030262910713,0,0.7841162854312969,False,False,0.0,0.0,0.0,0.0,0.0,0.31539697370892855,100
2694,We should abolish intelligence tests,"[['A', 'B', 'C', 'D', 'E'], ['A', 'B', 'C', 'D', 'E']]",D,0.8772244997363449,0,0.9446639272477995,False,False,0.0,0.11336244608238687,0.0,0.006419309508554356,0.0029937446727141166,0.0,100
2694,We should abolish intelligence tests,"[['A', 'B', 'C', 'D', 'E'], ['A', 'B', 'C', 'D', 'E']]",E,0.4793383111445204,0,0.5958139388172421,False,False,0.0,0.0,0.03066160948636146,4.618039778913113e-08,0.49000003318872026,0.0,100
2747,We should ban telemarketing,"[['A', 'B', 'C', 'D', 'E'], ['A', 'B', 'C', 'D', 'E']]",A,0.9999999996352733,0,0.9999999997525412,False,False,1.0,0.0,3.581252849589703e-10,5.109088988640888e-14,6.5504075942788695e-12,0.0,100
2747,We should ban telemarketing,"[['A', 'B', 'C', 'D', 'E'], ['A', 'B', 'C', 'D', 'E']]",B,0.10865326546881315,0,0.17480678209672512,False,False,0.0,0.09064770510531597,0.0,0.09922257466087302,0.7014764547649978,0.0,100
2747,We should ban telemarketing,"[['A', 'B', 'C', 'D', 'E'], ['A', 'B', 'C', 'D', 'E']]",C,0.33893414974355485,0,0.44048646605642755,False,False,0.0,0.0,0.0,0.0,0.0,0.661065850256445,100
2747,We should ban telemarketing,"[['A', 'B', 'C', 'D', 'E'], ['A', 'B', 'C', 'D', 'E']]",D,0.9999744516828334,0,0.9999979642432889,False,True,1.0,2.915240392837233e-06,0.0,7.773821456253917e-06,1.4859255317656236e-05,0.0,100
2747,We should ban telemarketing,"[['A', 'B', 'C', 'D', 'E'], ['A', 'B', 'C', 'D', 'E']]",E,0.033719627657361514,0,0.061454818656140595,False,False,0.0,0.0,0.966280347003256,1.1787400290908867e-08,1.3551982213987955e-08,0.0,100
2767,We should subsidize investigative journalism,"[['A', 'B', 'C', 'D', 'E'], ['A', 'B', 'C', 'D', 'E']]",A,0.999999999886934,0,0.9999999999060069,False,False,1.0,0.0,1.0831431652143295e-10,0.0,4.751665940066064e-12,0.0,100
2767,We should subsidize investigative journalism,"[['A', 'B', 'C', 'D', 'E'], ['A', 'B', 'C', 'D', 'E']]",B,1.3263371843797975e-07,0,3.7497094128624404e-07,False,False,0.0,0.9999998673608569,0.0,3.333198521741943e-13,5.091297540111135e-12,0.0,100
2767,We should subsidize investigative journalism,"[['A', 'B', 'C', 'D', 'E'], ['A', 'B', 'C', 'D', 'E']]",C,0.9212041305551295,0,0.9806367159183919,False,True,0.0,0.0,0.0,0.0,0.0,0.07879586944487046,100
2767,We should subsidize investigative journalism,"[['A', 'B', 'C', 'D', 'E'], ['A', 'B', 'C', 'D', 'E']]",D,0.09494913135048673,0,0.1499078844052682,False,False,0.0,0.905050865226436,0.0,1.5512211284824518e-09,1.871856260206891e-09,0.0,100
2767,We should subsidize investigative journalism,"[['A', 'B', 'C', 'D', 'E'], ['A', 'B', 'C', 'D', 'E']]",E,0.9997537268683669,0,1.0001202602246033,True,True,1.0,0.0,0.000246272833466571,3.4390429892521954e-11,2.637761072147905e-10,0.0,100
3052,We should raise the corporate tax,"[['A', 'B', 'C', 'D', 'E'], ['A', 'B', 'C', 'D', 'E']]",A,0.9999999998066835,0,0.999999999845766,False,False,1.0,0.0,1.8862981799941537e-10,4.1937956536569805e-15,4.6825848399896836e-12,0.0,100
3052,We should raise the corporate tax,"[['A', 'B', 'C', 'D', 'E'], ['A', 'B', 'C', 'D', 'E']]",B,0.09170614707756584,0,0.15797228577404004,False,False,0.0,0.9082937948881409,0.0,5.7626932677809094e-08,4.073607202465601e-10,0.0,100
3052,We should raise the corporate tax,"[['A', 'B', 'C', 'D', 'E'], ['A', 'B', 'C', 'D', 'E']]",C,0.9953052505440507,0,1.0036280190991107,True,True,1.0,0.0,0.0,0.0,0.0,0.004694749455949074,100
3052,We should raise the corporate tax,"[['A', 'B', 'C', 'D', 'E'], ['A', 'B', 'C', 'D', 'E']]",D,8.687652916127388e-05,0,0.00018308013266077789,False,False,0.0,0.9999131232713344,0.0,2.7186398896332253e-11,1.7231792419952325e-10,0.0,100
3052,We should raise the corporate tax,"[['A', 'B', 'C', 'D', 'E'], ['A', 'B', 'C', 'D', 'E']]",E,0.9999976912730725,0,0.9999997527223891,False,True,1.0,0.0,2.3086070840558073e-06,1.863652214229322e-11,1.0120687668303079e-10,0.0,100
3166,We should abolish the American Jobs Act,"[['A', 'B', 'C', 'D', 'E'], ['A', 'B', 'C', 'D', 'E']]",A,0.9699999787218614,0,1.0105403430712105,True,True,1.0,0.0,6.258544395582723e-09,4.791163190310227e-11,0.030000014971682535,0.0,100
3166,We should abolish the American Jobs Act,"[['A', 'B', 'C', 'D', 'E'], ['A', 'B', 'C', 'D', 'E']]",B,0.1849368128436105,0,0.27379461451667547,False,False,0.0,0.022138604270352365,0.0,0.01307650461957598,0.7798480782664612,0.0,100
3166,We should abolish the American Jobs Act,"[['A', 'B', 'C', 'D', 'E'], ['A', 'B', 'C', 'D', 'E']]",C,0.964409393933237,0,1.0026903134276526,True,True,1.0,0.0,0.0,0.0,0.0,0.03559060606676303,100
3166,We should abolish the American Jobs Act,"[['A', 'B', 'C', 'D', 'E'], ['A', 'B', 'C', 'D', 'E']]",D,0.1825231603181307,0,0.2663408308072969,False,False,0.0,0.5274747170893387,0.0,3.8775242408089355e-06,0.2899982450682897,0.0,100
3166,We should abolish the American Jobs Act,"[['A', 'B', 'C', 'D', 'E'], ['A', 'B', 'C', 'D', 'E']]",E,0.4992911363972539,0,0.6179524407380881,False,False,0.0,0.0,0.0007089787968045383,8.102931523399393e-11,0.49999988472491225,0.0,100
3170,We should end mandatory retirement,"[['A', 'B', 'C', 'D', 'E'], ['A', 'B', 'C', 'D', 'E']]",A,0.9999999996033704,0,0.9999999996631342,False,False,1.0,0.0,3.883597973962639e-10,0.0,8.269928605344469e-12,0.0,100
3170,We should end mandatory retirement,"[['A', 'B', 'C', 'D', 'E'], ['A', 'B', 'C', 'D', 'E']]",B,0.05370247509068645,0,0.10345021392338997,False,False,0.0,0.9462966364522929,0.0,8.844920381791123e-07,3.964982675610363e-09,0.0,100
3170,We should end mandatory retirement,"[['A', 'B', 'C', 'D', 'E'], ['A', 'B', 'C', 'D', 'E']]",C,0.8149229685844973,0,0.9034181465281184,False,False,0.0,0.0,0.0,0.0,0.0,0.18507703141550255,100
3170,We should end mandatory retirement,"[['A', 'B', 'C', 'D', 'E'], ['A', 'B', 'C', 'D', 'E']]",D,0.532796751837149,0,0.6425670780960004,False,False,0.0,0.05502848971047834,0.0,0.04165523797343227,0.37051952047894027,0.0,100
3170,We should end mandatory retirement,"[['A', 'B', 'C', 'D', 'E'], ['A', 'B', 'C', 'D', 'E']]",E,0.30335823099023923,0,0.41030009630578235,False,False,0.0,0.0,0.026641756866405908,2.3864291130866794e-09,0.6700000097569259,0.0,100
3194,We should abandon television,"[['A', 'B', 'C', 'D', 'E'], ['A', 'B', 'C', 'D', 'E']]",A,3.237258555165002e-07,0,1.0808279138681353e-06,False,False,0.0,0.0,3.1606386349494293e-08,1.948613806992283e-09,0.9999996427191443,0.0,100
3194,We should abandon television,"[['A', 'B', 'C', 'D', 'E'], ['A', 'B', 'C', 'D', 'E']]",B,6.408044095004921e-10,0,1.5000789783414351e-09,False,False,0.0,7.37241987958323e-12,0.0,1.2059569876990243e-09,0.9999999981458662,0.0,100
3194,We should abandon television,"[['A', 'B', 'C', 'D', 'E'], ['A', 'B', 'C', 'D', 'E']]",C,0.198842587760825,0,0.289482402524136,False,False,0.0,0.0,0.0,0.0,0.0,0.8011574122391748,100
3194,We should abandon television,"[['A', 'B', 'C', 'D', 'E'], ['A', 'B', 'C', 'D', 'E']]",D,0.9998740949153238,0,1.0001337585338248,True,True,1.0,0.00012590361884290847,0.0,7.334965270245685e-10,7.32336782843561e-10,0.0,100
3194,We should abandon television,"[['A', 'B', 'C', 'D', 'E'], ['A', 'B', 'C', 'D', 'E']]",E,0.02766416083964236,0,0.06193317214259482,False,False,0.0,0.0,0.9723357929869539,6.200535126306906e-09,3.9972868508708474e-08,0.0,100
3195,Casinos should be banned,"[['A', 'B', 'C', 'D', 'E'], ['A', 'B', 'C', 'D', 'E']]",A,0.9999999998750373,0,0.9999999999074333,False,False,1.0,0.0,1.1212736073919618e-10,6.101936669507559e-15,1.2829351700947698e-11,0.0,100
3195,Casinos should be banned,"[['A', 'B', 'C', 'D', 'E'], ['A', 'B', 'C', 'D', 'E']]",B,0.007639357526857417,0,0.02368916172798909,False,False,0.0,6.727024738404812e-07,0.0,0.01178820363785475,0.9805717661328138,0.0,100
3195,Casinos should be banned,"[['A', 'B', 'C', 'D', 'E'], ['A', 'B', 'C', 'D', 'E']]",C,0.7594682256682759,0,0.8525594270311908,False,False,0.0,0.0,0.0,0.0,0.0,0.24053177433172415,100
3195,Casinos should be banned,"[['A', 'B', 'C', 'D', 'E'], ['A', 'B', 'C', 'D', 'E']]",D,0.9767895917699907,0,1.0011332002922837,True,True,1.0,0.023193294384366136,0.0,1.6607515352793516e-05,5.063302904334502e-07,0.0,100
3195,Casinos should be banned,"[['A', 'B', 'C', 'D', 'E'], ['A', 'B', 'C', 'D', 'E']]",E,0.2742010555590028,0,0.35100092770963176,False,False,0.0,0.0,0.7257989153841453,3.0905792451210043e-09,2.5966272688393427e-08,0.0,100
3196,We should increase immigration to the United States,"[['A', 'B', 'C', 'D', 'E'], ['A', 'B', 'C', 'D', 'E']]",A,0.9999999998888681,0,0.9999999999073651,False,False,1.0,0.0,1.0648441081377882e-10,2.8823507914022715e-15,4.644669353351979e-12,0.0,100
3196,We should increase immigration to the United States,"[['A', 'B', 'C', 'D', 'E'], ['A', 'B', 'C', 'D', 'E']]",B,0.020226350221716757,0,0.053375317685394635,False,False,0.0,0.9797736495030501,0.0,2.587547287802801e-10,1.6478349749126323e-11,0.0,100
3196,We should increase immigration to the United States,"[['A', 'B', 'C', 'D', 'E'], ['A', 'B', 'C', 'D', 'E']]",C,0.980162586300564,0,1.006205821611988,True,True,1.0,0.0,0.0,0.0,0.0,0.019837413699435993,100
3196,We should increase immigration to the United States,"[['A', 'B', 'C', 'D', 'E'], ['A', 'B', 'C', 'D', 'E']]",D,0.08905561790933321,0,0.14659746448666136,False,False,0.0,0.9109443802046006,0.0,1.391129246841807e-09,4.949368728342243e-10,0.0,100
3196,We should increase immigration to the United States,"[['A', 'B', 'C', 'D', 'E'], ['A', 'B', 'C', 'D', 'E']]",E,0.9999815125595872,0,1.0000046621327014,True,True,1.0,0.0,1.8487336939606462e-05,9.231314269204417e-12,9.424200291712117e-11,0.0,100
3201,We should subsidize embryonic stem cell research,"[['A', 'B', 'C', 'D', 'E'], ['A', 'B', 'C', 'D', 'E']]",A,0.9999999997252443,0,0.9999999997716257,False,False,1.0,0.0,2.693488147196804e-10,0.0,5.406805435750973e-12,0.0,100
3201,We should subsidize embryonic stem cell research,"[['A', 'B', 'C', 'D', 'E'], ['A', 'B', 'C', 'D', 'E']]",B,0.017959499758223495,0,0.047743728087653384,False,False,0.0,0.9820405001739378,0.0,5.588265871577632e-11,1.1956043367118164e-11,0.0,100
3201,We should subsidize embryonic stem cell research,"[['A', 'B', 'C', 'D', 'E'], ['A', 'B', 'C', 'D', 'E']]",C,0.991168268096261,0,1.0055072729004573,True,True,1.0,0.0,0.0,0.0,0.0,0.008831731903739004,100
3201,We should subsidize embryonic stem cell research,"[['A', 'B', 'C', 'D', 'E'], ['A', 'B', 'C', 'D', 'E']]",D,0.003376173785908769,0,0.008836795521153327,False,False,0.0,0.9966238258448226,0.0,4.5452778893449324e-11,3.2381590152831783e-10,0.0,100
3201,We should subsidize embryonic stem cell research,"[['A', 'B', 'C', 'D', 'E'], ['A', 'B', 'C', 'D', 'E']]",E,0.9999485185609548,0,1.0000027422896323,True,True,1.0,0.0,5.14811956236409e-05,2.2513377833108166e-11,2.2090838443278861e-10,0.0,100
3222,We should abolish bitcoins,"[['A', 'B', 'C', 'D', 'E'], ['A', 'B', 'C', 'D', 'E']]",A,0.9999999992837637,0,0.9999999993969466,False,False,1.0,0.0,6.209025993193254e-10,1.2349556412573175e-13,9.521015066695636e-11,0.0,100
3222,We should abolish bitcoins,"[['A', 'B', 'C', 'D', 'E'], ['A', 'B', 'C', 'D', 'E']]",B,0.05774322455549305,0,0.10818845239345724,False,False,0.0,0.022283131452467065,0.0,0.013423978276289652,0.9065496657157501,0.0,100
3222,We should abolish bitcoins,"[['A', 'B', 'C', 'D', 'E'], ['A', 'B', 'C', 'D', 'E']]",C,0.9034725740967816,0,0.9675214824624631,False,True,0.0,0.0,0.0,0.0,0.0,0.09652742590321825,100
3222,We should abolish bitcoins,"[['A', 'B', 'C', 'D', 'E'], ['A', 'B', 'C', 'D', 'E']]",D,0.999964269377177,0,1.0000097507049954,True,True,1.0,3.481305994170372e-05,0.0,8.119690450618107e-07,1.0559383628108145e-07,0.0,100
3222,We should abolish bitcoins,"[['A', 'B', 'C', 'D', 'E'], ['A', 'B', 'C', 'D', 'E']]",E,7.3124884598178e-11,0,9.835983457021384e-11,False,False,0.0,0.0,7.753771703854424e-13,1.2961069127224466e-13,0.9999999999259701,0.0,100
3223,We should fight global warming,"[['A', 'B', 'C', 'D', 'E'], ['A', 'B', 'C', 'D', 'E']]",A,0.9999999999510192,0,0.9999999999646647,False,False,1.0,0.0,4.6356630391756986e-11,0.0,2.6241606826296744e-12,0.0,100
3223,We should fight global warming,"[['A', 'B', 'C', 'D', 'E'], ['A', 'B', 'C', 'D', 'E']]",B,1.1748190687892932e-05,0,3.409800004246422e-05,False,False,0.0,0.99998825180268,0.0,2.127927791094789e-12,4.504437413561597e-12,0.0,100
3223,We should fight global warming,"[['A', 'B', 'C', 'D', 'E'], ['A', 'B', 'C', 'D', 'E']]",C,0.9700425034533728,0,1.0024304094249148,True,True,1.0,0.0,0.0,0.0,0.0,0.02995749654662738,100
3223,We should fight global warming,"[['A', 'B', 'C', 'D', 'E'], ['A', 'B', 'C', 'D', 'E']]",D,0.8630291228490747,0,0.9267429197172521,False,False,0.0,0.022593679718894862,0.0,0.08267695540985347,0.03170024202217683,0.0,100
3223,We should fight global warming,"[['A', 'B', 'C', 'D', 'E'], ['A', 'B', 'C', 'D', 'E']]",E,0.6976553280789806,0,0.7807688833163781,False,False,0.0,0.0,0.3023441710258162,4.980011678399645e-07,2.8940354745700694e-09,0.0,100
3234,The use of AI should be abandoned,"[['A', 'B', 'C', 'D', 'E'], ['A', 'B', 'C', 'D', 'E']]",A,0.059999726826098734,0,0.11643865040445656,False,False,0.0,0.0,3.5076331378691254e-09,3.0217052108495914e-10,0.9400002693640976,0.0,100
3234,The use of AI should be abandoned,"[['A', 'B', 'C', 'D', 'E'], ['A', 'B', 'C', 'D', 'E']]",B,4.719932978293429e-09,0,1.1799736766298053e-08,False,False,0.0,3.941930010792318e-09,0.0,8.112892913982293e-10,0.9999999905268475,0.0,100
3234,The use of AI should be abandoned,"[['A', 'B', 'C', 'D', 'E'], ['A', 'B', 'C', 'D', 'E']]",C,0.18028827825480306,0,0.2686849340051367,False,False,0.0,0.0,0.0,0.0,0.0,0.8197117217451969,100
3234,The use of AI should be abandoned,"[['A', 'B', 'C', 'D', 'E'], ['A', 'B', 'C', 'D', 'E']]",D,0.9945833614205405,0,1.0014083543312116,True,True,1.0,0.005416632209736868,0.0,1.2514824220769617e-09,5.118240393904666e-09,0.0,100
3234,The use of AI should be abandoned,"[['A', 'B', 'C', 'D', 'E'], ['A', 'B', 'C', 'D', 'E']]",E,0.9724699131744845,0,0.9989250139679346,False,True,1.0,0.0,0.027529963198084803,3.141117291102883e-10,1.2331331887999802e-07,0.0,100
3263,We should end the use of economic sanctions,"[['A', 'B', 'C', 'D', 'E'], ['A', 'B', 'C', 'D', 'E']]",A,0.9999999975381831,0,0.9999999986995219,False,False,1.0,0.0,2.4095604083481717e-09,3.026371325413201e-12,4.9230017300379225e-11,0.0,100
3263,We should end the use of economic sanctions,"[['A', 'B', 'C', 'D', 'E'], ['A', 'B', 'C', 'D', 'E']]",B,0.29343643796595525,0,0.3882023040570912,False,False,0.0,0.07784392071332903,0.0,0.06514326043112556,0.5635763808895901,0.0,100
3263,We should end the use of economic sanctions,"[['A', 'B', 'C', 'D', 'E'], ['A', 'B', 'C', 'D', 'E']]",C,0.9070754650373658,0,0.9666295465869961,False,True,0.0,0.0,0.0,0.0,0.0,0.09292453496263418,100
3263,We should end the use of economic sanctions,"[['A', 'B', 'C', 'D', 'E'], ['A', 'B', 'C', 'D', 'E']]",D,0.6618749256655382,0,0.7608330426685742,False,False,0.0,0.13647891387271788,0.0,0.010721630785832253,0.19092452967591175,0.0,100
3263,We should end the use of economic sanctions,"[['A', 'B', 'C', 'D', 'E'], ['A', 'B', 'C', 'D', 'E']]",E,0.9982115786389053,0,1.0004171260278174,True,True,1.0,0.0,0.001784105604168292,2.704880326465579e-10,4.31548643846479e-06,0.0,100
3279,Blockade of the Gaza Strip should be ended,"[['A', 'B', 'C', 'D', 'E'], ['A', 'B', 'C', 'D', 'E']]",A,0.9999999993772026,0,0.9999999995361538,False,False,1.0,0.0,6.145597237841379e-10,3.0988191222717376e-14,8.206713955008171e-12,0.0,100
3279,Blockade of the Gaza Strip should be ended,"[['A', 'B', 'C', 'D', 'E'], ['A', 'B', 'C', 'D', 'E']]",B,0.0002519397635861697,0,0.0005224963291211233,False,False,0.0,0.99974806017778,0.0,4.2746620882540646e-11,1.5887500671827435e-11,0.0,100
3279,Blockade of the Gaza Strip should be ended,"[['A', 'B', 'C', 'D', 'E'], ['A', 'B', 'C', 'D', 'E']]",C,0.9902845090187394,0,1.0105997871780623,True,True,1.0,0.0,0.0,0.0,0.0,0.009715490981260589,100
3279,Blockade of the Gaza Strip should be ended,"[['A', 'B', 'C', 'D', 'E'], ['A', 'B', 'C', 'D', 'E']]",D,0.6344320955930491,0,0.7440056042393346,False,False,0.0,0.25845443061353246,0.0,0.029856282137881763,0.07725719165553664,0.0,100
3279,Blockade of the Gaza Strip should be ended,"[['A', 'B', 'C', 'D', 'E'], ['A', 'B', 'C', 'D', 'E']]",E,0.9654390473227843,0,1.0067845884570783,True,True,1.0,0.0,0.004560950400123422,4.7827219348357527e-11,0.030000002229265226,0.0,100
3581,We should end cheerleading,"[['A', 'B', 'C', 'D', 'E'], ['A', 'B', 'C', 'D', 'E']]",A,0.41414584528704246,0,0.5302762891205717,False,False,0.0,0.0,0.005852765647073669,4.6210680026331384e-07,0.5800009269590836,0.0,100
3581,We should end cheerleading,"[['A', 'B', 'C', 'D', 'E'], ['A', 'B', 'C', 'D', 'E']]",B,0.02489382253122737,0,0.05972128279522426,False,False,0.0,0.035019061577042196,0.0,0.020411212276102316,0.9196759036156281,0.0,100
3581,We should end cheerleading,"[['A', 'B', 'C', 'D', 'E'], ['A', 'B', 'C', 'D', 'E']]",C,0.6213078540647543,0,0.7335437432488975,False,False,0.0,0.0,0.0,0.0,0.0,0.37869214593524575,100
3581,We should end cheerleading,"[['A', 'B', 'C', 'D', 'E'], ['A', 'B', 'C', 'D', 'E']]",D,0.9927089299709608,0,1.001324349196304,True,True,1.0,0.007291037495063266,0.0,2.2955913499676395e-08,9.578062454088796e-09,0.0,100
3581,We should end cheerleading,"[['A', 'B', 'C', 'D', 'E'], ['A', 'B', 'C', 'D', 'E']]",E,0.24145658154726798,0,0.32858254165043393,False,False,0.0,0.0,0.7485432641144877,6.861383244940077e-09,0.01000014747686115,0.0,100
3699,We should abolish primary elections,"[['A', 'B', 'C', 'D', 'E'], ['A', 'B', 'C', 'D', 'E']]",A,0.9999999747378,0,0.9999999936906522,False,True,1.0,0.0,2.5223842553804366e-08,9.175491713275752e-12,2.918196535353757e-11,0.0,100
3699,We should abolish primary elections,"[['A', 'B', 'C', 'D', 'E'], ['A', 'B', 'C', 'D', 'E']]",B,0.10709604350356412,0,0.1746132662142338,False,False,0.0,0.2424427577215516,0.0,0.030139495600017358,0.6203217031748669,0.0,100
3699,We should abolish primary elections,"[['A', 'B', 'C', 'D', 'E'], ['A', 'B', 'C', 'D', 'E']]",C,0.7530471129396494,0,0.8523349767565662,False,False,0.0,0.0,0.0,0.0,0.0,0.24695288706035065,100
3699,We should abolish primary elections,"[['A', 'B', 'C', 'D', 'E'], ['A', 'B', 'C', 'D', 'E']]",D,0.11153683562974108,0,0.17492078874610822,False,False,0.0,0.868929673435193,0.0,0.000218719645546427,0.019314771289519563,0.0,100
3699,We should abolish primary elections,"[['A', 'B', 'C', 'D', 'E'], ['A', 'B', 'C', 'D', 'E']]",E,0.8351950166478024,0,0.9220416323624856,False,False,0.0,0.0,0.004802658067773069,1.1156271091432063e-09,0.16000232416879748,0.0,100
3759,Tattoos should be banned,"[['A', 'B', 'C', 'D', 'E'], ['A', 'B', 'C', 'D', 'E']]",A,0.07999999954519126,0,0.14447332440962593,False,False,0.0,0.0,1.3237320016757796e-09,3.7060218639356726e-11,0.9199999990940165,0.0,100
3759,Tattoos should be banned,"[['A', 'B', 'C', 'D', 'E'], ['A', 'B', 'C', 'D', 'E']]",B,0.12816917435458416,0,0.19990049353382447,False,False,0.0,0.006763002536958854,0.0,0.15063219327347668,0.7144356298349804,0.0,100
3759,Tattoos should be banned,"[['A', 'B', 'C', 'D', 'E'], ['A', 'B', 'C', 'D', 'E']]",C,0.15346125629503557,0,0.23552560753678814,False,False,0.0,0.0,0.0,0.0,0.0,0.8465387437049644,100
3759,Tattoos should be banned,"[['A', 'B', 'C', 'D', 'E'], ['A', 'B', 'C', 'D', 'E']]",D,0.037684048663553675,0,0.06841918810526583,False,False,0.0,0.962315949338147,0.0,1.4599960899066755e-10,1.8522995504302453e-09,0.0,100
3759,Tattoos should be banned,"[['A', 'B', 'C', 'D', 'E'], ['A', 'B', 'C', 'D', 'E']]",E,0.9977381939779154,0,1.000356608272498,True,True,1.0,0.0,0.0022618052253976454,4.3499506207840016e-11,7.53187313241883e-10,0.0,100
802,We should protect Antarctica,"[['A', 'B', 'C', 'D', 'E'], ['A', 'B', 'C', 'D', 'E']]",A,0.999999999749589,0,0.999999999800392,False,False,1.0,0.0,2.4623335728390625e-10,1.705153337025151e-14,4.160556970532878e-12,0.0,100
802,We should protect Antarctica,"[['A', 'B', 'C', 'D', 'E'], ['A', 'B', 'C', 'D', 'E']]",B,5.000390224627522e-06,0,1.373447445780012e-05,False,False,0.0,0.9999949996037436,0.0,1.5299630371797585e-12,4.501808336992951e-12,0.0,100
802,We should protect Antarctica,"[['A', 'B', 'C', 'D', 'E'], ['A', 'B', 'C', 'D', 'E']]",C,0.937723515456545,0,0.9863820257134579,False,True,0.0,0.0,0.0,0.0,0.0,0.06227648454345502,100
802,We should protect Antarctica,"[['A', 'B', 'C', 'D', 'E'], ['A', 'B', 'C', 'D', 'E']]",D,0.8844417255795232,0,0.9484289696526179,False,False,0.0,0.034776869286734687,0.0,0.056692919839136664,0.024088485294605545,0.0,100
802,We should protect Antarctica,"[['A', 'B', 'C', 'D', 'E'], ['A', 'B', 'C', 'D', 'E']]",E,0.3691095857426295,0,0.4631050467223765,False,False,0.0,0.0,0.6308872840387005,2.902404906562973e-06,2.2781376350619662e-07,0.0,100
2122,We should further exploit green technology,"[['A', 'B', 'C', 'D', 'E'], ['A', 'B', 'C', 'D', 'E']]",A,0.9999999996431862,0,0.9999999997188567,False,False,1.0,0.0,3.5122253024317854e-10,1.1399918483580876e-14,5.57972571799133e-12,0.0,100
2122,We should further exploit green technology,"[['A', 'B', 'C', 'D', 'E'], ['A', 'B', 'C', 'D', 'E']]",B,1.781311325645126e-05,0,4.21614232219298e-05,False,False,0.0,0.9999821868796493,0.0,1.9935374757945504e-12,5.100669548088338e-12,0.0,100
2122,We should further exploit green technology,"[['A', 'B', 'C', 'D', 'E'], ['A', 'B', 'C', 'D', 'E']]",C,0.8595077058592512,0,0.9287099498892342,False,False,0.0,0.0,0.0,0.0,0.0,0.1404922941407487,100
2122,We should further exploit green technology,"[['A', 'B', 'C', 'D', 'E'], ['A', 'B', 'C', 'D', 'E']]",D,0.907930830144692,0,0.9402223343578834,False,False,0.0,0.09206901949859918,0.0,1.435857207425822e-07,6.770988248468584e-09,0.0,100
2122,We should further exploit green technology,"[['A', 'B', 'C', 'D', 'E'], ['A', 'B', 'C', 'D', 'E']]",E,0.5609370540593841,0,0.649115773131381,False,False,0.0,0.0,0.43906293851146655,4.619156216007669e-09,2.8099931339051823e-09,0.0,100
2124,We should subsidize higher education,"[['A', 'B', 'C', 'D', 'E'], ['A', 'B', 'C', 'D', 'E']]",A,0.9999999998703062,0,0.999999999893389,False,False,1.0,0.0,1.249945480788989e-10,0.0,4.699328812301343e-12,0.0,100
2124,We should subsidize higher education,"[['A', 'B', 'C', 'D', 'E'], ['A', 'B', 'C', 'D', 'E']]",B,0.003212366266907938,0,0.00965811468404405,False,False,0.0,0.9967876337194466,0.0,7.821962845920003e-12,5.82356019703598e-12,0.0,100
2124,We should subsidize higher education,"[['A', 'B', 'C', 'D', 'E'], ['A', 'B', 'C', 'D', 'E']]",C,0.9983983335353918,0,1.001901100837434,True,True,1.0,0.0,0.0,0.0,0.0,0.001601666464608327,100
2124,We should subsidize higher education,"[['A', 'B', 'C', 'D', 'E'], ['A', 'B', 'C', 'D', 'E']]",D,0.06831748912064299,0,0.11152497489035054,False,False,0.0,0.9316825099139163,0.0,2.837711090497402e-10,6.816696315487868e-10,0.0,100
2124,We should subsidize higher education,"[['A', 'B', 'C', 'D', 'E'], ['A', 'B', 'C', 'D', 'E']]",E,0.9998598731585906,0,0.9999993007158661,False,True,1.0,0.0,0.00014012674239056403,1.2715875648614955e-11,8.630310278095845e-11,0.0,100
2184,We should legalize public nudity,"[['A', 'B', 'C', 'D', 'E'], ['A', 'B', 'C', 'D', 'E']]",A,0.9999999873063109,0,1.0000000125577433,True,True,1.0,0.0,1.2687769067524375e-08,4.394952419762692e-13,5.4802694873431565e-12,0.0,100
2184,We should legalize public nudity,"[['A', 'B', 'C', 'D', 'E'], ['A', 'B', 'C', 'D', 'E']]",B,0.06054073076387263,0,0.10903464677456859,False,False,0.0,0.9394590776528373,0.0,1.8998252307284362e-07,1.600767210150677e-09,0.0,100
2184,We should legalize public nudity,"[['A', 'B', 'C', 'D', 'E'], ['A', 'B', 'C', 'D', 'E']]",C,0.9999897891867008,0,1.000005208603798,True,True,1.0,0.0,0.0,0.0,0.0,1.0210813299394872e-05,100
2184,We should legalize public nudity,"[['A', 'B', 'C', 'D', 'E'], ['A', 'B', 'C', 'D', 'E']]",D,2.1403609304579117e-05,0,5.712824526183673e-05,False,False,0.0,0.9999772974365007,0.0,7.315394765335343e-11,1.2988810408355942e-06,0.0,100
2184,We should legalize public nudity,"[['A', 'B', 'C', 'D', 'E'], ['A', 'B', 'C', 'D', 'E']]",E,0.9999996986585424,0,0.9999999564677762,False,True,1.0,0.0,2.9000867432205876e-07,5.01802003683219e-11,1.1282602981750683e-08,0.0,100
2225,We should ban factory farming,"[['A', 'B', 'C', 'D', 'E'], ['A', 'B', 'C', 'D', 'E']]",A,0.9999999998874736,0,0.999999999903817,False,False,1.0,0.0,1.0695608412885639e-10,0.0,5.570482203972762e-12,0.0,100
2225,We should ban factory farming,"[['A', 'B', 'C', 'D', 'E'], ['A', 'B', 'C', 'D', 'E']]",B,0.3381068455019052,0,0.43556299928177994,False,False,0.0,0.06197809028547625,0.0,0.08220216455502785,0.5177128996575908,0.0,100
2225,We should ban factory farming,"[['A', 'B', 'C', 'D', 'E'], ['A', 'B', 'C', 'D', 'E']]",C,0.6247340123209548,0,0.7343596134348869,False,False,0.0,0.0,0.0,0.0,0.0,0.3752659876790452,100
2225,We should ban factory farming,"[['A', 'B', 'C', 'D', 'E'], ['A', 'B', 'C', 'D', 'E']]",D,0.9985369688873592,0,1.0001313895986959,True,True,1.0,6.40277335540746e-06,0.0,0.00016639783450964358,0.0012902305047759125,0.0,100
2225,We should ban factory farming,"[['A', 'B', 'C', 'D', 'E'], ['A', 'B', 'C', 'D', 'E']]",E,0.13023247252825437,0,0.18806297685343548,False,False,0.0,0.0,0.8697675204025928,3.862208797362076e-09,3.206944386078186e-09,0.0,100
2227,We should ban whaling,"[['A', 'B', 'C', 'D', 'E'], ['A', 'B', 'C', 'D', 'E']]",A,0.9999999998641087,0,0.9999999998879107,False,False,1.0,0.0,1.3094744080945454e-10,0.0,4.943805153422158e-12,0.0,100
2227,We should ban whaling,"[['A', 'B', 'C', 'D', 'E'], ['A', 'B', 'C', 'D', 'E']]",B,0.003434862735685687,0,0.011023978381950902,False,False,0.0,0.9965650415204936,0.0,7.801585742083452e-08,1.772796335858714e-08,0.0,100
2227,We should ban whaling,"[['A', 'B', 'C', 'D', 'E'], ['A', 'B', 'C', 'D', 'E']]",C,0.7570218905448637,0,0.8509094279271932,False,False,0.0,0.0,0.0,0.0,0.0,0.24297810945513634,100
2227,We should ban whaling,"[['A', 'B', 'C', 'D', 'E'], ['A', 'B', 'C', 'D', 'E']]",D,0.9857514707348352,0,1.0063642489588054,True,True,1.0,0.01217320137478552,0.0,0.0006541312856886477,0.001421196604690485,0.0,100
2227,We should ban whaling,"[['A', 'B', 'C', 'D', 'E'], ['A', 'B', 'C', 'D', 'E']]",E,0.1232197685600179,0,0.1802271193260256,False,False,0.0,0.0,0.8767802119163889,1.4270914974118368e-08,5.252678039757702e-09,0.0,100
2482,We should limit the use of birth control,"[['A', 'B', 'C', 'D', 'E'], ['A', 'B', 'C', 'D', 'E']]",A,0.9399999968440352,0,0.9964391793874849,False,True,0.0,0.0,2.696842387454173e-09,9.94968281567207e-12,0.06000000044917263,0.0,100
2482,We should limit the use of birth control,"[['A', 'B', 'C', 'D', 'E'], ['A', 'B', 'C', 'D', 'E']]",B,0.48137732692337665,0,0.590370017040067,False,False,0.0,0.06493052373130374,0.0,0.057892614348812786,0.39579953499650683,0.0,100
2482,We should limit the use of birth control,"[['A', 'B', 'C', 'D', 'E'], ['A', 'B', 'C', 'D', 'E']]",C,0.9460628332233135,0,0.9947923922615517,False,True,0.0,0.0,0.0,0.0,0.0,0.05393716677668659,100
2482,We should limit the use of birth control,"[['A', 'B', 'C', 'D', 'E'], ['A', 'B', 'C', 'D', 'E']]",D,0.00020683224166672298,0,0.00039184448611242475,False,False,0.0,0.9997931676243101,0.0,7.855855981276384e-12,1.2616727601085152e-10,0.0,100
2482,We should limit the use of birth control,"[['A', 'B', 'C', 'D', 'E'], ['A', 'B', 'C', 'D', 'E']]",E,0.999928877577171,0,1.0000165118663384,True,True,1.0,0.0,7.112141076855194e-05,1.9893332094199783e-11,9.921673045554677e-10,0.0,100
2483,We should ban anonymous posts,"[['A', 'B', 'C', 'D', 'E'], ['A', 'B', 'C', 'D', 'E']]",A,0.9999999987106566,0,0.9999999990406284,False,False,1.0,0.0,1.2709491795038677e-09,2.750821779787751e-13,1.811930494350342e-11,0.0,100
2483,We should ban anonymous posts,"[['A', 'B', 'C', 'D', 'E'], ['A', 'B', 'C', 'D', 'E']]",B,0.225982552309873,0,0.3150809531100067,False,False,0.0,0.6903256699083045,0.0,0.0218407443387016,0.06185103344312104,0.0,100
2483,We should ban anonymous posts,"[['A', 'B', 'C', 'D', 'E'], ['A', 'B', 'C', 'D', 'E']]",C,0.4370018088029046,0,0.5462161768963967,False,False,0.0,0.0,0.0,0.0,0.0,0.5629981911970955,100
2483,We should ban anonymous posts,"[['A', 'B', 'C', 'D', 'E'], ['A', 'B', 'C', 'D', 'E']]",D,0.23806727415695866,0,0.32303306499115725,False,False,0.0,0.7619324088543697,0.0,1.845012426421043e-07,1.3248742897078976e-07,0.0,100
2483,We should ban anonymous posts,"[['A', 'B', 'C', 'D', 'E'], ['A', 'B', 'C', 'D', 'E']]",E,0.9994464460977901,0,1.0001835449299523,True,True,1.0,0.0,0.0005535519285362025,1.4473243960725238e-10,1.8289414583225073e-09,0.0,100
2588,Assisted suicide should be a criminal offence,"[['A', 'B', 'C', 'D', 'E'], ['A', 'B', 'C', 'D', 'E']]",A,0.9999979097436679,0,1.0000009574158548,True,True,1.0,0.0,6.467589246123961e-09,2.481413414616647e-11,2.083763928841158e-06,0.0,100
2588,Assisted suicide should be a criminal offence,"[['A', 'B', 'C', 'D', 'E'], ['A', 'B', 'C', 'D', 'E']]",B,0.001198652339762264,0,0.003974355531815174,False,False,0.0,0.06000182378834202,0.0,0.009633256624878484,0.9291662672470171,0.0,100
2588,Assisted suicide should be a criminal offence,"[['A', 'B', 'C', 'D', 'E'], ['A', 'B', 'C', 'D', 'E']]",C,0.9900832585665671,0,1.0135264344349793,True,True,1.0,0.0,0.0,0.0,0.0,0.009916741433432921,100
2588,Assisted suicide should be a criminal offence,"[['A', 'B', 'C', 'D', 'E'], ['A', 'B', 'C', 'D', 'E']]",D,0.014392365186070262,0,0.03846102426889878,False,False,0.0,0.9856076288023405,0.0,1.5397079447546674e-10,5.857618498759266e-09,0.0,100
2588,Assisted suicide should be a criminal offence,"[['A', 'B', 'C', 'D', 'E'], ['A', 'B', 'C', 'D', 'E']]",E,0.9573759750361254,0,1.0039556676046808,True,True,1.0,0.0,0.0026260168216142494,6.824097747105413e-10,0.03999800745985064,0.0,100
2613,We should abolish the two-party system,"[['A', 'B', 'C', 'D', 'E'], ['A', 'B', 'C', 'D', 'E']]",A,0.9999999995121753,0,0.9999999996947824,False,False,1.0,0.0,4.7996341101165e-10,3.511422072709632e-14,7.826247241130258e-12,0.0,100
2613,We should abolish the two-party system,"[['A', 'B', 'C', 'D', 'E'], ['A', 'B', 'C', 'D', 'E']]",B,0.47146869031311206,0,0.5778399497696375,False,False,0.0,0.15643595893485243,0.0,0.021244348001559863,0.3508510027504756,0.0,100
2613,We should abolish the two-party system,"[['A', 'B', 'C', 'D', 'E'], ['A', 'B', 'C', 'D', 'E']]",C,0.7991350806085659,0,0.8903397353097653,False,False,0.0,0.0,0.0,0.0,0.0,0.20086491939143408,100
2613,We should abolish the two-party system,"[['A', 'B', 'C', 'D', 'E'], ['A', 'B', 'C', 'D', 'E']]",D,0.839073073927092,0,0.906979816226942,False,False,0.0,0.1609266406494972,0.0,3.052200442048483e-08,2.549014063250014e-07,0.0,100
2613,We should abolish the two-party system,"[['A', 'B', 'C', 'D', 'E'], ['A', 'B', 'C', 'D', 'E']]",E,0.9147538278000371,0,0.9708708250453486,False,True,0.0,0.0,0.08524598390318491,7.199093492500443e-09,1.8109768456363692e-07,0.0,100
2621,We should disband the United Nations,"[['A', 'B', 'C', 'D', 'E'], ['A', 'B', 'C', 'D', 'E']]",A,0.20999994550450773,0,0.30679746836699817,False,False,0.0,0.0,5.484779225767834e-08,9.129712284054342e-11,0.7899999995564029,0.0,100
2621,We should disband the United Nations,"[['A', 'B', 'C', 'D', 'E'], ['A', 'B', 'C', 'D', 'E']]",B,4.079872833737976e-08,0,8.865302166799082e-08,False,False,0.0,1.756434497894019e-08,0.0,8.221049101821947e-09,0.9999999334158776,0.0,100
2621,We should disband the United Nations,"[['A', 'B', 'C', 'D', 'E'], ['A', 'B', 'C', 'D', 'E']]",C,0.6929540313400986,0,0.7994819966107394,False,False,0.0,0.0,0.0,0.0,0.0,0.3070459686599013,100
2621,We should disband the United Nations,"[['A', 'B', 'C', 'D', 'E'], ['A', 'B', 'C', 'D', 'E']]",D,0.10521433629843478,0,0.16190576679375313,False,False,0.0,0.8947856448537347,0.0,1.0114516389649554e-09,1.783637895406043e-08,0.0,100
2621,We should disband the United Nations,"[['A', 'B', 'C', 'D', 'E'], ['A', 'B', 'C', 'D', 'E']]",E,0.9991447957089897,0,1.0000016472364954,True,True,1.0,0.0,0.0008551997254832915,1.1766454436378023e-10,4.447862481597962e-09,0.0,100
2678,We should subsidize distance education,"[['A', 'B', 'C', 'D', 'E'], ['A', 'B', 'C', 'D', 'E']]",A,0.9999999996565182,0,0.9999999997201595,False,False,1.0,0.0,3.3820686143565595e-10,0.0,5.274884757261694e-12,0.0,100
2678,We should subsidize distance education,"[['A', 'B', 'C', 'D', 'E'], ['A', 'B', 'C', 'D', 'E']]",B,1.209703232498505e-05,0,3.975436947255613e-05,False,False,0.0,0.9999879029610509,0.0,1.475110710650431e-12,5.149134194583364e-12,0.0,100
2678,We should subsidize distance education,"[['A', 'B', 'C', 'D', 'E'], ['A', 'B', 'C', 'D', 'E']]",C,0.9405286223561917,0,0.9920660977497583,False,True,0.0,0.0,0.0,0.0,0.0,0.05947137764380827,100
2678,We should subsidize distance education,"[['A', 'B', 'C', 'D', 'E'], ['A', 'B', 'C', 'D', 'E']]",D,0.18401074731156697,0,0.25601348700537896,False,False,0.0,0.8159892496138724,0.0,1.098035657261105e-09,1.9765249517996667e-09,0.0,100
2678,We should subsidize distance education,"[['A', 'B', 'C', 'D', 'E'], ['A', 'B', 'C', 'D', 'E']]",E,0.9998584313309905,0,1.0000586751908893,True,True,1.0,0.0,0.00014156847396408796,2.23077878882091e-11,1.7273760805145532e-10,0.0,100
2689,We should subsidize Wikipedia,"[['A', 'B', 'C', 'D', 'E'], ['A', 'B', 'C', 'D', 'E']]",A,0.9999999998175116,0,0.999999999849954,False,False,1.0,0.0,1.7814099715934473e-10,3.2661313404568836e-15,4.3441783757588555e-12,0.0,100
2689,We should subsidize Wikipedia,"[['A', 'B', 'C', 'D', 'E'], ['A', 'B', 'C', 'D', 'E']]",B,2.2190033793198847e-07,0,7.288272605215553e-07,False,False,0.0,0.9999997780950883,0.0,3.6718057965055136e-13,4.206538657423249e-12,0.0,100
2689,We should subsidize Wikipedia,"[['A', 'B', 'C', 'D', 'E'], ['A', 'B', 'C', 'D', 'E']]",C,0.9451631126102307,0,0.9965314541694787,False,True,0.0,0.0,0.0,0.0,0.0,0.054836887389769225,100
2689,We should subsidize Wikipedia,"[['A', 'B', 'C', 'D', 'E'], ['A', 'B', 'C', 'D', 'E']]",D,0.041682619910746316,0,0.08202204286855079,False,False,0.0,0.958317368060159,0.0,1.5975163239936698e-09,1.0431578376815735e-08,0.0,100
2689,We should subsidize Wikipedia,"[['A', 'B', 'C', 'D', 'E'], ['A', 'B', 'C', 'D', 'E']]",E,0.999524083609699,0,1.0006454814776506,True,True,1.0,0.0,0.0004759111328311933,1.0092910185265412e-10,5.15654070106506e-09,0.0,100
3168,We should introduce year round schooling,"[['A', 'B', 'C', 'D', 'E'], ['A', 'B', 'C', 'D', 'E']]",A,0.9999999995161221,0,0.9999999996118858,False,False,1.0,0.0,4.777843266462137e-10,0.0,6.093444788708294e-12,0.0,100
3168,We should introduce year round schooling,"[['A', 'B', 'C', 'D', 'E'], ['A', 'B', 'C', 'D', 'E']]",B,1.1948950612350626e-05,0,2.744853103146122e-05,False,False,0.0,0.9999880510384109,0.0,5.081551150617612e-12,5.8953029107025125e-12,0.0,100
3168,We should introduce year round schooling,"[['A', 'B', 'C', 'D', 'E'], ['A', 'B', 'C', 'D', 'E']]",C,0.9999994582331277,0,0.9999998224746282,False,True,1.0,0.0,0.0,0.0,0.0,5.417668722584134e-07,100
3168,We should introduce year round schooling,"[['A', 'B', 'C', 'D', 'E'], ['A', 'B', 'C', 'D', 'E']]",D,0.004721035559493027,0,0.010017255170772524,False,False,0.0,0.9952789637266144,0.0,6.620596413972712e-11,6.476865816603864e-10,0.0,100
3168,We should introduce year round schooling,"[['A', 'B', 'C', 'D', 'E'], ['A', 'B', 'C', 'D', 'E']]",E,0.9996364848803807,0,1.0003351936554818,True,True,1.0,0.0,0.0003635146034069455,3.65712392037363e-11,4.796409910486439e-10,0.0,100
3180,We should introduce goal line technology,"[['A', 'B', 'C', 'D', 'E'], ['A', 'B', 'C', 'D', 'E']]",A,0.9999999994844603,0,0.9999999995970342,False,False,1.0,0.0,5.094635845596772e-10,0.0,6.076083594907236e-12,0.0,100
3180,We should introduce goal line technology,"[['A', 'B', 'C', 'D', 'E'], ['A', 'B', 'C', 'D', 'E']]",B,0.00018085003081640464,0,0.0006061355154066924,False,False,0.0,0.9998191499611941,0.0,2.663737830453605e-12,5.325848121026053e-12,0.0,100
3180,We should introduce goal line technology,"[['A', 'B', 'C', 'D', 'E'], ['A', 'B', 'C', 'D', 'E']]",C,0.9069436942650724,0,0.9694588902836995,False,True,0.0,0.0,0.0,0.0,0.0,0.09305630573492771,100
3180,We should introduce goal line technology,"[['A', 'B', 'C', 'D', 'E'], ['A', 'B', 'C', 'D', 'E']]",D,0.10419243031517082,0,0.15950219028084248,False,False,0.0,0.8958075606564431,0.0,6.002741780084614e-09,3.025644359270295e-09,0.0,100
3180,We should introduce goal line technology,"[['A', 'B', 'C', 'D', 'E'], ['A', 'B', 'C', 'D', 'E']]",E,0.99991903491529,0,1.0000777286479328,True,True,1.0,0.0,8.096434768530984e-05,9.418345455528319e-11,6.428411806189978e-10,0.0,100
3183,We should increase airport racial profiling in the United States,"[['A', 'B', 'C', 'D', 'E'], ['A', 'B', 'C', 'D', 'E']]",A,0.9909361529990638,0,1.0037805780545581,True,True,1.0,0.0,0.009060040922000976,3.2481847993394587e-06,5.578941359420975e-07,0.0,100
3183,We should increase airport racial profiling in the United States,"[['A', 'B', 'C', 'D', 'E'], ['A', 'B', 'C', 'D', 'E']]",B,0.16958168341113333,0,0.2579203499318587,False,False,0.0,0.0001921707572032068,0.0,0.010302753891397232,0.8199233919402664,0.0,100
3183,We should increase airport racial profiling in the United States,"[['A', 'B', 'C', 'D', 'E'], ['A', 'B', 'C', 'D', 'E']]",C,0.42620520629637426,0,0.5420937784653416,False,False,0.0,0.0,0.0,0.0,0.0,0.5737947937036257,100
3183,We should increase airport racial profiling in the United States,"[['A', 'B', 'C', 'D', 'E'], ['A', 'B', 'C', 'D', 'E']]",D,3.246189712698331e-06,0,5.908450888840092e-06,False,False,0.0,0.9999967537360601,0.0,6.022274121044092e-12,6.820480437402804e-11,0.0,100
3183,We should increase airport racial profiling in the United States,"[['A', 'B', 'C', 'D', 'E'], ['A', 'B', 'C', 'D', 'E']]",E,0.9999999660689082,0,0.9999999912685535,False,True,1.0,0.0,3.38786489156359e-08,4.875188931642155e-12,4.7567592011098944e-11,0.0,100
3185,We should adopt socialism,"[['A', 'B', 'C', 'D', 'E'], ['A', 'B', 'C', 'D', 'E']]",A,0.9999999974325938,0,0.9999999987632159,False,False,1.0,0.0,2.5592988944427423e-09,4.860429726018297e-13,7.621197389538802e-12,0.0,100
3185,We should adopt socialism,"[['A', 'B', 'C', 'D', 'E'], ['A', 'B', 'C', 'D', 'E']]",B,0.3785653175704579,0,0.4831639334483441,False,False,0.0,0.006349498598024138,0.0,0.1559575771646607,0.45912760666685726,0.0,100
3185,We should adopt socialism,"[['A', 'B', 'C', 'D', 'E'], ['A', 'B', 'C', 'D', 'E']]",C,0.9526605074699502,0,1.0002210735713375,True,True,1.0,0.0,0.0,0.0,0.0,0.04733949253004978,100
3185,We should adopt socialism,"[['A', 'B', 'C', 'D', 'E'], ['A', 'B', 'C', 'D', 'E']]",D,0.0028474286789898972,0,0.008133626998252602,False,False,0.0,0.9971525708945143,0.0,3.386780672448167e-11,3.9262812367044514e-10,0.0,100
3185,We should adopt socialism,"[['A', 'B', 'C', 'D', 'E'], ['A', 'B', 'C', 'D', 'E']]",E,0.9999999823540164,0,0.9999999938475892,False,True,1.0,0.0,1.749040041382473e-08,1.5108997053045192e-11,1.4047413453015306e-10,0.0,100
3191,We should introduce recall elections,"[['A', 'B', 'C', 'D', 'E'], ['A', 'B', 'C', 'D', 'E']]",A,0.9999999995305241,0,0.9999999995994022,False,False,1.0,0.0,4.6307074826729233e-10,0.0,6.405256626265209e-12,0.0,100
3191,We should introduce recall elections,"[['A', 'B', 'C', 'D', 'E'], ['A', 'B', 'C', 'D', 'E']]",B,6.087496741566822e-07,0,1.9868026001230373e-06,False,False,0.0,0.9999993912439505,0.0,1.350591419346752e-12,5.024699592576012e-12,0.0,100
3191,We should introduce recall elections,"[['A', 'B', 'C', 'D', 'E'], ['A', 'B', 'C', 'D', 'E']]",C,0.7640961006257048,0,0.8475318362192152,False,False,0.0,0.0,0.0,0.0,0.0,0.23590389937429518,100
3191,We should introduce recall elections,"[['A', 'B', 'C', 'D', 'E'], ['A', 'B', 'C', 'D', 'E']]",D,0.03629247510748391,0,0.07279332735970151,False,False,0.0,0.9637075225220884,0.0,8.814080839640959e-10,1.4890197740301932e-09,0.0,100
3191,We should introduce recall elections,"[['A', 'B', 'C', 'D', 'E'], ['A', 'B', 'C', 'D', 'E']]",E,0.9999995909724534,0,0.9999999600377621,False,True,1.0,0.0,4.0861386922322305e-07,4.834250776304627e-11,3.653349965962446e-10,0.0,100
3198,We should limit the right of self-defense,"[['A', 'B', 'C', 'D', 'E'], ['A', 'B', 'C', 'D', 'E']]",A,0.9868184221395032,0,1.0110697491869185,True,True,1.0,0.0,0.0031810193774880996,1.3118530017958279e-07,0.010000427297708576,0.0,100
3198,We should limit the right of self-defense,"[['A', 'B', 'C', 'D', 'E'], ['A', 'B', 'C', 'D', 'E']]",B,0.8699664403608116,0,0.938885592172517,False,False,0.0,0.12002071530779947,0.0,8.952315860418257e-06,0.010003892015528515,0.0,100
3198,We should limit the right of self-defense,"[['A', 'B', 'C', 'D', 'E'], ['A', 'B', 'C', 'D', 'E']]",C,0.8568739542363576,0,0.9355257245789614,False,False,0.0,0.0,0.0,0.0,0.0,0.14312604576364238,100
3198,We should limit the right of self-defense,"[['A', 'B', 'C', 'D', 'E'], ['A', 'B', 'C', 'D', 'E']]",D,5.954289108611562e-06,0,1.2891029807783262e-05,False,False,0.0,0.9999940363479339,0.0,7.939597291749953e-11,9.283561470690248e-09,0.0,100
3198,We should limit the right of self-defense,"[['A', 'B', 'C', 'D', 'E'], ['A', 'B', 'C', 'D', 'E']]",E,0.9999997607972669,0,0.9999998673502934,False,False,1.0,0.0,1.8830605321683945e-07,6.806293544743442e-11,5.082861695158016e-08,0.0,100
3199,We should fight urbanization,"[['A', 'B', 'C', 'D', 'E'], ['A', 'B', 'C', 'D', 'E']]",A,0.9999999771995144,0,0.9999999976693811,False,True,1.0,0.0,2.274933136717531e-08,7.743727971779181e-12,4.3410453670524196e-11,0.0,100
3199,We should fight urbanization,"[['A', 'B', 'C', 'D', 'E'], ['A', 'B', 'C', 'D', 'E']]",B,0.14891177175324674,0,0.21532108481983991,False,False,0.0,0.010577576510361161,0.0,0.2986458004195385,0.5418648513168536,0.0,100
3199,We should fight urbanization,"[['A', 'B', 'C', 'D', 'E'], ['A', 'B', 'C', 'D', 'E']]",C,0.5896098861886341,0,0.6985446432857411,False,False,0.0,0.0,0.0,0.0,0.0,0.4103901138113659,100
3199,We should fight urbanization,"[['A', 'B', 'C', 'D', 'E'], ['A', 'B', 'C', 'D', 'E']]",D,0.8031078296149988,0,0.8798741212500809,False,False,0.0,0.18519791996339535,0.0,0.0013429627883909546,0.010351287633214806,0.0,100
3199,We should fight urbanization,"[['A', 'B', 'C', 'D', 'E'], ['A', 'B', 'C', 'D', 'E']]",E,0.7864792999227564,0,0.8640512623947203,False,False,0.0,0.0,0.1430921095999891,1.7597030925718428e-06,0.07042683077416186,0.0,100
3207,We should abandon social media,"[['A', 'B', 'C', 'D', 'E'], ['A', 'B', 'C', 'D', 'E']]",A,0.9999999993998149,0,0.9999999995938554,False,False,1.0,0.0,5.478572692607176e-10,7.003496903288564e-13,5.162736079949258e-11,0.0,100
3207,We should abandon social media,"[['A', 'B', 'C', 'D', 'E'], ['A', 'B', 'C', 'D', 'E']]",B,5.908673671597927e-10,0,8.606737590149293e-10,False,False,0.0,1.7628351268221708e-11,0.0,4.195141057236986e-09,0.9999999951963632,0.0,100
3207,We should abandon social media,"[['A', 'B', 'C', 'D', 'E'], ['A', 'B', 'C', 'D', 'E']]",C,0.1440450065358991,0,0.224901257620774,False,False,0.0,0.0,0.0,0.0,0.0,0.8559549934641008,100
3207,We should abandon social media,"[['A', 'B', 'C', 'D', 'E'], ['A', 'B', 'C', 'D', 'E']]",D,0.9999950717320732,0,0.999998423865887,False,True,1.0,4.918648259519486e-06,0.0,6.911867422215765e-09,2.7077998695144633e-09,0.0,100
3207,We should abandon social media,"[['A', 'B', 'C', 'D', 'E'], ['A', 'B', 'C', 'D', 'E']]",E,0.0919761464674818,0,0.15229737211430122,False,False,0.0,0.0,0.9080236595885774,1.775332142368226e-08,1.761906192736614e-07,0.0,100
3208,We should prohibit slum tourism,"[['A', 'B', 'C', 'D', 'E'], ['A', 'B', 'C', 'D', 'E']]",A,0.9999999997745639,0,0.9999999998049893,False,False,1.0,0.0,2.1440463193219028e-10,0.0,1.1031757368752737e-11,0.0,100
3208,We should prohibit slum tourism,"[['A', 'B', 'C', 'D', 'E'], ['A', 'B', 'C', 'D', 'E']]",B,0.04635148811211359,0,0.08820699878660525,False,False,0.0,0.6048204266084888,0.0,0.09512460386988199,0.25370348140951565,0.0,100
3208,We should prohibit slum tourism,"[['A', 'B', 'C', 'D', 'E'], ['A', 'B', 'C', 'D', 'E']]",C,0.9776389492614911,0,1.0069089187370157,True,True,1.0,0.0,0.0,0.0,0.0,0.0223610507385091,100
3208,We should prohibit slum tourism,"[['A', 'B', 'C', 'D', 'E'], ['A', 'B', 'C', 'D', 'E']]",D,0.05554588465868334,0,0.10587407857743686,False,False,0.0,2.468904969179509e-07,0.0,0.0035341237931748428,0.940919744657645,0.0,100
3208,We should prohibit slum tourism,"[['A', 'B', 'C', 'D', 'E'], ['A', 'B', 'C', 'D', 'E']]",E,2.0165848519667105e-11,0,2.6118260560550875e-11,False,False,0.0,0.0,1.081594146599947e-13,3.0988191281125054e-14,0.9999999999796951,0.0,100
3212,We should adopt the teacher tenure reform,"[['A', 'B', 'C', 'D', 'E'], ['A', 'B', 'C', 'D', 'E']]",A,0.9999999996018525,0,0.999999999689054,False,False,1.0,0.0,3.9074927407501753e-10,0.0,7.398199655478203e-12,0.0,100
3212,We should adopt the teacher tenure reform,"[['A', 'B', 'C', 'D', 'E'], ['A', 'B', 'C', 'D', 'E']]",B,7.492529128061e-05,0,0.00020266716052734846,False,False,0.0,0.9999250746894256,0.0,1.1156511877595276e-11,8.137158196679912e-12,0.0,100
3212,We should adopt the teacher tenure reform,"[['A', 'B', 'C', 'D', 'E'], ['A', 'B', 'C', 'D', 'E']]",C,0.994283077368951,0,1.0075760636465836,True,True,1.0,0.0,0.0,0.0,0.0,0.005716922631048791,100
3212,We should adopt the teacher tenure reform,"[['A', 'B', 'C', 'D', 'E'], ['A', 'B', 'C', 'D', 'E']]",D,0.13300732977014804,0,0.20027117673910624,False,False,0.0,0.816992466005479,0.0,1.9840091408756188e-07,0.05000000582345858,0.0,100
3212,We should adopt the teacher tenure reform,"[['A', 'B', 'C', 'D', 'E'], ['A', 'B', 'C', 'D', 'E']]",E,0.0999999452632607,0,0.1712954555094271,False,False,0.0,0.0,5.472710503201631e-08,1.942539038598008e-12,0.9000000000076918,0.0,100
3227,We should abolish capital punishment,"[['A', 'B', 'C', 'D', 'E'], ['A', 'B', 'C', 'D', 'E']]",A,0.9999999998326133,0,0.9999999998611804,False,False,1.0,0.0,1.5669190402454596e-10,0.0,1.0694766092389915e-11,0.0,100
3227,We should abolish capital punishment,"[['A', 'B', 'C', 'D', 'E'], ['A', 'B', 'C', 'D', 'E']]",B,0.19440164886746028,0,0.2828315169321475,False,False,0.0,0.6147296280423964,0.0,0.021650642727830984,0.1692180803623123,0.0,100
3227,We should abolish capital punishment,"[['A', 'B', 'C', 'D', 'E'], ['A', 'B', 'C', 'D', 'E']]",C,0.9987668430493147,0,1.0008728303727126,True,True,1.0,0.0,0.0,0.0,0.0,0.001233156950685205,100
3227,We should abolish capital punishment,"[['A', 'B', 'C', 'D', 'E'], ['A', 'B', 'C', 'D', 'E']]",D,0.01662514025904071,0,0.03910960287082915,False,False,0.0,0.9833748558398512,0.0,8.648502050868242e-11,3.8146231209486075e-09,0.0,100
3227,We should abolish capital punishment,"[['A', 'B', 'C', 'D', 'E'], ['A', 'B', 'C', 'D', 'E']]",E,0.9999806234427412,0,1.0000161081482128,True,True,1.0,0.0,1.9375967098482503e-05,4.075935885207593e-11,5.49401047202316e-10,0.0,100
3232,We should cancel pride parades,"[['A', 'B', 'C', 'D', 'E'], ['A', 'B', 'C', 'D', 'E']]",A,5.115096816618976e-10,0,9.48771347653878e-10,False,False,0.0,0.0,2.723960055322613e-10,4.2899818825579605e-11,0.9999999991731944,0.0,100
3232,We should cancel pride parades,"[['A', 'B', 'C', 'D', 'E'], ['A', 'B', 'C', 'D', 'E']]",B,0.1187041104361096,0,0.18658329140738059,False,False,0.0,0.001610008864296083,0.0,0.27188896279874664,0.6077969179008478,0.0,100
3232,We should cancel pride parades,"[['A', 'B', 'C', 'D', 'E'], ['A', 'B', 'C', 'D', 'E']]",C,0.46082336142096886,0,0.571328071192667,False,False,0.0,0.0,0.0,0.0,0.0,0.5391766385790312,100
3232,We should cancel pride parades,"[['A', 'B', 'C', 'D', 'E'], ['A', 'B', 'C', 'D', 'E']]",D,0.01701455793945692,0,0.042730273775085176,False,False,0.0,0.9732933704377316,0.0,0.007916411577992132,0.001775660044819502,0.0,100
3232,We should cancel pride parades,"[['A', 'B', 'C', 'D', 'E'], ['A', 'B', 'C', 'D', 'E']]",E,0.9999428547531305,0,1.0000159367819734,True,True,1.0,0.0,5.71440327914733e-05,2.8175334676778987e-11,1.1859027485248723e-09,0.0,100
3487,We should close landfills,"[['A', 'B', 'C', 'D', 'E'], ['A', 'B', 'C', 'D', 'E']]",A,0.9999999998953996,0,0.9999999999130075,False,False,1.0,0.0,9.993203202674504e-11,9.578735868046286e-15,4.6588366785919386e-12,0.0,100
3487,We should close landfills,"[['A', 'B', 'C', 'D', 'E'], ['A', 'B', 'C', 'D', 'E']]",B,0.05132773429088769,0,0.09813554866970654,False,False,0.0,0.9486688886728348,0.0,3.1283526992300004e-06,2.486835783138989e-07,0.0,100
3487,We should close landfills,"[['A', 'B', 'C', 'D', 'E'], ['A', 'B', 'C', 'D', 'E']]",C,0.766267467979361,0,0.8628173798014879,False,False,0.0,0.0,0.0,0.0,0.0,0.23373253202063907,100
3487,We should close landfills,"[['A', 'B', 'C', 'D', 'E'], ['A', 'B', 'C', 'D', 'E']]",D,0.9917853560223476,0,0.9996636040919894,False,True,1.0,0.008211206326405972,0.0,2.5229478491905535e-06,9.147033972156071e-07,0.0,100
3487,We should close landfills,"[['A', 'B', 'C', 'D', 'E'], ['A', 'B', 'C', 'D', 'E']]",E,0.16366329019188763,0,0.22850219277829387,False,False,0.0,0.0,0.8363367071174025,6.961319158218664e-10,1.9945778939835263e-09,0.0,100
3492,We should further exploit natural gas,"[['A', 'B', 'C', 'D', 'E'], ['A', 'B', 'C', 'D', 'E']]",A,0.9999999125667443,0,0.9999999608758141,False,False,1.0,0.0,8.741858098402484e-08,4.698503114843544e-12,9.976316616822817e-12,0.0,100
3492,We should further exploit natural gas,"[['A', 'B', 'C', 'D', 'E'], ['A', 'B', 'C', 'D', 'E']]",B,0.17123761225171966,0,0.25241353003077327,False,False,0.0,0.8243143208350946,0.0,0.002343274705846101,0.002104792207339462,0.0,100
3492,We should further exploit natural gas,"[['A', 'B', 'C', 'D', 'E'], ['A', 'B', 'C', 'D', 'E']]",C,0.9260599564135457,0,0.9814289667913818,False,True,0.0,0.0,0.0,0.0,0.0,0.07394004358645438,100
3492,We should further exploit natural gas,"[['A', 'B', 'C', 'D', 'E'], ['A', 'B', 'C', 'D', 'E']]",D,6.792116805647656e-06,0,1.2921935749431099e-05,False,False,0.0,0.999993207788588,0.0,8.969199292432666e-12,8.563719418876062e-11,0.0,100
3492,We should further exploit natural gas,"[['A', 'B', 'C', 'D', 'E'], ['A', 'B', 'C', 'D', 'E']]",E,0.9999999810909698,0,0.999999993828121,False,True,1.0,0.0,1.8197308530797147e-08,6.840430611738544e-12,7.048811897886862e-10,0.0,100
3661,We should abolish foster care,"[['A', 'B', 'C', 'D', 'E'], ['A', 'B', 'C', 'D', 'E']]",A,0.7404665583183859,0,0.8433447036854325,False,False,0.0,0.0,0.011269002540401174,5.187080236567777e-05,0.24821256833884728,0.0,100
3661,We should abolish foster care,"[['A', 'B', 'C', 'D', 'E'], ['A', 'B', 'C', 'D', 'E']]",B,8.314986676593522e-07,0,1.629154881054114e-06,False,False,0.0,8.770577490311441e-09,0.0,4.80124691795254e-08,0.9999991117182857,0.0,100
3661,We should abolish foster care,"[['A', 'B', 'C', 'D', 'E'], ['A', 'B', 'C', 'D', 'E']]",C,0.09796201331697729,0,0.1669474683949863,False,False,0.0,0.0,0.0,0.0,0.0,0.9020379866830228,100
3661,We should abolish foster care,"[['A', 'B', 'C', 'D', 'E'], ['A', 'B', 'C', 'D', 'E']]",D,0.8784162737290244,0,0.9439386132336166,False,False,0.0,0.12158359031266829,0.0,1.4145783458388383e-08,1.2181252378857642e-07,0.0,100
3661,We should abolish foster care,"[['A', 'B', 'C', 'D', 'E'], ['A', 'B', 'C', 'D', 'E']]",E,0.6081887799941676,0,0.7103033406317139,False,False,0.0,0.0,0.39181112682232927,2.7241563392221686e-09,9.045934678477397e-08,0.0,100
3688,We should abolish the presidential pardon,"[['A', 'B', 'C', 'D', 'E'], ['A', 'B', 'C', 'D', 'E']]",A,0.9999999988303813,0,0.9999999991184829,False,False,1.0,0.0,1.057408942722269e-09,9.790991134004895e-13,1.1123082361709268e-10,0.0,100
3688,We should abolish the presidential pardon,"[['A', 'B', 'C', 'D', 'E'], ['A', 'B', 'C', 'D', 'E']]",B,0.03199660009619033,0,0.05472964881220603,False,False,0.0,3.505177660880831e-07,0.0,0.01951626799199124,0.9484867813940522,0.0,100
3688,We should abolish the presidential pardon,"[['A', 'B', 'C', 'D', 'E'], ['A', 'B', 'C', 'D', 'E']]",C,0.545613245245776,0,0.6613387261925141,False,False,0.0,0.0,0.0,0.0,0.0,0.4543867547542239,100
3688,We should abolish the presidential pardon,"[['A', 'B', 'C', 'D', 'E'], ['A', 'B', 'C', 'D', 'E']]",D,0.6667083615863314,0,0.7584566143786309,False,False,0.0,0.2821736314312577,0.0,9.963230527194428e-05,0.0510183746771391,0.0,100
3688,We should abolish the presidential pardon,"[['A', 'B', 'C', 'D', 'E'], ['A', 'B', 'C', 'D', 'E']]",E,1.671457642017237e-07,0,5.612337165160711e-07,False,False,0.0,0.0,0.0022266114427840476,1.2315067726495495e-06,0.997771989904679,0.0,100
3730,Community service should be mandatory,"[['A', 'B', 'C', 'D', 'E'], ['A', 'B', 'C', 'D', 'E']]",A,0.9999999990106923,0,0.9999999993143562,False,False,1.0,0.0,9.826259267628175e-10,1.376685641783579e-13,6.544011358472988e-12,0.0,100
3730,Community service should be mandatory,"[['A', 'B', 'C', 'D', 'E'], ['A', 'B', 'C', 'D', 'E']]",B,0.07249610267638056,0,0.12803177500509358,False,False,0.0,0.8847532328865733,0.0,5.171474037332325e-05,0.04269894969667298,0.0,100
3730,Community service should be mandatory,"[['A', 'B', 'C', 'D', 'E'], ['A', 'B', 'C', 'D', 'E']]",C,0.5243288307603401,0,0.6392385234731578,False,False,0.0,0.0,0.0,0.0,0.0,0.4756711692396599,100
3730,Community service should be mandatory,"[['A', 'B', 'C', 'D', 'E'], ['A', 'B', 'C', 'D', 'E']]",D,0.00027905011096829936,0,0.000566713890869497,False,False,0.0,0.9997209475549017,0.0,1.4682800469562845e-10,2.187302143557364e-09,0.0,100
3730,Community service should be mandatory,"[['A', 'B', 'C', 'D', 'E'], ['A', 'B', 'C', 'D', 'E']]",E,0.9999992167177263,0,0.9999997929882608,False,True,1.0,0.0,7.812470140907441e-07,5.0330998595881575e-11,1.9849285227115544e-09,0.0,100
3758,We should further exploit sustainable energies,"[['A', 'B', 'C', 'D', 'E'], ['A', 'B', 'C', 'D', 'E']]",A,0.9999999997016803,0,0.9999999997872481,False,False,1.0,0.0,2.9302853869238796e-10,0.0,5.291297734736387e-12,0.0,100
3758,We should further exploit sustainable energies,"[['A', 'B', 'C', 'D', 'E'], ['A', 'B', 'C', 'D', 'E']]",B,0.07526424278952755,0,0.134903237496224,False,False,0.0,0.9247318424657113,0.0,3.7201183223132217e-06,1.9462643881581347e-07,0.0,100
3758,We should further exploit sustainable energies,"[['A', 'B', 'C', 'D', 'E'], ['A', 'B', 'C', 'D', 'E']]",C,0.7911692553520336,0,0.87056306349932,False,False,0.0,0.0,0.0,0.0,0.0,0.20883074464796633,100
3758,We should further exploit sustainable energies,"[['A', 'B', 'C', 'D', 'E'], ['A', 'B', 'C', 'D', 'E']]",D,0.9697991363023333,0,0.9959677080120751,False,True,1.0,0.029809960524631002,0.0,0.00038530456926858474,5.598603767175953e-06,0.0,100
3758,We should further exploit sustainable energies,"[['A', 'B', 'C', 'D', 'E'], ['A', 'B', 'C', 'D', 'E']]",E,0.6312270174886302,0,0.7264691739095235,False,False,0.0,0.0,0.3687729651376824,1.4751407817588373e-08,2.622279677647146e-09,0.0,100
2083,We should legalize organ trade,"[['A', 'B', 'C', 'D', 'E'], ['A', 'B', 'C', 'D', 'E']]",A,0.9999999955575045,0,0.9999999977126157,False,False,1.0,0.0,4.435318196469008e-09,8.141252208565419e-13,6.363278682364806e-12,0.0,100
2083,We should legalize organ trade,"[['A', 'B', 'C', 'D', 'E'], ['A', 'B', 'C', 'D', 'E']]",B,0.0008321889915724484,0,0.0022813444367968906,False,False,0.0,0.9991678108803871,0.0,1.1508012068051398e-10,1.2960478160966411e-11,0.0,100
2083,We should legalize organ trade,"[['A', 'B', 'C', 'D', 'E'], ['A', 'B', 'C', 'D', 'E']]",C,0.99939901838059,0,1.0008199490726848,True,True,1.0,0.0,0.0,0.0,0.0,0.0006009816194098925,100
2083,We should legalize organ trade,"[['A', 'B', 'C', 'D', 'E'], ['A', 'B', 'C', 'D', 'E']]",D,7.331236938149962e-07,0,1.3865837062135797e-06,False,False,0.0,0.9999992132994183,0.0,4.8420946969362015e-11,5.352846695711599e-08,0.0,100
2083,We should legalize organ trade,"[['A', 'B', 'C', 'D', 'E'], ['A', 'B', 'C', 'D', 'E']]",E,0.9999996168428589,0,0.9999999357534266,False,True,1.0,0.0,3.64739507480315e-07,4.9183166650784745e-11,1.8368450545378472e-08,0.0,100
2166,We should legalize sex selection,"[['A', 'B', 'C', 'D', 'E'], ['A', 'B', 'C', 'D', 'E']]",A,0.9999999914212843,0,0.9999999964953138,False,False,1.0,0.0,8.570116192435002e-09,1.5916318299018103e-12,7.008061253497689e-12,0.0,100
2166,We should legalize sex selection,"[['A', 'B', 'C', 'D', 'E'], ['A', 'B', 'C', 'D', 'E']]",B,0.02490034229159315,0,0.05188089581862251,False,False,0.0,0.9750996537567233,0.0,3.829717814041516e-09,1.2196589087648692e-10,0.0,100
2166,We should legalize sex selection,"[['A', 'B', 'C', 'D', 'E'], ['A', 'B', 'C', 'D', 'E']]",C,0.9967090762599043,0,1.0032115763246907,True,True,1.0,0.0,0.0,0.0,0.0,0.0032909237400955333,100
2166,We should legalize sex selection,"[['A', 'B', 'C', 'D', 'E'], ['A', 'B', 'C', 'D', 'E']]",D,5.549972479746574e-06,0,1.3787295783187682e-05,False,False,0.0,0.9999944389259708,0.0,2.947405898295485e-11,1.1072075262042135e-08,0.0,100
2166,We should legalize sex selection,"[['A', 'B', 'C', 'D', 'E'], ['A', 'B', 'C', 'D', 'E']]",E,0.9999999649360393,0,0.9999999905605138,False,True,1.0,0.0,3.350192804961348e-08,3.1901500868443614e-11,1.5301311465011117e-09,0.0,100
2402,We should close the Guantanamo Bay detention camp,"[['A', 'B', 'C', 'D', 'E'], ['A', 'B', 'C', 'D', 'E']]",A,0.999999999794147,0,0.999999999824789,False,False,1.0,0.0,2.0002348395890406e-10,5.384940211785708e-15,5.82414521575532e-12,0.0,100
2402,We should close the Guantanamo Bay detention camp,"[['A', 'B', 'C', 'D', 'E'], ['A', 'B', 'C', 'D', 'E']]",B,0.07842796727769726,0,0.1406825669678859,False,False,0.0,0.8915443032237892,0.0,1.5279409424130145e-05,0.030012450089089454,0.0,100
2402,We should close the Guantanamo Bay detention camp,"[['A', 'B', 'C', 'D', 'E'], ['A', 'B', 'C', 'D', 'E']]",C,0.9893988676141597,0,1.0130577495126667,True,True,1.0,0.0,0.0,0.0,0.0,0.010601132385840309,100
2402,We should close the Guantanamo Bay detention camp,"[['A', 'B', 'C', 'D', 'E'], ['A', 'B', 'C', 'D', 'E']]",D,0.29076943595710064,0,0.3905826326506211,False,False,0.0,0.7092305619824607,0.0,9.228749629282602e-10,1.1375638009424728e-09,0.0,100
2402,We should close the Guantanamo Bay detention camp,"[['A', 'B', 'C', 'D', 'E'], ['A', 'B', 'C', 'D', 'E']]",E,0.999921026023384,0,0.999992851689715,False,True,1.0,0.0,7.89737887019028e-05,2.0699090669507262e-11,1.6721520508316855e-10,0.0,100
3193,We should fight nationalism,"[['A', 'B', 'C', 'D', 'E'], ['A', 'B', 'C', 'D', 'E']]",A,0.9999999992657013,0,0.999999999436106,False,False,1.0,0.0,7.22362540721617e-10,5.531325718825257e-13,1.1382820079627545e-11,0.0,100
3193,We should fight nationalism,"[['A', 'B', 'C', 'D', 'E'], ['A', 'B', 'C', 'D', 'E']]",B,0.22229423005179516,0,0.30619499187462546,False,False,0.0,0.6814941395104063,0.0,0.0906915138784308,0.005520116559367837,0.0,100
3193,We should fight nationalism,"[['A', 'B', 'C', 'D', 'E'], ['A', 'B', 'C', 'D', 'E']]",C,0.9916683557098658,0,1.006560319529737,True,True,1.0,0.0,0.0,0.0,0.0,0.008331644290134157,100
3193,We should fight nationalism,"[['A', 'B', 'C', 'D', 'E'], ['A', 'B', 'C', 'D', 'E']]",D,0.2900078782092859,0,0.3624665705185105,False,False,0.0,3.92691496767779e-05,0.0,0.5708857329160841,0.13906711972495311,0.0,100
3193,We should fight nationalism,"[['A', 'B', 'C', 'D', 'E'], ['A', 'B', 'C', 'D', 'E']]",E,0.0026240254175046436,0,0.0088288112528724,False,False,0.0,0.0,0.007132840590080455,2.2702268747591537e-05,0.9902204317236674,0.0,100
3197,We should end progressive taxation,"[['A', 'B', 'C', 'D', 'E'], ['A', 'B', 'C', 'D', 'E']]",A,0.069999994471904,0,0.13063614510750374,False,False,0.0,0.0,5.299731090991126e-09,1.791558399944459e-11,0.9300000002104493,0.0,100
3197,We should end progressive taxation,"[['A', 'B', 'C', 'D', 'E'], ['A', 'B', 'C', 'D', 'E']]",B,0.4010378920549892,0,0.5052511663171311,False,False,0.0,0.1403677485304777,0.0,0.0719334316874311,0.3866609277271021,0.0,100
3197,We should end progressive taxation,"[['A', 'B', 'C', 'D', 'E'], ['A', 'B', 'C', 'D', 'E']]",C,0.9817041201174128,0,1.0081288624843192,True,True,1.0,0.0,0.0,0.0,0.0,0.018295879882587195,100
3197,We should end progressive taxation,"[['A', 'B', 'C', 'D', 'E'], ['A', 'B', 'C', 'D', 'E']]",D,0.00037560611087640686,0,0.00095404418085708,False,False,0.0,0.9996243937420006,0.0,1.598325800047343e-11,1.3113967465681103e-10,0.0,100
3197,We should end progressive taxation,"[['A', 'B', 'C', 'D', 'E'], ['A', 'B', 'C', 'D', 'E']]",E,0.9999942063759469,0,0.9999999347951528,False,True,1.0,0.0,5.793426072681216e-06,1.77776135071005e-11,1.8020273813158942e-10,0.0,100
4004,Blood donation should be mandatory,"[['A', 'B', 'C', 'D', 'E'], ['A', 'B', 'C', 'D', 'E']]",A,0.9999999887786672,0,0.9999999951174965,False,False,1.0,0.0,1.120613798371094e-08,2.6114441983223327e-12,1.2583308061725142e-11,0.0,100
4004,Blood donation should be mandatory,"[['A', 'B', 'C', 'D', 'E'], ['A', 'B', 'C', 'D', 'E']]",B,0.1430142738874941,0,0.2234437168457165,False,False,0.0,0.011503158196066449,0.0,0.013277161540236447,0.832205406376203,0.0,100
4004,Blood donation should be mandatory,"[['A', 'B', 'C', 'D', 'E'], ['A', 'B', 'C', 'D', 'E']]",C,0.28973009737529465,0,0.3974684061957783,False,False,0.0,0.0,0.0,0.0,0.0,0.7102699026247054,100
4004,Blood donation should be mandatory,"[['A', 'B', 'C', 'D', 'E'], ['A', 'B', 'C', 'D', 'E']]",D,0.0013434726525318496,0,0.0025557722634837014,False,False,0.0,0.9986565264768962,0.0,7.917945536245052e-11,7.913925787974452e-10,0.0,100
4004,Blood donation should be mandatory,"[['A', 'B', 'C', 'D', 'E'], ['A', 'B', 'C', 'D', 'E']]",E,0.9999951171454646,0,0.9999980385339489,False,False,1.0,0.0,4.88065486545284e-06,5.158920495349582e-11,2.148080719033596e-09,0.0,100
3205,We should end water fluoridation,"[['A', 'B', 'C', 'D', 'E'], ['A', 'B', 'C', 'D', 'E']]",A,0.09000013110234256,0,0.15801174052908,False,False,0.0,0.0,1.07421216283148e-08,2.501984963067572e-09,0.9099998556535509,0.0,100
3205,We should end water fluoridation,"[['A', 'B', 'C', 'D', 'E'], ['A', 'B', 'C', 'D', 'E']]",B,0.2424210547161549,0,0.3364315243533395,False,False,0.0,0.138006816260473,0.0,0.025793255566014528,0.5937788734573577,0.0,100
3205,We should end water fluoridation,"[['A', 'B', 'C', 'D', 'E'], ['A', 'B', 'C', 'D', 'E']]",C,0.9650829468495608,0,1.0023998920979547,True,True,1.0,0.0,0.0,0.0,0.0,0.03491705315043917,100
3205,We should end water fluoridation,"[['A', 'B', 'C', 'D', 'E'], ['A', 'B', 'C', 'D', 'E']]",D,0.4059336697010453,0,0.503225648882306,False,False,0.0,0.5940652644080702,0.0,5.55922583225595e-09,1.0603316587711904e-06,0.0,100
3205,We should end water fluoridation,"[['A', 'B', 'C', 'D', 'E'], ['A', 'B', 'C', 'D', 'E']]",E,0.9686868338497813,0,0.993891437095427,False,True,1.0,0.0,0.03131294354244322,3.304814199280605e-09,2.1930296148682197e-07,0.0,100
3237,We should prohibit unisex bathrooms,"[['A', 'B', 'C', 'D', 'E'], ['A', 'B', 'C', 'D', 'E']]",A,0.9999999505631944,0,1.000000039833057,True,True,1.0,0.0,2.744283259446333e-09,4.815952386226032e-12,4.6687706528704274e-08,0.0,100
3237,We should prohibit unisex bathrooms,"[['A', 'B', 'C', 'D', 'E'], ['A', 'B', 'C', 'D', 'E']]",B,0.05656685003438367,0,0.09967805395174298,False,False,0.0,0.5666978700466989,0.0,0.003003278188148691,0.37373200173076865,0.0,100
3237,We should prohibit unisex bathrooms,"[['A', 'B', 'C', 'D', 'E'], ['A', 'B', 'C', 'D', 'E']]",C,0.9904703478375331,0,1.0027955316608343,True,True,1.0,0.0,0.0,0.0,0.0,0.009529652162466727,100
3237,We should prohibit unisex bathrooms,"[['A', 'B', 'C', 'D', 'E'], ['A', 'B', 'C', 'D', 'E']]",D,0.019293675014372073,0,0.04807164153081066,False,False,0.0,0.8684794241100579,0.0,0.0022267549126095804,0.11000014596296044,0.0,100
3237,We should prohibit unisex bathrooms,"[['A', 'B', 'C', 'D', 'E'], ['A', 'B', 'C', 'D', 'E']]",E,0.9926675238431614,0,1.0099536901411756,True,True,1.0,0.0,2.0594948009411237e-05,4.628301437587096e-10,0.007311880745999131,0.0,100
2652,We should ban mass surveillance,"[['A', 'B', 'C', 'D', 'E'], ['A', 'B', 'C', 'D', 'E']]",A,0.9999999997430646,0,0.9999999997977841,False,False,1.0,0.0,2.492697888088858e-10,0.0,7.665542833460997e-12,0.0,100
2652,We should ban mass surveillance,"[['A', 'B', 'C', 'D', 'E'], ['A', 'B', 'C', 'D', 'E']]",B,0.3310318245217132,0,0.42777331891053977,False,False,0.0,0.2663938836545131,0.0,0.05020739303511371,0.35236689878865995,0.0,100
2652,We should ban mass surveillance,"[['A', 'B', 'C', 'D', 'E'], ['A', 'B', 'C', 'D', 'E']]",C,0.8583950119307601,0,0.9285261595825574,False,False,0.0,0.0,0.0,0.0,0.0,0.1416049880692399,100
2652,We should ban mass surveillance,"[['A', 'B', 'C', 'D', 'E'], ['A', 'B', 'C', 'D', 'E']]",D,0.7045562072352056,0,0.7993077806281598,False,False,0.0,0.26441737074141125,0.0,0.000677175968378574,0.030349246055004452,0.0,100
2652,We should ban mass surveillance,"[['A', 'B', 'C', 'D', 'E'], ['A', 'B', 'C', 'D', 'E']]",E,0.6822577852929509,0,0.775119085327682,False,False,0.0,0.0,0.28774220907943315,7.993775545419384e-10,0.030000004828238374,0.0,100
3435,Begging should be banned,"[['A', 'B', 'C', 'D', 'E'], ['A', 'B', 'C', 'D', 'E']]",A,0.9898909741306844,0,1.0135294845336356,True,True,1.0,0.0,0.00012453750577252868,4.577543880717183e-06,0.009979910819662607,0.0,100
3435,Begging should be banned,"[['A', 'B', 'C', 'D', 'E'], ['A', 'B', 'C', 'D', 'E']]",B,0.011842083385305997,0,0.03504197298349097,False,False,0.0,0.01831240820893796,0.0,0.012985420415163961,0.9568600879905921,0.0,100
3435,Begging should be banned,"[['A', 'B', 'C', 'D', 'E'], ['A', 'B', 'C', 'D', 'E']]",C,0.7749090997862664,0,0.8708418441493171,False,False,0.0,0.0,0.0,0.0,0.0,0.22509090021373354,100
3435,Begging should be banned,"[['A', 'B', 'C', 'D', 'E'], ['A', 'B', 'C', 'D', 'E']]",D,0.14604410981504443,0,0.21877136600518243,False,False,0.0,0.8539555970571416,0.0,8.072723935786816e-09,2.8505508993115254e-07,0.0,100
3435,Begging should be banned,"[['A', 'B', 'C', 'D', 'E'], ['A', 'B', 'C', 'D', 'E']]",E,0.9967190436834088,0,0.9995315602864412,False,True,1.0,0.0,0.0032809517943830063,3.4383437597647254e-10,4.1783738336268295e-09,0.0,100
3923,Health education should be mandatory,"[['A', 'B', 'C', 'D', 'E'], ['A', 'B', 'C', 'D', 'E']]",A,0.9999999997918917,0,0.9999999998344051,False,False,1.0,0.0,2.0250187796863203e-10,0.0,5.606381027175902e-12,0.0,100
3923,Health education should be mandatory,"[['A', 'B', 'C', 'D', 'E'], ['A', 'B', 'C', 'D', 'E']]",B,0.007780101356881627,0,0.026160017159340705,False,False,0.0,0.9922198985528696,0.0,7.214225242003032e-11,1.8106407417068694e-11,0.0,100
3923,Health education should be mandatory,"[['A', 'B', 'C', 'D', 'E'], ['A', 'B', 'C', 'D', 'E']]",C,0.19045924688981827,0,0.2805964397206433,False,False,0.0,0.0,0.0,0.0,0.0,0.8095407531101817,100
3923,Health education should be mandatory,"[['A', 'B', 'C', 'D', 'E'], ['A', 'B', 'C', 'D', 'E']]",D,0.8410813859045453,0,0.9131571766018757,False,False,0.0,0.15891859439330414,0.0,1.4170927270240487e-08,5.5312233962043594e-09,0.0,100
3923,Health education should be mandatory,"[['A', 'B', 'C', 'D', 'E'], ['A', 'B', 'C', 'D', 'E']]",E,0.9993826949039591,0,1.0008032315098523,True,True,1.0,0.0,0.0006173048954705668,2.0166459901592912e-11,1.8040404095312015e-10,0.0,100
4000,The Euro should be abandoned,"[['A', 'B', 'C', 'D', 'E'], ['A', 'B', 'C', 'D', 'E']]",A,0.9899752564067128,0,1.013620795537669,True,True,1.0,0.0,2.4743352176480673e-05,3.3154298192481647e-10,0.009999999909567736,0.0,100
4000,The Euro should be abandoned,"[['A', 'B', 'C', 'D', 'E'], ['A', 'B', 'C', 'D', 'E']]",B,0.15260788708019782,0,0.2309319281224462,False,False,0.0,0.02292404859521481,0.0,0.08621752117747077,0.7382505431471165,0.0,100
4000,The Euro should be abandoned,"[['A', 'B', 'C', 'D', 'E'], ['A', 'B', 'C', 'D', 'E']]",C,0.989956058972458,0,1.0132690379277107,True,True,1.0,0.0,0.0,0.0,0.0,0.010043941027541869,100
4000,The Euro should be abandoned,"[['A', 'B', 'C', 'D', 'E'], ['A', 'B', 'C', 'D', 'E']]",D,0.5466830495973326,0,0.6426293353046861,False,False,0.0,0.45329559014439186,0.0,1.029060003758373e-07,2.125735227506427e-05,0.0,100
4000,The Euro should be abandoned,"[['A', 'B', 'C', 'D', 'E'], ['A', 'B', 'C', 'D', 'E']]",E,0.8639298599669146,0,0.9280019387270778,False,False,0.0,0.0,0.12610662421035557,1.3832077405479185e-07,0.00996337750195578,0.0,100
3244,We should abandon Twitter,"[['A', 'B', 'C', 'D', 'E'], ['A', 'B', 'C', 'D', 'E']]",A,0.9999999986083838,0,0.9999999988718282,False,False,1.0,0.0,1.36068900188419e-09,1.4078999643597973e-12,2.9519233726284716e-11,0.0,100
3244,We should abandon Twitter,"[['A', 'B', 'C', 'D', 'E'], ['A', 'B', 'C', 'D', 'E']]",B,0.1343887836455884,0,0.21030966324996686,False,False,0.0,0.02360792466565521,0.0,0.07943764855752362,0.7625656431312328,0.0,100
3244,We should abandon Twitter,"[['A', 'B', 'C', 'D', 'E'], ['A', 'B', 'C', 'D', 'E']]",C,0.39497512974497867,0,0.5085668371514236,False,False,0.0,0.0,0.0,0.0,0.0,0.6050248702550214,100
3244,We should abandon Twitter,"[['A', 'B', 'C', 'D', 'E'], ['A', 'B', 'C', 'D', 'E']]",D,0.9999986178315408,0,0.9999990268543272,False,False,1.0,1.178004697585953e-06,0.0,5.6996278218429116e-08,1.4716748359197067e-07,0.0,100
3244,We should abandon Twitter,"[['A', 'B', 'C', 'D', 'E'], ['A', 'B', 'C', 'D', 'E']]",E,0.000849058191169848,0,0.0022691017112345248,False,False,0.0,0.0,0.0691509288227267,5.8834641239688415e-09,0.9300000071026393,0.0,100
4275,We should abandon speed limit enforcement,"[['A', 'B', 'C', 'D', 'E'], ['A', 'B', 'C', 'D', 'E']]",A,0.4999998075737674,0,0.6188256740602572,False,False,0.0,0.0,2.0023997834429708e-07,3.518225690779506e-10,0.49999999183443167,0.0,100
4275,We should abandon speed limit enforcement,"[['A', 'B', 'C', 'D', 'E'], ['A', 'B', 'C', 'D', 'E']]",B,0.05546960584902764,0,0.10694510278031333,False,False,0.0,1.955713057093562e-05,0.0,0.010128232175572542,0.9343826048448288,0.0,100
4275,We should abandon speed limit enforcement,"[['A', 'B', 'C', 'D', 'E'], ['A', 'B', 'C', 'D', 'E']]",C,0.5498989476315672,0,0.6634455374789164,False,False,0.0,0.0,0.0,0.0,0.0,0.4501010523684329,100
4275,We should abandon speed limit enforcement,"[['A', 'B', 'C', 'D', 'E'], ['A', 'B', 'C', 'D', 'E']]",D,0.004164387348647954,0,0.009920029265837856,False,False,0.0,0.9958356100486349,0.0,1.7766629718214113e-10,2.4250509555968756e-09,0.0,100
4275,We should abandon speed limit enforcement,"[['A', 'B', 'C', 'D', 'E'], ['A', 'B', 'C', 'D', 'E']]",E,0.9999874001688543,0,1.000001503717406,True,True,1.0,0.0,1.2594762903119857e-05,1.1710723936012553e-10,4.951135224242211e-09,0.0,100
3415,We should abandon the sexual revolution,"[['A', 'B', 'C', 'D', 'E'], ['A', 'B', 'C', 'D', 'E']]",A,0.9999988203593101,0,1.000001102193985,True,True,1.0,0.0,1.147226326654164e-06,1.5750730422729274e-10,3.225685568870999e-08,0.0,100
3415,We should abandon the sexual revolution,"[['A', 'B', 'C', 'D', 'E'], ['A', 'B', 'C', 'D', 'E']]",B,0.22835183622588331,0,0.3202757725454967,False,False,0.0,0.0011492055092625702,0.0,0.14326573414524466,0.6272332241196096,0.0,100
3415,We should abandon the sexual revolution,"[['A', 'B', 'C', 'D', 'E'], ['A', 'B', 'C', 'D', 'E']]",C,0.5718156049528935,0,0.6859818324926942,False,False,0.0,0.0,0.0,0.0,0.0,0.42818439504710637,100
3415,We should abandon the sexual revolution,"[['A', 'B', 'C', 'D', 'E'], ['A', 'B', 'C', 'D', 'E']]",D,0.43347939772958183,0,0.5462889866513878,False,False,0.0,0.0632491300443873,0.0,0.02111043623315145,0.48216103599287935,0.0,100
3415,We should abandon the sexual revolution,"[['A', 'B', 'C', 'D', 'E'], ['A', 'B', 'C', 'D', 'E']]",E,0.012049721962402305,0,0.036139292039401964,False,False,0.0,0.0,0.0026319810140795884,1.0756127833853771e-05,0.9853075408956843,0.0,100
3273,We should abolish judicial activism,"[['A', 'B', 'C', 'D', 'E'], ['A', 'B', 'C', 'D', 'E']]",A,0.9999999969737946,0,0.9999999975492218,False,False,1.0,0.0,2.984582760970329e-09,3.903732832274113e-12,3.77188964192889e-11,0.0,100
3273,We should abolish judicial activism,"[['A', 'B', 'C', 'D', 'E'], ['A', 'B', 'C', 'D', 'E']]",B,0.10854171783061074,0,0.17487445077467817,False,False,0.0,0.3219799305258749,0.0,0.1925295396914594,0.376948811952055,0.0,100
3273,We should abolish judicial activism,"[['A', 'B', 'C', 'D', 'E'], ['A', 'B', 'C', 'D', 'E']]",C,0.9199298181455043,0,0.9784717117331005,False,True,0.0,0.0,0.0,0.0,0.0,0.08007018185449585,100
3273,We should abolish judicial activism,"[['A', 'B', 'C', 'D', 'E'], ['A', 'B', 'C', 'D', 'E']]",D,0.537162196597749,0,0.6353410217930968,False,False,0.0,0.462692039594336,0.0,1.6141653402599766e-07,0.00014560239138092105,0.0,100
3273,We should abolish judicial activism,"[['A', 'B', 'C', 'D', 'E'], ['A', 'B', 'C', 'D', 'E']]",E,0.8050737848807076,0,0.8924027526992288,False,False,0.0,0.0,0.037601153538041054,6.05785573998661e-08,0.1573250010026939,0.0,100
3636,We should ban billboards,"[['A', 'B', 'C', 'D', 'E'], ['A', 'B', 'C', 'D', 'E']]",A,0.9999999996659535,0,0.9999999997291268,False,False,1.0,0.0,3.2268335466262303e-10,0.0,1.1363251585705782e-11,0.0,100
3636,We should ban billboards,"[['A', 'B', 'C', 'D', 'E'], ['A', 'B', 'C', 'D', 'E']]",B,0.26022081366935795,0,0.35679161092801837,False,False,0.0,0.148693863242067,0.0,0.03169169858396847,0.5593936245046065,0.0,100
3636,We should ban billboards,"[['A', 'B', 'C', 'D', 'E'], ['A', 'B', 'C', 'D', 'E']]",C,0.5326035140550307,0,0.6383450340629276,False,False,0.0,0.0,0.0,0.0,0.0,0.46739648594496946,100
3636,We should ban billboards,"[['A', 'B', 'C', 'D', 'E'], ['A', 'B', 'C', 'D', 'E']]",D,0.9976626076254516,0,0.9999898707903626,False,True,1.0,0.002327878455851976,0.0,8.34332759467496e-06,1.1705911018245356e-06,0.0,100
3636,We should ban billboards,"[['A', 'B', 'C', 'D', 'E'], ['A', 'B', 'C', 'D', 'E']]",E,0.2604210591507999,0,0.34080852897918557,False,False,0.0,0.0,0.7395788715316663,1.0688996370236355e-08,5.86285374085629e-08,0.0,100
2765,We should ban media conglomerates,"[['A', 'B', 'C', 'D', 'E'], ['A', 'B', 'C', 'D', 'E']]",A,0.9999999994273651,0,0.9999999995717268,False,False,1.0,0.0,5.634234882208009e-10,1.0638360929854283e-13,9.104972382197476e-12,0.0,100
2765,We should ban media conglomerates,"[['A', 'B', 'C', 'D', 'E'], ['A', 'B', 'C', 'D', 'E']]",B,0.38011242303464904,0,0.4811693352588488,False,False,0.0,0.10910829785698928,0.0,0.0274118489680223,0.48336743014033945,0.0,100
2765,We should ban media conglomerates,"[['A', 'B', 'C', 'D', 'E'], ['A', 'B', 'C', 'D', 'E']]",C,0.1557321533699763,0,0.24049590291270484,False,False,0.0,0.0,0.0,0.0,0.0,0.8442678466300237,100
2765,We should ban media conglomerates,"[['A', 'B', 'C', 'D', 'E'], ['A', 'B', 'C', 'D', 'E']]",D,0.9985420111733804,0,1.0004058477270092,True,True,1.0,0.001376184693230276,0.0,1.995694749192431e-05,6.184718589758821e-05,0.0,100
2765,We should ban media conglomerates,"[['A', 'B', 'C', 'D', 'E'], ['A', 'B', 'C', 'D', 'E']]",E,0.6187006035186275,0,0.7159175812950608,False,False,0.0,0.0,0.38129926186625335,7.116674560126555e-08,6.344837351101016e-08,0.0,100
3977,We should ban rodenticide,"[['A', 'B', 'C', 'D', 'E'], ['A', 'B', 'C', 'D', 'E']]",A,0.9999999997394877,0,0.9999999997828248,False,False,1.0,0.0,2.538411378769025e-10,0.0,6.671194714921244e-12,0.0,100
3977,We should ban rodenticide,"[['A', 'B', 'C', 'D', 'E'], ['A', 'B', 'C', 'D', 'E']]",B,0.15556045954483322,0,0.2326828823991947,False,False,0.0,0.5915526201694291,0.0,0.01972827697905767,0.23315864330667999,0.0,100
3977,We should ban rodenticide,"[['A', 'B', 'C', 'D', 'E'], ['A', 'B', 'C', 'D', 'E']]",C,0.6971999829077694,0,0.7997362137138566,False,False,0.0,0.0,0.0,0.0,0.0,0.3028000170922306,100
3977,We should ban rodenticide,"[['A', 'B', 'C', 'D', 'E'], ['A', 'B', 'C', 'D', 'E']]",D,0.988000663771627,0,1.0116672227284453,True,True,1.0,0.0016356891141618168,0.0,0.0001422854356841545,0.010221361678527026,0.0,100
3977,We should ban rodenticide,"[['A', 'B', 'C', 'D', 'E'], ['A', 'B', 'C', 'D', 'E']]",E,0.13202325461159967,0,0.20354548751405685,False,False,0.0,0.0,0.8679767200420447,4.2003312249610916e-09,2.114602437917419e-08,0.0,100
3518,We should ban the use of petroleum,"[['A', 'B', 'C', 'D', 'E'], ['A', 'B', 'C', 'D', 'E']]",A,0.9999999998845288,0,0.9999999999041196,False,False,1.0,0.0,1.1011569140552367e-10,0.0,5.355420292547385e-12,0.0,100
3518,We should ban the use of petroleum,"[['A', 'B', 'C', 'D', 'E'], ['A', 'B', 'C', 'D', 'E']]",B,0.385951545741936,0,0.4910443434132923,False,False,0.0,0.00018524630459746945,0.0,0.05116808325728194,0.5626951246961847,0.0,100
3518,We should ban the use of petroleum,"[['A', 'B', 'C', 'D', 'E'], ['A', 'B', 'C', 'D', 'E']]",C,0.3480427164117598,0,0.4555043527235135,False,False,0.0,0.0,0.0,0.0,0.0,0.6519572835882402,100
3518,We should ban the use of petroleum,"[['A', 'B', 'C', 'D', 'E'], ['A', 'B', 'C', 'D', 'E']]",D,0.9743471580185407,0,0.9916425402832129,False,True,1.0,0.025650844288032822,0.0,1.5610784869747472e-06,4.3661493965045694e-07,0.0,100
3518,We should ban the use of petroleum,"[['A', 'B', 'C', 'D', 'E'], ['A', 'B', 'C', 'D', 'E']]",E,0.15480564524562415,0,0.22505131327289385,False,False,0.0,0.0,0.8451943297289808,1.576637431246225e-08,9.259020861528594e-09,0.0,100
3705,We should close the sex offender registry,"[['A', 'B', 'C', 'D', 'E'], ['A', 'B', 'C', 'D', 'E']]",A,0.7986852052496873,0,0.8936315578605096,False,False,0.0,0.0,0.0027832439516280337,7.332961904032229e-05,0.19845822117964432,0.0,100
3705,We should close the sex offender registry,"[['A', 'B', 'C', 'D', 'E'], ['A', 'B', 'C', 'D', 'E']]",B,0.22236628039790524,0,0.30766838676125247,False,False,0.0,0.05505801838046203,0.0,0.05872564128980168,0.6638500599318311,0.0,100
3705,We should close the sex offender registry,"[['A', 'B', 'C', 'D', 'E'], ['A', 'B', 'C', 'D', 'E']]",C,0.7836288288189267,0,0.8747640341834098,False,False,0.0,0.0,0.0,0.0,0.0,0.21637117118107332,100
3705,We should close the sex offender registry,"[['A', 'B', 'C', 'D', 'E'], ['A', 'B', 'C', 'D', 'E']]",D,0.0026678760905853743,0,0.006311130096570644,False,False,0.0,0.997332122355256,0.0,1.257380179705008e-10,1.4284205535646576e-09,0.0,100
3705,We should close the sex offender registry,"[['A', 'B', 'C', 'D', 'E'], ['A', 'B', 'C', 'D', 'E']]",E,0.9996804553879722,0,1.0003733166362387,True,True,1.0,0.0,0.00031954325374467245,9.163871121155452e-11,1.2666444136919346e-09,0.0,100
3459,We should fight environmental degradation,"[['A', 'B', 'C', 'D', 'E'], ['A', 'B', 'C', 'D', 'E']]",A,0.9999999999277925,0,0.999999999943598,False,False,1.0,0.0,6.898222136598719e-11,0.0,3.2253476246373003e-12,0.0,100
3459,We should fight environmental degradation,"[['A', 'B', 'C', 'D', 'E'], ['A', 'B', 'C', 'D', 'E']]",B,0.020359048435433093,0,0.05343215689420394,False,False,0.0,0.9796409348880998,0.0,1.655078505582399e-08,1.2568219073199147e-10,0.0,100
3459,We should fight environmental degradation,"[['A', 'B', 'C', 'D', 'E'], ['A', 'B', 'C', 'D', 'E']]",C,0.9140564346384685,0,0.9682144476256298,False,True,0.0,0.0,0.0,0.0,0.0,0.08594356536153155,100
3459,We should fight environmental degradation,"[['A', 'B', 'C', 'D', 'E'], ['A', 'B', 'C', 'D', 'E']]",D,0.7672572820369716,0,0.8536501199320697,False,False,0.0,0.01516551860023934,0.0,0.13894502946030027,0.07863216990248895,0.0,100
3459,We should fight environmental degradation,"[['A', 'B', 'C', 'D', 'E'], ['A', 'B', 'C', 'D', 'E']]",E,0.10480929370976526,0,0.15560754870776694,False,False,0.0,0.0,0.8882622587565975,6.493633295351463e-05,0.006863511200683688,0.0,100
3490,We should further exploit filibusters,"[['A', 'B', 'C', 'D', 'E'], ['A', 'B', 'C', 'D', 'E']]",A,0.9995684057493573,0,1.000139244720986,True,True,1.0,0.0,0.00043148521895512444,7.19108351655845e-08,3.712085231783242e-08,0.0,100
3490,We should further exploit filibusters,"[['A', 'B', 'C', 'D', 'E'], ['A', 'B', 'C', 'D', 'E']]",B,0.09801522357946027,0,0.16290127271853766,False,False,0.0,0.7673570796979067,0.0,0.0023994096626351056,0.1322282870599981,0.0,100
3490,We should further exploit filibusters,"[['A', 'B', 'C', 'D', 'E'], ['A', 'B', 'C', 'D', 'E']]",C,0.9246759539268206,0,0.9835156654424694,False,True,0.0,0.0,0.0,0.0,0.0,0.07532404607317933,100
3490,We should further exploit filibusters,"[['A', 'B', 'C', 'D', 'E'], ['A', 'B', 'C', 'D', 'E']]",D,0.0628788909949215,0,0.10725136387823353,False,False,0.0,0.9371211073610816,0.0,6.066915836164004e-10,1.0373051265748784e-09,0.0,100
3490,We should further exploit filibusters,"[['A', 'B', 'C', 'D', 'E'], ['A', 'B', 'C', 'D', 'E']]",E,0.999996386514656,0,0.9999982177924525,False,False,1.0,0.0,3.6129264566638976e-06,7.105048344764684e-11,4.878367263756836e-10,0.0,100
3902,We should further exploit genetic engineering,"[['A', 'B', 'C', 'D', 'E'], ['A', 'B', 'C', 'D', 'E']]",A,0.9999999982889308,0,0.9999999993168338,False,False,1.0,0.0,1.7050686464482177e-09,3.289986376564768e-13,5.671630525918856e-12,0.0,100
3902,We should further exploit genetic engineering,"[['A', 'B', 'C', 'D', 'E'], ['A', 'B', 'C', 'D', 'E']]",B,0.046259246825173406,0,0.09404155182073118,False,False,0.0,0.9537405498565954,0.0,2.0019870816024972e-07,3.1195228512283703e-09,0.0,100
3902,We should further exploit genetic engineering,"[['A', 'B', 'C', 'D', 'E'], ['A', 'B', 'C', 'D', 'E']]",C,0.8978165676515111,0,0.9606792145324852,False,True,0.0,0.0,0.0,0.0,0.0,0.1021834323484889,100
3902,We should further exploit genetic engineering,"[['A', 'B', 'C', 'D', 'E'], ['A', 'B', 'C', 'D', 'E']]",D,0.4380093678779321,0,0.5345072089751256,False,False,0.0,0.5619906246463536,0.0,5.205116751776538e-09,2.2705974744372227e-09,0.0,100
3902,We should further exploit genetic engineering,"[['A', 'B', 'C', 'D', 'E'], ['A', 'B', 'C', 'D', 'E']]",E,0.9999977859629595,0,0.9999998259184546,False,True,1.0,0.0,2.21328331478229e-06,1.1517457628757634e-11,7.422082078033328e-10,0.0,100
3939,We should increase historic preservation,"[['A', 'B', 'C', 'D', 'E'], ['A', 'B', 'C', 'D', 'E']]",A,0.9999999998642523,0,0.9999999998857503,False,False,1.0,0.0,1.3117287900281186e-10,0.0,4.57503459266695e-12,0.0,100
3939,We should increase historic preservation,"[['A', 'B', 'C', 'D', 'E'], ['A', 'B', 'C', 'D', 'E']]",B,0.009989552185376475,0,0.03360792627316795,False,False,0.0,0.9900104476057815,0.0,1.961937275745495e-10,1.2648191981886975e-11,0.0,100
3939,We should increase historic preservation,"[['A', 'B', 'C', 'D', 'E'], ['A', 'B', 'C', 'D', 'E']]",C,0.8832511999770704,0,0.9534911222112005,False,False,0.0,0.0,0.0,0.0,0.0,0.11674880002292981,100
3939,We should increase historic preservation,"[['A', 'B', 'C', 'D', 'E'], ['A', 'B', 'C', 'D', 'E']]",D,0.8605511685168942,0,0.91912327424489,False,False,0.0,0.13942955879988284,0.0,1.9264226294322975e-05,8.456928556155296e-09,0.0,100
3939,We should increase historic preservation,"[['A', 'B', 'C', 'D', 'E'], ['A', 'B', 'C', 'D', 'E']]",E,0.7709245316672814,0,0.856935013082427,False,False,0.0,0.0,0.22907546644708507,5.398985262031571e-10,1.3457349976939896e-09,0.0,100
3252,We should increase mixed-use development,"[['A', 'B', 'C', 'D', 'E'], ['A', 'B', 'C', 'D', 'E']]",A,0.9999999998883494,0,0.9999999999074605,False,False,1.0,0.0,1.0724636052435049e-10,0.0,4.40419167460937e-12,0.0,100
3252,We should increase mixed-use development,"[['A', 'B', 'C', 'D', 'E'], ['A', 'B', 'C', 'D', 'E']]",B,1.0961770803158375e-09,0,1.3868220462639778e-09,False,False,0.0,0.9999999988989124,0.0,2.1297851588651173e-14,4.889293793195573e-12,0.0,100
3252,We should increase mixed-use development,"[['A', 'B', 'C', 'D', 'E'], ['A', 'B', 'C', 'D', 'E']]",C,0.9777239977037177,0,1.0071151583717872,True,True,1.0,0.0,0.0,0.0,0.0,0.022276002296282148,100
3252,We should increase mixed-use development,"[['A', 'B', 'C', 'D', 'E'], ['A', 'B', 'C', 'D', 'E']]",D,0.3528548830068393,0,0.45095380954084424,False,False,0.0,0.6471442916816212,0.0,8.012828535218962e-07,2.4028685804987812e-08,0.0,100
3252,We should increase mixed-use development,"[['A', 'B', 'C', 'D', 'E'], ['A', 'B', 'C', 'D', 'E']]",E,0.99999555391043,0,1.0000057320789553,True,True,1.0,0.0,4.445841371953681e-06,1.4471606884710311e-11,2.3372657264235325e-10,0.0,100
3750,We should increase public space,"[['A', 'B', 'C', 'D', 'E'], ['A', 'B', 'C', 'D', 'E']]",A,0.999999999839075,0,0.9999999998592816,False,False,1.0,0.0,1.5624384814568508e-10,0.0,4.6811798103484515e-12,0.0,100
3750,We should increase public space,"[['A', 'B', 'C', 'D', 'E'], ['A', 'B', 'C', 'D', 'E']]",B,0.0024596686055090283,0,0.006603766371511003,False,False,0.0,0.9975403313800295,0.0,9.121711407573014e-12,5.3396514362242134e-12,0.0,100
3750,We should increase public space,"[['A', 'B', 'C', 'D', 'E'], ['A', 'B', 'C', 'D', 'E']]",C,0.900896187413703,0,0.9580744385883595,False,False,0.0,0.0,0.0,0.0,0.0,0.09910381258629686,100
3750,We should increase public space,"[['A', 'B', 'C', 'D', 'E'], ['A', 'B', 'C', 'D', 'E']]",D,0.7698575812662909,0,0.8570964913968141,False,False,0.0,0.2301126902014523,0.0,2.9510897366225043e-05,2.1763489055849022e-07,0.0,100
3750,We should increase public space,"[['A', 'B', 'C', 'D', 'E'], ['A', 'B', 'C', 'D', 'E']]",E,0.998207281393794,0,0.9998158929918934,False,True,1.0,0.0,0.0017927182982743247,3.1830501308603897e-11,2.761012593838647e-10,0.0,100
4124,We should increase the use of artificial insemination,"[['A', 'B', 'C', 'D', 'E'], ['A', 'B', 'C', 'D', 'E']]",A,0.9999999946944239,0,0.9999999985338237,False,True,1.0,0.0,5.299167080833898e-09,8.269970471483349e-13,5.582012781018736e-12,0.0,100
4124,We should increase the use of artificial insemination,"[['A', 'B', 'C', 'D', 'E'], ['A', 'B', 'C', 'D', 'E']]",B,0.0033891936855895643,0,0.010982946752338954,False,False,0.0,0.9966108062917759,0.0,1.5780174704760192e-11,6.854242289046627e-12,0.0,100
4124,We should increase the use of artificial insemination,"[['A', 'B', 'C', 'D', 'E'], ['A', 'B', 'C', 'D', 'E']]",C,0.9937182641674742,0,1.0022079474551002,True,True,1.0,0.0,0.0,0.0,0.0,0.006281735832525709,100
4124,We should increase the use of artificial insemination,"[['A', 'B', 'C', 'D', 'E'], ['A', 'B', 'C', 'D', 'E']]",D,0.4348028749062954,0,0.5300806194644131,False,False,0.0,0.5651966847270116,0.0,4.3651467556765263e-07,3.852017375796725e-09,0.0,100
4124,We should increase the use of artificial insemination,"[['A', 'B', 'C', 'D', 'E'], ['A', 'B', 'C', 'D', 'E']]",E,0.9999865699993952,0,1.0000052451627948,True,True,1.0,0.0,1.342988767073967e-05,8.270732907641465e-12,1.046634006613559e-10,0.0,100
3450,We should increase the use of credit unions,"[['A', 'B', 'C', 'D', 'E'], ['A', 'B', 'C', 'D', 'E']]",A,0.9999999997954911,0,0.9999999998323711,False,False,1.0,0.0,1.998016807577547e-10,0.0,4.707080111476437e-12,0.0,100
3450,We should increase the use of credit unions,"[['A', 'B', 'C', 'D', 'E'], ['A', 'B', 'C', 'D', 'E']]",B,3.7199613175018167e-09,0,6.297828523237859e-09,False,False,0.0,0.9999999962756949,0.0,1.1719213370182079e-13,4.226537360619356e-12,0.0,100
3450,We should increase the use of credit unions,"[['A', 'B', 'C', 'D', 'E'], ['A', 'B', 'C', 'D', 'E']]",C,0.8112038969664294,0,0.888365968053392,False,False,0.0,0.0,0.0,0.0,0.0,0.18879610303357064,100
3450,We should increase the use of credit unions,"[['A', 'B', 'C', 'D', 'E'], ['A', 'B', 'C', 'D', 'E']]",D,0.9378504261200304,0,0.9836334879979975,False,True,0.0,0.061738765440025524,0.0,0.000410698064638549,1.1037530569301765e-07,0.0,100
3450,We should increase the use of credit unions,"[['A', 'B', 'C', 'D', 'E'], ['A', 'B', 'C', 'D', 'E']]",E,0.7347099023779529,0,0.8269632853572063,False,False,0.0,0.0,0.2652900907722625,4.8512645897418e-09,1.9985199953646675e-09,0.0,100
3202,We should introduce the alternative vote,"[['A', 'B', 'C', 'D', 'E'], ['A', 'B', 'C', 'D', 'E']]",A,0.9999999992780972,0,0.9999999994017533,False,False,1.0,0.0,7.140089131646962e-10,3.51142209874227e-14,7.858473566085972e-12,0.0,100
3202,We should introduce the alternative vote,"[['A', 'B', 'C', 'D', 'E'], ['A', 'B', 'C', 'D', 'E']]",B,0.00011092903402654372,0,0.0003707077149097455,False,False,0.0,0.9998890709517849,0.0,7.391237045083125e-12,6.797366953350681e-12,0.0,100
3202,We should introduce the alternative vote,"[['A', 'B', 'C', 'D', 'E'], ['A', 'B', 'C', 'D', 'E']]",C,0.9872921552579035,0,1.0023330492832723,True,True,1.0,0.0,0.0,0.0,0.0,0.012707844742096623,100
3202,We should introduce the alternative vote,"[['A', 'B', 'C', 'D', 'E'], ['A', 'B', 'C', 'D', 'E']]",D,0.0006705208099092515,0,0.0014429370419322427,False,False,0.0,0.9993294776073064,0.0,1.1032502093710528e-10,1.472459414002171e-09,0.0,100
3202,We should introduce the alternative vote,"[['A', 'B', 'C', 'D', 'E'], ['A', 'B', 'C', 'D', 'E']]",E,0.9999945984596319,0,1.0000016317790672,True,True,1.0,0.0,5.40025026231465e-06,7.520327531211805e-11,1.2149023734556453e-09,0.0,100
3924,We should limit Hydrocarbon exploration,"[['A', 'B', 'C', 'D', 'E'], ['A', 'B', 'C', 'D', 'E']]",A,0.9999999998063513,0,0.9999999998306096,False,False,1.0,0.0,1.8580965949371996e-10,0.0,7.83895042896856e-12,0.0,100
3924,We should limit Hydrocarbon exploration,"[['A', 'B', 'C', 'D', 'E'], ['A', 'B', 'C', 'D', 'E']]",B,0.04844094885806343,0,0.09649776644524952,False,False,0.0,0.9515590213864429,0.0,2.839318037262482e-08,1.3623131447403235e-09,0.0,100
3924,We should limit Hydrocarbon exploration,"[['A', 'B', 'C', 'D', 'E'], ['A', 'B', 'C', 'D', 'E']]",C,0.8726239624756025,0,0.948940915386826,False,False,0.0,0.0,0.0,0.0,0.0,0.12737603752439763,100
3924,We should limit Hydrocarbon exploration,"[['A', 'B', 'C', 'D', 'E'], ['A', 'B', 'C', 'D', 'E']]",D,0.5787273559526193,0,0.6740282706871115,False,False,0.0,0.4212726317225426,0.0,3.1608200283167087e-09,9.164018200664649e-09,0.0,100
3924,We should limit Hydrocarbon exploration,"[['A', 'B', 'C', 'D', 'E'], ['A', 'B', 'C', 'D', 'E']]",E,0.6755363236622732,0,0.7800105364131289,False,False,0.0,0.0,0.12445386574337562,7.126088925394821e-06,0.2000026845054258,0.0,100
3674,We should limit judicial review,"[['A', 'B', 'C', 'D', 'E'], ['A', 'B', 'C', 'D', 'E']]",A,0.9973105445860435,0,1.0036699507674651,True,True,1.0,0.0,0.002689453742125887,1.2398834987383586e-09,4.3194695463516814e-10,0.0,100
3674,We should limit judicial review,"[['A', 'B', 'C', 'D', 'E'], ['A', 'B', 'C', 'D', 'E']]",B,0.16735600812218215,0,0.2471259778312096,False,False,0.0,0.8322154444097617,0.0,0.00041962255441929067,8.924913636939109e-06,0.0,100
3674,We should limit judicial review,"[['A', 'B', 'C', 'D', 'E'], ['A', 'B', 'C', 'D', 'E']]",C,0.7338674952066968,0,0.8346848786899095,False,False,0.0,0.0,0.0,0.0,0.0,0.2661325047933032,100
3674,We should limit judicial review,"[['A', 'B', 'C', 'D', 'E'], ['A', 'B', 'C', 'D', 'E']]",D,0.00021670283164651458,0,0.000466587013528738,False,False,0.0,0.9997829322775631,0.0,3.4860043069041144e-10,3.645421899364266e-07,0.0,100
3674,We should limit judicial review,"[['A', 'B', 'C', 'D', 'E'], ['A', 'B', 'C', 'D', 'E']]",E,0.9995022604776918,0,1.0006234000304655,True,True,1.0,0.0,2.1514295710554064e-05,5.464620575544419e-10,0.00047622468013565377,0.0,100
3633,We should not subsidize athletes,"[['A', 'B', 'C', 'D', 'E'], ['A', 'B', 'C', 'D', 'E']]",A,0.9999999744454433,0,0.9999999971562089,False,True,1.0,0.0,2.112780048393732e-09,4.697602742840234e-12,2.3437078945132983e-08,0.0,100
3633,We should not subsidize athletes,"[['A', 'B', 'C', 'D', 'E'], ['A', 'B', 'C', 'D', 'E']]",B,0.06453985025109875,0,0.11044384370107502,False,False,0.0,0.8686649266932163,0.0,0.009102171460947934,0.05769305159473712,0.0,100
3633,We should not subsidize athletes,"[['A', 'B', 'C', 'D', 'E'], ['A', 'B', 'C', 'D', 'E']]",C,0.9836483331501839,0,1.0104728643913985,True,True,1.0,0.0,0.0,0.0,0.0,0.016351666849816163,100
3633,We should not subsidize athletes,"[['A', 'B', 'C', 'D', 'E'], ['A', 'B', 'C', 'D', 'E']]",D,6.460664735905928e-11,0,9.434413453966383e-11,False,False,0.0,4.311757517917466e-08,0.0,1.4540061209068506e-11,0.999999956803278,0.0,100
3633,We should not subsidize athletes,"[['A', 'B', 'C', 'D', 'E'], ['A', 'B', 'C', 'D', 'E']]",E,4.94999916963586e-08,0,7.610792966325446e-08,False,False,0.0,0.0,2.3220972163318915e-11,2.8158670956847576e-12,0.9999999504739715,0.0,100
3432,We should prohibit bailouts,"[['A', 'B', 'C', 'D', 'E'], ['A', 'B', 'C', 'D', 'E']]",A,0.999999999193591,0,0.9999999993567974,False,False,1.0,0.0,7.464414184241716e-10,9.475934362549219e-13,5.902004951104764e-11,0.0,100
3432,We should prohibit bailouts,"[['A', 'B', 'C', 'D', 'E'], ['A', 'B', 'C', 'D', 'E']]",B,0.20429248338757774,0,0.28481809890548676,False,False,0.0,0.09363939429511944,0.0,0.11167471203231577,0.590393410284987,0.0,100
3432,We should prohibit bailouts,"[['A', 'B', 'C', 'D', 'E'], ['A', 'B', 'C', 'D', 'E']]",C,0.971189924415209,0,1.0060242614350268,True,True,1.0,0.0,0.0,0.0,0.0,0.02881007558479092,100
3432,We should prohibit bailouts,"[['A', 'B', 'C', 'D', 'E'], ['A', 'B', 'C', 'D', 'E']]",D,0.7548147890180152,0,0.8407336744037232,False,False,0.0,1.0837686880999703e-05,0.0,0.12512952183724038,0.12004485145786349,0.0,100
3432,We should prohibit bailouts,"[['A', 'B', 'C', 'D', 'E'], ['A', 'B', 'C', 'D', 'E']]",E,6.340966651633965e-10,0,1.1276825063094125e-09,False,False,0.0,0.0,3.2947752648532217e-12,8.629266574420827e-13,0.9999999993617458,0.0,100
3743,We should prohibit over the counter drugs,"[['A', 'B', 'C', 'D', 'E'], ['A', 'B', 'C', 'D', 'E']]",A,0.9999999652712295,0,1.0000000342942719,True,True,1.0,0.0,3.321935273100562e-08,1.606947477178106e-11,1.4933484005770304e-09,0.0,100
3743,We should prohibit over the counter drugs,"[['A', 'B', 'C', 'D', 'E'], ['A', 'B', 'C', 'D', 'E']]",B,0.1524691049436558,0,0.2265882544892599,False,False,0.0,0.016502519399991724,0.0,0.020719545237845804,0.8103088304185069,0.0,100
3743,We should prohibit over the counter drugs,"[['A', 'B', 'C', 'D', 'E'], ['A', 'B', 'C', 'D', 'E']]",C,0.4830563006451966,0,0.597597710875115,False,False,0.0,0.0,0.0,0.0,0.0,0.5169436993548033,100
3743,We should prohibit over the counter drugs,"[['A', 'B', 'C', 'D', 'E'], ['A', 'B', 'C', 'D', 'E']]",D,0.6209487852265965,0,0.7167417387009851,False,False,0.0,0.3790511172731052,0.0,1.0154415651580587e-08,8.734588266333447e-08,0.0,100
3743,We should prohibit over the counter drugs,"[['A', 'B', 'C', 'D', 'E'], ['A', 'B', 'C', 'D', 'E']]",E,0.7942840175271759,0,0.8706590569306252,False,False,0.0,0.0,0.20571100011562926,8.82259454611887e-09,4.973534600430699e-06,0.0,100
2463,We should prohibit school prayer,"[['A', 'B', 'C', 'D', 'E'], ['A', 'B', 'C', 'D', 'E']]",A,0.9999999885597086,0,0.999999994521503,False,False,1.0,0.0,7.346949535405442e-09,9.972240792193751e-12,4.0833697380495534e-09,0.0,100
2463,We should prohibit school prayer,"[['A', 'B', 'C', 'D', 'E'], ['A', 'B', 'C', 'D', 'E']]",B,0.17140105329281272,0,0.24439120020573254,False,False,0.0,0.6717734204911051,0.0,0.01251844240867344,0.14430708380740884,0.0,100
2463,We should prohibit school prayer,"[['A', 'B', 'C', 'D', 'E'], ['A', 'B', 'C', 'D', 'E']]",C,0.95359451608432,0,1.0000849750596579,True,True,1.0,0.0,0.0,0.0,0.0,0.04640548391568007,100
2463,We should prohibit school prayer,"[['A', 'B', 'C', 'D', 'E'], ['A', 'B', 'C', 'D', 'E']]",D,0.20268402226357554,0,0.2808850611606954,False,False,0.0,0.7071621828444971,0.0,2.3082991089262057e-06,0.0901514865928185,0.0,100
2463,We should prohibit school prayer,"[['A', 'B', 'C', 'D', 'E'], ['A', 'B', 'C', 'D', 'E']]",E,0.8362104932674422,0,0.9230384099422237,False,False,0.0,0.0,0.0022202939656347305,8.159254910710071e-08,0.16156913117437383,0.0,100
3241,We should prohibit tabloid journalism,"[['A', 'B', 'C', 'D', 'E'], ['A', 'B', 'C', 'D', 'E']]",A,0.9999999997531884,0,0.9999999997871168,False,False,1.0,0.0,2.38333340724483e-10,2.616551940557451e-14,8.452034156404861e-12,0.0,100
3241,We should prohibit tabloid journalism,"[['A', 'B', 'C', 'D', 'E'], ['A', 'B', 'C', 'D', 'E']]",B,0.054259808136405116,0,0.10413107593827972,False,False,0.0,0.0032928786702483338,0.0,0.02915300507840019,0.9132943081149465,0.0,100
3241,We should prohibit tabloid journalism,"[['A', 'B', 'C', 'D', 'E'], ['A', 'B', 'C', 'D', 'E']]",C,0.4130370328790763,0,0.517129931043023,False,False,0.0,0.0,0.0,0.0,0.0,0.5869629671209237,100
3241,We should prohibit tabloid journalism,"[['A', 'B', 'C', 'D', 'E'], ['A', 'B', 'C', 'D', 'E']]",D,0.999233344085647,0,0.9994631868876058,False,False,1.0,0.00042140256795292875,0.0,0.00028779672500894323,5.7456621391161366e-05,0.0,100
3241,We should prohibit tabloid journalism,"[['A', 'B', 'C', 'D', 'E'], ['A', 'B', 'C', 'D', 'E']]",E,0.46159838196077907,0,0.5549222863664253,False,False,0.0,0.0,0.5383968739399919,3.733294187706932e-07,4.370769810340883e-06,0.0,100
3656,We should subsidize financial advisors,"[['A', 'B', 'C', 'D', 'E'], ['A', 'B', 'C', 'D', 'E']]",A,0.9999999991441206,0,0.9999999993509572,False,False,1.0,0.0,8.501818071825843e-10,6.682730892935582e-14,5.630822535205728e-12,0.0,100
3656,We should subsidize financial advisors,"[['A', 'B', 'C', 'D', 'E'], ['A', 'B', 'C', 'D', 'E']]",B,0.011483531541854301,0,0.03535085502783422,False,False,0.0,0.9885164684162304,0.0,3.553093127259076e-11,6.3843359193245736e-12,0.0,100
3656,We should subsidize financial advisors,"[['A', 'B', 'C', 'D', 'E'], ['A', 'B', 'C', 'D', 'E']]",C,0.9967594848608483,0,1.0043452071758,True,True,1.0,0.0,0.0,0.0,0.0,0.0032405151391517472,100
3656,We should subsidize financial advisors,"[['A', 'B', 'C', 'D', 'E'], ['A', 'B', 'C', 'D', 'E']]",D,0.004855740794022092,0,0.013942124576973665,False,False,0.0,0.9951442584525116,0.0,1.356758060700314e-10,6.177904070446309e-10,0.0,100
3656,We should subsidize financial advisors,"[['A', 'B', 'C', 'D', 'E'], ['A', 'B', 'C', 'D', 'E']]",E,0.999992349586886,0,1.0000054341295288,True,True,1.0,0.0,7.648240363826463e-06,1.048510215843815e-10,2.067899260469131e-09,0.0,100
3541,We should subsidize scholarships,"[['A', 'B', 'C', 'D', 'E'], ['A', 'B', 'C', 'D', 'E']]",A,0.9999999998088989,0,0.9999999998407476,False,False,1.0,0.0,1.854361008429455e-10,0.0,5.6650969671039706e-12,0.0,100
3541,We should subsidize scholarships,"[['A', 'B', 'C', 'D', 'E'], ['A', 'B', 'C', 'D', 'E']]",B,3.593267311918518e-08,0,8.551993118927208e-08,False,False,0.0,0.999999964062972,0.0,1.0226136668785659e-13,4.25263228702428e-12,0.0,100
3541,We should subsidize scholarships,"[['A', 'B', 'C', 'D', 'E'], ['A', 'B', 'C', 'D', 'E']]",C,0.9246821145860852,0,0.981983843178644,False,True,0.0,0.0,0.0,0.0,0.0,0.07531788541391475,100
3541,We should subsidize scholarships,"[['A', 'B', 'C', 'D', 'E'], ['A', 'B', 'C', 'D', 'E']]",D,0.08582424036503505,0,0.13430481537406852,False,False,0.0,0.9141756562700648,0.0,8.100948479666541e-08,2.2355415027217442e-08,0.0,100
3541,We should subsidize scholarships,"[['A', 'B', 'C', 'D', 'E'], ['A', 'B', 'C', 'D', 'E']]",E,0.9997816090420906,0,1.000015596783901,True,True,1.0,0.0,0.00021839071763735503,3.421279058966542e-11,2.0605923757432006e-10,0.0,100
4212,We should subsidize space exploration,"[['A', 'B', 'C', 'D', 'E'], ['A', 'B', 'C', 'D', 'E']]",A,0.9999999997797712,0,0.9999999998218313,False,False,1.0,0.0,2.155204704367546e-10,6.1019366711741434e-15,4.702259212918694e-12,0.0,100
4212,We should subsidize space exploration,"[['A', 'B', 'C', 'D', 'E'], ['A', 'B', 'C', 'D', 'E']]",B,0.00010259686586491872,0,0.00027699768862623857,False,False,0.0,0.9998974031200032,0.0,9.628976637956254e-12,4.5028817562954544e-12,0.0,100
4212,We should subsidize space exploration,"[['A', 'B', 'C', 'D', 'E'], ['A', 'B', 'C', 'D', 'E']]",C,0.9336732763836355,0,0.9872555140179344,False,True,0.0,0.0,0.0,0.0,0.0,0.06632672361636449,100
4212,We should subsidize space exploration,"[['A', 'B', 'C', 'D', 'E'], ['A', 'B', 'C', 'D', 'E']]",D,0.00021300864930603962,0,0.00044234114473434746,False,False,0.0,0.999786990550562,0.0,3.4949512592530116e-11,7.651823906897869e-10,0.0,100
4212,We should subsidize space exploration,"[['A', 'B', 'C', 'D', 'E'], ['A', 'B', 'C', 'D', 'E']]",E,0.9999986085710414,0,1.0000008782709071,True,True,1.0,0.0,1.390969881936764e-06,1.8892050855674076e-11,4.401845078967612e-10,0.0,100
