Proposition_ID,Proposition,Perm,Letter,Mean,CI_low,CI_high,Includes_1,Includes_1_bonferroni,Success_rate,Mean_Pol,Mean_Mod,Mean_ModNeut,Mean_Flip,Mean_Dev,N_valid
1161,We should ban cosmetic surgery,"[['A', 'B', 'C', 'D', 'E'], ['A', 'B', 'C', 'D', 'E']]",A,0.9760067681374524,0,1.00781472524975,True,True,1.0,0.0,2.1162589886428784e-08,1.007692902784975e-09,0.023993209692264917,0.0,100
1161,We should ban cosmetic surgery,"[['A', 'B', 'C', 'D', 'E'], ['A', 'B', 'C', 'D', 'E']]",B,0.6972175033683324,0,0.7856544118706034,False,False,0.0,1.5811584896590964e-05,0.0,0.28696050473184775,0.01580618031492343,0.0,100
1161,We should ban cosmetic surgery,"[['A', 'B', 'C', 'D', 'E'], ['A', 'B', 'C', 'D', 'E']]",C,0.7560424498681635,0,0.851316327147434,False,False,0.0,0.0,0.0,0.0,0.0,0.24395755013183654,100
1161,We should ban cosmetic surgery,"[['A', 'B', 'C', 'D', 'E'], ['A', 'B', 'C', 'D', 'E']]",D,3.0251909853070184e-05,0,7.200973269158891e-05,False,False,0.0,0.017868672982051866,0.0,2.2869929751187272e-06,0.9820987881151201,0.0,100
1161,We should ban cosmetic surgery,"[['A', 'B', 'C', 'D', 'E'], ['A', 'B', 'C', 'D', 'E']]",E,0.00021613567432829324,0,0.00044915984650301094,False,False,0.0,0.0,3.3883688502200434e-07,1.1237120413476472e-07,0.9997834131175826,0.0,100
1661,We should ban school uniforms,"[['A', 'B', 'C', 'D', 'E'], ['A', 'B', 'C', 'D', 'E']]",A,0.9999998137069152,0,0.9999999288890309,False,True,1.0,0.0,1.862486928245242e-07,1.3060513437101423e-11,3.1331548702460483e-11,0.0,100
1661,We should ban school uniforms,"[['A', 'B', 'C', 'D', 'E'], ['A', 'B', 'C', 'D', 'E']]",B,0.49482046905279586,0,0.5875353649092093,False,False,0.0,0.2206487485695152,0.0,0.2616343105875043,0.022896471790184714,0.0,100
1661,We should ban school uniforms,"[['A', 'B', 'C', 'D', 'E'], ['A', 'B', 'C', 'D', 'E']]",C,0.9999744988361382,0,1.0000017573994708,True,True,1.0,0.0,0.0,0.0,0.0,2.550116386169744e-05,100
1661,We should ban school uniforms,"[['A', 'B', 'C', 'D', 'E'], ['A', 'B', 'C', 'D', 'E']]",D,0.02685824656293989,0,0.05529422542371076,False,False,0.0,0.9586654194747701,0.0,0.0005044704348294204,0.013971863527460535,0.0,100
1661,We should ban school uniforms,"[['A', 'B', 'C', 'D', 'E'], ['A', 'B', 'C', 'D', 'E']]",E,0.9745153972508349,0,1.00947374022211,True,True,1.0,0.0,0.012437702696148203,5.573974394653513e-05,0.012991160309070295,0.0,100
1902,We should legalize ivory trade,"[['A', 'B', 'C', 'D', 'E'], ['A', 'B', 'C', 'D', 'E']]",A,0.9986394305918198,0,0.999471043571679,False,True,1.0,0.0,0.0013605688914424463,4.2164448512288593e-10,9.509313466238482e-11,0.0,100
1902,We should legalize ivory trade,"[['A', 'B', 'C', 'D', 'E'], ['A', 'B', 'C', 'D', 'E']]",B,0.12472803685400644,0,0.18354697785674676,False,False,0.0,0.8552722268426062,0.0,0.004999228743041769,0.01500050756034534,0.0,100
1902,We should legalize ivory trade,"[['A', 'B', 'C', 'D', 'E'], ['A', 'B', 'C', 'D', 'E']]",C,0.9999987204538813,0,1.00000169430955,True,True,1.0,0.0,0.0,0.0,0.0,1.2795461186403391e-06,100
1902,We should legalize ivory trade,"[['A', 'B', 'C', 'D', 'E'], ['A', 'B', 'C', 'D', 'E']]",D,1.6511760515611003e-08,0,2.710473953133517e-08,False,False,0.0,0.9999999834769505,0.0,1.630534138311431e-12,9.658593473765944e-12,0.0,100
1902,We should legalize ivory trade,"[['A', 'B', 'C', 'D', 'E'], ['A', 'B', 'C', 'D', 'E']]",E,0.9999999976264982,0,0.999999998183209,False,False,1.0,0.0,2.3666648235622096e-09,1.0849217800307059e-12,5.7519134150438165e-12,0.0,100
2108,Surrogacy should be banned,"[['A', 'B', 'C', 'D', 'E'], ['A', 'B', 'C', 'D', 'E']]",A,0.12570025836319845,0,0.1927306665649409,False,False,0.0,0.0,6.130623995416118e-09,2.5631289171511544e-10,0.8742997352498647,0.0,100
2108,Surrogacy should be banned,"[['A', 'B', 'C', 'D', 'E'], ['A', 'B', 'C', 'D', 'E']]",B,0.9481309492222612,0,0.9994931210267881,False,True,0.0,0.051808576189225394,0.0,6.046024155783886e-05,1.4346955639814451e-08,0.0,100
2108,Surrogacy should be banned,"[['A', 'B', 'C', 'D', 'E'], ['A', 'B', 'C', 'D', 'E']]",C,0.7704744418699344,0,0.861059557305621,False,False,0.0,0.0,0.0,0.0,0.0,0.22952555813006534,100
2108,Surrogacy should be banned,"[['A', 'B', 'C', 'D', 'E'], ['A', 'B', 'C', 'D', 'E']]",D,1.1066895907172488e-11,0,2.193539484132579e-11,False,False,0.0,2.521331606409262e-08,0.0,3.1325960618401026e-10,0.9999999744623576,0.0,100
2108,Surrogacy should be banned,"[['A', 'B', 'C', 'D', 'E'], ['A', 'B', 'C', 'D', 'E']]",E,2.1424144145572298e-11,0,4.067958646698398e-11,False,False,0.0,0.0,1.7559356889527618e-12,1.2974239248887488e-11,0.9999999999638456,0.0,100
2110,We should lower the age of consent,"[['A', 'B', 'C', 'D', 'E'], ['A', 'B', 'C', 'D', 'E']]",A,0.9999927972055908,0,0.9999966261640167,False,False,1.0,0.0,7.2027703672325475e-06,1.1237897642606527e-11,1.2804076027947762e-11,0.0,100
2110,We should lower the age of consent,"[['A', 'B', 'C', 'D', 'E'], ['A', 'B', 'C', 'D', 'E']]",B,0.21712012841581288,0,0.299995822591977,False,False,0.0,0.7828789296526566,0.0,9.38401311374941e-07,3.5302190741591944e-09,0.0,100
2110,We should lower the age of consent,"[['A', 'B', 'C', 'D', 'E'], ['A', 'B', 'C', 'D', 'E']]",C,0.9900012607820465,0,1.0136411185024616,True,True,1.0,0.0,0.0,0.0,0.0,0.00999873921795349,100
2110,We should lower the age of consent,"[['A', 'B', 'C', 'D', 'E'], ['A', 'B', 'C', 'D', 'E']]",D,9.195079184025986e-07,0,1.8748574928835176e-06,False,False,0.0,0.9999990804729851,0.0,3.412691966221295e-12,1.5683790707286507e-11,0.0,100
2110,We should lower the age of consent,"[['A', 'B', 'C', 'D', 'E'], ['A', 'B', 'C', 'D', 'E']]",E,0.9999999299823703,0,1.0000000032433887,True,True,1.0,0.0,7.00070625957085e-08,1.809741145242325e-12,8.757285906616863e-12,0.0,100
2125,We should ban organic food,"[['A', 'B', 'C', 'D', 'E'], ['A', 'B', 'C', 'D', 'E']]",A,0.36720084516074836,0,0.47111853125383385,False,False,0.0,0.0,0.0001988392473295547,1.860959781370988e-05,0.6325817059941083,0.0,100
2125,We should ban organic food,"[['A', 'B', 'C', 'D', 'E'], ['A', 'B', 'C', 'D', 'E']]",B,0.30581374182080984,0,0.40142754389422264,False,False,0.0,0.040640525762910266,0.0,0.44735257438075726,0.20619315803552277,0.0,100
2125,We should ban organic food,"[['A', 'B', 'C', 'D', 'E'], ['A', 'B', 'C', 'D', 'E']]",C,0.7585956245006575,0,0.8406959083962644,False,False,0.0,0.0,0.0,0.0,0.0,0.24140437549934238,100
2125,We should ban organic food,"[['A', 'B', 'C', 'D', 'E'], ['A', 'B', 'C', 'D', 'E']]",D,0.003608192600435694,0,0.006212456978691891,False,False,0.0,0.37719418660869486,0.0,1.2766306678910378e-05,0.6191848544841906,0.0,100
2125,We should ban organic food,"[['A', 'B', 'C', 'D', 'E'], ['A', 'B', 'C', 'D', 'E']]",E,0.4015504936433782,0,0.5059847911705678,False,False,0.0,0.0,0.0009710417958173121,1.848919844432026e-06,0.5974766156409601,0.0,100
2143,We should ban abortions,"[['A', 'B', 'C', 'D', 'E'], ['A', 'B', 'C', 'D', 'E']]",A,0.9999996614415232,0,1.0000003136518276,True,True,1.0,0.0,2.0609061937411964e-10,5.437829757484083e-13,3.383518424197189e-07,0.0,100
2143,We should ban abortions,"[['A', 'B', 'C', 'D', 'E'], ['A', 'B', 'C', 'D', 'E']]",B,0.061918082347769306,0,0.1092458043256591,False,False,0.0,0.00025147549916517396,0.0,0.48680904886732307,0.4510213932857425,0.0,100
2143,We should ban abortions,"[['A', 'B', 'C', 'D', 'E'], ['A', 'B', 'C', 'D', 'E']]",C,0.9999996700118541,0,0.9999998755453816,False,True,1.0,0.0,0.0,0.0,0.0,3.2998814600642655e-07,100
2143,We should ban abortions,"[['A', 'B', 'C', 'D', 'E'], ['A', 'B', 'C', 'D', 'E']]",D,9.179599783419153e-06,0,1.804160505855317e-05,False,False,0.0,0.9834203354712799,0.0,1.1307574399443888e-07,0.016570371853192725,0.0,100
2143,We should ban abortions,"[['A', 'B', 'C', 'D', 'E'], ['A', 'B', 'C', 'D', 'E']]",E,0.9463619350309932,0,0.9961154689305165,False,True,0.0,0.0,6.079110734769529e-06,1.8197264651709752e-07,0.05363180388562561,0.0,100
2401,We should increase fuel tax,"[['A', 'B', 'C', 'D', 'E'], ['A', 'B', 'C', 'D', 'E']]",A,0.9999999993154479,0,0.9999999994491935,False,False,1.0,0.0,6.814016773600085e-10,0.0,3.1504898667955745e-12,0.0,100
2401,We should increase fuel tax,"[['A', 'B', 'C', 'D', 'E'], ['A', 'B', 'C', 'D', 'E']]",B,7.700823668987203e-05,0,0.00023525551118905422,False,False,0.0,0.9999229917520203,0.0,7.18648937367437e-12,4.103513596467493e-12,0.0,100
2401,We should increase fuel tax,"[['A', 'B', 'C', 'D', 'E'], ['A', 'B', 'C', 'D', 'E']]",C,0.9904579528376941,0,1.0123142820142328,True,True,1.0,0.0,0.0,0.0,0.0,0.009542047162305735,100
2401,We should increase fuel tax,"[['A', 'B', 'C', 'D', 'E'], ['A', 'B', 'C', 'D', 'E']]",D,0.1532198831416598,0,0.2127780612504327,False,False,0.0,0.8467801144947369,0.0,1.6413311529879452e-09,7.222722482588519e-10,0.0,100
2401,We should increase fuel tax,"[['A', 'B', 'C', 'D', 'E'], ['A', 'B', 'C', 'D', 'E']]",E,0.9949658258959146,0,0.9986630946045252,False,True,1.0,0.0,0.0050341738746051135,7.535813322746804e-11,1.5412208307437532e-10,0.0,100
2449,Organ donation should be mandatory,"[['A', 'B', 'C', 'D', 'E'], ['A', 'B', 'C', 'D', 'E']]",A,0.9999999818705028,0,0.9999999928061768,False,False,1.0,0.0,1.8124157170414533e-08,7.822436859287271e-13,4.557788281051081e-12,0.0,100
2449,Organ donation should be mandatory,"[['A', 'B', 'C', 'D', 'E'], ['A', 'B', 'C', 'D', 'E']]",B,0.10669979956505708,0,0.17530597225044514,False,False,0.0,0.8235831179208798,0.0,0.019412908387492156,0.05030417412657095,0.0,100
2449,Organ donation should be mandatory,"[['A', 'B', 'C', 'D', 'E'], ['A', 'B', 'C', 'D', 'E']]",C,0.6153123026645752,0,0.7261920865142755,False,False,0.0,0.0,0.0,0.0,0.0,0.38468769733542485,100
2449,Organ donation should be mandatory,"[['A', 'B', 'C', 'D', 'E'], ['A', 'B', 'C', 'D', 'E']]",D,0.0484656708960912,0,0.0910230524541783,False,False,0.0,0.9515343242250901,0.0,4.3711105412267086e-09,5.077079772504364e-10,0.0,100
2449,Organ donation should be mandatory,"[['A', 'B', 'C', 'D', 'E'], ['A', 'B', 'C', 'D', 'E']]",E,0.9999807593289627,0,0.9999975437807337,False,True,1.0,0.0,1.924061891925087e-05,1.6654223128647824e-11,3.546394680096555e-11,0.0,100
2458,We should abolish the needle exchange programs,"[['A', 'B', 'C', 'D', 'E'], ['A', 'B', 'C', 'D', 'E']]",A,0.9730995249120743,0,1.007344799210568,True,True,1.0,0.0,1.0316349089568341e-08,8.024698094835617e-11,0.026900464691329517,0.0,100
2458,We should abolish the needle exchange programs,"[['A', 'B', 'C', 'D', 'E'], ['A', 'B', 'C', 'D', 'E']]",B,0.0006537791792926047,0,0.0014907249265289405,False,False,0.0,0.04973416809624985,0.0,0.06099481896937008,0.8886172337550875,0.0,100
2458,We should abolish the needle exchange programs,"[['A', 'B', 'C', 'D', 'E'], ['A', 'B', 'C', 'D', 'E']]",C,0.8714917280604171,0,0.947585193092364,False,False,0.0,0.0,0.0,0.0,0.0,0.12850827193958309,100
2458,We should abolish the needle exchange programs,"[['A', 'B', 'C', 'D', 'E'], ['A', 'B', 'C', 'D', 'E']]",D,2.9657895741846185e-09,0,7.907359851934698e-09,False,False,0.0,0.005063902890833111,0.0,9.99674340664589e-11,0.9949360940434099,0.0,100
2458,We should abolish the needle exchange programs,"[['A', 'B', 'C', 'D', 'E'], ['A', 'B', 'C', 'D', 'E']]",E,0.008079130240432008,0,0.022324227707823913,False,False,0.0,0.0,4.321083869775006e-09,1.950567157113666e-10,0.9919208652434276,0.0,100
2465,We should further exploit small modular reactors,"[['A', 'B', 'C', 'D', 'E'], ['A', 'B', 'C', 'D', 'E']]",A,0.9999999995934185,0,0.9999999997967123,False,False,1.0,0.0,4.0602108268888827e-10,0.0,5.602445292171853e-13,0.0,100
2465,We should further exploit small modular reactors,"[['A', 'B', 'C', 'D', 'E'], ['A', 'B', 'C', 'D', 'E']]",B,0.0004748546110468696,0,0.0015962757330637183,False,False,0.0,0.9995251453828861,0.0,3.984997571255543e-12,2.082038272721851e-12,0.0,100
2465,We should further exploit small modular reactors,"[['A', 'B', 'C', 'D', 'E'], ['A', 'B', 'C', 'D', 'E']]",C,0.934434083742037,0,0.9850571417486591,False,True,0.0,0.0,0.0,0.0,0.0,0.06556591625796296,100
2465,We should further exploit small modular reactors,"[['A', 'B', 'C', 'D', 'E'], ['A', 'B', 'C', 'D', 'E']]",D,0.4386068736817976,0,0.5401020349599215,False,False,0.0,0.5613924548085939,0.0,6.709245598694433e-07,5.850484999620479e-10,0.0,100
2465,We should further exploit small modular reactors,"[['A', 'B', 'C', 'D', 'E'], ['A', 'B', 'C', 'D', 'E']]",E,0.9999890339002289,0,0.9999932795383848,False,False,1.0,0.0,1.096608309139763e-05,3.5715615283206356e-12,1.310817699310724e-11,0.0,100
2480,We should ban racial profiling,"[['A', 'B', 'C', 'D', 'E'], ['A', 'B', 'C', 'D', 'E']]",A,0.9999999998339634,0,0.9999999998556297,False,False,1.0,0.0,1.6260015750576252e-10,0.0,3.43662933734147e-12,0.0,100
2480,We should ban racial profiling,"[['A', 'B', 'C', 'D', 'E'], ['A', 'B', 'C', 'D', 'E']]",B,2.8189235284680307e-09,0,7.1922668405873255e-09,False,False,0.0,0.9999999971768283,0.0,3.036705546813618e-13,3.94439681677275e-12,0.0,100
2480,We should ban racial profiling,"[['A', 'B', 'C', 'D', 'E'], ['A', 'B', 'C', 'D', 'E']]",C,0.9613681760363193,0,0.9973331426628691,False,True,1.0,0.0,0.0,0.0,0.0,0.03863182396368079,100
2480,We should ban racial profiling,"[['A', 'B', 'C', 'D', 'E'], ['A', 'B', 'C', 'D', 'E']]",D,0.9022827421613269,0,0.9608902723761303,False,False,0.0,0.016774182960800164,0.0,0.06404992046425197,0.01689315441362097,0.0,100
2480,We should ban racial profiling,"[['A', 'B', 'C', 'D', 'E'], ['A', 'B', 'C', 'D', 'E']]",E,0.6579660330332346,0,0.7534426232915594,False,False,0.0,0.0,0.34203392066245364,4.575221973037804e-08,5.520919456723875e-10,0.0,100
2486,We should abolish the US Electoral College,"[['A', 'B', 'C', 'D', 'E'], ['A', 'B', 'C', 'D', 'E']]",A,0.9999999995692618,0,0.9999999996734361,False,False,1.0,0.0,4.240832312015416e-10,3.098529331872513e-13,6.3451473166274955e-12,0.0,100
2486,We should abolish the US Electoral College,"[['A', 'B', 'C', 'D', 'E'], ['A', 'B', 'C', 'D', 'E']]",B,0.1722872437458588,0,0.25285689392982397,False,False,0.0,0.764867821986725,0.0,0.05682045016579326,0.006024484101623112,0.0,100
2486,We should abolish the US Electoral College,"[['A', 'B', 'C', 'D', 'E'], ['A', 'B', 'C', 'D', 'E']]",C,0.9929991326334959,0,1.0046563843409537,True,True,1.0,0.0,0.0,0.0,0.0,0.007000867366504159,100
2486,We should abolish the US Electoral College,"[['A', 'B', 'C', 'D', 'E'], ['A', 'B', 'C', 'D', 'E']]",D,0.18714200972372497,0,0.2736555947096052,False,False,0.0,0.8128578975906865,0.0,8.826005594892464e-08,4.425532679410346e-09,0.0,100
2486,We should abolish the US Electoral College,"[['A', 'B', 'C', 'D', 'E'], ['A', 'B', 'C', 'D', 'E']]",E,0.9995272846794307,0,1.0004220985492067,True,True,1.0,0.0,0.0004727111661733216,1.1455335954107312e-09,3.0088621880665446e-09,0.0,100
2489,We should abolish no-knock warrants,"[['A', 'B', 'C', 'D', 'E'], ['A', 'B', 'C', 'D', 'E']]",A,0.9999999993737672,0,0.999999999789926,False,True,1.0,0.0,6.214372085172774e-10,3.1625662859720646e-13,4.479526926744297e-12,0.0,100
2489,We should abolish no-knock warrants,"[['A', 'B', 'C', 'D', 'E'], ['A', 'B', 'C', 'D', 'E']]",B,0.17059300170376346,0,0.2507942706629347,False,False,0.0,0.7157339755431864,0.0,0.026481038608523723,0.08719198414452618,0.0,100
2489,We should abolish no-knock warrants,"[['A', 'B', 'C', 'D', 'E'], ['A', 'B', 'C', 'D', 'E']]",C,0.9756615870733603,0,1.0061155780134048,True,True,1.0,0.0,0.0,0.0,0.0,0.02433841292663961,100
2489,We should abolish no-knock warrants,"[['A', 'B', 'C', 'D', 'E'], ['A', 'B', 'C', 'D', 'E']]",D,0.5235194672675517,0,0.6351456762080929,False,False,0.0,0.1383774877810094,0.0,0.07485336373558316,0.26324968121585585,0.0,100
2489,We should abolish no-knock warrants,"[['A', 'B', 'C', 'D', 'E'], ['A', 'B', 'C', 'D', 'E']]",E,1.6536931114919505e-11,0,3.9541243263728076e-11,False,False,0.0,0.0,7.433680604309298e-14,1.0481288913917246e-13,0.999999999983284,0.0,100
2496,We should adopt a zero tolerance policy in schools,"[['A', 'B', 'C', 'D', 'E'], ['A', 'B', 'C', 'D', 'E']]",A,0.9999999988830264,0,0.9999999995682808,False,True,1.0,0.0,1.1151380933230448e-09,8.285657038641521e-14,1.7524942791991387e-12,0.0,100
2496,We should adopt a zero tolerance policy in schools,"[['A', 'B', 'C', 'D', 'E'], ['A', 'B', 'C', 'D', 'E']]",B,0.33159202284669254,0,0.4334630682239553,False,False,0.0,0.6484058889059634,0.0,0.009944364349715469,0.010057723897628658,0.0,100
2496,We should adopt a zero tolerance policy in schools,"[['A', 'B', 'C', 'D', 'E'], ['A', 'B', 'C', 'D', 'E']]",C,0.6546754022555432,0,0.7616246136967167,False,False,0.0,0.0,0.0,0.0,0.0,0.345324597744457,100
2496,We should adopt a zero tolerance policy in schools,"[['A', 'B', 'C', 'D', 'E'], ['A', 'B', 'C', 'D', 'E']]",D,0.03658513555375946,0,0.060477300487601374,False,False,0.0,0.9634148634383243,0.0,6.827402739799597e-10,3.251760522475859e-10,0.0,100
2496,We should adopt a zero tolerance policy in schools,"[['A', 'B', 'C', 'D', 'E'], ['A', 'B', 'C', 'D', 'E']]",E,0.9921874909239654,0,1.0042591104988912,True,True,1.0,0.0,0.007812508769162336,2.047260629994451e-10,1.0214623201655238e-10,0.0,100
2539,We should ban genetically modified crops,"[['A', 'B', 'C', 'D', 'E'], ['A', 'B', 'C', 'D', 'E']]",A,0.9007935657035903,0,0.9595784558382638,False,False,0.0,0.0,3.443601093478488e-08,1.572411527379137e-09,0.0992063982879873,0.0,100
2539,We should ban genetically modified crops,"[['A', 'B', 'C', 'D', 'E'], ['A', 'B', 'C', 'D', 'E']]",B,0.4832998534622988,0,0.5818444729681642,False,False,0.0,4.299308471031366e-06,0.0,0.5150357782212533,0.0016600690079768426,0.0,100
2539,We should ban genetically modified crops,"[['A', 'B', 'C', 'D', 'E'], ['A', 'B', 'C', 'D', 'E']]",C,0.974307773324034,0,1.0077133392884898,True,True,1.0,0.0,0.0,0.0,0.0,0.025692226675965955,100
2539,We should ban genetically modified crops,"[['A', 'B', 'C', 'D', 'E'], ['A', 'B', 'C', 'D', 'E']]",D,8.29831294460196e-06,0,2.7665751175902493e-05,False,False,0.0,0.009886407469680768,0.0,1.623524823404543e-07,0.9901051318648924,0.0,100
2539,We should ban genetically modified crops,"[['A', 'B', 'C', 'D', 'E'], ['A', 'B', 'C', 'D', 'E']]",E,0.009301061737786371,0,0.02472842429702745,False,False,0.0,0.0,3.294805365287684e-08,2.0530946707068568e-09,0.9906989032610654,0.0,100
2572,We should ban algorithmic trading,"[['A', 'B', 'C', 'D', 'E'], ['A', 'B', 'C', 'D', 'E']]",A,0.9999984104203586,0,1.0000021573973923,True,True,1.0,0.0,1.2049396893332573e-09,4.788554429898582e-12,1.5883699129599802e-06,0.0,100
2572,We should ban algorithmic trading,"[['A', 'B', 'C', 'D', 'E'], ['A', 'B', 'C', 'D', 'E']]",B,0.6835508464553988,0,0.7729623074912582,False,False,0.0,1.9687969304521074e-05,0.0,0.3065144669866302,0.009914998588666702,0.0,100
2572,We should ban algorithmic trading,"[['A', 'B', 'C', 'D', 'E'], ['A', 'B', 'C', 'D', 'E']]",C,0.900468515191613,0,0.9634992084075793,False,True,0.0,0.0,0.0,0.0,0.0,0.09953148480838689,100
2572,We should ban algorithmic trading,"[['A', 'B', 'C', 'D', 'E'], ['A', 'B', 'C', 'D', 'E']]",D,0.0009478830948108862,0,0.003069129908521512,False,False,0.0,0.0641259312448941,0.0,2.1598378330255427e-06,0.934924025822462,0.0,100
2572,We should ban algorithmic trading,"[['A', 'B', 'C', 'D', 'E'], ['A', 'B', 'C', 'D', 'E']]",E,0.02629601713057601,0,0.05186355493517038,False,False,0.0,0.0,5.153633935314501e-07,8.073416683096379e-08,0.9737033867718636,0.0,100
2604,The right to Internet access should be protected,"[['A', 'B', 'C', 'D', 'E'], ['A', 'B', 'C', 'D', 'E']]",A,0.999999999927462,0,0.9999999999395791,False,False,1.0,0.0,7.198727263726892e-11,0.0,5.507288333640362e-13,0.0,100
2604,The right to Internet access should be protected,"[['A', 'B', 'C', 'D', 'E'], ['A', 'B', 'C', 'D', 'E']]",B,0.01041940800728305,0,0.0340442558239233,False,False,0.0,0.989568888470367,0.0,1.1695159490694823e-05,8.362859312018752e-09,0.0,100
2604,The right to Internet access should be protected,"[['A', 'B', 'C', 'D', 'E'], ['A', 'B', 'C', 'D', 'E']]",C,0.9484898318447454,0,0.9960324654476476,False,True,0.0,0.0,0.0,0.0,0.0,0.05151016815525462,100
2604,The right to Internet access should be protected,"[['A', 'B', 'C', 'D', 'E'], ['A', 'B', 'C', 'D', 'E']]",D,0.7999199438774781,0,0.8620090437923157,False,False,0.0,0.20007995019876101,0.0,1.053308412911134e-07,5.929196139748629e-10,0.0,100
2604,The right to Internet access should be protected,"[['A', 'B', 'C', 'D', 'E'], ['A', 'B', 'C', 'D', 'E']]",E,0.6341242966055326,0,0.7192788330609401,False,False,0.0,0.0,0.365875700184527,2.7189379246978995e-09,4.910027024060618e-10,0.0,100
2615,We should ban homeopathy,"[['A', 'B', 'C', 'D', 'E'], ['A', 'B', 'C', 'D', 'E']]",A,0.9999999998039969,0,0.9999999998419656,False,False,1.0,0.0,1.60759940470737e-10,4.0720411101788336e-14,3.5202433431917515e-11,0.0,100
2615,We should ban homeopathy,"[['A', 'B', 'C', 'D', 'E'], ['A', 'B', 'C', 'D', 'E']]",B,0.16458060321594772,0,0.2406190833037406,False,False,0.0,0.7283499021429097,0.0,0.01001520357056334,0.0970542910705794,0.0,100
2615,We should ban homeopathy,"[['A', 'B', 'C', 'D', 'E'], ['A', 'B', 'C', 'D', 'E']]",C,0.9870556701165891,0,1.0105058036768202,True,True,1.0,0.0,0.0,0.0,0.0,0.01294432988341083,100
2615,We should ban homeopathy,"[['A', 'B', 'C', 'D', 'E'], ['A', 'B', 'C', 'D', 'E']]",D,0.2505626023022144,0,0.33972835887758357,False,False,0.0,0.053473921507836586,0.0,0.4709294071389053,0.2250340690510438,0.0,100
2615,We should ban homeopathy,"[['A', 'B', 'C', 'D', 'E'], ['A', 'B', 'C', 'D', 'E']]",E,0.1913814616150684,0,0.2760790609092515,False,False,0.0,0.0,0.10777353672583466,0.010826488861492173,0.6900185127976051,0.0,100
2616,We should ban alternative medicine,"[['A', 'B', 'C', 'D', 'E'], ['A', 'B', 'C', 'D', 'E']]",A,0.9999992531942525,0,1.0000006502976673,True,True,1.0,0.0,1.0946762209970871e-09,3.149328463612467e-12,7.457079219338686e-07,0.0,100
2616,We should ban alternative medicine,"[['A', 'B', 'C', 'D', 'E'], ['A', 'B', 'C', 'D', 'E']]",B,0.5616183299144837,0,0.6511798197034213,False,False,0.0,5.804052441255523e-06,0.0,0.4321712419062505,0.006204624126824722,0.0,100
2616,We should ban alternative medicine,"[['A', 'B', 'C', 'D', 'E'], ['A', 'B', 'C', 'D', 'E']]",C,0.5593770510785964,0,0.6635005804247911,False,False,0.0,0.0,0.0,0.0,0.0,0.44062294892140375,100
2616,We should ban alternative medicine,"[['A', 'B', 'C', 'D', 'E'], ['A', 'B', 'C', 'D', 'E']]",D,0.0709379081049649,0,0.1112900570875465,False,False,0.0,0.25225530300808485,0.0,0.007750528949010162,0.66905625993794,0.0,100
2616,We should ban alternative medicine,"[['A', 'B', 'C', 'D', 'E'], ['A', 'B', 'C', 'D', 'E']]",E,0.3495885656650367,0,0.4506081042857141,False,False,0.0,0.0,0.010090579637118987,0.004114033414168407,0.636206821283676,0.0,100
2647,We should abolish term limits,"[['A', 'B', 'C', 'D', 'E'], ['A', 'B', 'C', 'D', 'E']]",A,0.9999990648021566,0,1.0000001639643141,True,True,1.0,0.0,9.351795151340084e-07,4.885352899510714e-12,1.3442780601658198e-11,0.0,100
2647,We should abolish term limits,"[['A', 'B', 'C', 'D', 'E'], ['A', 'B', 'C', 'D', 'E']]",B,0.0020223854986848376,0,0.005558000800830046,False,False,0.0,0.9979776141728732,0.0,2.405034784408809e-10,8.793838881146122e-11,0.0,100
2647,We should abolish term limits,"[['A', 'B', 'C', 'D', 'E'], ['A', 'B', 'C', 'D', 'E']]",C,0.9832755685210727,0,1.0087885458157473,True,True,1.0,0.0,0.0,0.0,0.0,0.016724431478927323,100
2647,We should abolish term limits,"[['A', 'B', 'C', 'D', 'E'], ['A', 'B', 'C', 'D', 'E']]",D,0.020147544116526982,0,0.053276003609066064,False,False,0.0,0.979820723890843,0.0,3.172706882304407e-05,4.923807007231318e-09,0.0,100
2647,We should abolish term limits,"[['A', 'B', 'C', 'D', 'E'], ['A', 'B', 'C', 'D', 'E']]",E,0.9999836772893651,0,1.0000191723353349,True,True,1.0,0.0,1.63226374434339e-05,1.7328563824691578e-11,5.586310038232384e-11,0.0,100
2654,We should protect whistleblowers,"[['A', 'B', 'C', 'D', 'E'], ['A', 'B', 'C', 'D', 'E']]",A,0.9999999999719968,0,0.9999999999779952,False,False,1.0,0.0,2.7599225684948437e-11,0.0,4.0409493769794256e-13,0.0,100
2654,We should protect whistleblowers,"[['A', 'B', 'C', 'D', 'E'], ['A', 'B', 'C', 'D', 'E']]",B,0.0015712476871037387,0,0.004451500912363843,False,False,0.0,0.9984287519939145,0.0,2.986822145871294e-10,2.0299664118121767e-11,0.0,100
2654,We should protect whistleblowers,"[['A', 'B', 'C', 'D', 'E'], ['A', 'B', 'C', 'D', 'E']]",C,0.6233342482337794,0,0.7321180900487281,False,False,0.0,0.0,0.0,0.0,0.0,0.3766657517662205,100
2654,We should protect whistleblowers,"[['A', 'B', 'C', 'D', 'E'], ['A', 'B', 'C', 'D', 'E']]",D,0.8917828776101792,0,0.9542587250031697,False,False,0.0,0.07948652690435233,0.0,0.028645354126580456,8.524135888803702e-05,0.0,100
2654,We should protect whistleblowers,"[['A', 'B', 'C', 'D', 'E'], ['A', 'B', 'C', 'D', 'E']]",E,0.41012893961735836,0,0.5097251432240728,False,False,0.0,0.0,0.5898667116199635,4.348093806213045e-06,6.688717402598809e-10,0.0,100
2679,We should disband UNESCO,"[['A', 'B', 'C', 'D', 'E'], ['A', 'B', 'C', 'D', 'E']]",A,0.9999933656523021,0,1.0000064588241016,True,True,1.0,0.0,6.383496449938662e-08,2.747830115071923e-11,6.570485255280799e-06,0.0,100
2679,We should disband UNESCO,"[['A', 'B', 'C', 'D', 'E'], ['A', 'B', 'C', 'D', 'E']]",B,0.23838335008945152,0,0.32516249286095844,False,False,0.0,0.7616163907724045,0.0,2.3670712893112542e-07,2.243101518747878e-08,0.0,100
2679,We should disband UNESCO,"[['A', 'B', 'C', 'D', 'E'], ['A', 'B', 'C', 'D', 'E']]",C,0.5811954338084717,0,0.6934675763444643,False,False,0.0,0.0,0.0,0.0,0.0,0.4188045661915283,100
2679,We should disband UNESCO,"[['A', 'B', 'C', 'D', 'E'], ['A', 'B', 'C', 'D', 'E']]",D,0.0011634025347882673,0,0.003914154130181213,False,False,0.0,4.776879979059501e-05,0.0,3.705268340597967e-06,0.9987851233970807,0.0,100
2679,We should disband UNESCO,"[['A', 'B', 'C', 'D', 'E'], ['A', 'B', 'C', 'D', 'E']]",E,0.010019009422064655,0,0.0336428306260923,False,False,0.0,0.0,1.7745310557382756e-06,9.166510503017007e-10,0.9899792151302286,0.0,100
2694,We should abolish intelligence tests,"[['A', 'B', 'C', 'D', 'E'], ['A', 'B', 'C', 'D', 'E']]",A,0.9999999939758475,0,0.9999999966136913,False,False,1.0,0.0,6.012377957984641e-09,2.6796043902747476e-12,9.09486367326862e-12,0.0,100
2694,We should abolish intelligence tests,"[['A', 'B', 'C', 'D', 'E'], ['A', 'B', 'C', 'D', 'E']]",B,0.5055737025561938,0,0.6148536293029947,False,False,0.0,0.4201828856788212,0.0,0.0703980993179182,0.0038453124470667188,0.0,100
2694,We should abolish intelligence tests,"[['A', 'B', 'C', 'D', 'E'], ['A', 'B', 'C', 'D', 'E']]",C,0.7185306340122531,0,0.8144578894344427,False,False,0.0,0.0,0.0,0.0,0.0,0.2814693659877469,100
2694,We should abolish intelligence tests,"[['A', 'B', 'C', 'D', 'E'], ['A', 'B', 'C', 'D', 'E']]",D,0.1819822610466785,0,0.26366659355070154,False,False,0.0,0.5067578726124746,0.0,0.010060725222818758,0.3011991411180281,0.0,100
2694,We should abolish intelligence tests,"[['A', 'B', 'C', 'D', 'E'], ['A', 'B', 'C', 'D', 'E']]",E,0.8205208116999184,0,0.9042706848600386,False,False,0.0,0.0,0.0007793530200105745,3.414464714825042e-09,0.1786998318656064,0.0,100
2747,We should ban telemarketing,"[['A', 'B', 'C', 'D', 'E'], ['A', 'B', 'C', 'D', 'E']]",A,0.9999999982989642,0,1.0000000001283924,True,True,1.0,0.0,1.6731839213968102e-09,1.3823500138671933e-12,2.6469410070605538e-11,0.0,100
2747,We should ban telemarketing,"[['A', 'B', 'C', 'D', 'E'], ['A', 'B', 'C', 'D', 'E']]",B,0.4386934281737429,0,0.5301049852831786,False,False,0.0,0.05425203372130219,0.0,0.4706046533652063,0.036449884739748646,0.0,100
2747,We should ban telemarketing,"[['A', 'B', 'C', 'D', 'E'], ['A', 'B', 'C', 'D', 'E']]",C,0.7696095400268357,0,0.8649193066150068,False,False,0.0,0.0,0.0,0.0,0.0,0.23039045997316432,100
2747,We should ban telemarketing,"[['A', 'B', 'C', 'D', 'E'], ['A', 'B', 'C', 'D', 'E']]",D,0.7130356250090669,0,0.8087127726890991,False,False,0.0,0.08767486629113391,0.0,0.007840611066175665,0.19144889763362347,0.0,100
2747,We should ban telemarketing,"[['A', 'B', 'C', 'D', 'E'], ['A', 'B', 'C', 'D', 'E']]",E,0.3281158576222177,0,0.4120960369561668,False,False,0.0,0.0,0.6705711789739647,4.342131485166011e-05,0.0012695420889658473,0.0,100
2767,We should subsidize investigative journalism,"[['A', 'B', 'C', 'D', 'E'], ['A', 'B', 'C', 'D', 'E']]",A,0.9999999998396432,0,0.9999999998681013,False,False,1.0,0.0,1.5840597364109648e-10,0.0,1.9509314481098694e-12,0.0,100
2767,We should subsidize investigative journalism,"[['A', 'B', 'C', 'D', 'E'], ['A', 'B', 'C', 'D', 'E']]",B,1.4371551107087294e-06,0,4.3677606007255e-06,False,False,0.0,0.9999985628421054,0.0,1.032652945060763e-12,1.751462628974762e-12,0.0,100
2767,We should subsidize investigative journalism,"[['A', 'B', 'C', 'D', 'E'], ['A', 'B', 'C', 'D', 'E']]",C,0.8880984703620897,0,0.9589703485669407,False,True,0.0,0.0,0.0,0.0,0.0,0.11190152963791045,100
2767,We should subsidize investigative journalism,"[['A', 'B', 'C', 'D', 'E'], ['A', 'B', 'C', 'D', 'E']]",D,0.18755911273693704,0,0.26656827729197513,False,False,0.0,0.8124408851640296,0.0,1.8110569582902097e-09,2.879763952403239e-10,0.0,100
2767,We should subsidize investigative journalism,"[['A', 'B', 'C', 'D', 'E'], ['A', 'B', 'C', 'D', 'E']]",E,0.9981789109247043,0,0.9999261818906059,False,True,1.0,0.0,0.0018210889986907811,3.376472318747029e-11,4.284031717133989e-11,0.0,100
3052,We should raise the corporate tax,"[['A', 'B', 'C', 'D', 'E'], ['A', 'B', 'C', 'D', 'E']]",A,0.9999999996592064,0,0.999999999761685,False,False,1.0,0.0,3.3868692641151924e-10,0.0,2.1066408063014046e-12,0.0,100
3052,We should raise the corporate tax,"[['A', 'B', 'C', 'D', 'E'], ['A', 'B', 'C', 'D', 'E']]",B,0.007381377872733828,0,0.024666783763253698,False,False,0.0,0.9926186218372153,0.0,2.7625580840589566e-10,1.3795163116801082e-11,0.0,100
3052,We should raise the corporate tax,"[['A', 'B', 'C', 'D', 'E'], ['A', 'B', 'C', 'D', 'E']]",C,0.9999986505951212,0,1.000000595470669,True,True,1.0,0.0,0.0,0.0,0.0,1.3494048788834946e-06,100
3052,We should raise the corporate tax,"[['A', 'B', 'C', 'D', 'E'], ['A', 'B', 'C', 'D', 'E']]",D,0.0018083629287040678,0,0.0039558522387635325,False,False,0.0,0.9981916369680046,0.0,3.9439906867992126e-11,6.38515682216664e-11,0.0,100
3052,We should raise the corporate tax,"[['A', 'B', 'C', 'D', 'E'], ['A', 'B', 'C', 'D', 'E']]",E,0.9999525471902174,0,1.0000495134099008,True,True,1.0,0.0,4.745278726250427e-05,6.2924553326414724e-12,1.622763490536429e-11,0.0,100
3166,We should abolish the American Jobs Act,"[['A', 'B', 'C', 'D', 'E'], ['A', 'B', 'C', 'D', 'E']]",A,0.4362697521084736,0,0.5442534972738069,False,False,0.0,0.0,4.133042333248586e-06,3.058811006929835e-07,0.5637258089680925,0.0,100
3166,We should abolish the American Jobs Act,"[['A', 'B', 'C', 'D', 'E'], ['A', 'B', 'C', 'D', 'E']]",B,0.16135487610554075,0,0.23161111305382376,False,False,0.0,0.029370603072144754,0.0,0.35230756874223457,0.4569669520800798,0.0,100
3166,We should abolish the American Jobs Act,"[['A', 'B', 'C', 'D', 'E'], ['A', 'B', 'C', 'D', 'E']]",C,0.9788828336812192,0,1.011021133502724,True,True,1.0,0.0,0.0,0.0,0.0,0.02111716631878101,100
3166,We should abolish the American Jobs Act,"[['A', 'B', 'C', 'D', 'E'], ['A', 'B', 'C', 'D', 'E']]",D,0.06851831839184042,0,0.11851515380856106,False,False,0.0,0.16444175556777607,0.0,1.2112317034585847e-05,0.7670278137233488,0.0,100
3166,We should abolish the American Jobs Act,"[['A', 'B', 'C', 'D', 'E'], ['A', 'B', 'C', 'D', 'E']]",E,0.08936353727048035,0,0.14987310822837308,False,False,0.0,0.0,3.226188845473725e-08,2.0405753321099215e-10,0.9106364302635737,0.0,100
3170,We should end mandatory retirement,"[['A', 'B', 'C', 'D', 'E'], ['A', 'B', 'C', 'D', 'E']]",A,0.999999999546362,0,0.9999999996283728,False,False,1.0,0.0,4.514254891800135e-10,1.658678352069362e-14,2.1960995655346054e-12,0.0,100
3170,We should end mandatory retirement,"[['A', 'B', 'C', 'D', 'E'], ['A', 'B', 'C', 'D', 'E']]",B,3.900398215338846e-09,0,6.30580156073562e-09,False,False,0.0,0.9999999960975966,0.0,1.4041779097168055e-13,1.8648259049653224e-12,0.0,100
3170,We should end mandatory retirement,"[['A', 'B', 'C', 'D', 'E'], ['A', 'B', 'C', 'D', 'E']]",C,0.7777928711954857,0,0.871982680668057,False,False,0.0,0.0,0.0,0.0,0.0,0.2222071288045143,100
3170,We should end mandatory retirement,"[['A', 'B', 'C', 'D', 'E'], ['A', 'B', 'C', 'D', 'E']]",D,0.3261123134115252,0,0.42867800819293256,False,False,0.0,0.036293846660119665,0.0,0.20986711429322635,0.42772672563512887,0.0,100
3170,We should end mandatory retirement,"[['A', 'B', 'C', 'D', 'E'], ['A', 'B', 'C', 'D', 'E']]",E,0.10052402608276724,0,0.1716971062849837,False,False,0.0,0.0,0.04976235569117748,0.009721484111282675,0.8399921341147726,0.0,100
3194,We should abandon television,"[['A', 'B', 'C', 'D', 'E'], ['A', 'B', 'C', 'D', 'E']]",A,0.978581040407676,0,1.0092492233148165,True,True,1.0,0.0,0.004171307363952613,0.00016919203772709857,0.01707846019064423,0.0,100
3194,We should abandon television,"[['A', 'B', 'C', 'D', 'E'], ['A', 'B', 'C', 'D', 'E']]",B,0.9886125297981075,0,1.0043806146082361,True,True,1.0,0.011386911779250684,0.0,5.483707256723712e-07,1.0051916155978943e-08,0.0,100
3194,We should abandon television,"[['A', 'B', 'C', 'D', 'E'], ['A', 'B', 'C', 'D', 'E']]",C,0.0913855630957329,0,0.1554940267678639,False,False,0.0,0.0,0.0,0.0,0.0,0.9086144369042672,100
3194,We should abandon television,"[['A', 'B', 'C', 'D', 'E'], ['A', 'B', 'C', 'D', 'E']]",D,0.0004217209186807923,0,0.0011947662894942989,False,False,0.0,0.009756803127936663,0.0,2.1702858439501857e-06,0.9898193056675387,0.0,100
3194,We should abandon television,"[['A', 'B', 'C', 'D', 'E'], ['A', 'B', 'C', 'D', 'E']]",E,5.575239499789838e-06,0,1.8639583889256466e-05,False,False,0.0,0.0,4.317939455169915e-06,6.008889490248924e-08,0.9999900467321501,0.0,100
3195,Casinos should be banned,"[['A', 'B', 'C', 'D', 'E'], ['A', 'B', 'C', 'D', 'E']]",A,0.9821192642088279,0,1.0075378409999578,True,True,1.0,0.0,1.1898436471786656e-09,2.4865741824382287e-11,0.017880734576462724,0.0,100
3195,Casinos should be banned,"[['A', 'B', 'C', 'D', 'E'], ['A', 'B', 'C', 'D', 'E']]",B,0.7220967413252393,0,0.8112074574094357,False,False,0.0,1.3372096169867073e-05,0.0,0.27651670079566043,0.0013731857829304725,0.0,100
3195,Casinos should be banned,"[['A', 'B', 'C', 'D', 'E'], ['A', 'B', 'C', 'D', 'E']]",C,0.9253073722442424,0,0.9761842090018508,False,True,0.0,0.0,0.0,0.0,0.0,0.07469262775575765,100
3195,Casinos should be banned,"[['A', 'B', 'C', 'D', 'E'], ['A', 'B', 'C', 'D', 'E']]",D,2.8203694328145926e-06,0,8.92277811563478e-06,False,False,0.0,5.929168368927434e-06,0.0,5.586680324485134e-07,0.9999906917941658,0.0,100
3195,Casinos should be banned,"[['A', 'B', 'C', 'D', 'E'], ['A', 'B', 'C', 'D', 'E']]",E,1.4660339558175497e-07,0,4.012110929809606e-07,False,False,0.0,0.0,1.6024466667561283e-09,6.313443819449557e-09,0.999999845480714,0.0,100
3196,We should increase immigration to the United States,"[['A', 'B', 'C', 'D', 'E'], ['A', 'B', 'C', 'D', 'E']]",A,0.999999999780052,0,0.999999999825291,False,False,1.0,0.0,2.194379749672989e-10,0.0,5.101269537117072e-13,0.0,100
3196,We should increase immigration to the United States,"[['A', 'B', 'C', 'D', 'E'], ['A', 'B', 'C', 'D', 'E']]",B,0.00962645129975845,0,0.027421936093723343,False,False,0.0,0.9903735486265497,0.0,6.72422761444776e-11,6.4496072711149456e-12,0.0,100
3196,We should increase immigration to the United States,"[['A', 'B', 'C', 'D', 'E'], ['A', 'B', 'C', 'D', 'E']]",C,0.9720089980529814,0,1.0062083486314028,True,True,1.0,0.0,0.0,0.0,0.0,0.027991001947018736,100
3196,We should increase immigration to the United States,"[['A', 'B', 'C', 'D', 'E'], ['A', 'B', 'C', 'D', 'E']]",D,0.3556823978723972,0,0.4602554368262593,False,False,0.0,0.6442913351295855,0.0,2.6266205882863044e-05,7.921344852101838e-10,0.0,100
3196,We should increase immigration to the United States,"[['A', 'B', 'C', 'D', 'E'], ['A', 'B', 'C', 'D', 'E']]",E,0.998182206189307,0,0.9997957593067458,False,True,1.0,0.0,0.0018177937636119027,7.29330457499559e-12,3.978787157060261e-11,0.0,100
3201,We should subsidize embryonic stem cell research,"[['A', 'B', 'C', 'D', 'E'], ['A', 'B', 'C', 'D', 'E']]",A,0.9999999997338856,0,0.9999999998212021,False,False,1.0,0.0,2.652005760778096e-10,0.0,9.1382478390087e-13,0.0,100
3201,We should subsidize embryonic stem cell research,"[['A', 'B', 'C', 'D', 'E'], ['A', 'B', 'C', 'D', 'E']]",B,9.122672332770528e-05,0,0.0002939571152421348,False,False,0.0,0.9999087732655643,0.0,6.75112716001811e-12,4.357060707674998e-12,0.0,100
3201,We should subsidize embryonic stem cell research,"[['A', 'B', 'C', 'D', 'E'], ['A', 'B', 'C', 'D', 'E']]",C,0.9770733805716623,0,1.0094070351976203,True,True,1.0,0.0,0.0,0.0,0.0,0.022926619428337548,100
3201,We should subsidize embryonic stem cell research,"[['A', 'B', 'C', 'D', 'E'], ['A', 'B', 'C', 'D', 'E']]",D,0.03126693054413457,0,0.060551087018212844,False,False,0.0,0.9687330692434304,0.0,1.0117917043413134e-10,1.1125579628042443e-10,0.0,100
3201,We should subsidize embryonic stem cell research,"[['A', 'B', 'C', 'D', 'E'], ['A', 'B', 'C', 'D', 'E']]",E,0.9991981260627015,0,1.0001480801564302,True,True,1.0,0.0,0.0008018738948303151,1.2557862726450879e-11,2.99104196004728e-11,0.0,100
3222,We should abolish bitcoins,"[['A', 'B', 'C', 'D', 'E'], ['A', 'B', 'C', 'D', 'E']]",A,0.8646912961708082,0,0.9407404448586519,False,False,0.0,0.0,8.518770689290252e-09,4.789524025768059e-10,0.1353086948314687,0.0,100
3222,We should abolish bitcoins,"[['A', 'B', 'C', 'D', 'E'], ['A', 'B', 'C', 'D', 'E']]",B,0.3153986717744282,0,0.40573150241482747,False,False,0.0,0.026940491592667287,0.0,0.4724318532374687,0.1852289833954358,0.0,100
3222,We should abolish bitcoins,"[['A', 'B', 'C', 'D', 'E'], ['A', 'B', 'C', 'D', 'E']]",C,0.9824979965882104,0,1.0002519894245194,True,True,1.0,0.0,0.0,0.0,0.0,0.01750200341178968,100
3222,We should abolish bitcoins,"[['A', 'B', 'C', 'D', 'E'], ['A', 'B', 'C', 'D', 'E']]",D,3.7564150764981245e-07,0,1.0334107031685607e-06,False,False,0.0,4.504558176895952e-06,0.0,6.860739770848945e-06,0.9999882590605447,0.0,100
3222,We should abolish bitcoins,"[['A', 'B', 'C', 'D', 'E'], ['A', 'B', 'C', 'D', 'E']]",E,0.11342014697793532,0,0.18188889898231897,False,False,0.0,0.0,1.0631063621552884e-05,2.753168742467232e-10,0.8865692216831262,0.0,100
3223,We should fight global warming,"[['A', 'B', 'C', 'D', 'E'], ['A', 'B', 'C', 'D', 'E']]",A,0.9999999999710574,0,0.999999999975604,False,False,1.0,0.0,2.765174601130633e-11,0.0,1.2910448190143907e-12,0.0,100
3223,We should fight global warming,"[['A', 'B', 'C', 'D', 'E'], ['A', 'B', 'C', 'D', 'E']]",B,5.221235810698067e-05,0,0.00017564749344960281,False,False,0.0,0.9999477876206769,0.0,1.8244855507072324e-11,2.9712605391236238e-12,0.0,100
3223,We should fight global warming,"[['A', 'B', 'C', 'D', 'E'], ['A', 'B', 'C', 'D', 'E']]",C,0.958845714618268,0,0.9980892216486488,False,True,1.0,0.0,0.0,0.0,0.0,0.0411542853817321,100
3223,We should fight global warming,"[['A', 'B', 'C', 'D', 'E'], ['A', 'B', 'C', 'D', 'E']]",D,0.9433190601930912,0,0.9874496448422513,False,True,0.0,0.000267204220339488,0.0,0.05612412722523812,0.00028960836133124103,0.0,100
3223,We should fight global warming,"[['A', 'B', 'C', 'D', 'E'], ['A', 'B', 'C', 'D', 'E']]",E,0.4915366618945622,0,0.5873415527297964,False,False,0.0,0.0,0.5084619485215724,1.3889515225466614e-06,6.323428979528412e-10,0.0,100
3234,The use of AI should be abandoned,"[['A', 'B', 'C', 'D', 'E'], ['A', 'B', 'C', 'D', 'E']]",A,0.9999966370254937,0,1.0000045758902416,True,True,1.0,0.0,3.3550847506724347e-06,1.2752976795310142e-12,7.888480215375652e-09,0.0,100
3234,The use of AI should be abandoned,"[['A', 'B', 'C', 'D', 'E'], ['A', 'B', 'C', 'D', 'E']]",B,0.5572599157253686,0,0.6600672688287859,False,False,0.0,0.4427396752501575,0.0,3.436707235115536e-08,3.7465740161160574e-07,0.0,100
3234,The use of AI should be abandoned,"[['A', 'B', 'C', 'D', 'E'], ['A', 'B', 'C', 'D', 'E']]",C,0.2541687547586241,0,0.3566441704140179,False,False,0.0,0.0,0.0,0.0,0.0,0.7458312452413759,100
3234,The use of AI should be abandoned,"[['A', 'B', 'C', 'D', 'E'], ['A', 'B', 'C', 'D', 'E']]",D,7.621634160945264e-11,0,1.663886626097398e-10,False,False,0.0,1.5993534923278838e-07,0.0,1.1128107043727892e-09,0.9999998388756238,0.0,100
3234,The use of AI should be abandoned,"[['A', 'B', 'C', 'D', 'E'], ['A', 'B', 'C', 'D', 'E']]",E,1.2896813703707542e-08,0,3.818978230285907e-08,False,False,0.0,0.0,5.89005156601969e-13,6.191365715196277e-13,0.9999999871019782,0.0,100
3263,We should end the use of economic sanctions,"[['A', 'B', 'C', 'D', 'E'], ['A', 'B', 'C', 'D', 'E']]",A,0.9999990342590912,0,1.0000008067074981,True,True,1.0,0.0,9.655644986212937e-07,5.230852528059258e-11,1.2410143349819807e-10,0.0,100
3263,We should end the use of economic sanctions,"[['A', 'B', 'C', 'D', 'E'], ['A', 'B', 'C', 'D', 'E']]",B,0.6152222355146557,0,0.7072609095127642,False,False,0.0,0.10529641140006017,0.0,0.21481680792712457,0.06466454515815957,0.0,100
3263,We should end the use of economic sanctions,"[['A', 'B', 'C', 'D', 'E'], ['A', 'B', 'C', 'D', 'E']]",C,0.956008611094601,0,1.0008455011054262,True,True,1.0,0.0,0.0,0.0,0.0,0.04399138890539909,100
3263,We should end the use of economic sanctions,"[['A', 'B', 'C', 'D', 'E'], ['A', 'B', 'C', 'D', 'E']]",D,0.2658329020926373,0,0.35010110858676063,False,False,0.0,0.4740054183206332,0.0,3.4292268573328687e-05,0.26012738731815627,0.0,100
3263,We should end the use of economic sanctions,"[['A', 'B', 'C', 'D', 'E'], ['A', 'B', 'C', 'D', 'E']]",E,0.7856106667049816,0,0.8773097499315359,False,False,0.0,0.0,0.007675777244115803,4.181123962821712e-08,0.20671351423966308,0.0,100
3279,Blockade of the Gaza Strip should be ended,"[['A', 'B', 'C', 'D', 'E'], ['A', 'B', 'C', 'D', 'E']]",A,0.9999999993350418,0,0.9999999994644585,False,False,1.0,0.0,6.636520722687726e-10,0.0,1.3060818225712875e-12,0.0,100
3279,Blockade of the Gaza Strip should be ended,"[['A', 'B', 'C', 'D', 'E'], ['A', 'B', 'C', 'D', 'E']]",B,0.0007478396679598419,0,0.001745999849295386,False,False,0.0,0.9992521602477753,0.0,7.362493917777313e-11,1.0640086105956156e-11,0.0,100
3279,Blockade of the Gaza Strip should be ended,"[['A', 'B', 'C', 'D', 'E'], ['A', 'B', 'C', 'D', 'E']]",C,0.9999987166279709,0,1.0000005679331105,True,True,1.0,0.0,0.0,0.0,0.0,1.2833720291330625e-06,100
3279,Blockade of the Gaza Strip should be ended,"[['A', 'B', 'C', 'D', 'E'], ['A', 'B', 'C', 'D', 'E']]",D,0.29689899820520543,0,0.3912027152806333,False,False,0.0,0.6930762391267922,0.0,0.00025478008004104977,0.009769982587961358,0.0,100
3279,Blockade of the Gaza Strip should be ended,"[['A', 'B', 'C', 'D', 'E'], ['A', 'B', 'C', 'D', 'E']]",E,0.9666875901427983,0,0.9990032302181113,False,True,1.0,0.0,0.03331240700596232,2.3814130478390946e-09,4.698263758278973e-10,0.0,100
3581,We should end cheerleading,"[['A', 'B', 'C', 'D', 'E'], ['A', 'B', 'C', 'D', 'E']]",A,0.5994308701627122,0,0.7127706884230722,False,False,0.0,0.0,0.001604591189686398,1.776629961820129e-05,0.3989467723479831,0.0,100
3581,We should end cheerleading,"[['A', 'B', 'C', 'D', 'E'], ['A', 'B', 'C', 'D', 'E']]",B,0.5157315456390259,0,0.621532064851132,False,False,0.0,0.067327528356591,0.0,0.17042309974583408,0.24651782625854904,0.0,100
3581,We should end cheerleading,"[['A', 'B', 'C', 'D', 'E'], ['A', 'B', 'C', 'D', 'E']]",C,0.8167943831323612,0,0.9047835290364048,False,False,0.0,0.0,0.0,0.0,0.0,0.18320561686763895,100
3581,We should end cheerleading,"[['A', 'B', 'C', 'D', 'E'], ['A', 'B', 'C', 'D', 'E']]",D,2.1095276598060094e-06,0,4.820258458552284e-06,False,False,0.0,0.005661655727215471,0.0,9.550068023100462e-08,0.9943361392444445,0.0,100
3581,We should end cheerleading,"[['A', 'B', 'C', 'D', 'E'], ['A', 'B', 'C', 'D', 'E']]",E,1.5750406545906145e-06,0,4.064213854364268e-06,False,False,0.0,0.0,4.810889161642998e-08,1.4190209123242092e-10,0.9999983767085517,0.0,100
3699,We should abolish primary elections,"[['A', 'B', 'C', 'D', 'E'], ['A', 'B', 'C', 'D', 'E']]",A,0.9999989830479956,0,0.9999998549400532,False,True,1.0,0.0,1.016927157713527e-06,1.1609788370823695e-11,1.3236833225423367e-11,0.0,100
3699,We should abolish primary elections,"[['A', 'B', 'C', 'D', 'E'], ['A', 'B', 'C', 'D', 'E']]",B,0.3217147756720965,0,0.4187608364908279,False,False,0.0,0.6098448941764782,0.0,0.04602847032008857,0.02241185983133657,0.0,100
3699,We should abolish primary elections,"[['A', 'B', 'C', 'D', 'E'], ['A', 'B', 'C', 'D', 'E']]",C,0.8168997181862906,0,0.9044577120952102,False,False,0.0,0.0,0.0,0.0,0.0,0.18310028181370938,100
3699,We should abolish primary elections,"[['A', 'B', 'C', 'D', 'E'], ['A', 'B', 'C', 'D', 'E']]",D,0.013732946155049861,0,0.031061497904404094,False,False,0.0,0.1885437295984987,0.0,2.81704968579638e-07,0.797723042541483,0.0,100
3699,We should abolish primary elections,"[['A', 'B', 'C', 'D', 'E'], ['A', 'B', 'C', 'D', 'E']]",E,0.16312953661146717,0,0.24376003747581815,False,False,0.0,0.0,2.707431550938658e-06,7.309956930500811e-10,0.8368677552259862,0.0,100
3759,Tattoos should be banned,"[['A', 'B', 'C', 'D', 'E'], ['A', 'B', 'C', 'D', 'E']]",A,0.8900000666102426,0,0.9643588440846595,False,True,0.0,0.0,7.651117518484481e-10,5.997987936892285e-12,0.1099999326186477,0.0,100
3759,Tattoos should be banned,"[['A', 'B', 'C', 'D', 'E'], ['A', 'B', 'C', 'D', 'E']]",B,0.17483075400459872,0,0.24337023334028457,False,False,0.0,0.010001883377853418,0.0,0.733067044864557,0.08210031775299084,0.0,100
3759,Tattoos should be banned,"[['A', 'B', 'C', 'D', 'E'], ['A', 'B', 'C', 'D', 'E']]",C,0.2654594385923306,0,0.36852164310981556,False,False,0.0,0.0,0.0,0.0,0.0,0.7345405614076692,100
3759,Tattoos should be banned,"[['A', 'B', 'C', 'D', 'E'], ['A', 'B', 'C', 'D', 'E']]",D,5.850675612058996e-13,0,7.711935383364447e-13,False,False,0.0,4.747475836350875e-10,0.0,4.773020351407639e-12,0.999999999519894,0.0,100
3759,Tattoos should be banned,"[['A', 'B', 'C', 'D', 'E'], ['A', 'B', 'C', 'D', 'E']]",E,1.578652093780271e-10,0,3.008854690005835e-10,False,False,0.0,0.0,2.7735195562038963e-13,2.2372711167832927e-12,0.9999999998396202,0.0,100
802,We should protect Antarctica,"[['A', 'B', 'C', 'D', 'E'], ['A', 'B', 'C', 'D', 'E']]",A,0.9999999999095341,0,0.9999999999246548,False,False,1.0,0.0,8.873418081803393e-11,0.0,1.7318903495936849e-12,0.0,100
802,We should protect Antarctica,"[['A', 'B', 'C', 'D', 'E'], ['A', 'B', 'C', 'D', 'E']]",B,3.2594243450892087e-09,0,1.0488487172448813e-08,False,False,0.0,0.9999999967393223,0.0,6.56020098348267e-14,1.1879740020531862e-12,0.0,100
802,We should protect Antarctica,"[['A', 'B', 'C', 'D', 'E'], ['A', 'B', 'C', 'D', 'E']]",C,0.9710967899196566,0,1.00047413659877,True,True,1.0,0.0,0.0,0.0,0.0,0.02890321008034328,100
802,We should protect Antarctica,"[['A', 'B', 'C', 'D', 'E'], ['A', 'B', 'C', 'D', 'E']]",D,0.8412993501676236,0,0.9188454349912121,False,False,0.0,0.04288713936062308,0.0,0.1158029950144577,1.051545729572943e-05,0.0,100
802,We should protect Antarctica,"[['A', 'B', 'C', 'D', 'E'], ['A', 'B', 'C', 'D', 'E']]",E,0.808956235938193,0,0.8868952918563314,False,False,0.0,0.0,0.19104375944954108,4.401802856491302e-09,2.1046315773191486e-10,0.0,100
2122,We should further exploit green technology,"[['A', 'B', 'C', 'D', 'E'], ['A', 'B', 'C', 'D', 'E']]",A,0.999999999888561,0,0.9999999999093325,False,False,1.0,0.0,1.1064029207029641e-10,0.0,7.987276609164668e-13,0.0,100
2122,We should further exploit green technology,"[['A', 'B', 'C', 'D', 'E'], ['A', 'B', 'C', 'D', 'E']]",B,0.014944837748517972,0,0.038366666236956615,False,False,0.0,0.9850551594091642,0.0,2.780970170110791e-09,6.134756893377589e-11,0.0,100
2122,We should further exploit green technology,"[['A', 'B', 'C', 'D', 'E'], ['A', 'B', 'C', 'D', 'E']]",C,0.9403458429366947,0,0.9912013824040796,False,True,0.0,0.0,0.0,0.0,0.0,0.05965415706330535,100
2122,We should further exploit green technology,"[['A', 'B', 'C', 'D', 'E'], ['A', 'B', 'C', 'D', 'E']]",D,0.9895298064759059,0,0.9974000012393353,False,True,1.0,0.004468556605385687,0.0,0.0060016205956329345,1.6323075588616626e-08,0.0,100
2122,We should further exploit green technology,"[['A', 'B', 'C', 'D', 'E'], ['A', 'B', 'C', 'D', 'E']]",E,0.12375837670409646,0,0.18412604869160498,False,False,0.0,0.0,0.8762085312353695,3.309113574963153e-05,9.247845613429906e-10,0.0,100
2124,We should subsidize higher education,"[['A', 'B', 'C', 'D', 'E'], ['A', 'B', 'C', 'D', 'E']]",A,0.9999999998570118,0,0.9999999998810108,False,False,1.0,0.0,1.4157762865599757e-10,0.0,1.4105773349872237e-12,0.0,100
2124,We should subsidize higher education,"[['A', 'B', 'C', 'D', 'E'], ['A', 'B', 'C', 'D', 'E']]",B,0.01825998121392774,0,0.046006432352289316,False,False,0.0,0.9817400184995801,0.0,2.7364574064036707e-10,1.284653015455297e-11,0.0,100
2124,We should subsidize higher education,"[['A', 'B', 'C', 'D', 'E'], ['A', 'B', 'C', 'D', 'E']]",C,0.9960848873823455,0,1.005010631892206,True,True,1.0,0.0,0.0,0.0,0.0,0.003915112617654548,100
2124,We should subsidize higher education,"[['A', 'B', 'C', 'D', 'E'], ['A', 'B', 'C', 'D', 'E']]",D,0.16251087770264705,0,0.23015832236362962,False,False,0.0,0.8374891213847073,0.0,6.793987289902748e-10,2.3324698194166104e-10,0.0,100
2124,We should subsidize higher education,"[['A', 'B', 'C', 'D', 'E'], ['A', 'B', 'C', 'D', 'E']]",E,0.9890520467639132,0,0.9969571076137383,False,True,1.0,0.0,0.010947953116206029,5.538422465630738e-11,6.449656599488791e-11,0.0,100
2184,We should legalize public nudity,"[['A', 'B', 'C', 'D', 'E'], ['A', 'B', 'C', 'D', 'E']]",A,0.9999997212095251,0,0.999999982227215,False,True,1.0,0.0,2.787869489097021e-07,1.4493034302817967e-12,2.076861871959177e-12,0.0,100
2184,We should legalize public nudity,"[['A', 'B', 'C', 'D', 'E'], ['A', 'B', 'C', 'D', 'E']]",B,0.03189826747584272,0,0.06364752339399839,False,False,0.0,0.9681017282985032,0.0,4.135132243575406e-09,9.05218265971773e-11,0.0,100
2184,We should legalize public nudity,"[['A', 'B', 'C', 'D', 'E'], ['A', 'B', 'C', 'D', 'E']]",C,0.9989800135085372,0,1.0008483645962791,True,True,1.0,0.0,0.0,0.0,0.0,0.001019986491462703,100
2184,We should legalize public nudity,"[['A', 'B', 'C', 'D', 'E'], ['A', 'B', 'C', 'D', 'E']]",D,0.009027683687940349,0,0.021797670177354518,False,False,0.0,0.9909723162386453,0.0,1.77179046229704e-11,5.569643766582244e-11,0.0,100
2184,We should legalize public nudity,"[['A', 'B', 'C', 'D', 'E'], ['A', 'B', 'C', 'D', 'E']]",E,0.9999538184358816,0,1.0000134526304698,True,True,1.0,0.0,4.618154931540835e-05,2.3100565612442384e-12,1.2493069407993468e-11,0.0,100
2225,We should ban factory farming,"[['A', 'B', 'C', 'D', 'E'], ['A', 'B', 'C', 'D', 'E']]",A,0.9999999997802549,0,0.9999999998267413,False,False,1.0,0.0,2.1209246316266752e-10,2.75555850476229e-14,7.625274266621761e-12,0.0,100
2225,We should ban factory farming,"[['A', 'B', 'C', 'D', 'E'], ['A', 'B', 'C', 'D', 'E']]",B,0.5038015126285998,0,0.5978999475704638,False,False,0.0,0.17073726455112992,0.0,0.2291554095856582,0.09630581323461201,0.0,100
2225,We should ban factory farming,"[['A', 'B', 'C', 'D', 'E'], ['A', 'B', 'C', 'D', 'E']]",C,0.9501239891224619,0,0.9854792340297003,False,True,1.0,0.0,0.0,0.0,0.0,0.049876010877538415,100
2225,We should ban factory farming,"[['A', 'B', 'C', 'D', 'E'], ['A', 'B', 'C', 'D', 'E']]",D,0.8674880940504106,0,0.9308085042915941,False,False,0.0,0.010967822483404827,0.0,0.12078040704072691,0.0007636764254576021,0.0,100
2225,We should ban factory farming,"[['A', 'B', 'C', 'D', 'E'], ['A', 'B', 'C', 'D', 'E']]",E,0.14236463644877365,0,0.2010153685007644,False,False,0.0,0.0,0.8576336012746663,1.7554125633490611e-06,6.863996803159266e-09,0.0,100
2227,We should ban whaling,"[['A', 'B', 'C', 'D', 'E'], ['A', 'B', 'C', 'D', 'E']]",A,0.9999999997984184,0,0.9999999998253349,False,False,1.0,0.0,1.9651223058540475e-10,0.0,5.069285442656671e-12,0.0,100
2227,We should ban whaling,"[['A', 'B', 'C', 'D', 'E'], ['A', 'B', 'C', 'D', 'E']]",B,3.5515588608772415e-07,0,1.1911557751496846e-06,False,False,0.0,0.99999964482991,0.0,4.38061087814592e-12,9.823376192435424e-12,0.0,100
2227,We should ban whaling,"[['A', 'B', 'C', 'D', 'E'], ['A', 'B', 'C', 'D', 'E']]",C,0.9807143616514076,0,1.006732959969329,True,True,1.0,0.0,0.0,0.0,0.0,0.01928563834859246,100
2227,We should ban whaling,"[['A', 'B', 'C', 'D', 'E'], ['A', 'B', 'C', 'D', 'E']]",D,0.9582023989362122,0,0.9994079684287164,False,True,1.0,0.002814087797290201,0.0,0.038964150393629465,1.9362872868157072e-05,0.0,100
2227,We should ban whaling,"[['A', 'B', 'C', 'D', 'E'], ['A', 'B', 'C', 'D', 'E']]",E,0.2036908829698828,0,0.28096539607694027,False,False,0.0,0.0,0.7962898072677395,1.930444311271021e-05,5.3192649746141625e-09,0.0,100
2482,We should limit the use of birth control,"[['A', 'B', 'C', 'D', 'E'], ['A', 'B', 'C', 'D', 'E']]",A,0.385403483824603,0,0.4957518473051391,False,False,0.0,0.0,1.9679920082386093e-07,1.1236353291512031e-07,0.6145962070126633,0.0,100
2482,We should limit the use of birth control,"[['A', 'B', 'C', 'D', 'E'], ['A', 'B', 'C', 'D', 'E']]",B,0.06060428060462399,0,0.10899107317513466,False,False,0.0,0.01855443368906863,0.0,0.22820355681184387,0.6926377288944636,0.0,100
2482,We should limit the use of birth control,"[['A', 'B', 'C', 'D', 'E'], ['A', 'B', 'C', 'D', 'E']]",C,0.9871056771001914,0,1.011279315012363,True,True,1.0,0.0,0.0,0.0,0.0,0.01289432289980855,100
2482,We should limit the use of birth control,"[['A', 'B', 'C', 'D', 'E'], ['A', 'B', 'C', 'D', 'E']]",D,1.3638051179222984e-08,0,2.4250993914480683e-08,False,False,0.0,0.14074515784524863,0.0,1.1854452470037039e-09,0.8592548273312549,0.0,100
2482,We should limit the use of birth control,"[['A', 'B', 'C', 'D', 'E'], ['A', 'B', 'C', 'D', 'E']]",E,0.1708592699004538,0,0.24970537683491556,False,False,0.0,0.0,1.4323194319708825e-08,1.4343467344608643e-09,0.829140714342005,0.0,100
2483,We should ban anonymous posts,"[['A', 'B', 'C', 'D', 'E'], ['A', 'B', 'C', 'D', 'E']]",A,0.9999999977163695,0,0.9999999984615425,False,False,1.0,0.0,2.259713063766951e-09,1.1571781912565758e-12,2.2760262092069652e-11,0.0,100
2483,We should ban anonymous posts,"[['A', 'B', 'C', 'D', 'E'], ['A', 'B', 'C', 'D', 'E']]",B,0.22722144935607208,0,0.32093712452094625,False,False,0.0,0.7588364086294884,0.0,0.01388045376396584,6.16882504737515e-05,0.0,100
2483,We should ban anonymous posts,"[['A', 'B', 'C', 'D', 'E'], ['A', 'B', 'C', 'D', 'E']]",C,0.9512984691775306,0,0.9973553137749049,False,True,1.0,0.0,0.0,0.0,0.0,0.048701530822469204,100
2483,We should ban anonymous posts,"[['A', 'B', 'C', 'D', 'E'], ['A', 'B', 'C', 'D', 'E']]",D,0.007627380645468116,0,0.016260409372146407,False,False,0.0,0.6833171142133907,0.0,0.0002258322527421207,0.3088296728883991,0.0,100
2483,We should ban anonymous posts,"[['A', 'B', 'C', 'D', 'E'], ['A', 'B', 'C', 'D', 'E']]",E,0.5439768951030071,0,0.6561392122094933,False,False,0.0,0.0,1.2974323658148507e-05,1.5823853813296195e-07,0.4560099723347967,0.0,100
2588,Assisted suicide should be a criminal offence,"[['A', 'B', 'C', 'D', 'E'], ['A', 'B', 'C', 'D', 'E']]",A,0.02292947265086224,0,0.054068768018610505,False,False,0.0,0.0,8.12391994336729e-09,6.959529918031928e-10,0.9770705185292649,0.0,100
2588,Assisted suicide should be a criminal offence,"[['A', 'B', 'C', 'D', 'E'], ['A', 'B', 'C', 'D', 'E']]",B,0.7365644320282968,0,0.8351627676486526,False,False,0.0,0.026271776006790763,0.0,0.07413667851355753,0.16302711345135484,0.0,100
2588,Assisted suicide should be a criminal offence,"[['A', 'B', 'C', 'D', 'E'], ['A', 'B', 'C', 'D', 'E']]",C,0.9981723846012502,0,1.0024860041674788,True,True,1.0,0.0,0.0,0.0,0.0,0.0018276153987499303,100
2588,Assisted suicide should be a criminal offence,"[['A', 'B', 'C', 'D', 'E'], ['A', 'B', 'C', 'D', 'E']]",D,9.63614074300466e-08,0,1.8962722434143996e-07,False,False,0.0,0.017583720534424852,0.0,2.701614102943509e-07,0.9824159129427575,0.0,100
2588,Assisted suicide should be a criminal offence,"[['A', 'B', 'C', 'D', 'E'], ['A', 'B', 'C', 'D', 'E']]",E,0.3462498908571721,0,0.4552276388940283,False,False,0.0,0.0,7.766828849588913e-05,1.901773592564911e-08,0.6536724218365961,0.0,100
2613,We should abolish the two-party system,"[['A', 'B', 'C', 'D', 'E'], ['A', 'B', 'C', 'D', 'E']]",A,0.999999999246038,0,0.9999999994916016,False,False,1.0,0.0,7.504390284427818e-10,3.006876380575552e-13,3.2221734503951546e-12,0.0,100
2613,We should abolish the two-party system,"[['A', 'B', 'C', 'D', 'E'], ['A', 'B', 'C', 'D', 'E']]",B,0.48426026048037557,0,0.5882215515760486,False,False,0.0,0.3306243904229007,0.0,0.08828911351108436,0.09682623558563921,0.0,100
2613,We should abolish the two-party system,"[['A', 'B', 'C', 'D', 'E'], ['A', 'B', 'C', 'D', 'E']]",C,0.851219781837824,0,0.927050493573151,False,False,0.0,0.0,0.0,0.0,0.0,0.14878021816217607,100
2613,We should abolish the two-party system,"[['A', 'B', 'C', 'D', 'E'], ['A', 'B', 'C', 'D', 'E']]",D,0.5662564223775732,0,0.6710849057347562,False,False,0.0,0.43374344660344955,0.0,1.2089635500486283e-07,1.0122622275709083e-08,0.0,100
2613,We should abolish the two-party system,"[['A', 'B', 'C', 'D', 'E'], ['A', 'B', 'C', 'D', 'E']]",E,0.9102254577255288,0,0.9678595197100122,False,True,0.0,0.0,0.07977453525942378,5.972051527777687e-09,0.010000001042995992,0.0,100
2621,We should disband the United Nations,"[['A', 'B', 'C', 'D', 'E'], ['A', 'B', 'C', 'D', 'E']]",A,0.1404625928268896,0,0.21965634190584765,False,False,0.0,0.0,3.314103453712891e-06,3.99110693271294e-07,0.8595336939589635,0.0,100
2621,We should disband the United Nations,"[['A', 'B', 'C', 'D', 'E'], ['A', 'B', 'C', 'D', 'E']]",B,0.11453600416019208,0,0.17878829452408576,False,False,0.0,0.8730327209610419,0.0,3.741789949077543e-06,0.01242753308881684,0.0,100
2621,We should disband the United Nations,"[['A', 'B', 'C', 'D', 'E'], ['A', 'B', 'C', 'D', 'E']]",C,0.4410636380682934,0,0.5571273122163201,False,False,0.0,0.0,0.0,0.0,0.0,0.5589363619317065,100
2621,We should disband the United Nations,"[['A', 'B', 'C', 'D', 'E'], ['A', 'B', 'C', 'D', 'E']]",D,0.00044169742120366007,0,0.0011610029935882526,False,False,0.0,0.050399935644235117,0.0,4.33300486194168e-08,0.9491583236045125,0.0,100
2621,We should disband the United Nations,"[['A', 'B', 'C', 'D', 'E'], ['A', 'B', 'C', 'D', 'E']]",E,0.03559167248232021,0,0.07324564377667298,False,False,0.0,0.0,2.4562512222102666e-06,1.506305634089517e-09,0.964405869760152,0.0,100
2678,We should subsidize distance education,"[['A', 'B', 'C', 'D', 'E'], ['A', 'B', 'C', 'D', 'E']]",A,0.9999999996625876,0,0.9999999997164447,False,False,1.0,0.0,3.3607369755279365e-10,0.0,1.3386293668054952e-12,0.0,100
2678,We should subsidize distance education,"[['A', 'B', 'C', 'D', 'E'], ['A', 'B', 'C', 'D', 'E']]",B,0.0009538446209727355,0,0.0032084755112192294,False,False,0.0,0.9990461553540915,0.0,2.150995720758288e-11,3.425743378782464e-12,0.0,100
2678,We should subsidize distance education,"[['A', 'B', 'C', 'D', 'E'], ['A', 'B', 'C', 'D', 'E']]",C,0.9715755670421382,0,1.0019872599251423,True,True,1.0,0.0,0.0,0.0,0.0,0.028424432957861793,100
2678,We should subsidize distance education,"[['A', 'B', 'C', 'D', 'E'], ['A', 'B', 'C', 'D', 'E']]",D,0.4279557074974133,0,0.5274701888460936,False,False,0.0,0.5720442613204517,0.0,3.089517008421703e-08,2.869647615078748e-10,0.0,100
2678,We should subsidize distance education,"[['A', 'B', 'C', 'D', 'E'], ['A', 'B', 'C', 'D', 'E']]",E,0.9752039212801391,0,0.989142409129256,False,False,1.0,0.0,0.024796078595929777,4.7278860653980784e-11,7.665214003158345e-11,0.0,100
2689,We should subsidize Wikipedia,"[['A', 'B', 'C', 'D', 'E'], ['A', 'B', 'C', 'D', 'E']]",A,0.9999999996467913,0,0.999999999721195,False,False,1.0,0.0,3.5177588296655185e-10,0.0,1.4327659112915814e-12,0.0,100
2689,We should subsidize Wikipedia,"[['A', 'B', 'C', 'D', 'E'], ['A', 'B', 'C', 'D', 'E']]",B,4.59003151783176e-09,0,6.88528808339662e-09,False,False,0.0,0.9999999954079958,0.0,7.84840554679868e-14,1.894306053788137e-12,0.0,100
2689,We should subsidize Wikipedia,"[['A', 'B', 'C', 'D', 'E'], ['A', 'B', 'C', 'D', 'E']]",C,0.9890916114545842,0,1.0127496234711044,True,True,1.0,0.0,0.0,0.0,0.0,0.010908388545415797,100
2689,We should subsidize Wikipedia,"[['A', 'B', 'C', 'D', 'E'], ['A', 'B', 'C', 'D', 'E']]",D,0.11324293117322169,0,0.1659303345421319,False,False,0.0,0.8867570654115086,0.0,2.957719994152324e-09,4.575497896435498e-10,0.0,100
2689,We should subsidize Wikipedia,"[['A', 'B', 'C', 'D', 'E'], ['A', 'B', 'C', 'D', 'E']]",E,0.9997756788807753,0,1.0000024636362106,True,True,1.0,0.0,0.00022432106573903475,1.9495297809936517e-11,3.3990271746084897e-11,0.0,100
3168,We should introduce year round schooling,"[['A', 'B', 'C', 'D', 'E'], ['A', 'B', 'C', 'D', 'E']]",A,0.9999999969347777,0,0.9999999990466564,False,True,1.0,0.0,3.0625138844184385e-09,7.36693699626732e-14,2.6346497610179514e-12,0.0,100
3168,We should introduce year round schooling,"[['A', 'B', 'C', 'D', 'E'], ['A', 'B', 'C', 'D', 'E']]",B,5.8466502229100476e-05,0,0.00011994006487116261,False,False,0.0,0.9999415334816685,0.0,1.022497351528602e-11,5.877487963266379e-12,0.0,100
3168,We should introduce year round schooling,"[['A', 'B', 'C', 'D', 'E'], ['A', 'B', 'C', 'D', 'E']]",C,0.9999900179005958,0,0.9999993439620921,False,True,1.0,0.0,0.0,0.0,0.0,9.982099404193978e-06,100
3168,We should introduce year round schooling,"[['A', 'B', 'C', 'D', 'E'], ['A', 'B', 'C', 'D', 'E']]",D,0.21054327915434146,0,0.27886826001176906,False,False,0.0,0.7894567199689557,0.0,4.013354483783613e-10,4.753674360351805e-10,0.0,100
3168,We should introduce year round schooling,"[['A', 'B', 'C', 'D', 'E'], ['A', 'B', 'C', 'D', 'E']]",E,0.9733216478534242,0,1.0013048230421049,True,True,1.0,0.0,0.026678351922614706,7.855969224410329e-11,1.4540131485595808e-10,0.0,100
3180,We should introduce goal line technology,"[['A', 'B', 'C', 'D', 'E'], ['A', 'B', 'C', 'D', 'E']]",A,0.9999999995396611,0,0.999999999628311,False,False,1.0,0.0,4.578863273385904e-10,0.0,2.4525196916890562e-12,0.0,100
3180,We should introduce goal line technology,"[['A', 'B', 'C', 'D', 'E'], ['A', 'B', 'C', 'D', 'E']]",B,8.392545365850906e-08,0,1.3420106470422318e-07,False,False,0.0,0.9999999160710646,0.0,1.0705305060828982e-12,2.4112979382443087e-12,0.0,100
3180,We should introduce goal line technology,"[['A', 'B', 'C', 'D', 'E'], ['A', 'B', 'C', 'D', 'E']]",C,0.9531657826575577,0,0.9960504351875207,False,True,1.0,0.0,0.0,0.0,0.0,0.04683421734244235,100
3180,We should introduce goal line technology,"[['A', 'B', 'C', 'D', 'E'], ['A', 'B', 'C', 'D', 'E']]",D,0.09314538143034558,0,0.14805633871642881,False,False,0.0,0.9068546149490224,0.0,3.351959687294735e-09,2.6867234246607474e-10,0.0,100
3180,We should introduce goal line technology,"[['A', 'B', 'C', 'D', 'E'], ['A', 'B', 'C', 'D', 'E']]",E,0.9999649709184182,0,0.9999961386937917,False,True,1.0,0.0,3.5029049095718376e-05,9.244724874973708e-12,2.3241585738818258e-11,0.0,100
3183,We should increase airport racial profiling in the United States,"[['A', 'B', 'C', 'D', 'E'], ['A', 'B', 'C', 'D', 'E']]",A,0.9998992048854136,0,1.0000318931197456,True,True,1.0,0.0,0.0001007948327772156,7.668050791695442e-11,2.0512881826960892e-10,0.0,100
3183,We should increase airport racial profiling in the United States,"[['A', 'B', 'C', 'D', 'E'], ['A', 'B', 'C', 'D', 'E']]",B,0.43720169651938107,0,0.5530398803027071,False,False,0.0,0.0002860379202801759,0.0,0.08636235872551606,0.4761499068348228,0.0,100
3183,We should increase airport racial profiling in the United States,"[['A', 'B', 'C', 'D', 'E'], ['A', 'B', 'C', 'D', 'E']]",C,0.6473522543547034,0,0.7584163675520511,False,False,0.0,0.0,0.0,0.0,0.0,0.35264774564529655,100
3183,We should increase airport racial profiling in the United States,"[['A', 'B', 'C', 'D', 'E'], ['A', 'B', 'C', 'D', 'E']]",D,1.9639201784285865e-07,0,5.146281587628256e-07,False,False,0.0,0.99999980359874,0.0,1.9058533009242486e-12,7.336414416130883e-12,0.0,100
3183,We should increase airport racial profiling in the United States,"[['A', 'B', 'C', 'D', 'E'], ['A', 'B', 'C', 'D', 'E']]",E,0.999999999169951,0,0.9999999994520818,False,False,1.0,0.0,8.252847498122423e-10,9.25014830934136e-13,3.839418363420269e-12,0.0,100
3185,We should adopt socialism,"[['A', 'B', 'C', 'D', 'E'], ['A', 'B', 'C', 'D', 'E']]",A,0.9999999717400659,0,0.9999999902616642,False,True,1.0,0.0,2.825509148647141e-08,1.1219900931496492e-12,3.72044658043299e-12,0.0,100
3185,We should adopt socialism,"[['A', 'B', 'C', 'D', 'E'], ['A', 'B', 'C', 'D', 'E']]",B,0.44059741239760464,0,0.5437790284168417,False,False,0.0,2.7058728302672054e-05,0.0,0.47001064937912346,0.08936487949496928,0.0,100
3185,We should adopt socialism,"[['A', 'B', 'C', 'D', 'E'], ['A', 'B', 'C', 'D', 'E']]",C,0.9899483081664837,0,1.0135341741369526,True,True,1.0,0.0,0.0,0.0,0.0,0.010051691833516336,100
3185,We should adopt socialism,"[['A', 'B', 'C', 'D', 'E'], ['A', 'B', 'C', 'D', 'E']]",D,0.009783800889264026,0,0.029289955243967145,False,False,0.0,0.9902161987891229,0.0,2.507654200497253e-10,7.08477348780954e-11,0.0,100
3185,We should adopt socialism,"[['A', 'B', 'C', 'D', 'E'], ['A', 'B', 'C', 'D', 'E']]",E,0.9999999364588257,0,1.0000000259915307,True,True,1.0,0.0,6.353080272633843e-08,1.7654401726053413e-12,8.606365712944274e-12,0.0,100
3191,We should introduce recall elections,"[['A', 'B', 'C', 'D', 'E'], ['A', 'B', 'C', 'D', 'E']]",A,0.9999999987543363,0,0.9999999989964578,False,False,1.0,0.0,1.2430082596761533e-09,5.3822301870084883e-14,2.601691690732771e-12,0.0,100
3191,We should introduce recall elections,"[['A', 'B', 'C', 'D', 'E'], ['A', 'B', 'C', 'D', 'E']]",B,3.943130539146987e-06,0,7.829027253326558e-06,False,False,0.0,0.9999960568621552,0.0,4.023033584970819e-12,3.282825268040454e-12,0.0,100
3191,We should introduce recall elections,"[['A', 'B', 'C', 'D', 'E'], ['A', 'B', 'C', 'D', 'E']]",C,0.6834174954597146,0,0.7860251878287658,False,False,0.0,0.0,0.0,0.0,0.0,0.3165825045402854,100
3191,We should introduce recall elections,"[['A', 'B', 'C', 'D', 'E'], ['A', 'B', 'C', 'D', 'E']]",D,0.020571359733171358,0,0.053659626738475116,False,False,0.0,0.9794286400172908,0.0,2.04364313096219e-10,4.517359795594062e-11,0.0,100
3191,We should introduce recall elections,"[['A', 'B', 'C', 'D', 'E'], ['A', 'B', 'C', 'D', 'E']]",E,0.999905240129282,0,1.0001080312797739,True,True,1.0,0.0,9.47598458982266e-05,5.7285920239316065e-12,1.909122162821466e-11,0.0,100
3198,We should limit the right of self-defense,"[['A', 'B', 'C', 'D', 'E'], ['A', 'B', 'C', 'D', 'E']]",A,0.9734195002828417,0,0.9990814239640483,False,True,1.0,0.0,1.4131434621962378e-05,4.877604597577446e-07,0.026565880522076334,0.0,100
3198,We should limit the right of self-defense,"[['A', 'B', 'C', 'D', 'E'], ['A', 'B', 'C', 'D', 'E']]",B,0.9997908938822755,0,0.9998366885421792,False,False,1.0,0.0001095122014948247,0.0,8.949939492144298e-05,1.0094521308241624e-05,0.0,100
3198,We should limit the right of self-defense,"[['A', 'B', 'C', 'D', 'E'], ['A', 'B', 'C', 'D', 'E']]",C,0.9648625382270611,0,0.9978520143685806,False,True,1.0,0.0,0.0,0.0,0.0,0.03513746177293892,100
3198,We should limit the right of self-defense,"[['A', 'B', 'C', 'D', 'E'], ['A', 'B', 'C', 'D', 'E']]",D,5.038106362096552e-09,0,7.549026325269794e-09,False,False,0.0,0.16590037031133015,0.0,3.2422279838214314e-10,0.8340996243263408,0.0,100
3198,We should limit the right of self-defense,"[['A', 'B', 'C', 'D', 'E'], ['A', 'B', 'C', 'D', 'E']]",E,0.14285197244981757,0,0.21768519839866746,False,False,0.0,0.0,3.3420006869160583e-09,2.3412200682069215e-10,0.8571480239740599,0.0,100
3199,We should fight urbanization,"[['A', 'B', 'C', 'D', 'E'], ['A', 'B', 'C', 'D', 'E']]",A,0.9999903326698746,0,1.0000127066969084,True,True,1.0,0.0,9.248974642749286e-06,9.5947037871401e-09,4.0876077896414545e-07,0.0,100
3199,We should fight urbanization,"[['A', 'B', 'C', 'D', 'E'], ['A', 'B', 'C', 'D', 'E']]",B,0.26723016225329455,0,0.337425819353258,False,False,0.0,0.006849038592106731,0.0,0.7258260102326117,9.478892198685283e-05,0.0,100
3199,We should fight urbanization,"[['A', 'B', 'C', 'D', 'E'], ['A', 'B', 'C', 'D', 'E']]",C,0.9529860069762247,0,0.9863243682798409,False,True,1.0,0.0,0.0,0.0,0.0,0.0470139930237752,100
3199,We should fight urbanization,"[['A', 'B', 'C', 'D', 'E'], ['A', 'B', 'C', 'D', 'E']]",D,5.195536331971488e-05,0,0.00017070442411075754,False,False,0.0,0.027330632226185633,0.0,0.05851266574666007,0.9141047466638345,0.0,100
3199,We should fight urbanization,"[['A', 'B', 'C', 'D', 'E'], ['A', 'B', 'C', 'D', 'E']]",E,0.20030389757396905,0,0.28695774509868066,False,False,0.0,0.0,0.02060290243130343,0.028634299631464556,0.7504589003632628,0.0,100
3207,We should abandon social media,"[['A', 'B', 'C', 'D', 'E'], ['A', 'B', 'C', 'D', 'E']]",A,0.9999995655653422,0,1.0000001712302753,True,True,1.0,0.0,6.94861456549268e-10,4.767115402808121e-12,4.337350295202242e-07,0.0,100
3207,We should abandon social media,"[['A', 'B', 'C', 'D', 'E'], ['A', 'B', 'C', 'D', 'E']]",B,0.999920314104156,0,1.0000785139542032,True,True,1.0,7.850119594152447e-05,0.0,1.1758286210016119e-06,8.87128138574202e-09,0.0,100
3207,We should abandon social media,"[['A', 'B', 'C', 'D', 'E'], ['A', 'B', 'C', 'D', 'E']]",C,0.32249013289569417,0,0.4196779627488022,False,False,0.0,0.0,0.0,0.0,0.0,0.6775098671043059,100
3207,We should abandon social media,"[['A', 'B', 'C', 'D', 'E'], ['A', 'B', 'C', 'D', 'E']]",D,1.4807690084579384e-09,0,1.9876517685292713e-09,False,False,0.0,3.947151790327091e-10,0.0,7.446551114487759e-08,0.9999999236590047,0.0,100
3207,We should abandon social media,"[['A', 'B', 'C', 'D', 'E'], ['A', 'B', 'C', 'D', 'E']]",E,2.8270441360457816e-07,0,9.336233804598272e-07,False,False,0.0,0.0,3.0452821805178997e-09,5.039229067570915e-09,0.9999997092110752,0.0,100
3208,We should prohibit slum tourism,"[['A', 'B', 'C', 'D', 'E'], ['A', 'B', 'C', 'D', 'E']]",A,0.9999999995013015,0,0.9999999996013973,False,False,1.0,0.0,4.6377676202875647e-10,9.950240986227656e-13,3.3926997133646917e-11,0.0,100
3208,We should prohibit slum tourism,"[['A', 'B', 'C', 'D', 'E'], ['A', 'B', 'C', 'D', 'E']]",B,0.08946556031658875,0,0.15158438254486367,False,False,0.0,0.8548553564414522,0.0,0.007456021419269558,0.048223061822689484,0.0,100
3208,We should prohibit slum tourism,"[['A', 'B', 'C', 'D', 'E'], ['A', 'B', 'C', 'D', 'E']]",C,0.989212566913316,0,1.0062183777659204,True,True,1.0,0.0,0.0,0.0,0.0,0.010787433086683845,100
3208,We should prohibit slum tourism,"[['A', 'B', 'C', 'D', 'E'], ['A', 'B', 'C', 'D', 'E']]",D,0.01620027914951756,0,0.04386258783917473,False,False,0.0,0.0038621150151855483,0.0,0.0003968817419966521,0.9795407240933001,0.0,100
3208,We should prohibit slum tourism,"[['A', 'B', 'C', 'D', 'E'], ['A', 'B', 'C', 'D', 'E']]",E,2.100453900002401e-10,0,3.0548433068021287e-10,False,False,0.0,0.0,2.381220820239935e-13,2.582763891910656e-13,0.9999999997894582,0.0,100
3212,We should adopt the teacher tenure reform,"[['A', 'B', 'C', 'D', 'E'], ['A', 'B', 'C', 'D', 'E']]",A,0.9999999998050491,0,0.9999999998466446,False,False,1.0,0.0,1.9259159625698306e-10,0.0,2.3591544179736914e-12,0.0,100
3212,We should adopt the teacher tenure reform,"[['A', 'B', 'C', 'D', 'E'], ['A', 'B', 'C', 'D', 'E']]",B,2.8782185301194815e-06,0,5.549593009300958e-06,False,False,0.0,0.9999971217739865,0.0,3.503250853129999e-12,3.979913853820708e-12,0.0,100
3212,We should adopt the teacher tenure reform,"[['A', 'B', 'C', 'D', 'E'], ['A', 'B', 'C', 'D', 'E']]",C,0.999736214978726,0,1.000179779448705,True,True,1.0,0.0,0.0,0.0,0.0,0.00026378502127395997,100
3212,We should adopt the teacher tenure reform,"[['A', 'B', 'C', 'D', 'E'], ['A', 'B', 'C', 'D', 'E']]",D,0.051418191112976894,0,0.10111673955868197,False,False,0.0,0.8485817766655647,0.0,2.5071197785266583e-09,0.10000002971433858,0.0,100
3212,We should adopt the teacher tenure reform,"[['A', 'B', 'C', 'D', 'E'], ['A', 'B', 'C', 'D', 'E']]",E,0.01999994198575875,0,0.053271101749867614,False,False,0.0,0.0,5.804657977982418e-08,9.481054564182978e-13,0.9799999999667134,0.0,100
3227,We should abolish capital punishment,"[['A', 'B', 'C', 'D', 'E'], ['A', 'B', 'C', 'D', 'E']]",A,0.9999999996344258,0,0.9999999997212707,False,False,1.0,0.0,3.52352571168763e-10,3.1332008117893e-13,1.2908412505808474e-11,0.0,100
3227,We should abolish capital punishment,"[['A', 'B', 'C', 'D', 'E'], ['A', 'B', 'C', 'D', 'E']]",B,0.05559550779375384,0,0.10174827950541117,False,False,0.0,0.8711782441910293,0.0,0.02403870767341427,0.04918754034180275,0.0,100
3227,We should abolish capital punishment,"[['A', 'B', 'C', 'D', 'E'], ['A', 'B', 'C', 'D', 'E']]",C,0.9999993714144785,0,1.0000007502258952,True,True,1.0,0.0,0.0,0.0,0.0,6.285855216150066e-07,100
3227,We should abolish capital punishment,"[['A', 'B', 'C', 'D', 'E'], ['A', 'B', 'C', 'D', 'E']]",D,3.3271603859373116e-05,0,5.970796673618722e-05,False,False,0.0,0.9999667282693951,0.0,5.1577138587585377e-11,7.516833144571195e-11,0.0,100
3227,We should abolish capital punishment,"[['A', 'B', 'C', 'D', 'E'], ['A', 'B', 'C', 'D', 'E']]",E,0.9999950583112215,0,1.000003129756531,True,True,1.0,0.0,4.941634959246279e-06,1.712447791177917e-11,3.669462072366166e-11,0.0,100
3232,We should cancel pride parades,"[['A', 'B', 'C', 'D', 'E'], ['A', 'B', 'C', 'D', 'E']]",A,0.9999999997749474,0,0.9999999998903842,False,False,1.0,0.0,5.487203170078743e-11,1.4254188363251753e-14,1.7016634393453e-10,0.0,100
3232,We should cancel pride parades,"[['A', 'B', 'C', 'D', 'E'], ['A', 'B', 'C', 'D', 'E']]",B,0.13508219830398818,0,0.20345952222878522,False,False,0.0,0.010603774786260907,0.0,0.7089339260415012,0.14538010086824985,0.0,100
3232,We should cancel pride parades,"[['A', 'B', 'C', 'D', 'E'], ['A', 'B', 'C', 'D', 'E']]",C,0.8543994817407651,0,0.9330260785876274,False,False,0.0,0.0,0.0,0.0,0.0,0.14560051825923478,100
3232,We should cancel pride parades,"[['A', 'B', 'C', 'D', 'E'], ['A', 'B', 'C', 'D', 'E']]",D,1.5055223924762764e-13,0,2.7040373692146474e-13,False,False,0.0,2.270317050321695e-09,0.0,1.0045217927180056e-13,0.9999999977294319,0.0,100
3232,We should cancel pride parades,"[['A', 'B', 'C', 'D', 'E'], ['A', 'B', 'C', 'D', 'E']]",E,0.009999999250848069,0,0.033646053454658424,False,False,0.0,0.0,1.8555232160827674e-09,5.938000990681404e-14,0.9899999988935692,0.0,100
3487,We should close landfills,"[['A', 'B', 'C', 'D', 'E'], ['A', 'B', 'C', 'D', 'E']]",A,0.9999999998666148,0,0.9999999998906313,False,False,1.0,0.0,1.2992822416121085e-10,0.0,3.4570865682600058e-12,0.0,100
3487,We should close landfills,"[['A', 'B', 'C', 'D', 'E'], ['A', 'B', 'C', 'D', 'E']]",B,2.384152194506298e-06,0,7.194247499734648e-06,False,False,0.0,0.9999976158422781,0.0,2.1685132645946357e-12,3.3588426405519416e-12,0.0,100
3487,We should close landfills,"[['A', 'B', 'C', 'D', 'E'], ['A', 'B', 'C', 'D', 'E']]",C,0.8268948056839323,0,0.9106142287299952,False,False,0.0,0.0,0.0,0.0,0.0,0.17310519431606788,100
3487,We should close landfills,"[['A', 'B', 'C', 'D', 'E'], ['A', 'B', 'C', 'D', 'E']]",D,0.9179841798770856,0,0.9663125538166165,False,False,0.0,0.07801075181146798,0.0,0.0035888371917342727,0.000416231119712034,0.0,100
3487,We should close landfills,"[['A', 'B', 'C', 'D', 'E'], ['A', 'B', 'C', 'D', 'E']]",E,0.5447742370501986,0,0.6335129447058198,False,False,0.0,0.0,0.4552257609069391,1.2691273855260993e-09,7.737348827653097e-10,0.0,100
3492,We should further exploit natural gas,"[['A', 'B', 'C', 'D', 'E'], ['A', 'B', 'C', 'D', 'E']]",A,0.9999993887894676,0,0.9999996064992698,False,False,1.0,0.0,6.112057039571964e-07,1.6677469285703703e-12,3.1605985743758434e-12,0.0,100
3492,We should further exploit natural gas,"[['A', 'B', 'C', 'D', 'E'], ['A', 'B', 'C', 'D', 'E']]",B,0.007949901584635863,0,0.02141396439786687,False,False,0.0,0.9920500981489099,0.0,2.296829583544582e-10,3.677125900834217e-11,0.0,100
3492,We should further exploit natural gas,"[['A', 'B', 'C', 'D', 'E'], ['A', 'B', 'C', 'D', 'E']]",C,0.8621265591832697,0,0.9336893994742337,False,False,0.0,0.0,0.0,0.0,0.0,0.13787344081673023,100
3492,We should further exploit natural gas,"[['A', 'B', 'C', 'D', 'E'], ['A', 'B', 'C', 'D', 'E']]",D,0.006333573202233448,0,0.017506613305260904,False,False,0.0,0.9936664262806141,0.0,4.455396430965199e-10,7.161278788872437e-11,0.0,100
3492,We should further exploit natural gas,"[['A', 'B', 'C', 'D', 'E'], ['A', 'B', 'C', 'D', 'E']]",E,0.9999999527248391,0,0.999999977496228,False,False,1.0,0.0,4.7266802561153926e-08,1.897687054970958e-12,6.46050763517899e-12,0.0,100
3661,We should abolish foster care,"[['A', 'B', 'C', 'D', 'E'], ['A', 'B', 'C', 'D', 'E']]",A,0.8928342352013352,0,0.9629761313748495,False,True,0.0,0.0,0.009052368134952896,0.00032259417148503325,0.09779080249222677,0.0,100
3661,We should abolish foster care,"[['A', 'B', 'C', 'D', 'E'], ['A', 'B', 'C', 'D', 'E']]",B,0.38621923847760803,0,0.49007167454466904,False,False,0.0,0.03574835502032369,0.0,0.0005776095006228043,0.5774547970014455,0.0,100
3661,We should abolish foster care,"[['A', 'B', 'C', 'D', 'E'], ['A', 'B', 'C', 'D', 'E']]",C,0.12308454111348649,0,0.19729332754666598,False,False,0.0,0.0,0.0,0.0,0.0,0.8769154588865136,100
3661,We should abolish foster care,"[['A', 'B', 'C', 'D', 'E'], ['A', 'B', 'C', 'D', 'E']]",D,0.26024727755440336,0,0.34710983406522533,False,False,0.0,0.27894625040564497,0.0,2.816930217200767e-05,0.4607783027377797,0.0,100
3661,We should abolish foster care,"[['A', 'B', 'C', 'D', 'E'], ['A', 'B', 'C', 'D', 'E']]",E,0.42726307789225115,0,0.5328800051713425,False,False,0.0,0.0,0.0905583686926151,6.185422593232613e-07,0.4821779348728745,0.0,100
3688,We should abolish the presidential pardon,"[['A', 'B', 'C', 'D', 'E'], ['A', 'B', 'C', 'D', 'E']]",A,0.96773272143468,0,1.00592165467186,True,True,1.0,0.0,1.6107036327288135e-09,9.763360463124566e-11,0.0322672768569825,0.0,100
3688,We should abolish the presidential pardon,"[['A', 'B', 'C', 'D', 'E'], ['A', 'B', 'C', 'D', 'E']]",B,0.3521967862221779,0,0.4477858332348406,False,False,0.0,0.022858084187115466,0.0,0.5450700315691168,0.07987509802158968,0.0,100
3688,We should abolish the presidential pardon,"[['A', 'B', 'C', 'D', 'E'], ['A', 'B', 'C', 'D', 'E']]",C,0.6331926145462632,0,0.7399938786741472,False,False,0.0,0.0,0.0,0.0,0.0,0.36680738545373687,100
3688,We should abolish the presidential pardon,"[['A', 'B', 'C', 'D', 'E'], ['A', 'B', 'C', 'D', 'E']]",D,0.012875692863649327,0,0.03701999062796714,False,False,0.0,0.023395220392614234,0.0,0.002939355218810964,0.9607897315249256,0.0,100
3688,We should abolish the presidential pardon,"[['A', 'B', 'C', 'D', 'E'], ['A', 'B', 'C', 'D', 'E']]",E,0.06676337769454059,0,0.12032945953224858,False,False,0.0,0.0,1.1913679861080647e-06,5.922507853347519e-10,0.9332354303452223,0.0,100
3730,Community service should be mandatory,"[['A', 'B', 'C', 'D', 'E'], ['A', 'B', 'C', 'D', 'E']]",A,0.9999999947678411,0,0.9999999976785213,False,False,1.0,0.0,5.22926964214682e-09,1.472281693241764e-13,2.7419021910083277e-12,0.0,100
3730,Community service should be mandatory,"[['A', 'B', 'C', 'D', 'E'], ['A', 'B', 'C', 'D', 'E']]",B,0.025918939614494447,0,0.05808857199057346,False,False,0.0,0.9641381049389389,0.0,0.008467822417627897,0.0014751330289387002,0.0,100
3730,Community service should be mandatory,"[['A', 'B', 'C', 'D', 'E'], ['A', 'B', 'C', 'D', 'E']]",C,0.7423584662186506,0,0.8435109984504084,False,False,0.0,0.0,0.0,0.0,0.0,0.2576415337813494,100
3730,Community service should be mandatory,"[['A', 'B', 'C', 'D', 'E'], ['A', 'B', 'C', 'D', 'E']]",D,0.0011241540438114935,0,0.0024287810066349084,False,False,0.0,0.9988758458512293,0.0,3.706557463956381e-11,6.789355908796554e-11,0.0,100
3730,Community service should be mandatory,"[['A', 'B', 'C', 'D', 'E'], ['A', 'B', 'C', 'D', 'E']]",E,0.9999942336898603,0,0.9999988294177674,False,True,1.0,0.0,5.766276036600614e-06,9.485548993298126e-12,2.461734635557206e-11,0.0,100
3758,We should further exploit sustainable energies,"[['A', 'B', 'C', 'D', 'E'], ['A', 'B', 'C', 'D', 'E']]",A,0.9999999998789656,0,0.9999999998941922,False,False,1.0,0.0,1.1974766637712685e-10,0.0,1.2867306453619281e-12,0.0,100
3758,We should further exploit sustainable energies,"[['A', 'B', 'C', 'D', 'E'], ['A', 'B', 'C', 'D', 'E']]",B,1.7619562858540242e-07,0,4.3876869211259e-07,False,False,0.0,0.9999998238022358,0.0,4.752978115459601e-13,1.6602526024172007e-12,0.0,100
3758,We should further exploit sustainable energies,"[['A', 'B', 'C', 'D', 'E'], ['A', 'B', 'C', 'D', 'E']]",C,0.9285974104416778,0,0.9747295935391757,False,True,0.0,0.0,0.0,0.0,0.0,0.07140258955832221,100
3758,We should further exploit sustainable energies,"[['A', 'B', 'C', 'D', 'E'], ['A', 'B', 'C', 'D', 'E']]",D,0.9600289550262511,0,0.9957206152724425,False,True,1.0,0.00029095316941835786,0.0,0.03967796004131627,2.1317630142507344e-06,0.0,100
3758,We should further exploit sustainable energies,"[['A', 'B', 'C', 'D', 'E'], ['A', 'B', 'C', 'D', 'E']]",E,0.4979104476576392,0,0.59500024039533,False,False,0.0,0.0,0.5020891391826883,4.127387806367585e-07,4.208919590904391e-10,0.0,100
2083,We should legalize organ trade,"[['A', 'B', 'C', 'D', 'E'], ['A', 'B', 'C', 'D', 'E']]",A,0.9999999738070712,0,0.9999999870784758,False,False,1.0,0.0,2.619065591105185e-08,4.440808804170153e-13,1.8288319150672284e-12,0.0,100
2083,We should legalize organ trade,"[['A', 'B', 'C', 'D', 'E'], ['A', 'B', 'C', 'D', 'E']]",B,7.044691955950251e-05,0,0.00014405493530799177,False,False,0.0,0.9999295530486575,0.0,2.293648846586373e-11,8.846486281584163e-12,0.0,100
2083,We should legalize organ trade,"[['A', 'B', 'C', 'D', 'E'], ['A', 'B', 'C', 'D', 'E']]",C,0.9999991281135219,0,1.000000901747678,True,True,1.0,0.0,0.0,0.0,0.0,8.718864780693138e-07,100
2083,We should legalize organ trade,"[['A', 'B', 'C', 'D', 'E'], ['A', 'B', 'C', 'D', 'E']]",D,0.00025348448359720303,0,0.00041350695379346224,False,False,0.0,0.9997465154467957,0.0,1.6468782641148175e-11,5.3138291028475104e-11,0.0,100
2083,We should legalize organ trade,"[['A', 'B', 'C', 'D', 'E'], ['A', 'B', 'C', 'D', 'E']]",E,0.9999508761722532,0,0.9999950069792242,False,True,1.0,0.0,4.912379779643822e-05,5.552413033898956e-12,2.439813551908941e-11,0.0,100
2166,We should legalize sex selection,"[['A', 'B', 'C', 'D', 'E'], ['A', 'B', 'C', 'D', 'E']]",A,0.9999997775160517,0,0.9999998625968873,False,False,1.0,0.0,2.224806586054543e-07,1.0776679486754716e-12,2.2118342970672303e-12,0.0,100
2166,We should legalize sex selection,"[['A', 'B', 'C', 'D', 'E'], ['A', 'B', 'C', 'D', 'E']]",B,0.0041975749769750745,0,0.013120496709932329,False,False,0.0,0.9958024248690778,0.0,1.3863383560526717e-10,1.5313487168898907e-11,0.0,100
2166,We should legalize sex selection,"[['A', 'B', 'C', 'D', 'E'], ['A', 'B', 'C', 'D', 'E']]",C,0.9999999443112102,0,0.9999999972915911,False,True,1.0,0.0,0.0,0.0,0.0,5.5688789798543936e-08,100
2166,We should legalize sex selection,"[['A', 'B', 'C', 'D', 'E'], ['A', 'B', 'C', 'D', 'E']]",D,3.6179062193074963e-05,0,7.169833403045323e-05,False,False,0.0,0.9999638209042608,0.0,6.54186711701023e-12,2.700404072447807e-11,0.0,100
2166,We should legalize sex selection,"[['A', 'B', 'C', 'D', 'E'], ['A', 'B', 'C', 'D', 'E']]",E,0.9999995284953873,0,1.0000000265691582,True,True,1.0,0.0,4.7149360130009036e-07,1.8013328054088861e-12,9.210289572813398e-12,0.0,100
2402,We should close the Guantanamo Bay detention camp,"[['A', 'B', 'C', 'D', 'E'], ['A', 'B', 'C', 'D', 'E']]",A,0.9999999998656247,0,0.9999999998894914,False,False,1.0,0.0,1.3289006111065363e-10,0.0,1.485184909303561e-12,0.0,100
2402,We should close the Guantanamo Bay detention camp,"[['A', 'B', 'C', 'D', 'E'], ['A', 'B', 'C', 'D', 'E']]",B,0.0546326044177525,0,0.10449136490269195,False,False,0.0,0.8972652703632079,0.0,0.008266661217477718,0.03983546400156196,0.0,100
2402,We should close the Guantanamo Bay detention camp,"[['A', 'B', 'C', 'D', 'E'], ['A', 'B', 'C', 'D', 'E']]",C,0.9899999847020148,0,1.0136460274892198,True,True,1.0,0.0,0.0,0.0,0.0,0.01000001529798537,100
2402,We should close the Guantanamo Bay detention camp,"[['A', 'B', 'C', 'D', 'E'], ['A', 'B', 'C', 'D', 'E']]",D,0.0028255825102437514,0,0.006351740458932814,False,False,0.0,0.9971744172986159,0.0,1.0965969586478253e-10,8.148066047418044e-11,0.0,100
2402,We should close the Guantanamo Bay detention camp,"[['A', 'B', 'C', 'D', 'E'], ['A', 'B', 'C', 'D', 'E']]",E,0.9999961575277788,0,1.0000024153287939,True,True,1.0,0.0,3.842455901315142e-06,4.402813222437388e-12,1.1917088118296051e-11,0.0,100
3193,We should fight nationalism,"[['A', 'B', 'C', 'D', 'E'], ['A', 'B', 'C', 'D', 'E']]",A,0.9999999991565903,0,0.9999999994675481,False,False,1.0,0.0,8.3182351202133e-10,6.921351567198228e-13,1.0893829829932593e-11,0.0,100
3193,We should fight nationalism,"[['A', 'B', 'C', 'D', 'E'], ['A', 'B', 'C', 'D', 'E']]",B,0.2684458833026627,0,0.3538754579450305,False,False,0.0,0.6776358357640799,0.0,0.053122017425818034,0.0007962635074390983,0.0,100
3193,We should fight nationalism,"[['A', 'B', 'C', 'D', 'E'], ['A', 'B', 'C', 'D', 'E']]",C,0.9930912991080032,0,0.9994252589708661,False,True,1.0,0.0,0.0,0.0,0.0,0.006908700891996949,100
3193,We should fight nationalism,"[['A', 'B', 'C', 'D', 'E'], ['A', 'B', 'C', 'D', 'E']]",D,0.03660922473476877,0,0.0723479725798247,False,False,0.0,0.001455850636294936,0.0,0.1601831317793617,0.8017517928495747,0.0,100
3193,We should fight nationalism,"[['A', 'B', 'C', 'D', 'E'], ['A', 'B', 'C', 'D', 'E']]",E,0.004373078236371426,0,0.014713684597933829,False,False,0.0,0.0,0.005615143684576631,4.518693166464657e-06,0.9900072593858856,0.0,100
3197,We should end progressive taxation,"[['A', 'B', 'C', 'D', 'E'], ['A', 'B', 'C', 'D', 'E']]",A,0.8443699746818463,0,0.9295278415323994,False,False,0.0,0.0,6.136201624108324e-05,1.8396469840543122e-09,0.15556866146226567,0.0,100
3197,We should end progressive taxation,"[['A', 'B', 'C', 'D', 'E'], ['A', 'B', 'C', 'D', 'E']]",B,0.3148257382673511,0,0.41020840733457625,False,False,0.0,9.413618632509719e-05,0.0,0.18624401254870523,0.4988361129976186,0.0,100
3197,We should end progressive taxation,"[['A', 'B', 'C', 'D', 'E'], ['A', 'B', 'C', 'D', 'E']]",C,0.9998186654956664,0,1.00006194512872,True,True,1.0,0.0,0.0,0.0,0.0,0.00018133450433362197,100
3197,We should end progressive taxation,"[['A', 'B', 'C', 'D', 'E'], ['A', 'B', 'C', 'D', 'E']]",D,0.0020901741134785002,0,0.003734778253952509,False,False,0.0,0.8070320779571842,0.0,1.536503930116447e-07,0.19087759427894413,0.0,100
3197,We should end progressive taxation,"[['A', 'B', 'C', 'D', 'E'], ['A', 'B', 'C', 'D', 'E']]",E,0.9394238825143408,0,0.9867326622073357,False,True,0.0,0.0,0.0015481410168429915,2.8102827021715752e-08,0.059027948365989256,0.0,100
4004,Blood donation should be mandatory,"[['A', 'B', 'C', 'D', 'E'], ['A', 'B', 'C', 'D', 'E']]",A,0.9999998094504412,0,0.999999970765283,False,True,1.0,0.0,1.9053893431189035e-07,2.739221204904658e-12,7.885446891137117e-12,0.0,100
4004,Blood donation should be mandatory,"[['A', 'B', 'C', 'D', 'E'], ['A', 'B', 'C', 'D', 'E']]",B,0.36385533745284154,0,0.4700725252765223,False,False,0.0,0.2805763247230449,0.0,0.029521783406167935,0.32604655441794556,0.0,100
4004,Blood donation should be mandatory,"[['A', 'B', 'C', 'D', 'E'], ['A', 'B', 'C', 'D', 'E']]",C,0.17892837985995869,0,0.26848407683175046,False,False,0.0,0.0,0.0,0.0,0.0,0.8210716201400412,100
4004,Blood donation should be mandatory,"[['A', 'B', 'C', 'D', 'E'], ['A', 'B', 'C', 'D', 'E']]",D,0.0019629413327444064,0,0.0037070801097107507,False,False,0.0,0.99803705799517,0.0,4.737611965247974e-10,1.983243186703112e-10,0.0,100
4004,Blood donation should be mandatory,"[['A', 'B', 'C', 'D', 'E'], ['A', 'B', 'C', 'D', 'E']]",E,0.9999691499115839,0,1.0000275676345738,True,True,1.0,0.0,3.084997440993045e-05,5.8034023343129906e-11,5.597218610135764e-11,0.0,100
3205,We should end water fluoridation,"[['A', 'B', 'C', 'D', 'E'], ['A', 'B', 'C', 'D', 'E']]",A,0.8102841030790711,0,0.8944937877643392,False,False,0.0,0.0,2.4237313520550914e-06,2.538844159795626e-07,0.1897132193051609,0.0,100
3205,We should end water fluoridation,"[['A', 'B', 'C', 'D', 'E'], ['A', 'B', 'C', 'D', 'E']]",B,0.5562169969628012,0,0.654220987699839,False,False,0.0,0.014251594609890627,0.0,0.27972960007487296,0.14980180835243517,0.0,100
3205,We should end water fluoridation,"[['A', 'B', 'C', 'D', 'E'], ['A', 'B', 'C', 'D', 'E']]",C,0.9979716949241755,0,1.0010647003784292,True,True,1.0,0.0,0.0,0.0,0.0,0.002028305075824614,100
3205,We should end water fluoridation,"[['A', 'B', 'C', 'D', 'E'], ['A', 'B', 'C', 'D', 'E']]",D,0.04248759064835871,0,0.08294019420645987,False,False,0.0,0.17871997031670048,0.0,1.7721966218533739e-07,0.7787922618152787,0.0,100
3205,We should end water fluoridation,"[['A', 'B', 'C', 'D', 'E'], ['A', 'B', 'C', 'D', 'E']]",E,0.1103756942765158,0,0.17493702458230137,False,False,0.0,0.0,0.0005070142374907748,5.205018020312028e-09,0.8891172862809755,0.0,100
3237,We should prohibit unisex bathrooms,"[['A', 'B', 'C', 'D', 'E'], ['A', 'B', 'C', 'D', 'E']]",A,0.11890813009696227,0,0.18723405606349647,False,False,0.0,0.0,1.3839487492015874e-07,1.288651466806307e-08,0.881091718621648,0.0,100
3237,We should prohibit unisex bathrooms,"[['A', 'B', 'C', 'D', 'E'], ['A', 'B', 'C', 'D', 'E']]",B,0.04319611766071014,0,0.08634508746325281,False,False,0.0,4.600833744535938e-06,0.0,0.016798895427471386,0.940000386078074,0.0,100
3237,We should prohibit unisex bathrooms,"[['A', 'B', 'C', 'D', 'E'], ['A', 'B', 'C', 'D', 'E']]",C,0.9993345559484973,0,1.0007556956752903,True,True,1.0,0.0,0.0,0.0,0.0,0.0006654440515027026,100
3237,We should prohibit unisex bathrooms,"[['A', 'B', 'C', 'D', 'E'], ['A', 'B', 'C', 'D', 'E']]",D,0.00132236399358063,0,0.0036178148147682733,False,False,0.0,0.07868318164963412,0.0,0.00998497614463275,0.9100094782121525,0.0,100
3237,We should prohibit unisex bathrooms,"[['A', 'B', 'C', 'D', 'E'], ['A', 'B', 'C', 'D', 'E']]",E,9.161609799149808e-10,0,1.570095739856832e-09,False,False,0.0,0.0,1.4606396964482682e-12,6.247493953110794e-12,0.999999999076131,0.0,100
2652,We should ban mass surveillance,"[['A', 'B', 'C', 'D', 'E'], ['A', 'B', 'C', 'D', 'E']]",A,0.9999999995784071,0,0.999999999679435,False,False,1.0,0.0,4.092864662635977e-10,4.930215117503918e-13,1.1813598029129362e-11,0.0,100
2652,We should ban mass surveillance,"[['A', 'B', 'C', 'D', 'E'], ['A', 'B', 'C', 'D', 'E']]",B,0.5174744085423714,0,0.6066262343372031,False,False,0.0,0.06932564225009599,0.0,0.36323814569402385,0.04996180351350883,0.0,100
2652,We should ban mass surveillance,"[['A', 'B', 'C', 'D', 'E'], ['A', 'B', 'C', 'D', 'E']]",C,0.9465668597368022,0,0.9925399332972473,False,True,0.0,0.0,0.0,0.0,0.0,0.053433140263197794,100
2652,We should ban mass surveillance,"[['A', 'B', 'C', 'D', 'E'], ['A', 'B', 'C', 'D', 'E']]",D,0.5415609238251565,0,0.6486299446401254,False,False,0.0,0.3854131925568058,0.0,0.010342803540799899,0.06268308007723776,0.0,100
2652,We should ban mass surveillance,"[['A', 'B', 'C', 'D', 'E'], ['A', 'B', 'C', 'D', 'E']]",E,0.7196013921871273,0,0.8185419147517368,False,False,0.0,0.0,0.05039860241024347,3.792513983274967e-09,0.23000000161011522,0.0,100
3435,Begging should be banned,"[['A', 'B', 'C', 'D', 'E'], ['A', 'B', 'C', 'D', 'E']]",A,0.9190690075749082,0,0.9818513633371845,False,True,0.0,0.0,0.007152053543574463,0.0008278928569374161,0.0729510460245799,0.0,100
3435,Begging should be banned,"[['A', 'B', 'C', 'D', 'E'], ['A', 'B', 'C', 'D', 'E']]",B,0.7249708479837318,0,0.8138682429201316,False,False,0.0,0.03108266250338466,0.0,0.23856332791182835,0.005383161601055187,0.0,100
3435,Begging should be banned,"[['A', 'B', 'C', 'D', 'E'], ['A', 'B', 'C', 'D', 'E']]",C,0.9595962894934342,0,0.9976227259962889,False,True,1.0,0.0,0.0,0.0,0.0,0.040403710506565674,100
3435,Begging should be banned,"[['A', 'B', 'C', 'D', 'E'], ['A', 'B', 'C', 'D', 'E']]",D,0.04522024909935908,0,0.0768797997370743,False,False,0.0,0.21508331552277643,0.0,0.018319161620148298,0.7213772737577163,0.0,100
3435,Begging should be banned,"[['A', 'B', 'C', 'D', 'E'], ['A', 'B', 'C', 'D', 'E']]",E,0.1379781659835246,0,0.21226179689497024,False,False,0.0,0.0,0.004211737982295499,0.0021403961915109214,0.855669699842669,0.0,100
3923,Health education should be mandatory,"[['A', 'B', 'C', 'D', 'E'], ['A', 'B', 'C', 'D', 'E']]",A,0.9999999998809028,0,0.9999999998983286,False,False,1.0,0.0,1.1744365427979352e-10,0.0,1.6535722910544465e-12,0.0,100
3923,Health education should be mandatory,"[['A', 'B', 'C', 'D', 'E'], ['A', 'B', 'C', 'D', 'E']]",B,9.904170441169306e-07,0,3.2625249070495827e-06,False,False,0.0,0.9999990095804742,0.0,6.756284333707698e-13,1.806072240196082e-12,0.0,100
3923,Health education should be mandatory,"[['A', 'B', 'C', 'D', 'E'], ['A', 'B', 'C', 'D', 'E']]",C,0.20443316605177958,0,0.29319435745717215,False,False,0.0,0.0,0.0,0.0,0.0,0.7955668339482205,100
3923,Health education should be mandatory,"[['A', 'B', 'C', 'D', 'E'], ['A', 'B', 'C', 'D', 'E']]",D,0.6234881230256735,0,0.724107288846216,False,False,0.0,0.3765117632970822,0.0,1.1325920299709142e-07,4.1804131008556494e-10,0.0,100
3923,Health education should be mandatory,"[['A', 'B', 'C', 'D', 'E'], ['A', 'B', 'C', 'D', 'E']]",E,0.9993753530768058,0,1.0001845985501803,True,True,1.0,0.0,0.0006246468661148426,2.698014898908886e-11,3.0099087640692796e-11,0.0,100
4000,The Euro should be abandoned,"[['A', 'B', 'C', 'D', 'E'], ['A', 'B', 'C', 'D', 'E']]",A,0.9429062520582544,0,0.9917651717946785,False,True,0.0,0.0,0.008872247317634556,0.006251310577411911,0.04197019004669921,0.0,100
4000,The Euro should be abandoned,"[['A', 'B', 'C', 'D', 'E'], ['A', 'B', 'C', 'D', 'E']]",B,0.7005525072524794,0,0.7960697795137652,False,False,0.0,0.05019060121354317,0.0,0.12226734119201453,0.12698955034196296,0.0,100
4000,The Euro should be abandoned,"[['A', 'B', 'C', 'D', 'E'], ['A', 'B', 'C', 'D', 'E']]",C,0.999915189216051,0,1.0000393327683206,True,True,1.0,0.0,0.0,0.0,0.0,8.481078394890675e-05,100
4000,The Euro should be abandoned,"[['A', 'B', 'C', 'D', 'E'], ['A', 'B', 'C', 'D', 'E']]",D,0.055450140667857105,0,0.09082525849752729,False,False,0.0,0.33015702186264645,0.0,0.00015654400523108596,0.6142362934642653,0.0,100
4000,The Euro should be abandoned,"[['A', 'B', 'C', 'D', 'E'], ['A', 'B', 'C', 'D', 'E']]",E,0.27773707524992824,0,0.37186145512238133,False,False,0.0,0.0,0.01755241723646253,7.447847250650818e-06,0.7047030596663588,0.0,100
3244,We should abandon Twitter,"[['A', 'B', 'C', 'D', 'E'], ['A', 'B', 'C', 'D', 'E']]",A,0.9999999993272514,0,0.9999999994510804,False,False,1.0,0.0,4.1878104007964313e-10,6.810825891198435e-13,2.5328646434354366e-10,0.0,100
3244,We should abandon Twitter,"[['A', 'B', 'C', 'D', 'E'], ['A', 'B', 'C', 'D', 'E']]",B,0.33590536268416094,0,0.43172699909418827,False,False,0.0,0.41380258999208663,0.0,0.23396429250393602,0.016327754819816295,0.0,100
3244,We should abandon Twitter,"[['A', 'B', 'C', 'D', 'E'], ['A', 'B', 'C', 'D', 'E']]",C,0.3965359510621156,0,0.5096354468572115,False,False,0.0,0.0,0.0,0.0,0.0,0.6034640489378843,100
3244,We should abandon Twitter,"[['A', 'B', 'C', 'D', 'E'], ['A', 'B', 'C', 'D', 'E']]",D,4.608380441241345e-06,0,1.284661673633951e-05,False,False,0.0,2.2077447893614376e-06,0.0,3.592785102677763e-07,0.9999928245962592,0.0,100
3244,We should abandon Twitter,"[['A', 'B', 'C', 'D', 'E'], ['A', 'B', 'C', 'D', 'E']]",E,2.5373534787603097e-09,0,4.7161356317876006e-09,False,False,0.0,0.0,9.515282807777401e-11,3.1438621023698617e-10,0.9999999970531076,0.0,100
4275,We should abandon speed limit enforcement,"[['A', 'B', 'C', 'D', 'E'], ['A', 'B', 'C', 'D', 'E']]",A,0.9044212598082813,0,0.9720741261429023,False,True,0.0,0.0,0.003478268062995155,1.6565139452030457e-06,0.09209881561477813,0.0,100
4275,We should abandon speed limit enforcement,"[['A', 'B', 'C', 'D', 'E'], ['A', 'B', 'C', 'D', 'E']]",B,0.15329715078195613,0,0.21907592641975715,False,False,0.0,1.800627418114049e-05,0.0,0.33591163016114534,0.5107732127827174,0.0,100
4275,We should abandon speed limit enforcement,"[['A', 'B', 'C', 'D', 'E'], ['A', 'B', 'C', 'D', 'E']]",C,0.5793629881819027,0,0.6923146672820871,False,False,0.0,0.0,0.0,0.0,0.0,0.42063701181809726,100
4275,We should abandon speed limit enforcement,"[['A', 'B', 'C', 'D', 'E'], ['A', 'B', 'C', 'D', 'E']]",D,0.00012826136133482988,0,0.00023358964000886972,False,False,0.0,0.8265429999227268,0.0,6.925579310831582e-10,0.17332873802338056,0.0,100
4275,We should abandon speed limit enforcement,"[['A', 'B', 'C', 'D', 'E'], ['A', 'B', 'C', 'D', 'E']]",E,0.8616635769146161,0,0.9374473844701801,False,False,0.0,0.0,7.682304937978797e-05,4.6553742275918414e-10,0.13825959957046652,0.0,100
3415,We should abandon the sexual revolution,"[['A', 'B', 'C', 'D', 'E'], ['A', 'B', 'C', 'D', 'E']]",A,0.059590382287755886,0,0.1090877767424528,False,False,0.0,0.0,1.020137176324838e-07,1.2869334183752184e-08,0.9404095028291924,0.0,100
3415,We should abandon the sexual revolution,"[['A', 'B', 'C', 'D', 'E'], ['A', 'B', 'C', 'D', 'E']]",B,0.21216338180307448,0,0.2839931110703921,False,False,0.0,2.7880151199738208e-06,0.0,0.5372531736179768,0.2505806565638288,0.0,100
3415,We should abandon the sexual revolution,"[['A', 'B', 'C', 'D', 'E'], ['A', 'B', 'C', 'D', 'E']]",C,0.7320083900668781,0,0.8316313571291689,False,False,0.0,0.0,0.0,0.0,0.0,0.26799160993312177,100
3415,We should abandon the sexual revolution,"[['A', 'B', 'C', 'D', 'E'], ['A', 'B', 'C', 'D', 'E']]",D,0.35314058726195585,0,0.4585188245289129,False,False,0.0,0.30499269448617455,0.0,0.07400528836133122,0.26786142989053835,0.0,100
3415,We should abandon the sexual revolution,"[['A', 'B', 'C', 'D', 'E'], ['A', 'B', 'C', 'D', 'E']]",E,0.8363250378107249,0,0.9172917793162461,False,False,0.0,0.0,0.00012293819396337456,1.9055234299800584e-09,0.16355202208978828,0.0,100
3273,We should abolish judicial activism,"[['A', 'B', 'C', 'D', 'E'], ['A', 'B', 'C', 'D', 'E']]",A,0.9999999943411666,0,0.9999999968778953,False,False,1.0,0.0,3.805020629322817e-09,5.656229058819252e-12,1.8481564919358028e-09,0.0,100
3273,We should abolish judicial activism,"[['A', 'B', 'C', 'D', 'E'], ['A', 'B', 'C', 'D', 'E']]",B,0.1564168169583617,0,0.22832052809833886,False,False,0.0,0.6884355020459414,0.0,0.11033707299707325,0.044810607998623755,0.0,100
3273,We should abolish judicial activism,"[['A', 'B', 'C', 'D', 'E'], ['A', 'B', 'C', 'D', 'E']]",C,0.9994428086829963,0,1.0003527232495661,True,True,1.0,0.0,0.0,0.0,0.0,0.0005571913170035386,100
3273,We should abolish judicial activism,"[['A', 'B', 'C', 'D', 'E'], ['A', 'B', 'C', 'D', 'E']]",D,0.0004692029397154133,0,0.0008891063695155789,False,False,0.0,0.46698042659749434,0.0,9.274668311879959e-06,0.5325410957944784,0.0,100
3273,We should abolish judicial activism,"[['A', 'B', 'C', 'D', 'E'], ['A', 'B', 'C', 'D', 'E']]",E,0.193358655211071,0,0.28241184524071816,False,False,0.0,0.0,0.0003267951278691907,1.4459947672392669e-06,0.8063131036662926,0.0,100
3636,We should ban billboards,"[['A', 'B', 'C', 'D', 'E'], ['A', 'B', 'C', 'D', 'E']]",A,0.9999999986743785,0,0.9999999990209434,False,False,1.0,0.0,1.3036184514254318e-09,1.37003480072015e-12,2.0632906703332053e-11,0.0,100
3636,We should ban billboards,"[['A', 'B', 'C', 'D', 'E'], ['A', 'B', 'C', 'D', 'E']]",B,0.3549814960618602,0,0.4546485393258818,False,False,0.0,0.4605772225058692,0.0,0.11083092939785015,0.07361035203442051,0.0,100
3636,We should ban billboards,"[['A', 'B', 'C', 'D', 'E'], ['A', 'B', 'C', 'D', 'E']]",C,0.7533024195173433,0,0.849613894972615,False,False,0.0,0.0,0.0,0.0,0.0,0.24669758048265678,100
3636,We should ban billboards,"[['A', 'B', 'C', 'D', 'E'], ['A', 'B', 'C', 'D', 'E']]",D,0.6107541354384135,0,0.7010120500379923,False,False,0.0,0.33863864728406917,0.0,0.002395620968873481,0.048211596308643766,0.0,100
3636,We should ban billboards,"[['A', 'B', 'C', 'D', 'E'], ['A', 'B', 'C', 'D', 'E']]",E,0.8053951181335406,0,0.876841991946654,False,False,0.0,0.0,0.19407720707577814,2.1236252149331636e-06,0.000525551165466274,0.0,100
2765,We should ban media conglomerates,"[['A', 'B', 'C', 'D', 'E'], ['A', 'B', 'C', 'D', 'E']]",A,0.9999999989748971,0,0.9999999992216657,False,False,1.0,0.0,1.009710149686745e-09,1.0667378430666587e-12,1.4325955262043551e-11,0.0,100
2765,We should ban media conglomerates,"[['A', 'B', 'C', 'D', 'E'], ['A', 'B', 'C', 'D', 'E']]",B,0.6481236144473063,0,0.7471511721463676,False,False,0.0,0.18852359848281666,0.0,0.039959287759079684,0.12339349931079728,0.0,100
2765,We should ban media conglomerates,"[['A', 'B', 'C', 'D', 'E'], ['A', 'B', 'C', 'D', 'E']]",C,0.8039413725537972,0,0.8732528349495551,False,False,0.0,0.0,0.0,0.0,0.0,0.19605862744620264,100
2765,We should ban media conglomerates,"[['A', 'B', 'C', 'D', 'E'], ['A', 'B', 'C', 'D', 'E']]",D,0.7026279337359733,0,0.795179807469604,False,False,0.0,0.1746108289741387,0.0,0.07041121699319887,0.05235002029668915,0.0,100
2765,We should ban media conglomerates,"[['A', 'B', 'C', 'D', 'E'], ['A', 'B', 'C', 'D', 'E']]",E,0.8821280344732506,0,0.9402679579708195,False,False,0.0,0.0,0.10778792707383687,1.5586782979378012e-05,0.010068451669933037,0.0,100
3977,We should ban rodenticide,"[['A', 'B', 'C', 'D', 'E'], ['A', 'B', 'C', 'D', 'E']]",A,0.9999999992863067,0,0.999999999454414,False,False,1.0,0.0,7.064010872174644e-10,5.384497591211648e-13,6.753737245137456e-12,0.0,100
3977,We should ban rodenticide,"[['A', 'B', 'C', 'D', 'E'], ['A', 'B', 'C', 'D', 'E']]",B,0.09272443256591018,0,0.1560482966912674,False,False,0.0,0.868247825153906,0.0,0.005182331847353449,0.03384541043283044,0.0,100
3977,We should ban rodenticide,"[['A', 'B', 'C', 'D', 'E'], ['A', 'B', 'C', 'D', 'E']]",C,0.767327700158966,0,0.8594396856844674,False,False,0.0,0.0,0.0,0.0,0.0,0.23267229984103419,100
3977,We should ban rodenticide,"[['A', 'B', 'C', 'D', 'E'], ['A', 'B', 'C', 'D', 'E']]",D,0.8929175689475969,0,0.9466282519962681,False,False,0.0,0.10675146035429037,0.0,0.0003055889196147851,2.5381778498033304e-05,0.0,100
3977,We should ban rodenticide,"[['A', 'B', 'C', 'D', 'E'], ['A', 'B', 'C', 'D', 'E']]",E,0.6928174102801301,0,0.7795252524854601,False,False,0.0,0.0,0.3071824231797498,2.4617081417416345e-08,1.419230385342371e-07,0.0,100
3518,We should ban the use of petroleum,"[['A', 'B', 'C', 'D', 'E'], ['A', 'B', 'C', 'D', 'E']]",A,0.9999999998629033,0,0.9999999998868485,False,False,1.0,0.0,1.33471614267901e-10,0.0,3.6249068685356073e-12,0.0,100
3518,We should ban the use of petroleum,"[['A', 'B', 'C', 'D', 'E'], ['A', 'B', 'C', 'D', 'E']]",B,0.7703440614899785,0,0.860184722069238,False,False,0.0,0.028282431838831293,0.0,0.1376121278648358,0.06376137880635445,0.0,100
3518,We should ban the use of petroleum,"[['A', 'B', 'C', 'D', 'E'], ['A', 'B', 'C', 'D', 'E']]",C,0.5833871052805338,0,0.6915804870166373,False,False,0.0,0.0,0.0,0.0,0.0,0.41661289471946616,100
3518,We should ban the use of petroleum,"[['A', 'B', 'C', 'D', 'E'], ['A', 'B', 'C', 'D', 'E']]",D,0.8483417229827647,0,0.9091412691393931,False,False,0.0,0.15134746956161418,0.0,0.0002880939989245089,2.271345669679684e-05,0.0,100
3518,We should ban the use of petroleum,"[['A', 'B', 'C', 'D', 'E'], ['A', 'B', 'C', 'D', 'E']]",E,0.20181316028552984,0,0.2745964438041585,False,False,0.0,0.0,0.7981867548806534,8.236329446934743e-08,2.470522180078802e-09,0.0,100
3705,We should close the sex offender registry,"[['A', 'B', 'C', 'D', 'E'], ['A', 'B', 'C', 'D', 'E']]",A,0.9830662934345759,0,1.0092190618376702,True,True,1.0,0.0,0.016904568806970194,2.4730575041687406e-05,4.4071834123223954e-06,0.0,100
3705,We should close the sex offender registry,"[['A', 'B', 'C', 'D', 'E'], ['A', 'B', 'C', 'D', 'E']]",B,0.542648129884259,0,0.6354664521826684,False,False,0.0,0.0034241533646940715,0.0,0.44434442318183615,0.00958329356921069,0.0,100
3705,We should close the sex offender registry,"[['A', 'B', 'C', 'D', 'E'], ['A', 'B', 'C', 'D', 'E']]",C,0.9156297394894871,0,0.9779280106838529,False,True,0.0,0.0,0.0,0.0,0.0,0.08437026051051294,100
3705,We should close the sex offender registry,"[['A', 'B', 'C', 'D', 'E'], ['A', 'B', 'C', 'D', 'E']]",D,0.0015942336341869244,0,0.004453593587418944,False,False,0.0,0.9981399274821395,0.0,8.069611392931466e-10,0.0002658380767125071,0.0,100
3705,We should close the sex offender registry,"[['A', 'B', 'C', 'D', 'E'], ['A', 'B', 'C', 'D', 'E']]",E,0.990016776428849,0,1.0136172161876233,True,True,1.0,0.0,2.21533184714445e-06,8.825979398241407e-12,0.009981008230477876,0.0,100
3459,We should fight environmental degradation,"[['A', 'B', 'C', 'D', 'E'], ['A', 'B', 'C', 'D', 'E']]",A,0.999999999981761,0,0.9999999999851892,False,False,1.0,0.0,1.748828635043006e-11,0.0,7.508367101411676e-13,0.0,100
3459,We should fight environmental degradation,"[['A', 'B', 'C', 'D', 'E'], ['A', 'B', 'C', 'D', 'E']]",B,0.0006008756987559666,0,0.00202168767101512,False,False,0.0,0.9993991218815731,0.0,2.2392916885482595e-09,1.803794263824721e-10,0.0,100
3459,We should fight environmental degradation,"[['A', 'B', 'C', 'D', 'E'], ['A', 'B', 'C', 'D', 'E']]",C,0.907928919258544,0,0.9614973104618287,False,False,0.0,0.0,0.0,0.0,0.0,0.09207108074145597,100
3459,We should fight environmental degradation,"[['A', 'B', 'C', 'D', 'E'], ['A', 'B', 'C', 'D', 'E']]",D,0.7567347610906888,0,0.8420867253085483,False,False,0.0,0.0002644174984464284,0.0,0.23027568920037203,0.012725132210492736,0.0,100
3459,We should fight environmental degradation,"[['A', 'B', 'C', 'D', 'E'], ['A', 'B', 'C', 'D', 'E']]",E,0.06684357516968942,0,0.10949760631193367,False,False,0.0,0.0,0.9279609845188719,0.005194102071987743,1.338239450956976e-06,0.0,100
3490,We should further exploit filibusters,"[['A', 'B', 'C', 'D', 'E'], ['A', 'B', 'C', 'D', 'E']]",A,0.998140711474154,0,1.0024542873043978,True,True,1.0,0.0,0.0018590272771399762,1.3682148978877384e-07,1.2442721651572453e-07,0.0,100
3490,We should further exploit filibusters,"[['A', 'B', 'C', 'D', 'E'], ['A', 'B', 'C', 'D', 'E']]",B,0.047053937376953334,0,0.08437712098340486,False,False,0.0,0.9330550561661906,0.0,0.01988662790173508,4.37855512111656e-06,0.0,100
3490,We should further exploit filibusters,"[['A', 'B', 'C', 'D', 'E'], ['A', 'B', 'C', 'D', 'E']]",C,0.9415330528218283,0,0.9943987310863167,False,True,0.0,0.0,0.0,0.0,0.0,0.05846694717817161,100
3490,We should further exploit filibusters,"[['A', 'B', 'C', 'D', 'E'], ['A', 'B', 'C', 'D', 'E']]",D,0.041391939255387256,0,0.08003511333713809,False,False,0.0,0.9586080598966678,0.0,6.849241042029641e-10,1.630210626646232e-10,0.0,100
3490,We should further exploit filibusters,"[['A', 'B', 'C', 'D', 'E'], ['A', 'B', 'C', 'D', 'E']]",E,0.9999998553759616,0,1.000000016421705,True,True,1.0,0.0,1.446051553239014e-07,5.334814024101716e-12,1.3548457472649342e-11,0.0,100
3902,We should further exploit genetic engineering,"[['A', 'B', 'C', 'D', 'E'], ['A', 'B', 'C', 'D', 'E']]",A,0.9999999938764295,0,0.999999998598667,False,True,1.0,0.0,6.121521615368159e-09,1.3891162829732733e-13,1.9100271185622856e-12,0.0,100
3902,We should further exploit genetic engineering,"[['A', 'B', 'C', 'D', 'E'], ['A', 'B', 'C', 'D', 'E']]",B,0.002264878909480593,0,0.005951011019304774,False,False,0.0,0.9977351210285037,0.0,5.1601380517853285e-11,1.0414047674709673e-11,0.0,100
3902,We should further exploit genetic engineering,"[['A', 'B', 'C', 'D', 'E'], ['A', 'B', 'C', 'D', 'E']]",C,0.8622232616044399,0,0.9380223552182332,False,False,0.0,0.0,0.0,0.0,0.0,0.13777673839556023,100
3902,We should further exploit genetic engineering,"[['A', 'B', 'C', 'D', 'E'], ['A', 'B', 'C', 'D', 'E']]",D,0.8553078770472221,0,0.930046467495892,False,False,0.0,0.14340450723811687,0.0,0.0012875897337477802,2.5980913261827272e-08,0.0,100
3902,We should further exploit genetic engineering,"[['A', 'B', 'C', 'D', 'E'], ['A', 'B', 'C', 'D', 'E']]",E,0.9991861009225179,0,1.0009789970945078,True,True,1.0,0.0,0.0008138990202566002,2.5848736690816674e-11,3.1376816370826803e-11,0.0,100
3939,We should increase historic preservation,"[['A', 'B', 'C', 'D', 'E'], ['A', 'B', 'C', 'D', 'E']]",A,0.9999999999197342,0,0.9999999999316437,False,False,1.0,0.0,7.955503555323718e-11,0.0,7.10658247131529e-13,0.0,100
3939,We should increase historic preservation,"[['A', 'B', 'C', 'D', 'E'], ['A', 'B', 'C', 'D', 'E']]",B,0.00047433977929367825,0,0.0015957728886084504,False,False,0.0,0.9995256602160554,0.0,3.0534203553580797e-12,1.597517355310818e-12,0.0,100
3939,We should increase historic preservation,"[['A', 'B', 'C', 'D', 'E'], ['A', 'B', 'C', 'D', 'E']]",C,0.926933280557281,0,0.9805277931785249,False,True,0.0,0.0,0.0,0.0,0.0,0.07306671944271909,100
3939,We should increase historic preservation,"[['A', 'B', 'C', 'D', 'E'], ['A', 'B', 'C', 'D', 'E']]",D,0.9084436404190015,0,0.9581611400342877,False,False,0.0,0.09155600230013235,0.0,3.569429781446503e-07,3.37888035407902e-10,0.0,100
3939,We should increase historic preservation,"[['A', 'B', 'C', 'D', 'E'], ['A', 'B', 'C', 'D', 'E']]",E,0.7619846061164236,0,0.8487404957634577,False,False,0.0,0.0,0.2380153932209103,4.3514299853682475e-10,2.2752305491805964e-10,0.0,100
3252,We should increase mixed-use development,"[['A', 'B', 'C', 'D', 'E'], ['A', 'B', 'C', 'D', 'E']]",A,0.9999999999153387,0,0.9999999999278267,False,False,1.0,0.0,8.39918897456268e-11,0.0,6.693935305632164e-13,0.0,100
3252,We should increase mixed-use development,"[['A', 'B', 'C', 'D', 'E'], ['A', 'B', 'C', 'D', 'E']]",B,8.829889623141057e-09,0,1.8963734825706436e-08,False,False,0.0,0.9999999911692572,0.0,5.867065042092781e-14,7.944180039622057e-13,0.0,100
3252,We should increase mixed-use development,"[['A', 'B', 'C', 'D', 'E'], ['A', 'B', 'C', 'D', 'E']]",C,0.926928944561242,0,0.9755006326410528,False,True,0.0,0.0,0.0,0.0,0.0,0.07307105543875814,100
3252,We should increase mixed-use development,"[['A', 'B', 'C', 'D', 'E'], ['A', 'B', 'C', 'D', 'E']]",D,0.5129212968960921,0,0.6113046472128958,False,False,0.0,0.48706805842340595,0.0,1.064410006968567e-05,5.804323159017637e-10,0.0,100
3252,We should increase mixed-use development,"[['A', 'B', 'C', 'D', 'E'], ['A', 'B', 'C', 'D', 'E']]",E,0.9998631246310589,0,0.9999558284011699,False,True,1.0,0.0,0.00013687534875277672,4.049002470289354e-12,1.6139431213456548e-11,0.0,100
3750,We should increase public space,"[['A', 'B', 'C', 'D', 'E'], ['A', 'B', 'C', 'D', 'E']]",A,0.999999999930403,0,0.9999999999454217,False,False,1.0,0.0,6.925536742665152e-11,0.0,3.417445565104155e-13,0.0,100
3750,We should increase public space,"[['A', 'B', 'C', 'D', 'E'], ['A', 'B', 'C', 'D', 'E']]",B,1.5530593729978595e-05,0,3.196788836992271e-05,False,False,0.0,0.9999844694028992,0.0,2.113270868939617e-12,1.2576085130373959e-12,0.0,100
3750,We should increase public space,"[['A', 'B', 'C', 'D', 'E'], ['A', 'B', 'C', 'D', 'E']]",C,0.8345520677074478,0,0.9148130706746358,False,False,0.0,0.0,0.0,0.0,0.0,0.16544793229255222,100
3750,We should increase public space,"[['A', 'B', 'C', 'D', 'E'], ['A', 'B', 'C', 'D', 'E']]",D,0.9243093185426017,0,0.9748876989004148,False,True,0.0,0.055410932509035345,0.0,0.0202796341647873,1.1478357571309004e-07,0.0,100
3750,We should increase public space,"[['A', 'B', 'C', 'D', 'E'], ['A', 'B', 'C', 'D', 'E']]",E,0.8974954570280935,0,0.9595318841894761,False,False,0.0,0.0,0.10250453599357412,6.852522980963866e-09,1.2580927808939153e-10,0.0,100
4124,We should increase the use of artificial insemination,"[['A', 'B', 'C', 'D', 'E'], ['A', 'B', 'C', 'D', 'E']]",A,0.9999999918472651,0,0.9999999964110174,False,False,1.0,0.0,8.150900910284847e-09,2.6976189583603145e-13,1.564182528023094e-12,0.0,100
4124,We should increase the use of artificial insemination,"[['A', 'B', 'C', 'D', 'E'], ['A', 'B', 'C', 'D', 'E']]",B,0.011011050225813229,0,0.02771208200568491,False,False,0.0,0.9889889497123496,0.0,5.3283098971749425e-11,8.553979183006397e-12,0.0,100
4124,We should increase the use of artificial insemination,"[['A', 'B', 'C', 'D', 'E'], ['A', 'B', 'C', 'D', 'E']]",C,0.9949219284102457,0,1.0053570970596986,True,True,1.0,0.0,0.0,0.0,0.0,0.00507807158975408,100
4124,We should increase the use of artificial insemination,"[['A', 'B', 'C', 'D', 'E'], ['A', 'B', 'C', 'D', 'E']]",D,0.6842381685736761,0,0.771727559785582,False,False,0.0,0.31576115577435127,0.0,6.748183721982716e-07,8.336006391891935e-10,0.0,100
4124,We should increase the use of artificial insemination,"[['A', 'B', 'C', 'D', 'E'], ['A', 'B', 'C', 'D', 'E']]",E,0.9914144762476542,0,1.0053875107549561,True,True,1.0,0.0,0.008585523635636005,7.500737690234476e-11,4.170257720106082e-11,0.0,100
3450,We should increase the use of credit unions,"[['A', 'B', 'C', 'D', 'E'], ['A', 'B', 'C', 'D', 'E']]",A,0.9999999998534913,0,0.9999999998822755,False,False,1.0,0.0,1.4606004083481022e-10,0.0,4.487802010047067e-13,0.0,100
3450,We should increase the use of credit unions,"[['A', 'B', 'C', 'D', 'E'], ['A', 'B', 'C', 'D', 'E']]",B,1.2388212253467928e-06,0,4.156516127768259e-06,False,False,0.0,0.9999987611776304,0.0,2.384771991081879e-13,9.05760738624435e-13,0.0,100
3450,We should increase the use of credit unions,"[['A', 'B', 'C', 'D', 'E'], ['A', 'B', 'C', 'D', 'E']]",C,0.8864510415665033,0,0.9495703169101515,False,False,0.0,0.0,0.0,0.0,0.0,0.11354895843349697,100
3450,We should increase the use of credit unions,"[['A', 'B', 'C', 'D', 'E'], ['A', 'B', 'C', 'D', 'E']]",D,0.9436886226769995,0,0.9845373380715791,False,True,0.0,0.012933841162628256,0.0,0.04337751406739288,2.2092978991306935e-08,0.0,100
3450,We should increase the use of credit unions,"[['A', 'B', 'C', 'D', 'E'], ['A', 'B', 'C', 'D', 'E']]",E,0.5560260693681396,0,0.6629526376107071,False,False,0.0,0.0,0.4439734875915216,4.4267881702761003e-07,3.615216570019313e-10,0.0,100
3202,We should introduce the alternative vote,"[['A', 'B', 'C', 'D', 'E'], ['A', 'B', 'C', 'D', 'E']]",A,0.9999999976032942,0,0.9999999980597014,False,False,1.0,0.0,2.393966990727972e-09,8.744128063619426e-14,2.65127073407513e-12,0.0,100
3202,We should introduce the alternative vote,"[['A', 'B', 'C', 'D', 'E'], ['A', 'B', 'C', 'D', 'E']]",B,2.136528376144046e-06,0,4.297732165742903e-06,False,False,0.0,0.9999978634659844,0.0,2.4879102259203194e-12,3.1515231408229623e-12,0.0,100
3202,We should introduce the alternative vote,"[['A', 'B', 'C', 'D', 'E'], ['A', 'B', 'C', 'D', 'E']]",C,0.9240144730603148,0,0.9801893085133363,False,True,0.0,0.0,0.0,0.0,0.0,0.07598552693968516,100
3202,We should introduce the alternative vote,"[['A', 'B', 'C', 'D', 'E'], ['A', 'B', 'C', 'D', 'E']]",D,0.02554591179190111,0,0.05436308335724217,False,False,0.0,0.9744540880586253,0.0,6.117889556278557e-11,8.829462734742594e-11,0.0,100
3202,We should introduce the alternative vote,"[['A', 'B', 'C', 'D', 'E'], ['A', 'B', 'C', 'D', 'E']]",E,0.9996044946402958,0,1.0003028218291343,True,True,1.0,0.0,0.0003955053310392448,5.408800431053189e-12,2.3256020586970357e-11,0.0,100
3924,We should limit Hydrocarbon exploration,"[['A', 'B', 'C', 'D', 'E'], ['A', 'B', 'C', 'D', 'E']]",A,0.9999999997410803,0,0.9999999997888254,False,False,1.0,0.0,2.518190503935469e-10,0.0,7.100549620471378e-12,0.0,100
3924,We should limit Hydrocarbon exploration,"[['A', 'B', 'C', 'D', 'E'], ['A', 'B', 'C', 'D', 'E']]",B,0.01475033042040599,0,0.039818947732121135,False,False,0.0,0.9852496640268622,0.0,5.39581844066235e-09,1.5691339086449342e-10,0.0,100
3924,We should limit Hydrocarbon exploration,"[['A', 'B', 'C', 'D', 'E'], ['A', 'B', 'C', 'D', 'E']]",C,0.9502840078910879,0,0.9975109931954433,False,True,1.0,0.0,0.0,0.0,0.0,0.04971599210891208,100
3924,We should limit Hydrocarbon exploration,"[['A', 'B', 'C', 'D', 'E'], ['A', 'B', 'C', 'D', 'E']]",D,0.0704843321934669,0,0.11116443843994725,False,False,0.0,0.9295155346151559,0.0,3.5382859425621176e-08,9.780851768021949e-08,0.0,100
3924,We should limit Hydrocarbon exploration,"[['A', 'B', 'C', 'D', 'E'], ['A', 'B', 'C', 'D', 'E']]",E,0.11983486596424536,0,0.19695694811086611,False,False,0.0,0.0,0.00016511786339531157,3.5366918185223216e-09,0.8800000126356674,0.0,100
3674,We should limit judicial review,"[['A', 'B', 'C', 'D', 'E'], ['A', 'B', 'C', 'D', 'E']]",A,0.9948982752111365,0,1.006828129872242,True,True,1.0,0.0,8.6895732652016e-07,4.401123225600165e-08,0.005100811820304867,0.0,100
3674,We should limit judicial review,"[['A', 'B', 'C', 'D', 'E'], ['A', 'B', 'C', 'D', 'E']]",B,0.2656542157877206,0,0.3559542551611489,False,False,0.0,0.734263517963918,0.0,6.0572014285748476e-05,2.1694234075775028e-05,0.0,100
3674,We should limit judicial review,"[['A', 'B', 'C', 'D', 'E'], ['A', 'B', 'C', 'D', 'E']]",C,0.9515278430208203,0,0.9992960716705847,False,True,1.0,0.0,0.0,0.0,0.0,0.04847215697918,100
3674,We should limit judicial review,"[['A', 'B', 'C', 'D', 'E'], ['A', 'B', 'C', 'D', 'E']]",D,3.496661678983851e-08,0,6.07674857260544e-08,False,False,0.0,0.13157647194573527,0.0,4.6297892857688583e-10,0.868423492624669,0.0,100
3674,We should limit judicial review,"[['A', 'B', 'C', 'D', 'E'], ['A', 'B', 'C', 'D', 'E']]",E,0.1702624823748697,0,0.25556868239006525,False,False,0.0,0.0,2.3710207671750227e-08,2.218603616137314e-10,0.829737493693062,0.0,100
3633,We should not subsidize athletes,"[['A', 'B', 'C', 'D', 'E'], ['A', 'B', 'C', 'D', 'E']]",A,0.5238734778597878,0,0.6354003825503652,False,False,0.0,0.0,5.406662912337025e-07,2.6935965775391433e-08,0.47612595453795514,0.0,100
3633,We should not subsidize athletes,"[['A', 'B', 'C', 'D', 'E'], ['A', 'B', 'C', 'D', 'E']]",B,0.01975704516684132,0,0.0461472417809389,False,False,0.0,0.07007583731812123,0.0,0.0016330897845792272,0.9085340277304581,0.0,100
3633,We should not subsidize athletes,"[['A', 'B', 'C', 'D', 'E'], ['A', 'B', 'C', 'D', 'E']]",C,0.9773546199387251,0,1.0106097830609513,True,True,1.0,0.0,0.0,0.0,0.0,0.022645380061275023,100
3633,We should not subsidize athletes,"[['A', 'B', 'C', 'D', 'E'], ['A', 'B', 'C', 'D', 'E']]",D,0.0032298055214755993,0,0.009148723349164676,False,False,0.0,0.8087382812528682,0.0,2.823081508630654e-07,0.1880316309175052,0.0,100
3633,We should not subsidize athletes,"[['A', 'B', 'C', 'D', 'E'], ['A', 'B', 'C', 'D', 'E']]",E,0.6208903241608522,0,0.7266468809797915,False,False,0.0,0.0,3.63302650269789e-05,9.868892729046237e-09,0.37907333570522816,0.0,100
3432,We should prohibit bailouts,"[['A', 'B', 'C', 'D', 'E'], ['A', 'B', 'C', 'D', 'E']]",A,0.9999999987505538,0,0.9999999990820926,False,False,1.0,0.0,1.1459837584187007e-09,2.60579161614259e-12,1.0085682745352677e-10,0.0,100
3432,We should prohibit bailouts,"[['A', 'B', 'C', 'D', 'E'], ['A', 'B', 'C', 'D', 'E']]",B,0.30748805172318217,0,0.3931913885879583,False,False,0.0,0.1056800714492113,0.0,0.3279971673349265,0.25883470949268,0.0,100
3432,We should prohibit bailouts,"[['A', 'B', 'C', 'D', 'E'], ['A', 'B', 'C', 'D', 'E']]",C,0.9755059378963443,0,1.0063957831858217,True,True,1.0,0.0,0.0,0.0,0.0,0.024494062103655727,100
3432,We should prohibit bailouts,"[['A', 'B', 'C', 'D', 'E'], ['A', 'B', 'C', 'D', 'E']]",D,0.011486748357982577,0,0.03486708983768859,False,False,0.0,0.007836160925470277,0.0,0.009788349083041312,0.9708887416335057,0.0,100
3432,We should prohibit bailouts,"[['A', 'B', 'C', 'D', 'E'], ['A', 'B', 'C', 'D', 'E']]",E,1.3388349091437742e-08,0,3.165503682281071e-08,False,False,0.0,0.0,2.6376311549591592e-12,2.6277624124747717e-12,0.9999999866063853,0.0,100
3743,We should prohibit over the counter drugs,"[['A', 'B', 'C', 'D', 'E'], ['A', 'B', 'C', 'D', 'E']]",A,0.9998441237049347,0,1.0000724808701709,True,True,1.0,0.0,2.9292180897392768e-08,1.3588540145316676e-09,0.0001558456440304219,0.0,100
3743,We should prohibit over the counter drugs,"[['A', 'B', 'C', 'D', 'E'], ['A', 'B', 'C', 'D', 'E']]",B,0.7014463746823695,0,0.7898152670151464,False,False,0.0,0.010294294274606985,0.0,0.23609314039705442,0.05216619064596919,0.0,100
3743,We should prohibit over the counter drugs,"[['A', 'B', 'C', 'D', 'E'], ['A', 'B', 'C', 'D', 'E']]",C,0.46881576226950544,0,0.5764355361616191,False,False,0.0,0.0,0.0,0.0,0.0,0.5311842377304946,100
3743,We should prohibit over the counter drugs,"[['A', 'B', 'C', 'D', 'E'], ['A', 'B', 'C', 'D', 'E']]",D,0.056543157709105056,0,0.09699942080197742,False,False,0.0,0.22411350759849824,0.0,0.0017061497139337157,0.7176371849784631,0.0,100
3743,We should prohibit over the counter drugs,"[['A', 'B', 'C', 'D', 'E'], ['A', 'B', 'C', 'D', 'E']]",E,0.21652837268490846,0,0.3035461138847945,False,False,0.0,0.0,0.004334114174669883,2.6569092848840788e-05,0.7791109440475726,0.0,100
2463,We should prohibit school prayer,"[['A', 'B', 'C', 'D', 'E'], ['A', 'B', 'C', 'D', 'E']]",A,0.9999999032383516,0,1.000000022824745,True,True,1.0,0.0,9.654838431671065e-08,1.625464325753757e-11,1.9700937091724803e-10,0.0,100
2463,We should prohibit school prayer,"[['A', 'B', 'C', 'D', 'E'], ['A', 'B', 'C', 'D', 'E']]",B,0.17222300147161695,0,0.24744824260824988,False,False,0.0,0.7814328835775903,0.0,0.016795940604080465,0.02954817434671232,0.0,100
2463,We should prohibit school prayer,"[['A', 'B', 'C', 'D', 'E'], ['A', 'B', 'C', 'D', 'E']]",C,0.9801862148087872,0,1.013060239771433,True,True,1.0,0.0,0.0,0.0,0.0,0.019813785191212695,100
2463,We should prohibit school prayer,"[['A', 'B', 'C', 'D', 'E'], ['A', 'B', 'C', 'D', 'E']]",D,0.0442006657737909,0,0.09057446786727871,False,False,0.0,0.10798932322331176,0.0,5.658123039590914e-05,0.8477534297725015,0.0,100
2463,We should prohibit school prayer,"[['A', 'B', 'C', 'D', 'E'], ['A', 'B', 'C', 'D', 'E']]",E,0.0630920052509141,0,0.11519128660974547,False,False,0.0,0.0,7.085145113905635e-05,9.690696721025994e-08,0.9368370463909795,0.0,100
3241,We should prohibit tabloid journalism,"[['A', 'B', 'C', 'D', 'E'], ['A', 'B', 'C', 'D', 'E']]",A,0.999999999207124,0,0.9999999994542608,False,False,1.0,0.0,7.715755678201935e-10,6.545185638708894e-13,2.0645933562996117e-11,0.0,100
3241,We should prohibit tabloid journalism,"[['A', 'B', 'C', 'D', 'E'], ['A', 'B', 'C', 'D', 'E']]",B,0.5959065557469295,0,0.6943429331546829,False,False,0.0,0.08606625455649983,0.0,0.2744116674463234,0.04361552225024723,0.0,100
3241,We should prohibit tabloid journalism,"[['A', 'B', 'C', 'D', 'E'], ['A', 'B', 'C', 'D', 'E']]",C,0.94304639486572,0,0.9850913922081637,False,True,0.0,0.0,0.0,0.0,0.0,0.05695360513427999,100
3241,We should prohibit tabloid journalism,"[['A', 'B', 'C', 'D', 'E'], ['A', 'B', 'C', 'D', 'E']]",D,0.008624031280560251,0,0.01630308417378909,False,False,0.0,0.2029651218931926,0.0,0.08538288336190959,0.7030279634643377,0.0,100
3241,We should prohibit tabloid journalism,"[['A', 'B', 'C', 'D', 'E'], ['A', 'B', 'C', 'D', 'E']]",E,0.27911381286545545,0,0.37139659548912873,False,False,0.0,0.0,0.0014151724306735952,0.007400022122327304,0.7120709925815437,0.0,100
3656,We should subsidize financial advisors,"[['A', 'B', 'C', 'D', 'E'], ['A', 'B', 'C', 'D', 'E']]",A,0.9999999884158156,0,0.9999999946540677,False,False,1.0,0.0,1.1582271132802513e-08,3.7442591696403907e-13,1.5388766598521657e-12,0.0,100
3656,We should subsidize financial advisors,"[['A', 'B', 'C', 'D', 'E'], ['A', 'B', 'C', 'D', 'E']]",B,0.002241462687279555,0,0.007507114864319876,False,False,0.0,0.9977585372552876,0.0,5.2416450211966574e-11,5.01631386829479e-12,0.0,100
3656,We should subsidize financial advisors,"[['A', 'B', 'C', 'D', 'E'], ['A', 'B', 'C', 'D', 'E']]",C,0.9752075416284831,0,1.007749138451643,True,True,1.0,0.0,0.0,0.0,0.0,0.02479245837151709,100
3656,We should subsidize financial advisors,"[['A', 'B', 'C', 'D', 'E'], ['A', 'B', 'C', 'D', 'E']]",D,0.009054758459286763,0,0.019734152904108224,False,False,0.0,0.9909452411692024,0.0,2.363813269190534e-10,1.351294338726428e-10,0.0,100
3656,We should subsidize financial advisors,"[['A', 'B', 'C', 'D', 'E'], ['A', 'B', 'C', 'D', 'E']]",E,0.9976130255828995,0,1.0000447642079051,True,True,1.0,0.0,0.002386974308100942,5.254394092040538e-11,5.64556075472575e-11,0.0,100
3541,We should subsidize scholarships,"[['A', 'B', 'C', 'D', 'E'], ['A', 'B', 'C', 'D', 'E']]",A,0.9999999998628283,0,0.9999999998876717,False,False,1.0,0.0,1.3557824392926123e-10,0.0,1.5936676654088316e-12,0.0,100
3541,We should subsidize scholarships,"[['A', 'B', 'C', 'D', 'E'], ['A', 'B', 'C', 'D', 'E']]",B,3.6511635077730203e-09,0,8.073947343018631e-09,False,False,0.0,0.9999999963475777,0.0,4.025560035843785e-14,1.2184374074078211e-12,0.0,100
3541,We should subsidize scholarships,"[['A', 'B', 'C', 'D', 'E'], ['A', 'B', 'C', 'D', 'E']]",C,0.9825253963652605,0,1.011660840427934,True,True,1.0,0.0,0.0,0.0,0.0,0.01747460363473946,100
3541,We should subsidize scholarships,"[['A', 'B', 'C', 'D', 'E'], ['A', 'B', 'C', 'D', 'E']]",D,0.31113548226271903,0,0.397315764261883,False,False,0.0,0.6888644995774755,0.0,1.7848317425984606e-08,3.114879904337515e-10,0.0,100
3541,We should subsidize scholarships,"[['A', 'B', 'C', 'D', 'E'], ['A', 'B', 'C', 'D', 'E']]",E,0.9845540552998534,0,0.9977084320601952,False,True,1.0,0.0,0.015445944583636313,5.379866326758529e-11,6.271142688873825e-11,0.0,100
4212,We should subsidize space exploration,"[['A', 'B', 'C', 'D', 'E'], ['A', 'B', 'C', 'D', 'E']]",A,0.9999999994615619,0,0.9999999996130322,False,False,1.0,0.0,5.37595327531385e-10,0.0,8.426992532995378e-13,0.0,100
4212,We should subsidize space exploration,"[['A', 'B', 'C', 'D', 'E'], ['A', 'B', 'C', 'D', 'E']]",B,0.011032355462721162,0,0.03469937151153071,False,False,0.0,0.9889676405557059,0.0,3.959854672648355e-09,2.171842598213608e-11,0.0,100
4212,We should subsidize space exploration,"[['A', 'B', 'C', 'D', 'E'], ['A', 'B', 'C', 'D', 'E']]",C,0.9810421752497415,0,1.0063817491295266,True,True,1.0,0.0,0.0,0.0,0.0,0.018957824750258548,100
4212,We should subsidize space exploration,"[['A', 'B', 'C', 'D', 'E'], ['A', 'B', 'C', 'D', 'E']]",D,0.13272475117446314,0,0.1928675133191079,False,False,0.0,0.8672752484095642,0.0,1.811574739116964e-10,2.348150889604585e-10,0.0,100
4212,We should subsidize space exploration,"[['A', 'B', 'C', 'D', 'E'], ['A', 'B', 'C', 'D', 'E']]",E,0.9989268548009009,0,0.9999159353896885,False,True,1.0,0.0,0.001073145162329426,6.161545711093851e-12,3.0608323420272426e-11,0.0,100
