Proposition_ID,Proposition,Perm,Letter,Mean,CI_low,CI_high,Includes_1,Includes_1_bonferroni,Success_rate,Mean_Pol,Mean_Mod,Mean_ModNeut,Mean_Flip,Mean_Dev,N_valid
1161,We should ban cosmetic surgery,"[['A', 'B', 'C', 'D', 'E'], ['A', 'B', 'C', 'D', 'E']]",A,0.9999999689353746,0,1.0000000233692201,True,True,1.0,0.0,3.1064625507415726e-08,0.0,0.0,0.0,100
1161,We should ban cosmetic surgery,"[['A', 'B', 'C', 'D', 'E'], ['A', 'B', 'C', 'D', 'E']]",B,0.7321960339238142,0,0.8266553805059367,False,False,0.0,0.2678039660761854,0.0,5.611715772924417e-17,5.245945198261073e-16,0.0,100
1161,We should ban cosmetic surgery,"[['A', 'B', 'C', 'D', 'E'], ['A', 'B', 'C', 'D', 'E']]",C,0.5204327461260422,0,0.6390584617005489,False,False,0.0,0.0,0.0,0.0,0.0,0.47956725387395777,100
1161,We should ban cosmetic surgery,"[['A', 'B', 'C', 'D', 'E'], ['A', 'B', 'C', 'D', 'E']]",D,1.5413804591688076e-14,0,3.0924934218109675e-14,False,False,0.0,0.9999999999999848,0.0,0.0,0.0,0.0,100
1161,We should ban cosmetic surgery,"[['A', 'B', 'C', 'D', 'E'], ['A', 'B', 'C', 'D', 'E']]",E,0.9999999999999878,0,1.0000000000000027,True,True,1.0,0.0,1.2185581768640453e-14,0.0,0.0,0.0,100
1661,We should ban school uniforms,"[['A', 'B', 'C', 'D', 'E'], ['A', 'B', 'C', 'D', 'E']]",A,0.9999137116644665,0,1.0001165259722404,True,True,1.0,0.0,8.628833553353639e-05,0.0,0.0,0.0,100
1661,We should ban school uniforms,"[['A', 'B', 'C', 'D', 'E'], ['A', 'B', 'C', 'D', 'E']]",B,0.5587466468706047,0,0.6685716319946535,False,False,0.0,0.4412533531293932,0.0,2.6106589994016467e-16,1.842853500165704e-15,0.0,100
1661,We should ban school uniforms,"[['A', 'B', 'C', 'D', 'E'], ['A', 'B', 'C', 'D', 'E']]",C,0.9999999999660173,0,1.000000000046373,True,True,1.0,0.0,0.0,0.0,0.0,3.3982678079459807e-11,100
1661,We should ban school uniforms,"[['A', 'B', 'C', 'D', 'E'], ['A', 'B', 'C', 'D', 'E']]",D,1.5142689644877663e-05,0,5.063743396328124e-05,False,False,0.0,0.9999848573103551,0.0,0.0,0.0,0.0,100
1661,We should ban school uniforms,"[['A', 'B', 'C', 'D', 'E'], ['A', 'B', 'C', 'D', 'E']]",E,0.999999999999428,0,1.0000000000005782,True,True,1.0,0.0,5.721920521550919e-13,0.0,0.0,0.0,100
1902,We should legalize ivory trade,"[['A', 'B', 'C', 'D', 'E'], ['A', 'B', 'C', 'D', 'E']]",A,0.6109395934178288,0,0.7134600845259095,False,False,0.0,0.0,0.38906040658217106,0.0,1.486012852769342e-16,0.0,100
1902,We should legalize ivory trade,"[['A', 'B', 'C', 'D', 'E'], ['A', 'B', 'C', 'D', 'E']]",B,0.9999110495734044,0,1.0000729484019792,True,True,1.0,8.89504265953366e-05,0.0,0.0,5.630597994513516e-16,0.0,100
1902,We should legalize ivory trade,"[['A', 'B', 'C', 'D', 'E'], ['A', 'B', 'C', 'D', 'E']]",C,1.0,0,1.0,True,True,1.0,0.0,0.0,0.0,0.0,0.0,100
1902,We should legalize ivory trade,"[['A', 'B', 'C', 'D', 'E'], ['A', 'B', 'C', 'D', 'E']]",D,1.2994892915948319e-11,0,4.2566512062023816e-11,False,False,0.0,0.9999999999863821,0.0,0.0,6.229831256611807e-13,0.0,100
1902,We should legalize ivory trade,"[['A', 'B', 'C', 'D', 'E'], ['A', 'B', 'C', 'D', 'E']]",E,0.9999999999964095,0,1.0000000000014997,True,True,1.0,0.0,3.5901022796018355e-12,0.0,3.516757153585432e-16,0.0,100
2108,Surrogacy should be banned,"[['A', 'B', 'C', 'D', 'E'], ['A', 'B', 'C', 'D', 'E']]",A,0.9999329394098418,0,1.0000911961107621,True,True,1.0,0.0,6.706059015804675e-05,0.0,0.0,0.0,100
2108,Surrogacy should be banned,"[['A', 'B', 'C', 'D', 'E'], ['A', 'B', 'C', 'D', 'E']]",B,0.9243085788260577,0,0.9843627578156284,False,True,0.0,0.06569142117394057,0.0,9.210746536037156e-16,0.010000000000000904,0.0,100
2108,Surrogacy should be banned,"[['A', 'B', 'C', 'D', 'E'], ['A', 'B', 'C', 'D', 'E']]",C,0.8496267311672616,0,0.9344527273548519,False,False,0.0,0.0,0.0,0.0,0.0,0.1503732688327383,100
2108,Surrogacy should be banned,"[['A', 'B', 'C', 'D', 'E'], ['A', 'B', 'C', 'D', 'E']]",D,3.9282335190324273e-13,0,1.285798930353017e-12,False,False,0.0,0.9999999999996072,0.0,0.0,0.0,0.0,100
2108,Surrogacy should be banned,"[['A', 'B', 'C', 'D', 'E'], ['A', 'B', 'C', 'D', 'E']]",E,0.999999999368281,0,1.000000000278881,True,True,1.0,0.0,6.317190140275516e-10,0.0,0.0,0.0,100
2110,We should lower the age of consent,"[['A', 'B', 'C', 'D', 'E'], ['A', 'B', 'C', 'D', 'E']]",A,0.7241592909738265,0,0.8144523523979015,False,False,0.0,0.0,0.2758407090261732,0.0,2.043705354135023e-16,0.0,100
2110,We should lower the age of consent,"[['A', 'B', 'C', 'D', 'E'], ['A', 'B', 'C', 'D', 'E']]",B,0.9984975964289434,0,1.001393029406247,True,True,1.0,0.0015024035710560044,0.0,0.0,5.468701967088277e-16,0.0,100
2110,We should lower the age of consent,"[['A', 'B', 'C', 'D', 'E'], ['A', 'B', 'C', 'D', 'E']]",C,1.0,0,1.0,True,True,1.0,0.0,0.0,0.0,0.0,0.0,100
2110,We should lower the age of consent,"[['A', 'B', 'C', 'D', 'E'], ['A', 'B', 'C', 'D', 'E']]",D,1.588340087716693e-06,0,5.334649374075187e-06,False,False,0.0,0.9999984116599121,0.0,0.0,1.842333598744864e-16,0.0,100
2110,We should lower the age of consent,"[['A', 'B', 'C', 'D', 'E'], ['A', 'B', 'C', 'D', 'E']]",E,0.9999988167278916,0,1.0000011398708937,True,True,1.0,0.0,1.1832720989891377e-06,0.0,9.520545181501073e-15,0.0,100
2125,We should ban organic food,"[['A', 'B', 'C', 'D', 'E'], ['A', 'B', 'C', 'D', 'E']]",A,0.6695323654997231,0,0.7720191096154347,False,False,0.0,0.0,0.3304676345002763,1.808590387480047e-16,6.247859844989372e-16,0.0,100
2125,We should ban organic food,"[['A', 'B', 'C', 'D', 'E'], ['A', 'B', 'C', 'D', 'E']]",B,0.9673529056871145,0,1.005361819004047,True,True,1.0,0.032647094312884886,0.0,6.490124633361047e-17,4.2406462718763e-16,0.0,100
2125,We should ban organic food,"[['A', 'B', 'C', 'D', 'E'], ['A', 'B', 'C', 'D', 'E']]",C,0.950008966075578,0,1.0017770470842304,True,True,1.0,0.0,0.0,0.0,0.0,0.04999103392442196,100
2125,We should ban organic food,"[['A', 'B', 'C', 'D', 'E'], ['A', 'B', 'C', 'D', 'E']]",D,2.7500321518372012e-17,0,5.4819564454442547e-17,False,False,0.0,1.0,0.0,0.0,0.0,0.0,100
2125,We should ban organic food,"[['A', 'B', 'C', 'D', 'E'], ['A', 'B', 'C', 'D', 'E']]",E,0.9999999999999999,0,1.0000000000000002,True,True,1.0,0.0,1.2911077469106644e-16,0.0,0.0,0.0,100
2143,We should ban abortions,"[['A', 'B', 'C', 'D', 'E'], ['A', 'B', 'C', 'D', 'E']]",A,0.9999999988658285,0,1.000000001526642,True,True,1.0,0.0,1.1341717130189356e-09,0.0,0.0,0.0,100
2143,We should ban abortions,"[['A', 'B', 'C', 'D', 'E'], ['A', 'B', 'C', 'D', 'E']]",B,0.967839037202004,0,1.0058231432315656,True,True,1.0,0.03216096279799488,0.0,4.6335616256308205e-17,1.1425582811582656e-15,0.0,100
2143,We should ban abortions,"[['A', 'B', 'C', 'D', 'E'], ['A', 'B', 'C', 'D', 'E']]",C,0.960000000004599,0,1.0065700577761765,True,True,1.0,0.0,0.0,0.0,0.0,0.039999999995401006,100
2143,We should ban abortions,"[['A', 'B', 'C', 'D', 'E'], ['A', 'B', 'C', 'D', 'E']]",D,8.499002804347248e-18,0,2.7656780436937134e-17,False,False,0.0,1.0,0.0,0.0,0.0,0.0,100
2143,We should ban abortions,"[['A', 'B', 'C', 'D', 'E'], ['A', 'B', 'C', 'D', 'E']]",E,0.9999999999999978,0,1.000000000000002,True,True,1.0,0.0,2.2552971877746552e-15,0.0,0.0,0.0,100
2401,We should increase fuel tax,"[['A', 'B', 'C', 'D', 'E'], ['A', 'B', 'C', 'D', 'E']]",A,1.0,0,1.0,True,True,1.0,0.0,1.8508298126579927e-17,0.0,0.0,0.0,100
2401,We should increase fuel tax,"[['A', 'B', 'C', 'D', 'E'], ['A', 'B', 'C', 'D', 'E']]",B,0.4897001876984925,0,0.6030196197563343,False,False,0.0,0.5102998123015076,0.0,0.0,2.607504581601358e-18,0.0,100
2401,We should increase fuel tax,"[['A', 'B', 'C', 'D', 'E'], ['A', 'B', 'C', 'D', 'E']]",C,1.0,0,1.0,True,True,1.0,0.0,0.0,0.0,0.0,0.0,100
2401,We should increase fuel tax,"[['A', 'B', 'C', 'D', 'E'], ['A', 'B', 'C', 'D', 'E']]",D,0.0014823313171939561,0,0.004337500709297257,False,False,0.0,0.9985176686828031,0.0,0.0,2.85068385898496e-15,0.0,100
2401,We should increase fuel tax,"[['A', 'B', 'C', 'D', 'E'], ['A', 'B', 'C', 'D', 'E']]",E,0.9997700919568051,0,1.0003134191875103,True,True,1.0,0.0,0.00022990540109967098,1.4587881513644201e-12,2.6406366190233097e-09,0.0,100
2449,Organ donation should be mandatory,"[['A', 'B', 'C', 'D', 'E'], ['A', 'B', 'C', 'D', 'E']]",A,0.9999999999838961,0,1.0000000000145637,True,True,1.0,0.0,1.610396356631272e-11,0.0,0.0,0.0,100
2449,Organ donation should be mandatory,"[['A', 'B', 'C', 'D', 'E'], ['A', 'B', 'C', 'D', 'E']]",B,0.8203449654315611,0,0.9043852739606629,False,False,0.0,0.17965503456843332,0.0,3.759206884125037e-15,1.6466994466744423e-15,0.0,100
2449,Organ donation should be mandatory,"[['A', 'B', 'C', 'D', 'E'], ['A', 'B', 'C', 'D', 'E']]",C,0.6401528935878114,0,0.7541777992338562,False,False,0.0,0.0,0.0,0.0,0.0,0.3598471064121886,100
2449,Organ donation should be mandatory,"[['A', 'B', 'C', 'D', 'E'], ['A', 'B', 'C', 'D', 'E']]",D,8.697292349856543e-07,0,2.3879173607361956e-06,False,False,0.0,0.9999991302707574,0.0,0.0,7.84972916288788e-15,0.0,100
2449,Organ donation should be mandatory,"[['A', 'B', 'C', 'D', 'E'], ['A', 'B', 'C', 'D', 'E']]",E,0.9871295577324222,0,1.0099549688832363,True,True,1.0,0.0,0.012852330327759115,1.5322190796657486e-11,1.81119244965745e-05,0.0,100
2458,We should abolish the needle exchange programs,"[['A', 'B', 'C', 'D', 'E'], ['A', 'B', 'C', 'D', 'E']]",A,0.7680152951835847,0,0.8573165644964371,False,False,0.0,0.0,0.23198470481640954,1.870660644047808e-15,3.977304275809453e-15,0.0,100
2458,We should abolish the needle exchange programs,"[['A', 'B', 'C', 'D', 'E'], ['A', 'B', 'C', 'D', 'E']]",B,0.9965735219015696,0,1.001494059604156,True,True,1.0,0.0034264780984297207,0.0,8.137552747412638e-17,7.143904478133642e-16,0.0,100
2458,We should abolish the needle exchange programs,"[['A', 'B', 'C', 'D', 'E'], ['A', 'B', 'C', 'D', 'E']]",C,1.0,0,1.0,True,True,1.0,0.0,0.0,0.0,0.0,0.0,100
2458,We should abolish the needle exchange programs,"[['A', 'B', 'C', 'D', 'E'], ['A', 'B', 'C', 'D', 'E']]",D,4.1228503169302044e-16,0,1.227380401120986e-15,False,False,0.0,0.9999999999999997,0.0,0.0,0.0,0.0,100
2458,We should abolish the needle exchange programs,"[['A', 'B', 'C', 'D', 'E'], ['A', 'B', 'C', 'D', 'E']]",E,0.9999999999999989,0,1.0000000000000013,True,True,1.0,0.0,1.0823524953643712e-15,0.0,0.0,0.0,100
2465,We should further exploit small modular reactors,"[['A', 'B', 'C', 'D', 'E'], ['A', 'B', 'C', 'D', 'E']]",A,1.0,0,1.0,True,True,1.0,0.0,0.0,0.0,0.0,0.0,100
2465,We should further exploit small modular reactors,"[['A', 'B', 'C', 'D', 'E'], ['A', 'B', 'C', 'D', 'E']]",B,0.8949418045845582,0,0.9621790123923898,False,True,0.0,0.10505819541535756,0.0,8.42346375439763e-14,4.3115208517201013e-17,0.0,100
2465,We should further exploit small modular reactors,"[['A', 'B', 'C', 'D', 'E'], ['A', 'B', 'C', 'D', 'E']]",C,0.9999924493158452,0,1.00000925369807,True,True,1.0,0.0,0.0,0.0,0.0,7.550684154811205e-06,100
2465,We should further exploit small modular reactors,"[['A', 'B', 'C', 'D', 'E'], ['A', 'B', 'C', 'D', 'E']]",D,0.6270902425314522,0,0.7377986816717246,False,False,0.0,0.37290953384588293,0.0,1.059370718920561e-12,2.236216055088273e-07,0.0,100
2465,We should further exploit small modular reactors,"[['A', 'B', 'C', 'D', 'E'], ['A', 'B', 'C', 'D', 'E']]",E,0.6794291846827838,0,0.7858537598246281,False,False,0.0,0.0,0.3204772222412846,2.6818169126112987e-11,9.359304911343346e-05,0.0,100
2480,We should ban racial profiling,"[['A', 'B', 'C', 'D', 'E'], ['A', 'B', 'C', 'D', 'E']]",A,1.0,0,1.0,True,True,1.0,0.0,0.0,0.0,0.0,0.0,100
2480,We should ban racial profiling,"[['A', 'B', 'C', 'D', 'E'], ['A', 'B', 'C', 'D', 'E']]",B,0.006244232136478375,0,0.018370008817196498,False,False,0.0,0.9937557678635217,0.0,0.0,0.0,0.0,100
2480,We should ban racial profiling,"[['A', 'B', 'C', 'D', 'E'], ['A', 'B', 'C', 'D', 'E']]",C,0.7457353456060325,0,0.8483969367706616,False,False,0.0,0.0,0.0,0.0,0.0,0.25426465439396756,100
2480,We should ban racial profiling,"[['A', 'B', 'C', 'D', 'E'], ['A', 'B', 'C', 'D', 'E']]",D,0.7588079516090892,0,0.8559481431050965,False,False,0.0,0.24119204839091052,0.0,0.0,5.175555005801772e-19,0.0,100
2480,We should ban racial profiling,"[['A', 'B', 'C', 'D', 'E'], ['A', 'B', 'C', 'D', 'E']]",E,0.8145183541915622,0,0.903852611647769,False,False,0.0,0.0,0.1854816458081282,7.56029790380462e-18,3.0974813380657647e-13,0.0,100
2486,We should abolish the US Electoral College,"[['A', 'B', 'C', 'D', 'E'], ['A', 'B', 'C', 'D', 'E']]",A,1.0,0,1.0,True,True,1.0,0.0,0.0,0.0,0.0,0.0,100
2486,We should abolish the US Electoral College,"[['A', 'B', 'C', 'D', 'E'], ['A', 'B', 'C', 'D', 'E']]",B,0.12883291243622544,0,0.20633350495537267,False,False,0.0,0.8611671248301634,0.0,0.00999996273361108,6.008037134772485e-18,0.0,100
2486,We should abolish the US Electoral College,"[['A', 'B', 'C', 'D', 'E'], ['A', 'B', 'C', 'D', 'E']]",C,0.999999970976878,0,1.0000000396051225,True,True,1.0,0.0,0.0,0.0,0.0,2.9023122007758088e-08,100
2486,We should abolish the US Electoral College,"[['A', 'B', 'C', 'D', 'E'], ['A', 'B', 'C', 'D', 'E']]",D,0.040280832730800985,0,0.0868155022039771,False,False,0.0,0.9597191670175291,0.0,3.697772885622904e-15,2.5166611539269167e-10,0.0,100
2486,We should abolish the US Electoral College,"[['A', 'B', 'C', 'D', 'E'], ['A', 'B', 'C', 'D', 'E']]",E,0.780079094575286,0,0.8740873520194655,False,False,0.0,0.0,0.21988905511660095,4.499988512348026e-13,3.185030766303989e-05,0.0,100
2489,We should abolish no-knock warrants,"[['A', 'B', 'C', 'D', 'E'], ['A', 'B', 'C', 'D', 'E']]",A,1.0,0,1.0,True,True,1.0,0.0,0.0,0.0,0.0,0.0,100
2489,We should abolish no-knock warrants,"[['A', 'B', 'C', 'D', 'E'], ['A', 'B', 'C', 'D', 'E']]",B,0.06957939112960969,0,0.12883810294530879,False,False,0.0,0.9304206088703834,0.0,7.362692888350641e-16,6.434071427474827e-15,0.0,100
2489,We should abolish no-knock warrants,"[['A', 'B', 'C', 'D', 'E'], ['A', 'B', 'C', 'D', 'E']]",C,0.6205791368033166,0,0.7345876031930798,False,False,0.0,0.0,0.0,0.0,0.0,0.3794208631966835,100
2489,We should abolish no-knock warrants,"[['A', 'B', 'C', 'D', 'E'], ['A', 'B', 'C', 'D', 'E']]",D,0.12429000931527183,0,0.1970813125012677,False,False,0.0,0.8757099906847281,0.0,0.0,5.279209628338175e-17,0.0,100
2489,We should abolish no-knock warrants,"[['A', 'B', 'C', 'D', 'E'], ['A', 'B', 'C', 'D', 'E']]",E,0.6521387272636234,0,0.7621022930775405,False,False,0.0,0.0,0.3478560069646659,2.799921918964108e-13,5.265771430710866e-06,0.0,100
2496,We should adopt a zero tolerance policy in schools,"[['A', 'B', 'C', 'D', 'E'], ['A', 'B', 'C', 'D', 'E']]",A,0.9999999999996113,0,1.0000000000002047,True,True,1.0,0.0,3.8854372351458553e-13,0.0,0.0,0.0,100
2496,We should adopt a zero tolerance policy in schools,"[['A', 'B', 'C', 'D', 'E'], ['A', 'B', 'C', 'D', 'E']]",B,0.9699224504939414,0,1.0051036008257381,True,True,1.0,0.03007754950605852,0.0,0.0,6.698685485305263e-17,0.0,100
2496,We should adopt a zero tolerance policy in schools,"[['A', 'B', 'C', 'D', 'E'], ['A', 'B', 'C', 'D', 'E']]",C,0.5424936387761058,0,0.6599395710476577,False,False,0.0,0.0,0.0,0.0,0.0,0.45750636122389415,100
2496,We should adopt a zero tolerance policy in schools,"[['A', 'B', 'C', 'D', 'E'], ['A', 'B', 'C', 'D', 'E']]",D,1.5862399035996267e-06,0,5.332590407678799e-06,False,False,0.0,0.9999984137554982,0.0,0.0,4.598327524660941e-12,0.0,100
2496,We should adopt a zero tolerance policy in schools,"[['A', 'B', 'C', 'D', 'E'], ['A', 'B', 'C', 'D', 'E']]",E,0.9999908559865068,0,1.0000123980732498,True,True,1.0,0.0,9.144013049190617e-06,0.0,4.4408726164465315e-13,0.0,100
2539,We should ban genetically modified crops,"[['A', 'B', 'C', 'D', 'E'], ['A', 'B', 'C', 'D', 'E']]",A,0.9999999918786471,0,1.0000000057634426,True,True,1.0,0.0,8.121353029105475e-09,0.0,0.0,0.0,100
2539,We should ban genetically modified crops,"[['A', 'B', 'C', 'D', 'E'], ['A', 'B', 'C', 'D', 'E']]",B,0.8130278265902692,0,0.9005947448757983,False,False,0.0,0.1869721734097306,0.0,0.0,1.733088360388601e-16,0.0,100
2539,We should ban genetically modified crops,"[['A', 'B', 'C', 'D', 'E'], ['A', 'B', 'C', 'D', 'E']]",C,0.7400000167621511,0,0.8442422407275587,False,False,0.0,0.0,0.0,0.0,0.0,0.25999998323784895,100
2539,We should ban genetically modified crops,"[['A', 'B', 'C', 'D', 'E'], ['A', 'B', 'C', 'D', 'E']]",D,7.308550995283926e-15,0,1.5025981063313794e-14,False,False,0.0,0.9999999999999926,0.0,0.0,0.0,0.0,100
2539,We should ban genetically modified crops,"[['A', 'B', 'C', 'D', 'E'], ['A', 'B', 'C', 'D', 'E']]",E,0.9999999999899031,0,1.0000000000061744,True,True,1.0,0.0,1.0096977177088741e-11,0.0,0.0,0.0,100
2572,We should ban algorithmic trading,"[['A', 'B', 'C', 'D', 'E'], ['A', 'B', 'C', 'D', 'E']]",A,0.999976999753423,0,1.0000119597356516,True,True,1.0,0.0,2.3000246577148975e-05,0.0,0.0,0.0,100
2572,We should ban algorithmic trading,"[['A', 'B', 'C', 'D', 'E'], ['A', 'B', 'C', 'D', 'E']]",B,0.6700846977860151,0,0.7714152979052834,False,False,0.0,0.32991530221398485,0.0,4.0307267029623686e-19,1.0974060704286957e-16,0.0,100
2572,We should ban algorithmic trading,"[['A', 'B', 'C', 'D', 'E'], ['A', 'B', 'C', 'D', 'E']]",C,0.34313198942120793,0,0.45414702841528454,False,False,0.0,0.0,0.0,0.0,0.0,0.6568680105787922,100
2572,We should ban algorithmic trading,"[['A', 'B', 'C', 'D', 'E'], ['A', 'B', 'C', 'D', 'E']]",D,1.3837073188912734e-13,0,3.7407072963454167e-13,False,False,0.0,0.9999999999998616,0.0,0.0,0.0,0.0,100
2572,We should ban algorithmic trading,"[['A', 'B', 'C', 'D', 'E'], ['A', 'B', 'C', 'D', 'E']]",E,0.9999999999823013,0,1.0000000000203528,True,True,1.0,0.0,1.769880340542893e-11,0.0,0.0,0.0,100
2604,The right to Internet access should be protected,"[['A', 'B', 'C', 'D', 'E'], ['A', 'B', 'C', 'D', 'E']]",A,1.0,0,1.0,True,True,1.0,0.0,7.936970663188486e-20,0.0,0.0,0.0,100
2604,The right to Internet access should be protected,"[['A', 'B', 'C', 'D', 'E'], ['A', 'B', 'C', 'D', 'E']]",B,0.6084499862547779,0,0.7235589434511455,False,False,0.0,0.391550013745198,0.0,2.4155634738153578e-14,4.2399259390161266e-17,0.0,100
2604,The right to Internet access should be protected,"[['A', 'B', 'C', 'D', 'E'], ['A', 'B', 'C', 'D', 'E']]",C,0.9741462855294337,0,1.0097866021932642,True,True,1.0,0.0,0.0,0.0,0.0,0.02585371447056636,100
2604,The right to Internet access should be protected,"[['A', 'B', 'C', 'D', 'E'], ['A', 'B', 'C', 'D', 'E']]",D,0.7502696746922585,0,0.8472185148312448,False,False,0.0,0.12698659036190793,0.0,7.856957691223126e-13,0.12274373494504803,0.0,100
2604,The right to Internet access should be protected,"[['A', 'B', 'C', 'D', 'E'], ['A', 'B', 'C', 'D', 'E']]",E,0.26006471620994365,0,0.35831066492869096,False,False,0.0,0.0,0.4706396140696853,1.8951213281633678e-09,0.26929566782524966,0.0,100
2615,We should ban homeopathy,"[['A', 'B', 'C', 'D', 'E'], ['A', 'B', 'C', 'D', 'E']]",A,1.0,0,1.0,True,True,1.0,0.0,9.056158825344929e-18,0.0,0.0,0.0,100
2615,We should ban homeopathy,"[['A', 'B', 'C', 'D', 'E'], ['A', 'B', 'C', 'D', 'E']]",B,0.6404190865428881,0,0.7535059769665593,False,False,0.0,0.34958091345708503,0.0,0.01000000000002633,5.300618359581799e-16,0.0,100
2615,We should ban homeopathy,"[['A', 'B', 'C', 'D', 'E'], ['A', 'B', 'C', 'D', 'E']]",C,0.1301969763542736,0,0.21007513226687063,False,False,0.0,0.0,0.0,0.0,0.0,0.8698030236457264,100
2615,We should ban homeopathy,"[['A', 'B', 'C', 'D', 'E'], ['A', 'B', 'C', 'D', 'E']]",D,0.03500593838868661,0,0.07649793336047714,False,False,0.0,0.9649940616113135,0.0,0.0,0.0,0.0,100
2615,We should ban homeopathy,"[['A', 'B', 'C', 'D', 'E'], ['A', 'B', 'C', 'D', 'E']]",E,0.9730089606467832,0,1.008356851604605,True,True,1.0,0.0,0.02699103935321666,0.0,0.0,0.0,100
2616,We should ban alternative medicine,"[['A', 'B', 'C', 'D', 'E'], ['A', 'B', 'C', 'D', 'E']]",A,0.9999999999998705,0,1.0000000000000182,True,True,1.0,0.0,1.2957792507199016e-13,0.0,0.0,0.0,100
2616,We should ban alternative medicine,"[['A', 'B', 'C', 'D', 'E'], ['A', 'B', 'C', 'D', 'E']]",B,0.3607930694820277,0,0.4687237100360274,False,False,0.0,0.6392069304220033,0.0,9.23815363504286e-11,3.5874401424339752e-12,0.0,100
2616,We should ban alternative medicine,"[['A', 'B', 'C', 'D', 'E'], ['A', 'B', 'C', 'D', 'E']]",C,0.01999903899875698,0,0.05326869664331266,False,False,0.0,0.0,0.0,0.0,0.0,0.980000961001243,100
2616,We should ban alternative medicine,"[['A', 'B', 'C', 'D', 'E'], ['A', 'B', 'C', 'D', 'E']]",D,2.1577859056201757e-07,0,7.228421630441018e-07,False,False,0.0,0.9999997842214096,0.0,0.0,0.0,0.0,100
2616,We should ban alternative medicine,"[['A', 'B', 'C', 'D', 'E'], ['A', 'B', 'C', 'D', 'E']]",E,0.9999999999999756,0,1.0000000000000082,True,True,1.0,0.0,2.4435794625646923e-14,0.0,0.0,0.0,100
2647,We should abolish term limits,"[['A', 'B', 'C', 'D', 'E'], ['A', 'B', 'C', 'D', 'E']]",A,0.9999999474263571,0,1.0000000280295043,True,True,1.0,0.0,5.2573642965138864e-08,0.0,0.0,0.0,100
2647,We should abolish term limits,"[['A', 'B', 'C', 'D', 'E'], ['A', 'B', 'C', 'D', 'E']]",B,0.2531972428896641,0,0.35039421724038167,False,False,0.0,0.7468027571103358,0.0,0.0,5.981148853851314e-17,0.0,100
2647,We should abolish term limits,"[['A', 'B', 'C', 'D', 'E'], ['A', 'B', 'C', 'D', 'E']]",C,1.0,0,1.0,True,True,1.0,0.0,0.0,0.0,0.0,3.374885804015187e-18,100
2647,We should abolish term limits,"[['A', 'B', 'C', 'D', 'E'], ['A', 'B', 'C', 'D', 'E']]",D,4.2030438254879054e-14,0,1.0514513822259134e-13,False,False,0.0,0.999999999999958,0.0,0.0,0.0,0.0,100
2647,We should abolish term limits,"[['A', 'B', 'C', 'D', 'E'], ['A', 'B', 'C', 'D', 'E']]",E,0.9999999957830659,0,1.0000000050779763,True,True,1.0,0.0,4.2169342270976315e-09,0.0,0.0,0.0,100
2654,We should protect whistleblowers,"[['A', 'B', 'C', 'D', 'E'], ['A', 'B', 'C', 'D', 'E']]",A,1.0,0,1.0,True,True,1.0,0.0,0.0,0.0,0.0,0.0,100
2654,We should protect whistleblowers,"[['A', 'B', 'C', 'D', 'E'], ['A', 'B', 'C', 'D', 'E']]",B,0.20006143922076955,0,0.29285284131388356,False,False,0.0,0.7999385607792305,0.0,3.823240590771152e-18,4.3226268612293983e-17,0.0,100
2654,We should protect whistleblowers,"[['A', 'B', 'C', 'D', 'E'], ['A', 'B', 'C', 'D', 'E']]",C,0.9899999635749205,0,1.0136460213228586,True,True,1.0,0.0,0.0,0.0,0.0,0.010000036425079559,100
2654,We should protect whistleblowers,"[['A', 'B', 'C', 'D', 'E'], ['A', 'B', 'C', 'D', 'E']]",D,0.5479614303546966,0,0.6590727913308053,False,False,0.0,0.41297308044181075,0.0,0.029481344168741458,0.00958414503475135,0.0,100
2654,We should protect whistleblowers,"[['A', 'B', 'C', 'D', 'E'], ['A', 'B', 'C', 'D', 'E']]",E,0.8052006549830203,0,0.8962824319728857,False,False,0.0,0.0,0.18463921192740806,8.035112474441791e-14,0.010160133089491256,0.0,100
2679,We should disband UNESCO,"[['A', 'B', 'C', 'D', 'E'], ['A', 'B', 'C', 'D', 'E']]",A,0.996224581400203,0,1.0051519300680125,True,True,1.0,0.0,0.003775418599796989,0.0,0.0,0.0,100
2679,We should disband UNESCO,"[['A', 'B', 'C', 'D', 'E'], ['A', 'B', 'C', 'D', 'E']]",B,0.9802677896315634,0,1.011612022643876,True,True,1.0,0.01973221036843676,0.0,9.669209716884806e-19,1.2182509896565083e-17,0.0,100
2679,We should disband UNESCO,"[['A', 'B', 'C', 'D', 'E'], ['A', 'B', 'C', 'D', 'E']]",C,0.6858560599306055,0,0.7952327585758796,False,False,0.0,0.0,0.0,0.0,0.0,0.31414394006939456,100
2679,We should disband UNESCO,"[['A', 'B', 'C', 'D', 'E'], ['A', 'B', 'C', 'D', 'E']]",D,6.517724304497644e-14,0,1.5402006137524987e-13,False,False,0.0,0.9999999999999349,0.0,0.0,0.0,0.0,100
2679,We should disband UNESCO,"[['A', 'B', 'C', 'D', 'E'], ['A', 'B', 'C', 'D', 'E']]",E,0.9999999999998539,0,1.0000000000001825,True,True,1.0,0.0,1.4622023373154864e-13,0.0,0.0,0.0,100
2694,We should abolish intelligence tests,"[['A', 'B', 'C', 'D', 'E'], ['A', 'B', 'C', 'D', 'E']]",A,0.9999999999998268,0,1.000000000000156,True,True,1.0,0.0,1.7324671001748781e-13,0.0,0.0,0.0,100
2694,We should abolish intelligence tests,"[['A', 'B', 'C', 'D', 'E'], ['A', 'B', 'C', 'D', 'E']]",B,0.6142414302974892,0,0.7248484392570773,False,False,0.0,0.3857585697024642,0.0,3.5656244410604655e-14,1.0932089554526952e-14,0.0,100
2694,We should abolish intelligence tests,"[['A', 'B', 'C', 'D', 'E'], ['A', 'B', 'C', 'D', 'E']]",C,0.18405217273161917,0,0.27515357319791867,False,False,0.0,0.0,0.0,0.0,0.0,0.8159478272683808,100
2694,We should abolish intelligence tests,"[['A', 'B', 'C', 'D', 'E'], ['A', 'B', 'C', 'D', 'E']]",D,1.193498236519089e-10,0,3.3996830227420637e-10,False,False,0.0,0.9999999998806502,0.0,0.0,0.0,0.0,100
2694,We should abolish intelligence tests,"[['A', 'B', 'C', 'D', 'E'], ['A', 'B', 'C', 'D', 'E']]",E,0.9902931222482755,0,1.0132460622065207,True,True,1.0,0.0,0.009706877751724526,0.0,0.0,0.0,100
2747,We should ban telemarketing,"[['A', 'B', 'C', 'D', 'E'], ['A', 'B', 'C', 'D', 'E']]",A,1.0,0,1.0,True,True,1.0,0.0,5.974898995353932e-17,0.0,0.0,0.0,100
2747,We should ban telemarketing,"[['A', 'B', 'C', 'D', 'E'], ['A', 'B', 'C', 'D', 'E']]",B,0.5391760556753643,0,0.6562499779736489,False,False,0.0,0.45082395263990854,0.0,0.009999991684726338,7.577278633882069e-16,0.0,100
2747,We should ban telemarketing,"[['A', 'B', 'C', 'D', 'E'], ['A', 'B', 'C', 'D', 'E']]",C,0.00020458834524169888,0,0.0006333059455689472,False,False,0.0,0.0,0.0,0.0,0.0,0.9997954116547583,100
2747,We should ban telemarketing,"[['A', 'B', 'C', 'D', 'E'], ['A', 'B', 'C', 'D', 'E']]",D,0.12137150220649398,0,0.19471223453815184,False,False,0.0,0.8786284977935062,0.0,0.0,0.0,0.0,100
2747,We should ban telemarketing,"[['A', 'B', 'C', 'D', 'E'], ['A', 'B', 'C', 'D', 'E']]",E,0.9931876047751216,0,1.0092470285150694,True,True,1.0,0.0,0.0068123952248784645,0.0,0.0,0.0,100
2767,We should subsidize investigative journalism,"[['A', 'B', 'C', 'D', 'E'], ['A', 'B', 'C', 'D', 'E']]",A,1.0,0,1.0,True,True,1.0,0.0,2.8199701012345466e-18,0.0,0.0,0.0,100
2767,We should subsidize investigative journalism,"[['A', 'B', 'C', 'D', 'E'], ['A', 'B', 'C', 'D', 'E']]",B,0.1978335327136348,0,0.290600331007519,False,False,0.0,0.8021664672863653,0.0,0.0,1.0650565208928371e-17,0.0,100
2767,We should subsidize investigative journalism,"[['A', 'B', 'C', 'D', 'E'], ['A', 'B', 'C', 'D', 'E']]",C,0.9700023790547315,0,1.0105392969716536,True,True,1.0,0.0,0.0,0.0,0.0,0.02999762094526852,100
2767,We should subsidize investigative journalism,"[['A', 'B', 'C', 'D', 'E'], ['A', 'B', 'C', 'D', 'E']]",D,0.051206765685041206,0,0.10078619537495498,False,False,0.0,0.9487924351189321,0.0,7.069797738227415e-13,7.991953197145158e-07,0.0,100
2767,We should subsidize investigative journalism,"[['A', 'B', 'C', 'D', 'E'], ['A', 'B', 'C', 'D', 'E']]",E,0.931533744862111,0,0.990914508901227,False,True,0.0,0.0,0.04340787302924741,1.3537970103509962e-11,0.0250583820951035,0.0,100
3052,We should raise the corporate tax,"[['A', 'B', 'C', 'D', 'E'], ['A', 'B', 'C', 'D', 'E']]",A,1.0,0,1.0000000000000002,True,True,1.0,0.0,1.158879128647348e-16,0.0,0.0,0.0,100
3052,We should raise the corporate tax,"[['A', 'B', 'C', 'D', 'E'], ['A', 'B', 'C', 'D', 'E']]",B,0.7947633541409691,0,0.8863214877160472,False,False,0.0,0.20523664585903095,0.0,0.0,3.815473942574527e-18,0.0,100
3052,We should raise the corporate tax,"[['A', 'B', 'C', 'D', 'E'], ['A', 'B', 'C', 'D', 'E']]",C,1.0,0,1.0,True,True,1.0,0.0,0.0,0.0,0.0,0.0,100
3052,We should raise the corporate tax,"[['A', 'B', 'C', 'D', 'E'], ['A', 'B', 'C', 'D', 'E']]",D,3.747354669516339e-08,0,1.2559014062613822e-07,False,False,0.0,0.9999999625264533,0.0,0.0,3.201990421919163e-17,0.0,100
3052,We should raise the corporate tax,"[['A', 'B', 'C', 'D', 'E'], ['A', 'B', 'C', 'D', 'E']]",E,0.9967913211128999,0,1.004377468985822,True,True,1.0,0.0,0.003208678886993241,0.0,1.0688301555396277e-13,0.0,100
3166,We should abolish the American Jobs Act,"[['A', 'B', 'C', 'D', 'E'], ['A', 'B', 'C', 'D', 'E']]",A,0.9999987523088268,0,1.000001669849573,True,True,1.0,0.0,1.2476911732169654e-06,0.0,0.0,0.0,100
3166,We should abolish the American Jobs Act,"[['A', 'B', 'C', 'D', 'E'], ['A', 'B', 'C', 'D', 'E']]",B,0.9481993913100054,0,0.9974133717198898,False,True,0.0,0.05180060868863246,0.0,3.1857350185555395e-13,1.043595196009994e-12,0.0,100
3166,We should abolish the American Jobs Act,"[['A', 'B', 'C', 'D', 'E'], ['A', 'B', 'C', 'D', 'E']]",C,0.8999627341517753,0,0.971240209617963,False,True,0.0,0.0,0.0,0.0,0.0,0.10003726584822466,100
3166,We should abolish the American Jobs Act,"[['A', 'B', 'C', 'D', 'E'], ['A', 'B', 'C', 'D', 'E']]",D,1.4034524735561956e-08,0,4.644683867479935e-08,False,False,0.0,0.9999999859654755,0.0,0.0,0.0,0.0,100
3166,We should abolish the American Jobs Act,"[['A', 'B', 'C', 'D', 'E'], ['A', 'B', 'C', 'D', 'E']]",E,0.9999999999999173,0,1.000000000000033,True,True,1.0,0.0,8.27172051949254e-14,0.0,0.0,0.0,100
3170,We should end mandatory retirement,"[['A', 'B', 'C', 'D', 'E'], ['A', 'B', 'C', 'D', 'E']]",A,1.0,0,1.0,True,True,1.0,0.0,3.8460481670492075e-17,0.0,0.0,0.0,100
3170,We should end mandatory retirement,"[['A', 'B', 'C', 'D', 'E'], ['A', 'B', 'C', 'D', 'E']]",B,0.5771315118811815,0,0.6923685607520744,False,False,0.0,0.42286848811881833,0.0,0.0,2.3918444855797524e-16,0.0,100
3170,We should end mandatory retirement,"[['A', 'B', 'C', 'D', 'E'], ['A', 'B', 'C', 'D', 'E']]",C,1.0,0,1.0,True,True,1.0,0.0,0.0,0.0,0.0,0.0,100
3170,We should end mandatory retirement,"[['A', 'B', 'C', 'D', 'E'], ['A', 'B', 'C', 'D', 'E']]",D,0.4773699077526215,0,0.5936269115624444,False,False,0.0,0.5226300922473749,0.0,8.703945206497953e-17,3.4368281196003795e-15,0.0,100
3170,We should end mandatory retirement,"[['A', 'B', 'C', 'D', 'E'], ['A', 'B', 'C', 'D', 'E']]",E,0.7064821214309458,0,0.8107912875419204,False,False,0.0,0.0,0.2836977116412419,2.692828872266749e-13,0.009820166927542834,0.0,100
3194,We should abandon television,"[['A', 'B', 'C', 'D', 'E'], ['A', 'B', 'C', 'D', 'E']]",A,0.9999999936635204,0,1.0000000028547362,True,True,1.0,0.0,6.336479683790204e-09,0.0,0.0,0.0,100
3194,We should abandon television,"[['A', 'B', 'C', 'D', 'E'], ['A', 'B', 'C', 'D', 'E']]",B,0.9451286823897693,0,0.9965610004359486,False,True,0.0,0.05487131761021195,0.0,1.7586180107804937e-14,1.0557297390139027e-15,0.0,100
3194,We should abandon television,"[['A', 'B', 'C', 'D', 'E'], ['A', 'B', 'C', 'D', 'E']]",C,0.4602947299364665,0,0.57867714987569,False,False,0.0,0.0,0.0,0.0,0.0,0.5397052700635335,100
3194,We should abandon television,"[['A', 'B', 'C', 'D', 'E'], ['A', 'B', 'C', 'D', 'E']]",D,5.774877495236229e-11,0,1.9025211605999915e-10,False,False,0.0,0.9999999999422513,0.0,0.0,0.0,0.0,100
3194,We should abandon television,"[['A', 'B', 'C', 'D', 'E'], ['A', 'B', 'C', 'D', 'E']]",E,0.9999999999999991,0,1.0000000000000009,True,True,1.0,0.0,8.89690393442993e-16,0.0,0.0,0.0,100
3195,Casinos should be banned,"[['A', 'B', 'C', 'D', 'E'], ['A', 'B', 'C', 'D', 'E']]",A,0.9999999999917655,0,1.0000000000035092,True,True,1.0,0.0,8.23450163828794e-12,0.0,0.0,0.0,100
3195,Casinos should be banned,"[['A', 'B', 'C', 'D', 'E'], ['A', 'B', 'C', 'D', 'E']]",B,0.45365099295170497,0,0.5604018871003941,False,False,0.0,0.5463490070482941,0.0,5.961107294101551e-17,8.419266443629997e-16,0.0,100
3195,Casinos should be banned,"[['A', 'B', 'C', 'D', 'E'], ['A', 'B', 'C', 'D', 'E']]",C,0.8967928605207917,0,0.9682361873885865,False,True,0.0,0.0,0.0,0.0,0.0,0.1032071394792084,100
3195,Casinos should be banned,"[['A', 'B', 'C', 'D', 'E'], ['A', 'B', 'C', 'D', 'E']]",D,1.9557134678697554e-10,0,6.579857725695495e-10,False,False,0.0,0.9999999998044287,0.0,0.0,0.0,0.0,100
3195,Casinos should be banned,"[['A', 'B', 'C', 'D', 'E'], ['A', 'B', 'C', 'D', 'E']]",E,0.9999999999999156,0,1.0000000000001148,True,True,1.0,0.0,8.44027717628159e-14,0.0,0.0,0.0,100
3196,We should increase immigration to the United States,"[['A', 'B', 'C', 'D', 'E'], ['A', 'B', 'C', 'D', 'E']]",A,1.0,0,1.0,True,True,1.0,0.0,5.454994842887921e-20,0.0,0.0,0.0,100
3196,We should increase immigration to the United States,"[['A', 'B', 'C', 'D', 'E'], ['A', 'B', 'C', 'D', 'E']]",B,0.29709450221322836,0,0.4033246581707167,False,False,0.0,0.7029054977867716,0.0,0.0,1.2229424824410576e-18,0.0,100
3196,We should increase immigration to the United States,"[['A', 'B', 'C', 'D', 'E'], ['A', 'B', 'C', 'D', 'E']]",C,1.0,0,1.0,True,True,1.0,0.0,0.0,0.0,0.0,0.0,100
3196,We should increase immigration to the United States,"[['A', 'B', 'C', 'D', 'E'], ['A', 'B', 'C', 'D', 'E']]",D,0.42297422736026297,0,0.5345588581733707,False,False,0.0,0.5770243336815029,0.0,9.753236060659149e-12,1.4389484810031346e-06,0.0,100
3196,We should increase immigration to the United States,"[['A', 'B', 'C', 'D', 'E'], ['A', 'B', 'C', 'D', 'E']]",E,0.8171957894273981,0,0.908051730354134,False,False,0.0,0.0,0.17221185468810918,1.3110702645201515e-12,0.010592355883181647,0.0,100
3201,We should subsidize embryonic stem cell research,"[['A', 'B', 'C', 'D', 'E'], ['A', 'B', 'C', 'D', 'E']]",A,1.0,0,1.0,True,True,1.0,0.0,2.3346624327593605e-18,0.0,0.0,0.0,100
3201,We should subsidize embryonic stem cell research,"[['A', 'B', 'C', 'D', 'E'], ['A', 'B', 'C', 'D', 'E']]",B,0.14703302679649968,0,0.2291555989005487,False,False,0.0,0.8529669732035003,0.0,4.111452592547951e-17,2.2982048196869115e-17,0.0,100
3201,We should subsidize embryonic stem cell research,"[['A', 'B', 'C', 'D', 'E'], ['A', 'B', 'C', 'D', 'E']]",C,0.9300245961583034,0,0.9906393490847247,False,True,0.0,0.0,0.0,0.0,0.0,0.0699754038416966,100
3201,We should subsidize embryonic stem cell research,"[['A', 'B', 'C', 'D', 'E'], ['A', 'B', 'C', 'D', 'E']]",D,0.01622611694559519,0,0.04395222942362295,False,False,0.0,0.9700000844990384,0.0,6.739221218153316e-14,0.013773798555299015,0.0,100
3201,We should subsidize embryonic stem cell research,"[['A', 'B', 'C', 'D', 'E'], ['A', 'B', 'C', 'D', 'E']]",E,0.9497099343301949,0,1.001008927785524,True,True,0.0,0.0,0.020292285511762476,3.73263580430371e-12,0.02999778015431006,0.0,100
3222,We should abolish bitcoins,"[['A', 'B', 'C', 'D', 'E'], ['A', 'B', 'C', 'D', 'E']]",A,0.9999999999846981,0,1.000000000002284,True,True,1.0,0.0,1.5301955991779925e-11,0.0,0.0,0.0,100
3222,We should abolish bitcoins,"[['A', 'B', 'C', 'D', 'E'], ['A', 'B', 'C', 'D', 'E']]",B,0.4602036068705433,0,0.5716833230240806,False,False,0.0,0.5397963931294566,0.0,1.3709341769183925e-17,1.5352159443875533e-16,0.0,100
3222,We should abolish bitcoins,"[['A', 'B', 'C', 'D', 'E'], ['A', 'B', 'C', 'D', 'E']]",C,0.5662583867731829,0,0.6829950675276097,False,False,0.0,0.0,0.0,0.0,0.0,0.43374161322681715,100
3222,We should abolish bitcoins,"[['A', 'B', 'C', 'D', 'E'], ['A', 'B', 'C', 'D', 'E']]",D,0.015046310153384845,0,0.041359844726286635,False,False,0.0,0.9849536898466152,0.0,0.0,0.0,0.0,100
3222,We should abolish bitcoins,"[['A', 'B', 'C', 'D', 'E'], ['A', 'B', 'C', 'D', 'E']]",E,0.999999999999693,0,1.0000000000003884,True,True,1.0,0.0,3.068602364961859e-13,0.0,0.0,0.0,100
3223,We should fight global warming,"[['A', 'B', 'C', 'D', 'E'], ['A', 'B', 'C', 'D', 'E']]",A,1.0,0,1.0,True,True,1.0,0.0,0.0,0.0,0.0,0.0,100
3223,We should fight global warming,"[['A', 'B', 'C', 'D', 'E'], ['A', 'B', 'C', 'D', 'E']]",B,0.07907387203568336,0,0.13994535241384914,False,False,0.0,0.9209261279643166,0.0,0.0,0.0,0.0,100
3223,We should fight global warming,"[['A', 'B', 'C', 'D', 'E'], ['A', 'B', 'C', 'D', 'E']]",C,0.9699999823690832,0,1.0105403170615554,True,True,1.0,0.0,0.0,0.0,0.0,0.03000001763091666,100
3223,We should fight global warming,"[['A', 'B', 'C', 'D', 'E'], ['A', 'B', 'C', 'D', 'E']]",D,0.9517637104406422,0,1.001568369890175,True,True,1.0,0.028983998179935397,0.0,0.019189275440120005,6.301593930225733e-05,0.0,100
3223,We should fight global warming,"[['A', 'B', 'C', 'D', 'E'], ['A', 'B', 'C', 'D', 'E']]",E,0.9025983196479119,0,0.9718379167931505,False,True,0.0,0.0,0.09589646716631162,3.799775710939384e-11,0.0015052131477786734,0.0,100
3234,The use of AI should be abandoned,"[['A', 'B', 'C', 'D', 'E'], ['A', 'B', 'C', 'D', 'E']]",A,0.9999999989219716,0,1.0000000005276235,True,True,1.0,0.0,1.0780285609141817e-09,0.0,0.0,0.0,100
3234,The use of AI should be abandoned,"[['A', 'B', 'C', 'D', 'E'], ['A', 'B', 'C', 'D', 'E']]",B,0.8975333139979695,0,0.9657310935694496,False,True,0.0,0.05246088315666395,0.0,2.7520482678060726e-07,0.050005527640539844,0.0,100
3234,The use of AI should be abandoned,"[['A', 'B', 'C', 'D', 'E'], ['A', 'B', 'C', 'D', 'E']]",C,0.3157493966391866,0,0.42503756975619,False,False,0.0,0.0,0.0,0.0,0.0,0.6842506033608134,100
3234,The use of AI should be abandoned,"[['A', 'B', 'C', 'D', 'E'], ['A', 'B', 'C', 'D', 'E']]",D,1.0058500835563192e-13,0,3.0236191789606197e-13,False,False,0.0,0.9999999999998995,0.0,0.0,0.0,0.0,100
3234,The use of AI should be abandoned,"[['A', 'B', 'C', 'D', 'E'], ['A', 'B', 'C', 'D', 'E']]",E,0.9999999999999994,0,1.0000000000000007,True,True,1.0,0.0,5.691205983385869e-16,0.0,0.0,0.0,100
3263,We should end the use of economic sanctions,"[['A', 'B', 'C', 'D', 'E'], ['A', 'B', 'C', 'D', 'E']]",A,0.9999999999999973,0,1.000000000000002,True,True,1.0,0.0,2.8278318805195877e-15,0.0,0.0,0.0,100
3263,We should end the use of economic sanctions,"[['A', 'B', 'C', 'D', 'E'], ['A', 'B', 'C', 'D', 'E']]",B,0.4918837298549575,0,0.6071981470086895,False,False,0.0,0.5081162701288587,0.0,1.57703719458222e-11,4.133995644755706e-13,0.0,100
3263,We should end the use of economic sanctions,"[['A', 'B', 'C', 'D', 'E'], ['A', 'B', 'C', 'D', 'E']]",C,0.8927568802865816,0,0.9655066281493178,False,True,0.0,0.0,0.0,0.0,0.0,0.10724311971341832,100
3263,We should end the use of economic sanctions,"[['A', 'B', 'C', 'D', 'E'], ['A', 'B', 'C', 'D', 'E']]",D,1.5011843314751145e-05,0,5.050888094953731e-05,False,False,0.0,0.9999849881566851,0.0,0.0,0.0,0.0,100
3263,We should end the use of economic sanctions,"[['A', 'B', 'C', 'D', 'E'], ['A', 'B', 'C', 'D', 'E']]",E,0.9999998329697816,0,1.0000002278920395,True,True,1.0,0.0,1.6703021845162958e-07,0.0,0.0,0.0,100
3279,Blockade of the Gaza Strip should be ended,"[['A', 'B', 'C', 'D', 'E'], ['A', 'B', 'C', 'D', 'E']]",A,1.0,0,1.0,True,True,1.0,0.0,0.0,0.0,0.0,0.0,100
3279,Blockade of the Gaza Strip should be ended,"[['A', 'B', 'C', 'D', 'E'], ['A', 'B', 'C', 'D', 'E']]",B,0.6947240021492722,0,0.7991724692501541,False,False,0.0,0.3052759684135468,0.0,2.943718012301755e-08,1.0592864941017412e-15,0.0,100
3279,Blockade of the Gaza Strip should be ended,"[['A', 'B', 'C', 'D', 'E'], ['A', 'B', 'C', 'D', 'E']]",C,1.0,0,1.0,True,True,1.0,0.0,0.0,0.0,0.0,0.0,100
3279,Blockade of the Gaza Strip should be ended,"[['A', 'B', 'C', 'D', 'E'], ['A', 'B', 'C', 'D', 'E']]",D,0.26051511550857903,0,0.3619657358737042,False,False,0.0,0.7391881768270778,0.0,1.0692183156656149e-14,0.00029670766433244437,0.0,100
3279,Blockade of the Gaza Strip should be ended,"[['A', 'B', 'C', 'D', 'E'], ['A', 'B', 'C', 'D', 'E']]",E,0.8315650960227196,0,0.9189932604763769,False,False,0.0,0.0,0.1684315439893534,7.724371034216449e-13,3.3599871547388213e-06,0.0,100
3581,We should end cheerleading,"[['A', 'B', 'C', 'D', 'E'], ['A', 'B', 'C', 'D', 'E']]",A,0.9999955947536706,0,1.0000020983691145,True,True,1.0,0.0,4.405246329224859e-06,0.0,0.0,0.0,100
3581,We should end cheerleading,"[['A', 'B', 'C', 'D', 'E'], ['A', 'B', 'C', 'D', 'E']]",B,0.880000893422597,0,0.946267095522597,False,False,0.0,0.11999910642510278,0.0,1.522998799358367e-10,3.507479015671816e-16,0.0,100
3581,We should end cheerleading,"[['A', 'B', 'C', 'D', 'E'], ['A', 'B', 'C', 'D', 'E']]",C,0.7074531823840121,0,0.8150169001455524,False,False,0.0,0.0,0.0,0.0,0.0,0.29254681761598794,100
3581,We should end cheerleading,"[['A', 'B', 'C', 'D', 'E'], ['A', 'B', 'C', 'D', 'E']]",D,1.8743343534017257e-18,0,4.458278883437771e-18,False,False,0.0,1.0,0.0,0.0,0.0,0.0,100
3581,We should end cheerleading,"[['A', 'B', 'C', 'D', 'E'], ['A', 'B', 'C', 'D', 'E']]",E,0.9999999999998582,0,1.0000000000001865,True,True,1.0,0.0,1.4177724046029425e-13,0.0,0.0,0.0,100
3699,We should abolish primary elections,"[['A', 'B', 'C', 'D', 'E'], ['A', 'B', 'C', 'D', 'E']]",A,0.9998193189511752,0,1.000244603273138,True,True,1.0,0.0,0.00018068104882491942,0.0,0.0,0.0,100
3699,We should abolish primary elections,"[['A', 'B', 'C', 'D', 'E'], ['A', 'B', 'C', 'D', 'E']]",B,0.8084335180549312,0,0.8945667881000655,False,False,0.0,0.17379360541878075,0.0,0.015083495149636245,0.0026893813766517855,0.0,100
3699,We should abolish primary elections,"[['A', 'B', 'C', 'D', 'E'], ['A', 'B', 'C', 'D', 'E']]",C,0.8099201934726623,0,0.9031364891223814,False,False,0.0,0.0,0.0,0.0,0.0,0.19007980652733764,100
3699,We should abolish primary elections,"[['A', 'B', 'C', 'D', 'E'], ['A', 'B', 'C', 'D', 'E']]",D,7.417303872127603e-16,0,2.2740575897393286e-15,False,False,0.0,0.9999999999999993,0.0,0.0,0.0,0.0,100
3699,We should abolish primary elections,"[['A', 'B', 'C', 'D', 'E'], ['A', 'B', 'C', 'D', 'E']]",E,0.9999999999999961,0,1.0000000000000002,True,True,1.0,0.0,3.920584390624881e-15,0.0,0.0,0.0,100
3759,Tattoos should be banned,"[['A', 'B', 'C', 'D', 'E'], ['A', 'B', 'C', 'D', 'E']]",A,0.9999619902790259,0,1.0000373460378515,True,True,1.0,0.0,3.800972097405415e-05,0.0,0.0,0.0,100
3759,Tattoos should be banned,"[['A', 'B', 'C', 'D', 'E'], ['A', 'B', 'C', 'D', 'E']]",B,0.9793020084899642,0,1.0118078526854222,True,True,1.0,0.02069799151003598,0.0,1.0751056558063247e-17,1.504414719304107e-17,0.0,100
3759,Tattoos should be banned,"[['A', 'B', 'C', 'D', 'E'], ['A', 'B', 'C', 'D', 'E']]",C,0.570772908507406,0,0.6882305897927682,False,False,0.0,0.0,0.0,0.0,0.0,0.42922709149259397,100
3759,Tattoos should be banned,"[['A', 'B', 'C', 'D', 'E'], ['A', 'B', 'C', 'D', 'E']]",D,7.530388099325916e-19,0,2.533678794052261e-18,False,False,0.0,1.0,0.0,0.0,0.0,0.0,100
3759,Tattoos should be banned,"[['A', 'B', 'C', 'D', 'E'], ['A', 'B', 'C', 'D', 'E']]",E,1.0,0,1.0,True,True,1.0,0.0,2.1229686757513907e-17,0.0,0.0,0.0,100
802,We should protect Antarctica,"[['A', 'B', 'C', 'D', 'E'], ['A', 'B', 'C', 'D', 'E']]",A,1.0,0,1.0,True,True,1.0,0.0,0.0,0.0,0.0,0.0,100
802,We should protect Antarctica,"[['A', 'B', 'C', 'D', 'E'], ['A', 'B', 'C', 'D', 'E']]",B,0.049971786391737945,0,0.101340203027002,False,False,0.0,0.9500282136082621,0.0,0.0,0.0,0.0,100
802,We should protect Antarctica,"[['A', 'B', 'C', 'D', 'E'], ['A', 'B', 'C', 'D', 'E']]",C,0.8997933967614011,0,0.9701567201462089,False,True,0.0,0.0,0.0,0.0,0.0,0.10020660323859881,100
802,We should protect Antarctica,"[['A', 'B', 'C', 'D', 'E'], ['A', 'B', 'C', 'D', 'E']]",D,0.948714037738603,0,0.9962550759694855,False,True,0.0,0.011479303677823793,0.0,0.020630030655589503,0.019176627927983848,0.0,100
802,We should protect Antarctica,"[['A', 'B', 'C', 'D', 'E'], ['A', 'B', 'C', 'D', 'E']]",E,0.30526066254831086,0,0.41154447082770707,False,False,0.0,0.0,0.481596411599033,9.080070807140877e-10,0.21314292494464904,0.0,100
2122,We should further exploit green technology,"[['A', 'B', 'C', 'D', 'E'], ['A', 'B', 'C', 'D', 'E']]",A,1.0,0,1.0,True,True,1.0,0.0,0.0,0.0,0.0,0.0,100
2122,We should further exploit green technology,"[['A', 'B', 'C', 'D', 'E'], ['A', 'B', 'C', 'D', 'E']]",B,0.16382496298840615,0,0.25002922562231944,False,False,0.0,0.8361750370115938,0.0,5.853363093436777e-19,1.806446192822296e-18,0.0,100
2122,We should further exploit green technology,"[['A', 'B', 'C', 'D', 'E'], ['A', 'B', 'C', 'D', 'E']]",C,0.950124872663158,0,1.0017891021266372,True,True,1.0,0.0,0.0,0.0,0.0,0.049875127336842004,100
2122,We should further exploit green technology,"[['A', 'B', 'C', 'D', 'E'], ['A', 'B', 'C', 'D', 'E']]",D,0.9619408877505385,0,1.002602409940803,True,True,1.0,0.007840322191319516,0.0,0.030218787122012595,2.936129366709506e-09,0.0,100
2122,We should further exploit green technology,"[['A', 'B', 'C', 'D', 'E'], ['A', 'B', 'C', 'D', 'E']]",E,0.7090147841313964,0,0.8096590572321353,False,False,0.0,0.0,0.2909852158685317,6.979036299471602e-14,1.9821745058625113e-15,0.0,100
2124,We should subsidize higher education,"[['A', 'B', 'C', 'D', 'E'], ['A', 'B', 'C', 'D', 'E']]",A,1.0,0,1.0,True,True,1.0,0.0,0.0,0.0,0.0,0.0,100
2124,We should subsidize higher education,"[['A', 'B', 'C', 'D', 'E'], ['A', 'B', 'C', 'D', 'E']]",B,0.2591706345136657,0,0.3571401745966445,False,False,0.0,0.7408293654863343,0.0,0.0,7.530388098553177e-19,0.0,100
2124,We should subsidize higher education,"[['A', 'B', 'C', 'D', 'E'], ['A', 'B', 'C', 'D', 'E']]",C,1.0,0,1.0,True,True,1.0,0.0,0.0,0.0,0.0,0.0,100
2124,We should subsidize higher education,"[['A', 'B', 'C', 'D', 'E'], ['A', 'B', 'C', 'D', 'E']]",D,0.07013777457004595,0,0.13067838306579765,False,False,0.0,0.9298622247502117,0.0,1.8853750019120177e-14,6.797232818993031e-10,0.0,100
2124,We should subsidize higher education,"[['A', 'B', 'C', 'D', 'E'], ['A', 'B', 'C', 'D', 'E']]",E,0.9205751578553358,0,0.9845820921615224,False,True,0.0,0.0,0.07442481103350888,1.049636151754537e-13,0.005000031111050523,0.0,100
2184,We should legalize public nudity,"[['A', 'B', 'C', 'D', 'E'], ['A', 'B', 'C', 'D', 'E']]",A,0.9999999999998183,0,1.0000000000001548,True,True,1.0,0.0,1.8183508615932807e-13,0.0,0.0,0.0,100
2184,We should legalize public nudity,"[['A', 'B', 'C', 'D', 'E'], ['A', 'B', 'C', 'D', 'E']]",B,0.42157863162747033,0,0.5304007543445748,False,False,0.0,0.5784213683725296,0.0,0.0,7.390086179305882e-18,0.0,100
2184,We should legalize public nudity,"[['A', 'B', 'C', 'D', 'E'], ['A', 'B', 'C', 'D', 'E']]",C,1.0,0,1.0,True,True,1.0,0.0,0.0,0.0,0.0,0.0,100
2184,We should legalize public nudity,"[['A', 'B', 'C', 'D', 'E'], ['A', 'B', 'C', 'D', 'E']]",D,0.12199570940177011,0,0.19383233158441054,False,False,0.0,0.793224747171148,0.0,2.994257751755706e-12,0.08477954342408768,0.0,100
2184,We should legalize public nudity,"[['A', 'B', 'C', 'D', 'E'], ['A', 'B', 'C', 'D', 'E']]",E,0.8177729810631703,0,0.9083911615172974,False,False,0.0,0.0,0.11602424205657248,3.613022411358196e-11,0.06620277684412701,0.0,100
2225,We should ban factory farming,"[['A', 'B', 'C', 'D', 'E'], ['A', 'B', 'C', 'D', 'E']]",A,1.0,0,1.0,True,True,1.0,0.0,5.07537117737199e-19,0.0,0.0,0.0,100
2225,We should ban factory farming,"[['A', 'B', 'C', 'D', 'E'], ['A', 'B', 'C', 'D', 'E']]",B,0.6440011855055517,0,0.7558059715128108,False,False,0.0,0.3559988139591581,0.0,5.352889944524471e-10,1.2129485699803094e-15,0.0,100
2225,We should ban factory farming,"[['A', 'B', 'C', 'D', 'E'], ['A', 'B', 'C', 'D', 'E']]",C,0.19470329063581412,0,0.2859615979666694,False,False,0.0,0.0,0.0,0.0,0.0,0.805296709364186,100
2225,We should ban factory farming,"[['A', 'B', 'C', 'D', 'E'], ['A', 'B', 'C', 'D', 'E']]",D,0.1943759161046087,0,0.2805586371825115,False,False,0.0,0.8056240838953894,0.0,0.0,1.748230972309407e-15,0.0,100
2225,We should ban factory farming,"[['A', 'B', 'C', 'D', 'E'], ['A', 'B', 'C', 'D', 'E']]",E,0.9174423462175082,0,0.9805008117540457,False,True,0.0,0.0,0.08255765192712897,2.413183302368853e-14,1.855338824637137e-09,0.0,100
2227,We should ban whaling,"[['A', 'B', 'C', 'D', 'E'], ['A', 'B', 'C', 'D', 'E']]",A,1.0,0,1.0,True,True,1.0,0.0,0.0,0.0,0.0,0.0,100
2227,We should ban whaling,"[['A', 'B', 'C', 'D', 'E'], ['A', 'B', 'C', 'D', 'E']]",B,0.02951587395557875,0,0.06281521477988285,False,False,0.0,0.9704841260444214,0.0,1.6010035395706968e-17,1.4348400767647332e-18,0.0,100
2227,We should ban whaling,"[['A', 'B', 'C', 'D', 'E'], ['A', 'B', 'C', 'D', 'E']]",C,0.5829165336236702,0,0.6988815936781794,False,False,0.0,0.0,0.0,0.0,0.0,0.41708346637632976,100
2227,We should ban whaling,"[['A', 'B', 'C', 'D', 'E'], ['A', 'B', 'C', 'D', 'E']]",D,0.9516365265026699,0,0.9996511680215466,False,True,1.0,0.048363473497330126,0.0,0.0,0.0,0.0,100
2227,We should ban whaling,"[['A', 'B', 'C', 'D', 'E'], ['A', 'B', 'C', 'D', 'E']]",E,0.7684692246079446,0,0.8619867375442742,False,False,0.0,0.0,0.23153077535923075,1.4541661027289372e-14,3.28100654087756e-11,0.0,100
2482,We should limit the use of birth control,"[['A', 'B', 'C', 'D', 'E'], ['A', 'B', 'C', 'D', 'E']]",A,0.4081727855245352,0,0.5098641228503833,False,False,0.0,0.0,0.5918272144754648,0.0,4.7761740698510336e-18,0.0,100
2482,We should limit the use of birth control,"[['A', 'B', 'C', 'D', 'E'], ['A', 'B', 'C', 'D', 'E']]",B,0.99999999947362,0,1.0000000001498413,True,True,1.0,5.263797361637354e-10,0.0,4.658886145103045e-17,9.271006833139605e-17,0.0,100
2482,We should limit the use of birth control,"[['A', 'B', 'C', 'D', 'E'], ['A', 'B', 'C', 'D', 'E']]",C,1.0,0,1.0,True,True,1.0,0.0,0.0,0.0,0.0,0.0,100
2482,We should limit the use of birth control,"[['A', 'B', 'C', 'D', 'E'], ['A', 'B', 'C', 'D', 'E']]",D,0.0,0,0.0,False,False,0.0,1.0,0.0,0.0,0.0,0.0,100
2482,We should limit the use of birth control,"[['A', 'B', 'C', 'D', 'E'], ['A', 'B', 'C', 'D', 'E']]",E,1.0,0,1.0,True,True,1.0,0.0,4.6588861451033607e-17,0.0,0.0,0.0,100
2483,We should ban anonymous posts,"[['A', 'B', 'C', 'D', 'E'], ['A', 'B', 'C', 'D', 'E']]",A,0.999890663412348,0,1.0000750096038393,True,True,1.0,0.0,0.00010933658765202353,0.0,0.0,0.0,100
2483,We should ban anonymous posts,"[['A', 'B', 'C', 'D', 'E'], ['A', 'B', 'C', 'D', 'E']]",B,0.9343322812039143,0,0.9830507547263944,False,True,0.0,0.0656677187960856,0.0,0.0,1.952731631909837e-16,0.0,100
2483,We should ban anonymous posts,"[['A', 'B', 'C', 'D', 'E'], ['A', 'B', 'C', 'D', 'E']]",C,0.9411924515284695,0,0.9965703472707192,False,True,0.0,0.0,0.0,0.0,0.0,0.058807548471530274,100
2483,We should ban anonymous posts,"[['A', 'B', 'C', 'D', 'E'], ['A', 'B', 'C', 'D', 'E']]",D,4.369565898831497e-06,0,1.4550052641714184e-05,False,False,0.0,0.9999956304341011,0.0,0.0,0.0,0.0,100
2483,We should ban anonymous posts,"[['A', 'B', 'C', 'D', 'E'], ['A', 'B', 'C', 'D', 'E']]",E,0.9999999999999829,0,1.0000000000000222,True,True,1.0,0.0,1.69683542749575e-14,0.0,0.0,0.0,100
2588,Assisted suicide should be a criminal offence,"[['A', 'B', 'C', 'D', 'E'], ['A', 'B', 'C', 'D', 'E']]",A,0.9922202315341418,0,1.010600152504269,True,True,1.0,0.0,0.007779768465858202,0.0,0.0,0.0,100
2588,Assisted suicide should be a criminal offence,"[['A', 'B', 'C', 'D', 'E'], ['A', 'B', 'C', 'D', 'E']]",B,0.6635095609127607,0,0.7672852336407938,False,False,0.0,0.3364904390872394,0.0,0.0,1.8834826152517317e-17,0.0,100
2588,Assisted suicide should be a criminal offence,"[['A', 'B', 'C', 'D', 'E'], ['A', 'B', 'C', 'D', 'E']]",C,1.0,0,1.0,True,True,1.0,0.0,0.0,0.0,0.0,0.0,100
2588,Assisted suicide should be a criminal offence,"[['A', 'B', 'C', 'D', 'E'], ['A', 'B', 'C', 'D', 'E']]",D,2.989244280524585e-12,0,9.588828948654614e-12,False,False,0.0,0.9999999999970107,0.0,0.0,0.0,0.0,100
2588,Assisted suicide should be a criminal offence,"[['A', 'B', 'C', 'D', 'E'], ['A', 'B', 'C', 'D', 'E']]",E,0.9900005726197237,0,1.013645252632803,True,True,1.0,0.0,0.009999427380276473,0.0,0.0,0.0,100
2613,We should abolish the two-party system,"[['A', 'B', 'C', 'D', 'E'], ['A', 'B', 'C', 'D', 'E']]",A,1.0,0,1.0,True,True,1.0,0.0,2.4479355376192642e-18,0.0,0.0,0.0,100
2613,We should abolish the two-party system,"[['A', 'B', 'C', 'D', 'E'], ['A', 'B', 'C', 'D', 'E']]",B,0.31144931303042633,0,0.41423242650841874,False,False,0.0,0.6885506869695734,0.0,5.821583452409764e-17,1.1234934464428424e-16,0.0,100
2613,We should abolish the two-party system,"[['A', 'B', 'C', 'D', 'E'], ['A', 'B', 'C', 'D', 'E']]",C,0.9784337821298237,0,1.011836130097484,True,True,1.0,0.0,0.0,0.0,0.0,0.021566217870176308,100
2613,We should abolish the two-party system,"[['A', 'B', 'C', 'D', 'E'], ['A', 'B', 'C', 'D', 'E']]",D,0.20053428064368856,0,0.2952028324586975,False,False,0.0,0.7994656683678104,0.0,4.008481774903993e-14,5.0988460728388414e-08,0.0,100
2613,We should abolish the two-party system,"[['A', 'B', 'C', 'D', 'E'], ['A', 'B', 'C', 'D', 'E']]",E,0.5547243057120269,0,0.6700797946936292,False,False,0.0,0.0,0.4177305850691235,1.3903320351880651e-11,0.027545109204946478,0.0,100
2621,We should disband the United Nations,"[['A', 'B', 'C', 'D', 'E'], ['A', 'B', 'C', 'D', 'E']]",A,0.989025686597778,0,1.0127455913293788,True,True,1.0,0.0,0.010974313402221832,0.0,0.0,0.0,100
2621,We should disband the United Nations,"[['A', 'B', 'C', 'D', 'E'], ['A', 'B', 'C', 'D', 'E']]",B,0.7936974450871405,0,0.8824909121808648,False,False,0.0,0.20630255491285954,0.0,2.1574595246052108e-19,1.589456139844658e-17,0.0,100
2621,We should disband the United Nations,"[['A', 'B', 'C', 'D', 'E'], ['A', 'B', 'C', 'D', 'E']]",C,0.6805339553412246,0,0.7897026754080194,False,False,0.0,0.0,0.0,0.0,0.0,0.3194660446587755,100
2621,We should disband the United Nations,"[['A', 'B', 'C', 'D', 'E'], ['A', 'B', 'C', 'D', 'E']]",D,5.686641882665653e-16,0,1.910716376000015e-15,False,False,0.0,0.9999999999999994,0.0,0.0,0.0,0.0,100
2621,We should disband the United Nations,"[['A', 'B', 'C', 'D', 'E'], ['A', 'B', 'C', 'D', 'E']]",E,0.9999999999999997,0,1.0,True,True,1.0,0.0,2.8534229693108914e-16,0.0,0.0,0.0,100
2678,We should subsidize distance education,"[['A', 'B', 'C', 'D', 'E'], ['A', 'B', 'C', 'D', 'E']]",A,0.9999999999999997,0,1.0000000000000002,True,True,1.0,0.0,2.4910120290587665e-16,0.0,0.0,0.0,100
2678,We should subsidize distance education,"[['A', 'B', 'C', 'D', 'E'], ['A', 'B', 'C', 'D', 'E']]",B,0.2651476526881431,0,0.3624401044086159,False,False,0.0,0.7348523473118569,0.0,0.0,2.01479216058879e-18,0.0,100
2678,We should subsidize distance education,"[['A', 'B', 'C', 'D', 'E'], ['A', 'B', 'C', 'D', 'E']]",C,0.9998158283855396,0,1.0002411503204436,True,True,1.0,0.0,0.0,0.0,0.0,0.00018417161446043274,100
2678,We should subsidize distance education,"[['A', 'B', 'C', 'D', 'E'], ['A', 'B', 'C', 'D', 'E']]",D,0.35598198459263175,0,0.46454903273233905,False,False,0.0,0.644018015287064,0.0,7.272037719283994e-18,1.2030430081301792e-10,0.0,100
2678,We should subsidize distance education,"[['A', 'B', 'C', 'D', 'E'], ['A', 'B', 'C', 'D', 'E']]",E,0.8198347571709255,0,0.9104676075149871,False,False,0.0,0.0,0.17040899552321864,2.517270937614005e-11,0.009756247280683191,0.0,100
2689,We should subsidize Wikipedia,"[['A', 'B', 'C', 'D', 'E'], ['A', 'B', 'C', 'D', 'E']]",A,0.9999999999999153,0,1.0000000000001144,True,True,1.0,0.0,8.480745010854125e-14,0.0,0.0,0.0,100
2689,We should subsidize Wikipedia,"[['A', 'B', 'C', 'D', 'E'], ['A', 'B', 'C', 'D', 'E']]",B,0.7044782540614388,0,0.8070116663389709,False,False,0.0,0.2955217459385612,0.0,2.825757287115571e-17,1.1513201559636693e-16,0.0,100
2689,We should subsidize Wikipedia,"[['A', 'B', 'C', 'D', 'E'], ['A', 'B', 'C', 'D', 'E']]",C,0.9899883049171777,0,1.0136341003193794,True,True,1.0,0.0,0.0,0.0,0.0,0.01001169508282237,100
2689,We should subsidize Wikipedia,"[['A', 'B', 'C', 'D', 'E'], ['A', 'B', 'C', 'D', 'E']]",D,0.011570327138883967,0,0.027825512237750885,False,False,0.0,0.9779885730830722,0.0,4.074747118864933e-12,0.010441099773968955,0.0,100
2689,We should subsidize Wikipedia,"[['A', 'B', 'C', 'D', 'E'], ['A', 'B', 'C', 'D', 'E']]",E,0.8676907683386597,0,0.9475848764855422,False,False,0.0,0.0,0.0025703845278148584,4.349368575550517e-11,0.1297388470900317,0.0,100
3168,We should introduce year round schooling,"[['A', 'B', 'C', 'D', 'E'], ['A', 'B', 'C', 'D', 'E']]",A,0.99999999965409,0,1.0000000001694553,True,True,1.0,0.0,3.4590999372304445e-10,0.0,0.0,0.0,100
3168,We should introduce year round schooling,"[['A', 'B', 'C', 'D', 'E'], ['A', 'B', 'C', 'D', 'E']]",B,0.9369868587461571,0,0.9919171302375298,False,True,0.0,0.06301314125384275,0.0,0.0,4.566516556813411e-17,0.0,100
3168,We should introduce year round schooling,"[['A', 'B', 'C', 'D', 'E'], ['A', 'B', 'C', 'D', 'E']]",C,1.0,0,1.0,True,True,1.0,0.0,0.0,0.0,0.0,0.0,100
3168,We should introduce year round schooling,"[['A', 'B', 'C', 'D', 'E'], ['A', 'B', 'C', 'D', 'E']]",D,0.3012881137500051,0,0.40496152201965496,False,False,0.0,0.6701058917529518,0.0,1.765055094558797e-11,0.028605994479392556,0.0,100
3168,We should introduce year round schooling,"[['A', 'B', 'C', 'D', 'E'], ['A', 'B', 'C', 'D', 'E']]",E,0.8077820900808649,0,0.8916584772762348,False,False,0.0,0.0,0.13469408243021155,1.99699351945796e-10,0.057523827289224186,0.0,100
3180,We should introduce goal line technology,"[['A', 'B', 'C', 'D', 'E'], ['A', 'B', 'C', 'D', 'E']]",A,1.0,0,1.0,True,True,1.0,0.0,2.0431216202119694e-18,0.0,0.0,0.0,100
3180,We should introduce goal line technology,"[['A', 'B', 'C', 'D', 'E'], ['A', 'B', 'C', 'D', 'E']]",B,0.10950114007230617,0,0.18349243918550034,False,False,0.0,0.8904988599276941,0.0,0.0,4.9327273472555496e-18,0.0,100
3180,We should introduce goal line technology,"[['A', 'B', 'C', 'D', 'E'], ['A', 'B', 'C', 'D', 'E']]",C,1.0,0,1.0,True,True,1.0,0.0,0.0,0.0,0.0,6.645544172914961e-19,100
3180,We should introduce goal line technology,"[['A', 'B', 'C', 'D', 'E'], ['A', 'B', 'C', 'D', 'E']]",D,0.37090878198544436,0,0.4789221412131432,False,False,0.0,0.4481638172669134,0.0,1.833196454723116e-11,0.18092740072931032,0.0,100
3180,We should introduce goal line technology,"[['A', 'B', 'C', 'D', 'E'], ['A', 'B', 'C', 'D', 'E']]",E,0.5091161497392688,0,0.6264979921776209,False,False,0.0,0.0,0.1932669908697407,9.250140766933628e-11,0.297616859298489,0.0,100
3183,We should increase airport racial profiling in the United States,"[['A', 'B', 'C', 'D', 'E'], ['A', 'B', 'C', 'D', 'E']]",A,0.11444802079954867,0,0.1841887173555862,False,False,0.0,0.0,0.8855519792004515,0.0,1.8064464264649636e-18,0.0,100
3183,We should increase airport racial profiling in the United States,"[['A', 'B', 'C', 'D', 'E'], ['A', 'B', 'C', 'D', 'E']]",B,0.9900668286946817,0,1.013554863774221,True,True,1.0,6.3430060842079236e-12,0.0,0.009918259800212844,1.4911498762615938e-05,0.0,100
3183,We should increase airport racial profiling in the United States,"[['A', 'B', 'C', 'D', 'E'], ['A', 'B', 'C', 'D', 'E']]",C,0.8448215796849364,0,0.9298966531559463,False,False,0.0,0.0,0.0,0.0,0.0,0.15517842031506365,100
3183,We should increase airport racial profiling in the United States,"[['A', 'B', 'C', 'D', 'E'], ['A', 'B', 'C', 'D', 'E']]",D,0.0,0,0.0,False,False,0.0,1.0,0.0,0.0,0.0,0.0,100
3183,We should increase airport racial profiling in the United States,"[['A', 'B', 'C', 'D', 'E'], ['A', 'B', 'C', 'D', 'E']]",E,1.0,0,1.0,True,True,1.0,0.0,0.0,0.0,0.0,0.0,100
3185,We should adopt socialism,"[['A', 'B', 'C', 'D', 'E'], ['A', 'B', 'C', 'D', 'E']]",A,0.99999999999981,0,1.000000000000232,True,True,1.0,0.0,1.9016885501128588e-13,0.0,0.0,0.0,100
3185,We should adopt socialism,"[['A', 'B', 'C', 'D', 'E'], ['A', 'B', 'C', 'D', 'E']]",B,0.9937926578831489,0,1.0049677424741734,True,True,1.0,0.006207342110942999,0.0,5.908110880752911e-12,2.647192219468555e-16,0.0,100
3185,We should adopt socialism,"[['A', 'B', 'C', 'D', 'E'], ['A', 'B', 'C', 'D', 'E']]",C,0.8997099727483112,0,0.9709176769888395,False,True,0.0,0.0,0.0,0.0,0.0,0.10029002725168876,100
3185,We should adopt socialism,"[['A', 'B', 'C', 'D', 'E'], ['A', 'B', 'C', 'D', 'E']]",D,0.07749657994572737,0,0.13723939237141422,False,False,0.0,0.9225034172957223,0.0,2.030724239957658e-13,2.758347236255507e-09,0.0,100
3185,We should adopt socialism,"[['A', 'B', 'C', 'D', 'E'], ['A', 'B', 'C', 'D', 'E']]",E,0.9949940419241766,0,1.0068169334353974,True,True,1.0,0.0,0.005005945737235239,1.7912033125465492e-13,1.2338408995938865e-08,0.0,100
3191,We should introduce recall elections,"[['A', 'B', 'C', 'D', 'E'], ['A', 'B', 'C', 'D', 'E']]",A,1.0,0,1.0,True,True,1.0,0.0,3.65606444241693e-17,0.0,0.0,0.0,100
3191,We should introduce recall elections,"[['A', 'B', 'C', 'D', 'E'], ['A', 'B', 'C', 'D', 'E']]",B,0.23323798591348052,0,0.3295436345379867,False,False,0.0,0.7667620140865195,0.0,0.0,4.494294577804857e-18,0.0,100
3191,We should introduce recall elections,"[['A', 'B', 'C', 'D', 'E'], ['A', 'B', 'C', 'D', 'E']]",C,1.0,0,1.0,True,True,1.0,0.0,0.0,0.0,0.0,0.0,100
3191,We should introduce recall elections,"[['A', 'B', 'C', 'D', 'E'], ['A', 'B', 'C', 'D', 'E']]",D,0.1418805504480732,0,0.22040041468715188,False,False,0.0,0.8151919596865622,0.0,1.5076820987614112e-11,0.042927489850287916,0.0,100
3191,We should introduce recall elections,"[['A', 'B', 'C', 'D', 'E'], ['A', 'B', 'C', 'D', 'E']]",E,0.8524122003100225,0,0.9329972791746225,False,False,0.0,0.0,0.1252309557040845,1.4099846703242838e-10,0.02235684384489468,0.0,100
3198,We should limit the right of self-defense,"[['A', 'B', 'C', 'D', 'E'], ['A', 'B', 'C', 'D', 'E']]",A,0.8687723886782338,0,0.9394823559259009,False,False,0.0,0.0,0.13122761132176625,0.0,0.0,0.0,100
3198,We should limit the right of self-defense,"[['A', 'B', 'C', 'D', 'E'], ['A', 'B', 'C', 'D', 'E']]",B,0.9288749930792075,0,0.9866030877907623,False,True,0.0,0.07112500692079243,0.0,0.0,4.8723955617123436e-17,0.0,100
3198,We should limit the right of self-defense,"[['A', 'B', 'C', 'D', 'E'], ['A', 'B', 'C', 'D', 'E']]",C,0.9594006191923795,0,1.0057357962731723,True,True,1.0,0.0,0.0,0.0,0.0,0.040599380807620475,100
3198,We should limit the right of self-defense,"[['A', 'B', 'C', 'D', 'E'], ['A', 'B', 'C', 'D', 'E']]",D,5.0740609686311355e-15,0,1.6308003163281032e-14,False,False,0.0,0.9999999999999949,0.0,0.0,0.0,0.0,100
3198,We should limit the right of self-defense,"[['A', 'B', 'C', 'D', 'E'], ['A', 'B', 'C', 'D', 'E']]",E,0.9999999999999827,0,1.0000000000000049,True,True,1.0,0.0,1.7387535406356052e-14,0.0,0.0,0.0,100
3199,We should fight urbanization,"[['A', 'B', 'C', 'D', 'E'], ['A', 'B', 'C', 'D', 'E']]",A,0.9949561301256185,0,1.0008548724061315,True,True,1.0,0.0,0.005043869874381673,0.0,1.4041488111463985e-18,0.0,100
3199,We should fight urbanization,"[['A', 'B', 'C', 'D', 'E'], ['A', 'B', 'C', 'D', 'E']]",B,0.9978300572300381,0,1.0021914587540268,True,True,1.0,0.0021699427697843923,0.0,1.7429296773476901e-13,3.1593240808972515e-15,0.0,100
3199,We should fight urbanization,"[['A', 'B', 'C', 'D', 'E'], ['A', 'B', 'C', 'D', 'E']]",C,0.43069318982534066,0,0.5481868658780935,False,False,0.0,0.0,0.0,0.0,0.0,0.5693068101746593,100
3199,We should fight urbanization,"[['A', 'B', 'C', 'D', 'E'], ['A', 'B', 'C', 'D', 'E']]",D,1.1692259006745522e-12,0,3.6144786338525764e-12,False,False,0.0,0.9999999999988307,0.0,0.0,0.0,0.0,100
3199,We should fight urbanization,"[['A', 'B', 'C', 'D', 'E'], ['A', 'B', 'C', 'D', 'E']]",E,0.9999999999999996,0,1.0000000000000004,True,True,1.0,0.0,5.366536305920375e-16,0.0,0.0,0.0,100
3207,We should abandon social media,"[['A', 'B', 'C', 'D', 'E'], ['A', 'B', 'C', 'D', 'E']]",A,0.9999999999997761,0,1.0000000000002072,True,True,1.0,0.0,2.2399898064438118e-13,0.0,0.0,0.0,100
3207,We should abandon social media,"[['A', 'B', 'C', 'D', 'E'], ['A', 'B', 'C', 'D', 'E']]",B,0.8625617595401904,0,0.9388240854871385,False,False,0.0,0.12741897244902234,0.0,3.8582976936767144e-05,0.009980685033850472,0.0,100
3207,We should abandon social media,"[['A', 'B', 'C', 'D', 'E'], ['A', 'B', 'C', 'D', 'E']]",C,0.029770269903122874,0,0.07000260046332803,False,False,0.0,0.0,0.0,0.0,0.0,0.9702297300968772,100
3207,We should abandon social media,"[['A', 'B', 'C', 'D', 'E'], ['A', 'B', 'C', 'D', 'E']]",D,4.319665200405819e-10,0,1.4106453280311823e-09,False,False,0.0,0.9999999995680336,0.0,0.0,0.0,0.0,100
3207,We should abandon social media,"[['A', 'B', 'C', 'D', 'E'], ['A', 'B', 'C', 'D', 'E']]",E,0.999999985576071,0,1.0000000180029813,True,True,1.0,0.0,1.4423929036653878e-08,0.0,0.0,0.0,100
3208,We should prohibit slum tourism,"[['A', 'B', 'C', 'D', 'E'], ['A', 'B', 'C', 'D', 'E']]",A,0.9999999998963628,0,1.0000000000423213,True,True,1.0,0.0,1.03637095247427e-10,0.0,0.0,0.0,100
3208,We should prohibit slum tourism,"[['A', 'B', 'C', 'D', 'E'], ['A', 'B', 'C', 'D', 'E']]",B,0.28230424808085314,0,0.37978617954427163,False,False,0.0,0.7176957519191466,0.0,1.518455217279137e-17,2.044206045811763e-16,0.0,100
3208,We should prohibit slum tourism,"[['A', 'B', 'C', 'D', 'E'], ['A', 'B', 'C', 'D', 'E']]",C,0.7173635737302072,0,0.8238391919177636,False,False,0.0,0.0,0.0,0.0,0.0,0.28263642626979285,100
3208,We should prohibit slum tourism,"[['A', 'B', 'C', 'D', 'E'], ['A', 'B', 'C', 'D', 'E']]",D,0.12323689630968586,0,0.19858337213471783,False,False,0.0,0.8767631036903141,0.0,0.0,0.0,0.0,100
3208,We should prohibit slum tourism,"[['A', 'B', 'C', 'D', 'E'], ['A', 'B', 'C', 'D', 'E']]",E,0.9881660927077565,0,1.012157853399885,True,True,1.0,0.0,0.011833907292243484,0.0,0.0,0.0,100
3212,We should adopt the teacher tenure reform,"[['A', 'B', 'C', 'D', 'E'], ['A', 'B', 'C', 'D', 'E']]",A,0.9999999999999417,0,1.0000000000000393,True,True,1.0,0.0,5.840786166228044e-14,0.0,0.0,0.0,100
3212,We should adopt the teacher tenure reform,"[['A', 'B', 'C', 'D', 'E'], ['A', 'B', 'C', 'D', 'E']]",B,0.8569458248901896,0,0.9339137379728878,False,False,0.0,0.14305417510981047,0.0,0.0,5.08523816643925e-17,0.0,100
3212,We should adopt the teacher tenure reform,"[['A', 'B', 'C', 'D', 'E'], ['A', 'B', 'C', 'D', 'E']]",C,1.0,0,1.0,True,True,1.0,0.0,0.0,0.0,0.0,0.0,100
3212,We should adopt the teacher tenure reform,"[['A', 'B', 'C', 'D', 'E'], ['A', 'B', 'C', 'D', 'E']]",D,0.07159489295471207,0,0.12797069668728672,False,False,0.0,0.9284051068442879,0.0,2.0737504893584256e-13,2.0079255969044437e-10,0.0,100
3212,We should adopt the teacher tenure reform,"[['A', 'B', 'C', 'D', 'E'], ['A', 'B', 'C', 'D', 'E']]",E,0.9999999479751734,0,1.0000000611870683,True,True,1.0,0.0,5.2024818118037256e-08,1.981009007960386e-15,6.532263377745695e-15,0.0,100
3227,We should abolish capital punishment,"[['A', 'B', 'C', 'D', 'E'], ['A', 'B', 'C', 'D', 'E']]",A,1.0,0,1.0,True,True,1.0,0.0,2.1574923126757735e-19,0.0,0.0,0.0,100
3227,We should abolish capital punishment,"[['A', 'B', 'C', 'D', 'E'], ['A', 'B', 'C', 'D', 'E']]",B,3.3084173177656025e-09,0,9.109232658331447e-09,False,False,0.0,0.9999999966915827,0.0,0.0,0.0,0.0,100
3227,We should abolish capital punishment,"[['A', 'B', 'C', 'D', 'E'], ['A', 'B', 'C', 'D', 'E']]",C,1.0,0,1.0,True,True,1.0,0.0,0.0,0.0,0.0,0.0,100
3227,We should abolish capital punishment,"[['A', 'B', 'C', 'D', 'E'], ['A', 'B', 'C', 'D', 'E']]",D,0.010000022527025507,0,0.03364608038626378,False,False,0.0,0.9899999774729745,0.0,0.0,0.0,0.0,100
3227,We should abolish capital punishment,"[['A', 'B', 'C', 'D', 'E'], ['A', 'B', 'C', 'D', 'E']]",E,0.9693592266196634,0,1.009896450191913,True,True,1.0,0.0,0.03064077338033636,0.0,2.6807483215944673e-16,0.0,100
3232,We should cancel pride parades,"[['A', 'B', 'C', 'D', 'E'], ['A', 'B', 'C', 'D', 'E']]",A,0.04518356335970453,0,0.08780849959136824,False,False,0.0,0.0,0.954816436640295,2.941573028445559e-17,4.652609174230866e-16,0.0,100
3232,We should cancel pride parades,"[['A', 'B', 'C', 'D', 'E'], ['A', 'B', 'C', 'D', 'E']]",B,0.9999999772624163,0,1.0000000307074726,True,True,1.0,3.708104221101379e-11,0.0,2.2700501884940304e-08,6.601162596631782e-16,0.0,100
3232,We should cancel pride parades,"[['A', 'B', 'C', 'D', 'E'], ['A', 'B', 'C', 'D', 'E']]",C,0.9900000000000656,0,1.01364605861778,True,True,1.0,0.0,0.0,0.0,0.0,0.009999999999934398,100
3232,We should cancel pride parades,"[['A', 'B', 'C', 'D', 'E'], ['A', 'B', 'C', 'D', 'E']]",D,0.0,0,0.0,False,False,0.0,1.0,0.0,0.0,0.0,0.0,100
3232,We should cancel pride parades,"[['A', 'B', 'C', 'D', 'E'], ['A', 'B', 'C', 'D', 'E']]",E,1.0,0,1.0,True,True,1.0,0.0,0.0,0.0,0.0,0.0,100
3487,We should close landfills,"[['A', 'B', 'C', 'D', 'E'], ['A', 'B', 'C', 'D', 'E']]",A,1.0,0,1.0,True,True,1.0,0.0,9.644171979964423e-18,0.0,0.0,0.0,100
3487,We should close landfills,"[['A', 'B', 'C', 'D', 'E'], ['A', 'B', 'C', 'D', 'E']]",B,0.38762424551776015,0,0.5015218113134299,False,False,0.0,0.6123757544822396,0.0,7.31176541937407e-18,1.3057381183207105e-16,0.0,100
3487,We should close landfills,"[['A', 'B', 'C', 'D', 'E'], ['A', 'B', 'C', 'D', 'E']]",C,0.37961198321469114,0,0.49195493012214236,False,False,0.0,0.0,0.0,0.0,0.0,0.6203880167853089,100
3487,We should close landfills,"[['A', 'B', 'C', 'D', 'E'], ['A', 'B', 'C', 'D', 'E']]",D,0.03589176221744191,0,0.07486366688558903,False,False,0.0,0.9641082377825582,0.0,0.0,6.6455441714713135e-19,0.0,100
3487,We should close landfills,"[['A', 'B', 'C', 'D', 'E'], ['A', 'B', 'C', 'D', 'E']]",E,0.9997697418457551,0,1.0003130548023182,True,True,1.0,0.0,0.0002302581542444809,0.0,3.9008007081872324e-16,0.0,100
3492,We should further exploit natural gas,"[['A', 'B', 'C', 'D', 'E'], ['A', 'B', 'C', 'D', 'E']]",A,0.9999999999998197,0,1.0000000000000286,True,True,1.0,0.0,1.804383612720555e-13,0.0,0.0,0.0,100
3492,We should further exploit natural gas,"[['A', 'B', 'C', 'D', 'E'], ['A', 'B', 'C', 'D', 'E']]",B,0.8640248542332504,0,0.9398789677739781,False,False,0.0,0.13597514576674974,0.0,9.173890754179015e-18,7.405636516913781e-17,0.0,100
3492,We should further exploit natural gas,"[['A', 'B', 'C', 'D', 'E'], ['A', 'B', 'C', 'D', 'E']]",C,0.9699992870159698,0,1.010539622667361,True,True,1.0,0.0,0.0,0.0,0.0,0.030000712984030127,100
3492,We should further exploit natural gas,"[['A', 'B', 'C', 'D', 'E'], ['A', 'B', 'C', 'D', 'E']]",D,3.5365620593826745e-07,0,1.189690126213823e-06,False,False,0.0,0.9999996463437939,0.0,0.0,6.778407440965899e-17,0.0,100
3492,We should further exploit natural gas,"[['A', 'B', 'C', 'D', 'E'], ['A', 'B', 'C', 'D', 'E']]",E,0.9999239607564419,0,1.0000834640506828,True,True,1.0,0.0,7.603924355827433e-05,0.0,0.0,0.0,100
3661,We should abolish foster care,"[['A', 'B', 'C', 'D', 'E'], ['A', 'B', 'C', 'D', 'E']]",A,0.9999999959363838,0,1.0000000019177053,True,True,1.0,0.0,4.0636163512419655e-09,0.0,0.0,0.0,100
3661,We should abolish foster care,"[['A', 'B', 'C', 'D', 'E'], ['A', 'B', 'C', 'D', 'E']]",B,0.7488607795861484,0,0.8451524213285481,False,False,0.0,0.21820880315390326,0.0,0.03020068642905014,0.002729730830898175,0.0,100
3661,We should abolish foster care,"[['A', 'B', 'C', 'D', 'E'], ['A', 'B', 'C', 'D', 'E']]",C,0.039997511799067194,0,0.086564672795555,False,False,0.0,0.0,0.0,0.0,0.0,0.9600024882009328,100
3661,We should abolish foster care,"[['A', 'B', 'C', 'D', 'E'], ['A', 'B', 'C', 'D', 'E']]",D,3.3535033551065556e-06,0,1.1283210327105416e-05,False,False,0.0,0.999996646496645,0.0,0.0,0.0,0.0,100
3661,We should abolish foster care,"[['A', 'B', 'C', 'D', 'E'], ['A', 'B', 'C', 'D', 'E']]",E,0.9999999999999953,0,1.0000000000000038,True,True,1.0,0.0,4.78373619980665e-15,0.0,0.0,0.0,100
3688,We should abolish the presidential pardon,"[['A', 'B', 'C', 'D', 'E'], ['A', 'B', 'C', 'D', 'E']]",A,0.9999999912994447,0,1.0000000071870043,True,True,1.0,0.0,8.70055526928257e-09,0.0,0.0,0.0,100
3688,We should abolish the presidential pardon,"[['A', 'B', 'C', 'D', 'E'], ['A', 'B', 'C', 'D', 'E']]",B,0.7096662365241191,0,0.8121426308307825,False,False,0.0,0.2801039897980968,0.0,0.00022977367778367636,0.01000000000000042,0.0,100
3688,We should abolish the presidential pardon,"[['A', 'B', 'C', 'D', 'E'], ['A', 'B', 'C', 'D', 'E']]",C,0.7779551519540757,0,0.8761973052218301,False,False,0.0,0.0,0.0,0.0,0.0,0.22204484804592434,100
3688,We should abolish the presidential pardon,"[['A', 'B', 'C', 'D', 'E'], ['A', 'B', 'C', 'D', 'E']]",D,1.7632770509997128e-10,0,5.371431947045243e-10,False,False,0.0,0.9999999998236724,0.0,0.0,0.0,0.0,100
3688,We should abolish the presidential pardon,"[['A', 'B', 'C', 'D', 'E'], ['A', 'B', 'C', 'D', 'E']]",E,0.9999999999948644,0,1.0000000000014322,True,True,1.0,0.0,5.135537178973259e-12,0.0,0.0,0.0,100
3730,Community service should be mandatory,"[['A', 'B', 'C', 'D', 'E'], ['A', 'B', 'C', 'D', 'E']]",A,0.9999999999999973,0,1.0000000000000007,True,True,1.0,0.0,2.74804932133192e-15,0.0,0.0,0.0,100
3730,Community service should be mandatory,"[['A', 'B', 'C', 'D', 'E'], ['A', 'B', 'C', 'D', 'E']]",B,0.633626990174594,0,0.7440886267177506,False,False,0.0,0.366373009825406,0.0,0.0,1.1482096352568927e-17,0.0,100
3730,Community service should be mandatory,"[['A', 'B', 'C', 'D', 'E'], ['A', 'B', 'C', 'D', 'E']]",C,0.8922251075082621,0,0.9652500877258678,False,True,0.0,0.0,0.0,0.0,0.0,0.1077748924917378,100
3730,Community service should be mandatory,"[['A', 'B', 'C', 'D', 'E'], ['A', 'B', 'C', 'D', 'E']]",D,0.06766331826007578,0,0.1250427079769284,False,False,0.0,0.9323366806132443,0.0,1.0785789255007152e-14,1.1266691736081705e-09,0.0,100
3730,Community service should be mandatory,"[['A', 'B', 'C', 'D', 'E'], ['A', 'B', 'C', 'D', 'E']]",E,0.9298916560279251,0,0.9853801786356823,False,True,0.0,0.0,0.07009777737102874,7.830270116947541e-12,1.056659321585637e-05,0.0,100
3758,We should further exploit sustainable energies,"[['A', 'B', 'C', 'D', 'E'], ['A', 'B', 'C', 'D', 'E']]",A,1.0,0,1.0,True,True,1.0,0.0,0.0,0.0,0.0,0.0,100
3758,We should further exploit sustainable energies,"[['A', 'B', 'C', 'D', 'E'], ['A', 'B', 'C', 'D', 'E']]",B,0.04521218020856395,0,0.09232826336793667,False,False,0.0,0.954787819791436,0.0,0.0,1.2415512616196605e-18,0.0,100
3758,We should further exploit sustainable energies,"[['A', 'B', 'C', 'D', 'E'], ['A', 'B', 'C', 'D', 'E']]",C,0.7525734797880174,0,0.8533491423554406,False,False,0.0,0.0,0.0,0.0,0.0,0.24742652021198275,100
3758,We should further exploit sustainable energies,"[['A', 'B', 'C', 'D', 'E'], ['A', 'B', 'C', 'D', 'E']]",D,0.967683317786351,0,1.005908422065667,True,True,1.0,6.233492327335069e-07,0.0,0.027264784778278206,0.005051274086138015,0.0,100
3758,We should further exploit sustainable energies,"[['A', 'B', 'C', 'D', 'E'], ['A', 'B', 'C', 'D', 'E']]",E,0.4970612037244318,0,0.6098995586995473,False,False,0.0,0.0,0.5029237441954928,9.227276663780797e-11,1.5051987802569745e-05,0.0,100
2083,We should legalize organ trade,"[['A', 'B', 'C', 'D', 'E'], ['A', 'B', 'C', 'D', 'E']]",A,0.9999999999615151,0,1.0000000000419966,True,True,1.0,0.0,3.848487070777225e-11,0.0,0.0,0.0,100
2083,We should legalize organ trade,"[['A', 'B', 'C', 'D', 'E'], ['A', 'B', 'C', 'D', 'E']]",B,0.5452001946095871,0,0.655115049992221,False,False,0.0,0.45479980539041287,0.0,0.0,5.019411998131367e-17,0.0,100
2083,We should legalize organ trade,"[['A', 'B', 'C', 'D', 'E'], ['A', 'B', 'C', 'D', 'E']]",C,1.0,0,1.0,True,True,1.0,0.0,0.0,0.0,0.0,0.0,100
2083,We should legalize organ trade,"[['A', 'B', 'C', 'D', 'E'], ['A', 'B', 'C', 'D', 'E']]",D,0.007876155801870512,0,0.026219908767074807,False,False,0.0,0.9921046138450295,0.0,2.6371324640249798e-11,1.9230326728611177e-05,0.0,100
2083,We should legalize organ trade,"[['A', 'B', 'C', 'D', 'E'], ['A', 'B', 'C', 'D', 'E']]",E,0.9889983363065208,0,1.0127076033804445,True,True,1.0,0.0,0.00830263163818002,1.8619427850801593e-11,0.0026990320366796117,0.0,100
2166,We should legalize sex selection,"[['A', 'B', 'C', 'D', 'E'], ['A', 'B', 'C', 'D', 'E']]",A,0.9995245072992972,0,1.0006459144417392,True,True,1.0,0.0,0.00047549270070276214,0.0,0.0,0.0,100
2166,We should legalize sex selection,"[['A', 'B', 'C', 'D', 'E'], ['A', 'B', 'C', 'D', 'E']]",B,0.9214395711156871,0,0.9746088818353574,False,True,0.0,0.07856042888431268,0.0,0.0,4.254470784577547e-16,0.0,100
2166,We should legalize sex selection,"[['A', 'B', 'C', 'D', 'E'], ['A', 'B', 'C', 'D', 'E']]",C,0.9999999985550009,0,1.0000000019718094,True,True,1.0,0.0,0.0,0.0,0.0,1.4449991137738174e-09,100
2166,We should legalize sex selection,"[['A', 'B', 'C', 'D', 'E'], ['A', 'B', 'C', 'D', 'E']]",D,0.29071478352605634,0,0.39487221807589057,False,False,0.0,0.6904704057536543,0.0,1.6786254494618506e-13,0.018814810720121495,0.0,100
2166,We should legalize sex selection,"[['A', 'B', 'C', 'D', 'E'], ['A', 'B', 'C', 'D', 'E']]",E,0.7515661649386545,0,0.8490225623510937,False,False,0.0,0.0,0.23341305142393737,3.5875934077530555e-11,0.015020783601532344,0.0,100
2402,We should close the Guantanamo Bay detention camp,"[['A', 'B', 'C', 'D', 'E'], ['A', 'B', 'C', 'D', 'E']]",A,1.0,0,1.0,True,True,1.0,0.0,0.0,0.0,0.0,0.0,100
2402,We should close the Guantanamo Bay detention camp,"[['A', 'B', 'C', 'D', 'E'], ['A', 'B', 'C', 'D', 'E']]",B,0.1450656631275546,0,0.22614585571970353,False,False,0.0,0.8549343368724455,0.0,0.0,5.904645543382498e-18,0.0,100
2402,We should close the Guantanamo Bay detention camp,"[['A', 'B', 'C', 'D', 'E'], ['A', 'B', 'C', 'D', 'E']]",C,1.0,0,1.0,True,True,1.0,0.0,0.0,0.0,0.0,0.0,100
2402,We should close the Guantanamo Bay detention camp,"[['A', 'B', 'C', 'D', 'E'], ['A', 'B', 'C', 'D', 'E']]",D,0.23996428537479322,0,0.3368569559116943,False,False,0.0,0.7202387655987782,0.0,5.022748171311756e-14,0.0397969490263784,0.0,100
2402,We should close the Guantanamo Bay detention camp,"[['A', 'B', 'C', 'D', 'E'], ['A', 'B', 'C', 'D', 'E']]",E,0.2998145133720362,0,0.40819006941711033,False,False,0.0,0.0,0.7000964322706613,6.493450182705307e-13,8.905435665313554e-05,0.0,100
3193,We should fight nationalism,"[['A', 'B', 'C', 'D', 'E'], ['A', 'B', 'C', 'D', 'E']]",A,1.0,0,1.0,True,True,1.0,0.0,2.746924748133392e-18,0.0,0.0,0.0,100
3193,We should fight nationalism,"[['A', 'B', 'C', 'D', 'E'], ['A', 'B', 'C', 'D', 'E']]",B,0.20087446662382147,0,0.2936967912510949,False,False,0.0,0.7991255333761784,0.0,5.888035200579009e-18,5.100506644641594e-17,0.0,100
3193,We should fight nationalism,"[['A', 'B', 'C', 'D', 'E'], ['A', 'B', 'C', 'D', 'E']]",C,0.9457308812636371,0,0.9982052911863627,False,True,0.0,0.0,0.0,0.0,0.0,0.0542691187363629,100
3193,We should fight nationalism,"[['A', 'B', 'C', 'D', 'E'], ['A', 'B', 'C', 'D', 'E']]",D,0.2860319947046784,0,0.3853920346418214,False,False,0.0,0.7139680052877391,0.0,7.582561508339318e-12,8.703945189235332e-17,0.0,100
3193,We should fight nationalism,"[['A', 'B', 'C', 'D', 'E'], ['A', 'B', 'C', 'D', 'E']]",E,0.9808206247306291,0,1.0091753284724783,True,True,1.0,0.0,0.019179375269370833,0.0,0.0,0.0,100
3197,We should end progressive taxation,"[['A', 'B', 'C', 'D', 'E'], ['A', 'B', 'C', 'D', 'E']]",A,0.9999999959033681,0,1.0000000051906746,True,True,1.0,0.0,4.096631843686159e-09,0.0,0.0,0.0,100
3197,We should end progressive taxation,"[['A', 'B', 'C', 'D', 'E'], ['A', 'B', 'C', 'D', 'E']]",B,0.8477887252969254,0,0.9227213730726735,False,False,0.0,0.1522112747030747,0.0,9.087141047161639e-19,1.3608345954718285e-16,0.0,100
3197,We should end progressive taxation,"[['A', 'B', 'C', 'D', 'E'], ['A', 'B', 'C', 'D', 'E']]",C,0.9704345070136029,0,1.0103907260701175,True,True,1.0,0.0,0.0,0.0,0.0,0.02956549298639701,100
3197,We should end progressive taxation,"[['A', 'B', 'C', 'D', 'E'], ['A', 'B', 'C', 'D', 'E']]",D,1.1544476212563025e-15,0,3.2281713890390005e-15,False,False,0.0,0.9999999999999989,0.0,0.0,0.0,0.0,100
3197,We should end progressive taxation,"[['A', 'B', 'C', 'D', 'E'], ['A', 'B', 'C', 'D', 'E']]",E,0.9999999999991647,0,1.0000000000003548,True,True,1.0,0.0,8.35331091614913e-13,0.0,0.0,0.0,100
4004,Blood donation should be mandatory,"[['A', 'B', 'C', 'D', 'E'], ['A', 'B', 'C', 'D', 'E']]",A,0.9999999995190985,0,1.0000000002683953,True,True,1.0,0.0,4.809016535333008e-10,0.0,0.0,0.0,100
4004,Blood donation should be mandatory,"[['A', 'B', 'C', 'D', 'E'], ['A', 'B', 'C', 'D', 'E']]",B,0.8982994255298918,0,0.9672530719373955,False,True,0.0,0.10170057447010822,0.0,0.0,6.991643853731197e-17,0.0,100
4004,Blood donation should be mandatory,"[['A', 'B', 'C', 'D', 'E'], ['A', 'B', 'C', 'D', 'E']]",C,0.7572917103283067,0,0.8582878635117062,False,False,0.0,0.0,0.0,0.0,0.0,0.24270828967169333,100
4004,Blood donation should be mandatory,"[['A', 'B', 'C', 'D', 'E'], ['A', 'B', 'C', 'D', 'E']]",D,0.010002271309609853,0,0.033643419031177055,False,False,0.0,0.9899977286896839,0.0,5.007752983335403e-16,7.058225072672703e-13,0.0,100
4004,Blood donation should be mandatory,"[['A', 'B', 'C', 'D', 'E'], ['A', 'B', 'C', 'D', 'E']]",E,0.9943782340792771,0,1.0076714925540917,True,True,1.0,0.0,0.005621765919501638,0.0,1.2212949717839813e-12,0.0,100
3205,We should end water fluoridation,"[['A', 'B', 'C', 'D', 'E'], ['A', 'B', 'C', 'D', 'E']]",A,0.9389751595738656,0,0.9912233918863209,False,True,0.0,0.0,0.06102484042613446,0.0,1.6311701871352204e-17,0.0,100
3205,We should end water fluoridation,"[['A', 'B', 'C', 'D', 'E'], ['A', 'B', 'C', 'D', 'E']]",B,0.9675369444326116,0,1.0049206458714104,True,True,1.0,0.032463055567388224,0.0,2.5442114016433985e-17,1.1722211492802157e-16,0.0,100
3205,We should end water fluoridation,"[['A', 'B', 'C', 'D', 'E'], ['A', 'B', 'C', 'D', 'E']]",C,1.0,0,1.0,True,True,1.0,0.0,0.0,0.0,0.0,0.0,100
3205,We should end water fluoridation,"[['A', 'B', 'C', 'D', 'E'], ['A', 'B', 'C', 'D', 'E']]",D,2.1048795253946898e-14,0,5.004642645330848e-14,False,False,0.0,0.999999999999979,0.0,0.0,0.0,0.0,100
3205,We should end water fluoridation,"[['A', 'B', 'C', 'D', 'E'], ['A', 'B', 'C', 'D', 'E']]",E,0.999999999985272,0,1.0000000000106244,True,True,1.0,0.0,1.472806977352114e-11,0.0,0.0,0.0,100
3237,We should prohibit unisex bathrooms,"[['A', 'B', 'C', 'D', 'E'], ['A', 'B', 'C', 'D', 'E']]",A,0.9444031111557182,0,0.9926109888908033,False,True,0.0,0.0,0.05559688884428177,0.0,8.532006404116685e-19,0.0,100
3237,We should prohibit unisex bathrooms,"[['A', 'B', 'C', 'D', 'E'], ['A', 'B', 'C', 'D', 'E']]",B,0.9914685408553925,0,1.0042926518053863,True,True,1.0,0.008531459144607394,0.0,2.0469717106051453e-18,9.314328511724108e-17,0.0,100
3237,We should prohibit unisex bathrooms,"[['A', 'B', 'C', 'D', 'E'], ['A', 'B', 'C', 'D', 'E']]",C,0.9799752698424047,0,1.0132457379404027,True,True,1.0,0.0,0.0,0.0,0.0,0.020024730157595382,100
3237,We should prohibit unisex bathrooms,"[['A', 'B', 'C', 'D', 'E'], ['A', 'B', 'C', 'D', 'E']]",D,7.503757866299736e-07,0,2.1803418515687564e-06,False,False,0.0,0.9999992496242136,0.0,0.0,0.0,0.0,100
3237,We should prohibit unisex bathrooms,"[['A', 'B', 'C', 'D', 'E'], ['A', 'B', 'C', 'D', 'E']]",E,0.9999992316850056,0,1.0000010012766263,True,True,1.0,0.0,7.683149944137708e-07,0.0,0.0,0.0,100
2652,We should ban mass surveillance,"[['A', 'B', 'C', 'D', 'E'], ['A', 'B', 'C', 'D', 'E']]",A,1.0,0,1.0,True,True,1.0,0.0,1.086367609006525e-17,0.0,0.0,0.0,100
2652,We should ban mass surveillance,"[['A', 'B', 'C', 'D', 'E'], ['A', 'B', 'C', 'D', 'E']]",B,0.33954251412442743,0,0.44857346437781953,False,False,0.0,0.660457485875541,0.0,1.1187364473566813e-14,2.041201911612198e-14,0.0,100
2652,We should ban mass surveillance,"[['A', 'B', 'C', 'D', 'E'], ['A', 'B', 'C', 'D', 'E']]",C,0.6750531410788256,0,0.7857089806960325,False,False,0.0,0.0,0.0,0.0,0.0,0.3249468589211743,100
2652,We should ban mass surveillance,"[['A', 'B', 'C', 'D', 'E'], ['A', 'B', 'C', 'D', 'E']]",D,0.14635555706026454,0,0.22341927023989638,False,False,0.0,0.8536444429397353,0.0,0.0,0.0,0.0,100
2652,We should ban mass surveillance,"[['A', 'B', 'C', 'D', 'E'], ['A', 'B', 'C', 'D', 'E']]",E,0.9595499126184339,0,1.0059771848350272,True,True,1.0,0.0,0.04045008738155153,0.0,1.463546854861325e-14,0.0,100
3435,Begging should be banned,"[['A', 'B', 'C', 'D', 'E'], ['A', 'B', 'C', 'D', 'E']]",A,0.9732774920243034,0,1.0075206829133607,True,True,1.0,0.0,0.026722507975696516,0.0,1.7069334242873347e-17,0.0,100
3435,Begging should be banned,"[['A', 'B', 'C', 'D', 'E'], ['A', 'B', 'C', 'D', 'E']]",B,0.9519238806246938,0,0.9934486213750213,False,True,1.0,0.04807611937530603,0.0,4.814015931583623e-20,9.68445892091041e-17,0.0,100
3435,Begging should be banned,"[['A', 'B', 'C', 'D', 'E'], ['A', 'B', 'C', 'D', 'E']]",C,0.8011649802690606,0,0.8952639253865241,False,False,0.0,0.0,0.0,0.0,0.0,0.19883501973093964,100
3435,Begging should be banned,"[['A', 'B', 'C', 'D', 'E'], ['A', 'B', 'C', 'D', 'E']]",D,0.00046432747231374546,0,0.0013678528847664824,False,False,0.0,0.9995356725276653,0.0,0.0,2.0958925389397104e-14,0.0,100
3435,Begging should be banned,"[['A', 'B', 'C', 'D', 'E'], ['A', 'B', 'C', 'D', 'E']]",E,0.9999543448636448,0,1.000051009532308,True,True,1.0,0.0,4.565513632803843e-05,0.0,2.723569026906755e-14,0.0,100
3923,Health education should be mandatory,"[['A', 'B', 'C', 'D', 'E'], ['A', 'B', 'C', 'D', 'E']]",A,1.0,0,1.0,True,True,1.0,0.0,4.81401605246353e-20,0.0,0.0,0.0,100
3923,Health education should be mandatory,"[['A', 'B', 'C', 'D', 'E'], ['A', 'B', 'C', 'D', 'E']]",B,0.13508646007258104,0,0.2140203693915659,False,False,0.0,0.8649135399274189,0.0,0.0,4.444555505236044e-18,0.0,100
3923,Health education should be mandatory,"[['A', 'B', 'C', 'D', 'E'], ['A', 'B', 'C', 'D', 'E']]",C,0.8279846843909249,0,0.9170602600381088,False,False,0.0,0.0,0.0,0.0,0.0,0.17201531560907518,100
3923,Health education should be mandatory,"[['A', 'B', 'C', 'D', 'E'], ['A', 'B', 'C', 'D', 'E']]",D,0.7139430399758772,0,0.8120418928991398,False,False,0.0,0.280551919455963,0.0,1.120871498667345e-12,0.0055050405670389315,0.0,100
3923,Health education should be mandatory,"[['A', 'B', 'C', 'D', 'E'], ['A', 'B', 'C', 'D', 'E']]",E,0.40901277710267725,0,0.5233537567106736,False,False,0.0,0.0,0.36407924693362503,1.6185212973543814e-10,0.22690797580184566,0.0,100
4000,The Euro should be abandoned,"[['A', 'B', 'C', 'D', 'E'], ['A', 'B', 'C', 'D', 'E']]",A,0.9550684260678994,0,0.9976028638520297,False,True,1.0,0.0,0.044931573932100566,0.0,1.9999351171869845e-18,0.0,100
4000,The Euro should be abandoned,"[['A', 'B', 'C', 'D', 'E'], ['A', 'B', 'C', 'D', 'E']]",B,0.9997604166153583,0,1.0003039346623686,True,True,1.0,0.00023958338463837155,0.0,3.2812565316076944e-15,7.417764694792549e-17,0.0,100
4000,The Euro should be abandoned,"[['A', 'B', 'C', 'D', 'E'], ['A', 'B', 'C', 'D', 'E']]",C,1.0,0,1.0,True,True,1.0,0.0,0.0,0.0,0.0,0.0,100
4000,The Euro should be abandoned,"[['A', 'B', 'C', 'D', 'E'], ['A', 'B', 'C', 'D', 'E']]",D,1.2005473105131407e-15,0,3.3077406840877883e-15,False,False,0.0,0.9999999999999989,0.0,0.0,0.0,0.0,100
4000,The Euro should be abandoned,"[['A', 'B', 'C', 'D', 'E'], ['A', 'B', 'C', 'D', 'E']]",E,0.9999999999999966,0,1.0000000000000002,True,True,1.0,0.0,3.2699616146696563e-15,0.0,0.0,0.0,100
3244,We should abandon Twitter,"[['A', 'B', 'C', 'D', 'E'], ['A', 'B', 'C', 'D', 'E']]",A,0.9999999997728554,0,1.0000000002362301,True,True,1.0,0.0,2.2714457685584109e-10,0.0,0.0,0.0,100
3244,We should abandon Twitter,"[['A', 'B', 'C', 'D', 'E'], ['A', 'B', 'C', 'D', 'E']]",B,0.9027052399281942,0,0.9613251977132544,False,False,0.0,0.09729476007164209,0.0,1.626567085091443e-13,1.003527305285068e-15,0.0,100
3244,We should abandon Twitter,"[['A', 'B', 'C', 'D', 'E'], ['A', 'B', 'C', 'D', 'E']]",C,0.6571969188532546,0,0.7689419460751876,False,False,0.0,0.0,0.0,0.0,0.0,0.34280308114674535,100
3244,We should abandon Twitter,"[['A', 'B', 'C', 'D', 'E'], ['A', 'B', 'C', 'D', 'E']]",D,3.506798855454594e-05,0,0.00011021855069290386,False,False,0.0,0.9999649320114457,0.0,0.0,0.0,0.0,100
3244,We should abandon Twitter,"[['A', 'B', 'C', 'D', 'E'], ['A', 'B', 'C', 'D', 'E']]",E,0.9999984101773606,0,1.0000021564588015,True,True,1.0,0.0,1.5898226395786087e-06,0.0,0.0,0.0,100
4275,We should abandon speed limit enforcement,"[['A', 'B', 'C', 'D', 'E'], ['A', 'B', 'C', 'D', 'E']]",A,0.7784744430763005,0,0.864176611563034,False,False,0.0,0.0,0.22152555692369927,1.594110345739256e-18,1.6267468675565617e-16,0.0,100
4275,We should abandon speed limit enforcement,"[['A', 'B', 'C', 'D', 'E'], ['A', 'B', 'C', 'D', 'E']]",B,0.8865412105914459,0,0.960468798828079,False,True,0.0,4.385929853400845e-08,0.0,0.05157411491818492,0.06188463063107065,0.0,100
4275,We should abandon speed limit enforcement,"[['A', 'B', 'C', 'D', 'E'], ['A', 'B', 'C', 'D', 'E']]",C,0.8681249447659265,0,0.947956786257289,False,False,0.0,0.0,0.0,0.0,0.0,0.13187505523407342,100
4275,We should abandon speed limit enforcement,"[['A', 'B', 'C', 'D', 'E'], ['A', 'B', 'C', 'D', 'E']]",D,1.4068866382494997e-13,0,4.690666094355494e-13,False,False,0.0,0.9999999999998593,0.0,0.0,0.0,0.0,100
4275,We should abandon speed limit enforcement,"[['A', 'B', 'C', 'D', 'E'], ['A', 'B', 'C', 'D', 'E']]",E,1.0,0,1.0,True,True,1.0,0.0,1.8966594905420995e-17,0.0,0.0,0.0,100
3415,We should abandon the sexual revolution,"[['A', 'B', 'C', 'D', 'E'], ['A', 'B', 'C', 'D', 'E']]",A,0.9999999987910377,0,1.0000000014536519,True,True,1.0,0.0,1.208962289434131e-09,0.0,0.0,0.0,100
3415,We should abandon the sexual revolution,"[['A', 'B', 'C', 'D', 'E'], ['A', 'B', 'C', 'D', 'E']]",B,0.8473357392444211,0,0.9320535151926908,False,False,0.0,6.178716790461161e-12,0.0,0.1406042143888729,0.012060046360527424,0.0,100
3415,We should abandon the sexual revolution,"[['A', 'B', 'C', 'D', 'E'], ['A', 'B', 'C', 'D', 'E']]",C,0.9000670292981168,0,0.971314949346185,False,True,0.0,0.0,0.0,0.0,0.0,0.09993297070188316,100
3415,We should abandon the sexual revolution,"[['A', 'B', 'C', 'D', 'E'], ['A', 'B', 'C', 'D', 'E']]",D,1.5002967624599848e-16,0,4.893349269753957e-16,False,False,0.0,0.9999999999999999,0.0,0.0,0.0,0.0,100
3415,We should abandon the sexual revolution,"[['A', 'B', 'C', 'D', 'E'], ['A', 'B', 'C', 'D', 'E']]",E,0.9999999999999999,0,1.0000000000000002,True,True,1.0,0.0,1.009937470141725e-16,0.0,0.0,0.0,100
3273,We should abolish judicial activism,"[['A', 'B', 'C', 'D', 'E'], ['A', 'B', 'C', 'D', 'E']]",A,0.999999999999838,0,1.0000000000000517,True,True,1.0,0.0,1.6207456173439923e-13,0.0,0.0,0.0,100
3273,We should abolish judicial activism,"[['A', 'B', 'C', 'D', 'E'], ['A', 'B', 'C', 'D', 'E']]",B,0.2799523941751448,0,0.3800164882656112,False,False,0.0,0.7200476055732622,0.0,2.5110017533618636e-10,4.928365796536932e-13,0.0,100
3273,We should abolish judicial activism,"[['A', 'B', 'C', 'D', 'E'], ['A', 'B', 'C', 'D', 'E']]",C,0.9000610389328603,0,0.9713128864283987,False,True,0.0,0.0,0.0,0.0,0.0,0.09993896106713974,100
3273,We should abolish judicial activism,"[['A', 'B', 'C', 'D', 'E'], ['A', 'B', 'C', 'D', 'E']]",D,0.00994779897748214,0,0.03347042219172545,False,False,0.0,0.9900522010225178,0.0,0.0,0.0,0.0,100
3273,We should abolish judicial activism,"[['A', 'B', 'C', 'D', 'E'], ['A', 'B', 'C', 'D', 'E']]",E,0.9999999999998092,0,1.0000000000001483,True,True,1.0,0.0,1.908441968275789e-13,0.0,0.0,0.0,100
3636,We should ban billboards,"[['A', 'B', 'C', 'D', 'E'], ['A', 'B', 'C', 'D', 'E']]",A,0.9999999998609368,0,1.000000000054857,True,True,1.0,0.0,1.3906312515777004e-10,0.0,0.0,0.0,100
3636,We should ban billboards,"[['A', 'B', 'C', 'D', 'E'], ['A', 'B', 'C', 'D', 'E']]",B,0.42360718668791575,0,0.5328917815152,False,False,0.0,0.5763928133120837,0.0,6.497232285872576e-17,3.9675161955353874e-16,0.0,100
3636,We should ban billboards,"[['A', 'B', 'C', 'D', 'E'], ['A', 'B', 'C', 'D', 'E']]",C,0.4126526279796575,0,0.5273439421430957,False,False,0.0,0.0,0.0,0.0,0.0,0.5873473720203424,100
3636,We should ban billboards,"[['A', 'B', 'C', 'D', 'E'], ['A', 'B', 'C', 'D', 'E']]",D,0.0187731581718276,0,0.04935867557320081,False,False,0.0,0.9812268418281727,0.0,0.0,0.0,0.0,100
3636,We should ban billboards,"[['A', 'B', 'C', 'D', 'E'], ['A', 'B', 'C', 'D', 'E']]",E,0.9999999519315301,0,1.0000000650759173,True,True,1.0,0.0,4.806846985571999e-08,0.0,0.0,0.0,100
2765,We should ban media conglomerates,"[['A', 'B', 'C', 'D', 'E'], ['A', 'B', 'C', 'D', 'E']]",A,1.0,0,1.0,True,True,1.0,0.0,7.151176407388149e-17,0.0,0.0,0.0,100
2765,We should ban media conglomerates,"[['A', 'B', 'C', 'D', 'E'], ['A', 'B', 'C', 'D', 'E']]",B,0.48857176223591153,0,0.6029177605747101,False,False,0.0,0.510287961428685,0.0,0.0011360312893694663,4.245046034011221e-06,0.0,100
2765,We should ban media conglomerates,"[['A', 'B', 'C', 'D', 'E'], ['A', 'B', 'C', 'D', 'E']]",C,0.2008337371414256,0,0.2944495216501872,False,False,0.0,0.0,0.0,0.0,0.0,0.7991662628585743,100
2765,We should ban media conglomerates,"[['A', 'B', 'C', 'D', 'E'], ['A', 'B', 'C', 'D', 'E']]",D,0.0034530136525586746,0,0.01004294942775409,False,False,0.0,0.9965469863474413,0.0,0.0,0.0,0.0,100
2765,We should ban media conglomerates,"[['A', 'B', 'C', 'D', 'E'], ['A', 'B', 'C', 'D', 'E']]",E,0.9999999999499954,0,1.0000000000532572,True,True,1.0,0.0,5.00047560880094e-11,0.0,0.0,0.0,100
3977,We should ban rodenticide,"[['A', 'B', 'C', 'D', 'E'], ['A', 'B', 'C', 'D', 'E']]",A,1.0,0,1.0,True,True,1.0,0.0,9.079983712300323e-17,0.0,0.0,0.0,100
3977,We should ban rodenticide,"[['A', 'B', 'C', 'D', 'E'], ['A', 'B', 'C', 'D', 'E']]",B,0.3792977627002758,0,0.49055346778746,False,False,0.0,0.6207022372834742,0.0,1.623112064648505e-11,1.8766070788607185e-14,0.0,100
3977,We should ban rodenticide,"[['A', 'B', 'C', 'D', 'E'], ['A', 'B', 'C', 'D', 'E']]",C,0.5588175039706479,0,0.6763494118314759,False,False,0.0,0.0,0.0,0.0,0.0,0.44118249602935217,100
3977,We should ban rodenticide,"[['A', 'B', 'C', 'D', 'E'], ['A', 'B', 'C', 'D', 'E']]",D,0.18140051781148853,0,0.26447162344681485,False,False,0.0,0.8185994821885114,0.0,0.0,0.0,0.0,100
3977,We should ban rodenticide,"[['A', 'B', 'C', 'D', 'E'], ['A', 'B', 'C', 'D', 'E']]",E,0.9702742073020587,0,1.0098452728739173,True,True,1.0,0.0,0.029725792697941355,0.0,0.0,0.0,100
3518,We should ban the use of petroleum,"[['A', 'B', 'C', 'D', 'E'], ['A', 'B', 'C', 'D', 'E']]",A,1.0,0,1.0,True,True,1.0,0.0,4.637342038721486e-18,0.0,0.0,0.0,100
3518,We should ban the use of petroleum,"[['A', 'B', 'C', 'D', 'E'], ['A', 'B', 'C', 'D', 'E']]",B,0.7771450693607365,0,0.872924910884927,False,False,0.0,0.1835611238714281,0.0,0.018918604899356616,0.0203752018684787,0.0,100
3518,We should ban the use of petroleum,"[['A', 'B', 'C', 'D', 'E'], ['A', 'B', 'C', 'D', 'E']]",C,0.18155276317608593,0,0.2724179806964077,False,False,0.0,0.0,0.0,0.0,0.0,0.8184472368239142,100
3518,We should ban the use of petroleum,"[['A', 'B', 'C', 'D', 'E'], ['A', 'B', 'C', 'D', 'E']]",D,0.0004759465036858148,0,0.001363289078529244,False,False,0.0,0.9995240534962868,0.0,0.0,2.7421596535160955e-14,0.0,100
3518,We should ban the use of petroleum,"[['A', 'B', 'C', 'D', 'E'], ['A', 'B', 'C', 'D', 'E']]",E,0.999834937416224,0,1.000103176241195,True,True,1.0,0.0,0.00016506258376351298,0.0,1.2723808561343817e-14,0.0,100
3705,We should close the sex offender registry,"[['A', 'B', 'C', 'D', 'E'], ['A', 'B', 'C', 'D', 'E']]",A,0.9999999890840744,0,1.0000000143282983,True,True,1.0,0.0,1.0915925749435266e-08,0.0,0.0,0.0,100
3705,We should close the sex offender registry,"[['A', 'B', 'C', 'D', 'E'], ['A', 'B', 'C', 'D', 'E']]",B,0.3504924127077146,0,0.45766394708785985,False,False,0.0,0.6495075872922833,0.0,3.864005386779667e-16,1.827719536143343e-15,0.0,100
3705,We should close the sex offender registry,"[['A', 'B', 'C', 'D', 'E'], ['A', 'B', 'C', 'D', 'E']]",C,0.9301795811286914,0,0.9906612062437915,False,True,0.0,0.0,0.0,0.0,0.0,0.06982041887130856,100
3705,We should close the sex offender registry,"[['A', 'B', 'C', 'D', 'E'], ['A', 'B', 'C', 'D', 'E']]",D,0.013208285165228961,0,0.03796836037773777,False,False,0.0,0.986791714834771,0.0,0.0,0.0,0.0,100
3705,We should close the sex offender registry,"[['A', 'B', 'C', 'D', 'E'], ['A', 'B', 'C', 'D', 'E']]",E,0.9999999884280197,0,1.000000005562388,True,True,1.0,0.0,1.1571980335908186e-08,0.0,0.0,0.0,100
3459,We should fight environmental degradation,"[['A', 'B', 'C', 'D', 'E'], ['A', 'B', 'C', 'D', 'E']]",A,1.0,0,1.0,True,True,1.0,0.0,0.0,0.0,0.0,0.0,100
3459,We should fight environmental degradation,"[['A', 'B', 'C', 'D', 'E'], ['A', 'B', 'C', 'D', 'E']]",B,0.0657948019543078,0,0.12290894625377197,False,False,0.0,0.9342051980456922,0.0,6.765567492393192e-17,8.010102150710172e-17,0.0,100
3459,We should fight environmental degradation,"[['A', 'B', 'C', 'D', 'E'], ['A', 'B', 'C', 'D', 'E']]",C,0.7184523802611167,0,0.8210541356993001,False,False,0.0,0.0,0.0,0.0,0.0,0.28154761973888315,100
3459,We should fight environmental degradation,"[['A', 'B', 'C', 'D', 'E'], ['A', 'B', 'C', 'D', 'E']]",D,0.9179439796427977,0,0.9808369630453169,False,True,0.0,0.030516424451351786,0.0,0.05081663270122286,0.0007229632046275701,0.0,100
3459,We should fight environmental degradation,"[['A', 'B', 'C', 'D', 'E'], ['A', 'B', 'C', 'D', 'E']]",E,0.6995618240201946,0,0.8028175471430046,False,False,0.0,0.0,0.3004352104807985,1.006690166298863e-13,2.9654989060550744e-06,0.0,100
3490,We should further exploit filibusters,"[['A', 'B', 'C', 'D', 'E'], ['A', 'B', 'C', 'D', 'E']]",A,0.9999958928061023,0,1.000003929295766,True,True,1.0,0.0,4.10719389762981e-06,0.0,0.0,0.0,100
3490,We should further exploit filibusters,"[['A', 'B', 'C', 'D', 'E'], ['A', 'B', 'C', 'D', 'E']]",B,0.7078841606320039,0,0.8091369241955387,False,False,0.0,0.2921158393679956,0.0,7.144633303137582e-18,4.586265547176886e-16,0.0,100
3490,We should further exploit filibusters,"[['A', 'B', 'C', 'D', 'E'], ['A', 'B', 'C', 'D', 'E']]",C,0.9485201687945068,0,0.999704000076542,False,True,0.0,0.0,0.0,0.0,0.0,0.05147983120549318,100
3490,We should further exploit filibusters,"[['A', 'B', 'C', 'D', 'E'], ['A', 'B', 'C', 'D', 'E']]",D,3.416736740720287e-11,0,7.964018585371072e-11,False,False,0.0,0.9999999999658326,0.0,0.0,0.0,0.0,100
3490,We should further exploit filibusters,"[['A', 'B', 'C', 'D', 'E'], ['A', 'B', 'C', 'D', 'E']]",E,0.9999999999885938,0,1.0000000000076525,True,True,1.0,0.0,1.140619218200496e-11,0.0,0.0,0.0,100
3902,We should further exploit genetic engineering,"[['A', 'B', 'C', 'D', 'E'], ['A', 'B', 'C', 'D', 'E']]",A,0.9999999999995152,0,1.0000000000006615,True,True,1.0,0.0,4.849085077858335e-13,0.0,0.0,0.0,100
3902,We should further exploit genetic engineering,"[['A', 'B', 'C', 'D', 'E'], ['A', 'B', 'C', 'D', 'E']]",B,0.719183100288039,0,0.8191005141032235,False,False,0.0,0.2808168997119609,0.0,0.0,5.323094915409669e-17,0.0,100
3902,We should further exploit genetic engineering,"[['A', 'B', 'C', 'D', 'E'], ['A', 'B', 'C', 'D', 'E']]",C,0.958663221859443,0,1.0051296972753487,True,True,1.0,0.0,0.0,0.0,0.0,0.04133677814055694,100
3902,We should further exploit genetic engineering,"[['A', 'B', 'C', 'D', 'E'], ['A', 'B', 'C', 'D', 'E']]",D,0.4759529838201448,0,0.5893047455871979,False,False,0.0,0.5240470161798553,0.0,1.17795088982821e-17,1.8064461965455918e-18,0.0,100
3902,We should further exploit genetic engineering,"[['A', 'B', 'C', 'D', 'E'], ['A', 'B', 'C', 'D', 'E']]",E,0.9412130044839566,0,0.9937079569862404,False,True,0.0,0.0,0.058786995515984194,4.978495150478821e-15,5.434582331907451e-14,0.0,100
3939,We should increase historic preservation,"[['A', 'B', 'C', 'D', 'E'], ['A', 'B', 'C', 'D', 'E']]",A,1.0,0,1.0,True,True,1.0,0.0,0.0,0.0,0.0,0.0,100
3939,We should increase historic preservation,"[['A', 'B', 'C', 'D', 'E'], ['A', 'B', 'C', 'D', 'E']]",B,0.17641577509622774,0,0.26618212864938,False,False,0.0,0.8235842249037723,0.0,1.7139084315417645e-17,6.470701577008504e-17,0.0,100
3939,We should increase historic preservation,"[['A', 'B', 'C', 'D', 'E'], ['A', 'B', 'C', 'D', 'E']]",C,0.922369622168097,0,0.9832681901773694,False,True,0.0,0.0,0.0,0.0,0.0,0.07763037783190303,100
3939,We should increase historic preservation,"[['A', 'B', 'C', 'D', 'E'], ['A', 'B', 'C', 'D', 'E']]",D,0.6455212639448465,0,0.7530594215955805,False,False,0.0,0.3544787360551532,0.0,0.0,2.9564247566547513e-16,0.0,100
3939,We should increase historic preservation,"[['A', 'B', 'C', 'D', 'E'], ['A', 'B', 'C', 'D', 'E']]",E,0.8721764307273173,0,0.9453788459430575,False,False,0.0,0.0,0.12782356246586749,1.874952064682568e-13,6.8066276911565945e-09,0.0,100
3252,We should increase mixed-use development,"[['A', 'B', 'C', 'D', 'E'], ['A', 'B', 'C', 'D', 'E']]",A,1.0,0,1.0,True,True,1.0,0.0,4.814016052463524e-20,0.0,0.0,0.0,100
3252,We should increase mixed-use development,"[['A', 'B', 'C', 'D', 'E'], ['A', 'B', 'C', 'D', 'E']]",B,0.23184634220500075,0,0.32984636988663185,False,False,0.0,0.7681536577949994,0.0,0.0,2.7526570921815116e-18,0.0,100
3252,We should increase mixed-use development,"[['A', 'B', 'C', 'D', 'E'], ['A', 'B', 'C', 'D', 'E']]",C,0.9999999997890143,0,1.0000000001427607,True,True,1.0,0.0,0.0,0.0,0.0,2.1098572324043473e-10,100
3252,We should increase mixed-use development,"[['A', 'B', 'C', 'D', 'E'], ['A', 'B', 'C', 'D', 'E']]",D,0.7661965627760244,0,0.8624495711526251,False,False,0.0,0.23380343715915816,0.0,6.790148253234474e-12,5.8027315125752e-11,0.0,100
3252,We should increase mixed-use development,"[['A', 'B', 'C', 'D', 'E'], ['A', 'B', 'C', 'D', 'E']]",E,0.7460154756568174,0,0.8442854911496256,False,False,0.0,0.0,0.24424976268895765,6.731004425182044e-11,0.009734761586914996,0.0,100
3750,We should increase public space,"[['A', 'B', 'C', 'D', 'E'], ['A', 'B', 'C', 'D', 'E']]",A,1.0,0,1.0,True,True,1.0,0.0,0.0,0.0,0.0,0.0,100
3750,We should increase public space,"[['A', 'B', 'C', 'D', 'E'], ['A', 'B', 'C', 'D', 'E']]",B,0.13927899393516563,0,0.2180701023704006,False,False,0.0,0.8607210060648345,0.0,0.0,2.5249495144553256e-17,0.0,100
3750,We should increase public space,"[['A', 'B', 'C', 'D', 'E'], ['A', 'B', 'C', 'D', 'E']]",C,0.9999929032757072,0,1.0000096841816917,True,True,1.0,0.0,0.0,0.0,0.0,7.096724292864593e-06,100
3750,We should increase public space,"[['A', 'B', 'C', 'D', 'E'], ['A', 'B', 'C', 'D', 'E']]",D,0.7685698966765806,0,0.8624021503020115,False,False,0.0,0.2314301031518114,0.0,2.6618959855165623e-15,1.7160542947072838e-10,0.0,100
3750,We should increase public space,"[['A', 'B', 'C', 'D', 'E'], ['A', 'B', 'C', 'D', 'E']]",E,0.6369966079204006,0,0.7489224994698792,False,False,0.0,0.0,0.3195663575243665,1.9104454262416015e-11,0.043437034536128315,0.0,100
4124,We should increase the use of artificial insemination,"[['A', 'B', 'C', 'D', 'E'], ['A', 'B', 'C', 'D', 'E']]",A,1.0,0,1.0000000000000002,True,True,1.0,0.0,1.0964014178580306e-16,0.0,0.0,0.0,100
4124,We should increase the use of artificial insemination,"[['A', 'B', 'C', 'D', 'E'], ['A', 'B', 'C', 'D', 'E']]",B,0.5485116840779967,0,0.6579330486881236,False,False,0.0,0.45148831592200334,0.0,0.0,3.286528335965626e-17,0.0,100
4124,We should increase the use of artificial insemination,"[['A', 'B', 'C', 'D', 'E'], ['A', 'B', 'C', 'D', 'E']]",C,0.9999999999902627,0,1.000000000013285,True,True,1.0,0.0,0.0,0.0,0.0,9.737212543361785e-12,100
4124,We should increase the use of artificial insemination,"[['A', 'B', 'C', 'D', 'E'], ['A', 'B', 'C', 'D', 'E']]",D,0.49236203006059753,0,0.6078356009845798,False,False,0.0,0.507637694582504,0.0,2.7535689844820036e-07,9.772997009067916e-18,0.0,100
4124,We should increase the use of artificial insemination,"[['A', 'B', 'C', 'D', 'E'], ['A', 'B', 'C', 'D', 'E']]",E,0.9088702702519784,0,0.9746751392376111,False,True,0.0,0.0,0.09112876847436523,2.6159492002760864e-13,9.612733947306253e-07,0.0,100
3450,We should increase the use of credit unions,"[['A', 'B', 'C', 'D', 'E'], ['A', 'B', 'C', 'D', 'E']]",A,1.0,0,1.0,True,True,1.0,0.0,4.097141805158793e-19,0.0,0.0,0.0,100
3450,We should increase the use of credit unions,"[['A', 'B', 'C', 'D', 'E'], ['A', 'B', 'C', 'D', 'E']]",B,0.30344124433423514,0,0.407747517435878,False,False,0.0,0.696558755665765,0.0,0.0,6.870207321152043e-18,0.0,100
3450,We should increase the use of credit unions,"[['A', 'B', 'C', 'D', 'E'], ['A', 'B', 'C', 'D', 'E']]",C,0.9999999999999946,0,1.0000000000000073,True,True,1.0,0.0,0.0,0.0,0.0,5.49760306103049e-15,100
3450,We should increase the use of credit unions,"[['A', 'B', 'C', 'D', 'E'], ['A', 'B', 'C', 'D', 'E']]",D,0.7882974847107778,0,0.8798690542459443,False,False,0.0,0.2117025152765472,0.0,1.2659710594254805e-11,1.5289699530172652e-14,0.0,100
3450,We should increase the use of credit unions,"[['A', 'B', 'C', 'D', 'E'], ['A', 'B', 'C', 'D', 'E']]",E,0.5596063444375594,0,0.6749526437750992,False,False,0.0,0.0,0.44039346025907156,2.8473742513829277e-14,1.953033405965371e-07,0.0,100
3202,We should introduce the alternative vote,"[['A', 'B', 'C', 'D', 'E'], ['A', 'B', 'C', 'D', 'E']]",A,0.9999999999999926,0,1.0000000000000089,True,True,1.0,0.0,7.419190044546788e-15,0.0,0.0,0.0,100
3202,We should introduce the alternative vote,"[['A', 'B', 'C', 'D', 'E'], ['A', 'B', 'C', 'D', 'E']]",B,0.6765136184614391,0,0.7805615261319785,False,False,0.0,0.32348638153856085,0.0,0.0,7.246541740541112e-18,0.0,100
3202,We should introduce the alternative vote,"[['A', 'B', 'C', 'D', 'E'], ['A', 'B', 'C', 'D', 'E']]",C,0.9999849881797348,0,1.00002048521793,True,True,1.0,0.0,0.0,0.0,0.0,1.5011820265156333e-05,100
3202,We should introduce the alternative vote,"[['A', 'B', 'C', 'D', 'E'], ['A', 'B', 'C', 'D', 'E']]",D,0.3244804874573013,0,0.43259035434433835,False,False,0.0,0.6452017009067476,0.0,4.862860422039322e-14,0.030317811635902702,0.0,100
3202,We should introduce the alternative vote,"[['A', 'B', 'C', 'D', 'E'], ['A', 'B', 'C', 'D', 'E']]",E,0.4408740293438068,0,0.5575525757889167,False,False,0.0,0.0,0.31750491262655584,5.881214953930218e-10,0.24162105744151574,0.0,100
3924,We should limit Hydrocarbon exploration,"[['A', 'B', 'C', 'D', 'E'], ['A', 'B', 'C', 'D', 'E']]",A,1.0,0,1.0,True,True,1.0,0.0,6.79503016134347e-19,0.0,0.0,0.0,100
3924,We should limit Hydrocarbon exploration,"[['A', 'B', 'C', 'D', 'E'], ['A', 'B', 'C', 'D', 'E']]",B,0.5565400751374987,0,0.6695512906918087,False,False,0.0,0.443459924862501,0.0,0.0,1.1123588453464741e-16,0.0,100
3924,We should limit Hydrocarbon exploration,"[['A', 'B', 'C', 'D', 'E'], ['A', 'B', 'C', 'D', 'E']]",C,0.978807973468918,0,1.0121580588662349,True,True,1.0,0.0,0.0,0.0,0.0,0.02119202653108208,100
3924,We should limit Hydrocarbon exploration,"[['A', 'B', 'C', 'D', 'E'], ['A', 'B', 'C', 'D', 'E']]",D,0.015181955778725942,0,0.040488445996119574,False,False,0.0,0.9848180442212738,0.0,0.0,0.0,0.0,100
3924,We should limit Hydrocarbon exploration,"[['A', 'B', 'C', 'D', 'E'], ['A', 'B', 'C', 'D', 'E']]",E,0.9999736324182515,0,1.0000220248456015,True,True,1.0,0.0,2.6367581748435937e-05,0.0,5.982128669909194e-17,0.0,100
3674,We should limit judicial review,"[['A', 'B', 'C', 'D', 'E'], ['A', 'B', 'C', 'D', 'E']]",A,0.9712201886098198,0,1.0045146391093973,True,True,1.0,0.0,0.028779811390180206,0.0,9.657892913404835e-19,0.0,100
3674,We should limit judicial review,"[['A', 'B', 'C', 'D', 'E'], ['A', 'B', 'C', 'D', 'E']]",B,0.992712103066946,0,1.0047850468911024,True,True,1.0,0.007287896933053864,0.0,0.0,2.4128414236430853e-17,0.0,100
3674,We should limit judicial review,"[['A', 'B', 'C', 'D', 'E'], ['A', 'B', 'C', 'D', 'E']]",C,0.9800000009941658,0,1.0132712556687524,True,True,1.0,0.0,0.0,0.0,0.0,0.019999999005834188,100
3674,We should limit judicial review,"[['A', 'B', 'C', 'D', 'E'], ['A', 'B', 'C', 'D', 'E']]",D,9.007826148664408e-17,0,2.357141528991551e-16,False,False,0.0,1.0,0.0,0.0,0.0,0.0,100
3674,We should limit judicial review,"[['A', 'B', 'C', 'D', 'E'], ['A', 'B', 'C', 'D', 'E']]",E,1.0,0,1.0,True,True,1.0,0.0,8.548323258798997e-18,0.0,0.0,0.0,100
3633,We should not subsidize athletes,"[['A', 'B', 'C', 'D', 'E'], ['A', 'B', 'C', 'D', 'E']]",A,0.9999997192228551,0,1.000000231431527,True,True,1.0,0.0,2.8077714475402314e-07,0.0,0.0,0.0,100
3633,We should not subsidize athletes,"[['A', 'B', 'C', 'D', 'E'], ['A', 'B', 'C', 'D', 'E']]",B,0.8665736961938727,0,0.9365157218577613,False,False,0.0,0.13342630380612253,0.0,2.4772642287788393e-16,4.4128439496967345e-15,0.0,100
3633,We should not subsidize athletes,"[['A', 'B', 'C', 'D', 'E'], ['A', 'B', 'C', 'D', 'E']]",C,1.0,0,1.0,True,True,1.0,0.0,0.0,0.0,0.0,0.0,100
3633,We should not subsidize athletes,"[['A', 'B', 'C', 'D', 'E'], ['A', 'B', 'C', 'D', 'E']]",D,1.3453850983495971e-07,0,4.4209277571349886e-07,False,False,0.0,0.9999998654614903,0.0,0.0,0.0,0.0,100
3633,We should not subsidize athletes,"[['A', 'B', 'C', 'D', 'E'], ['A', 'B', 'C', 'D', 'E']]",E,0.9999999999273398,0,1.0000000000974398,True,True,1.0,0.0,7.266039631107909e-11,0.0,0.0,0.0,100
3432,We should prohibit bailouts,"[['A', 'B', 'C', 'D', 'E'], ['A', 'B', 'C', 'D', 'E']]",A,0.9999999999998104,0,1.0000000000000786,True,True,1.0,0.0,1.8965131780337793e-13,0.0,0.0,0.0,100
3432,We should prohibit bailouts,"[['A', 'B', 'C', 'D', 'E'], ['A', 'B', 'C', 'D', 'E']]",B,0.9880694828592275,0,1.011845645824506,True,True,1.0,0.0006810669153752265,0.0,0.011232871809150082,1.6578416247339578e-05,0.0,100
3432,We should prohibit bailouts,"[['A', 'B', 'C', 'D', 'E'], ['A', 'B', 'C', 'D', 'E']]",C,0.9600003600385122,0,1.006569998645693,True,True,1.0,0.0,0.0,0.0,0.0,0.03999963996148777,100
3432,We should prohibit bailouts,"[['A', 'B', 'C', 'D', 'E'], ['A', 'B', 'C', 'D', 'E']]",D,0.06516935775585962,0,0.11855670059716765,False,False,0.0,0.9348306422441404,0.0,0.0,0.0,0.0,100
3432,We should prohibit bailouts,"[['A', 'B', 'C', 'D', 'E'], ['A', 'B', 'C', 'D', 'E']]",E,0.9999138008957625,0,1.0000379681379308,True,True,1.0,0.0,8.619910423736293e-05,0.0,0.0,0.0,100
3743,We should prohibit over the counter drugs,"[['A', 'B', 'C', 'D', 'E'], ['A', 'B', 'C', 'D', 'E']]",A,0.9712293885559808,0,1.0059571203604754,True,True,1.0,0.0,0.028770611444019493,0.0,2.769936930613767e-19,0.0,100
3743,We should prohibit over the counter drugs,"[['A', 'B', 'C', 'D', 'E'], ['A', 'B', 'C', 'D', 'E']]",B,0.9783327488289066,0,1.0096412851156824,True,True,1.0,0.021667251171093346,0.0,6.883732581554492e-19,5.328441372874575e-17,0.0,100
3743,We should prohibit over the counter drugs,"[['A', 'B', 'C', 'D', 'E'], ['A', 'B', 'C', 'D', 'E']]",C,0.5096439947234459,0,0.6282564648831852,False,False,0.0,0.0,0.0,0.0,0.0,0.49035600527655404,100
3743,We should prohibit over the counter drugs,"[['A', 'B', 'C', 'D', 'E'], ['A', 'B', 'C', 'D', 'E']]",D,2.469849373770917e-14,0,7.556762993360521e-14,False,False,0.0,0.9999999999999755,0.0,0.0,0.0,0.0,100
3743,We should prohibit over the counter drugs,"[['A', 'B', 'C', 'D', 'E'], ['A', 'B', 'C', 'D', 'E']]",E,1.0,0,1.0,True,True,1.0,0.0,3.8123763565144934e-17,0.0,0.0,0.0,100
2463,We should prohibit school prayer,"[['A', 'B', 'C', 'D', 'E'], ['A', 'B', 'C', 'D', 'E']]",A,0.9999999999993219,0,1.000000000000127,True,True,1.0,0.0,6.781580509964021e-13,0.0,0.0,0.0,100
2463,We should prohibit school prayer,"[['A', 'B', 'C', 'D', 'E'], ['A', 'B', 'C', 'D', 'E']]",B,0.014433079160230814,0,0.03780594560832262,False,False,0.0,0.9855669208397692,0.0,0.0,0.0,0.0,100
2463,We should prohibit school prayer,"[['A', 'B', 'C', 'D', 'E'], ['A', 'B', 'C', 'D', 'E']]",C,0.9999999893229693,0,1.0000000145699388,True,True,1.0,0.0,0.0,0.0,0.0,1.067703076716402e-08,100
2463,We should prohibit school prayer,"[['A', 'B', 'C', 'D', 'E'], ['A', 'B', 'C', 'D', 'E']]",D,1.9270239336211274e-05,0,6.482984317976581e-05,False,False,0.0,0.9999807297606638,0.0,0.0,0.0,0.0,100
2463,We should prohibit school prayer,"[['A', 'B', 'C', 'D', 'E'], ['A', 'B', 'C', 'D', 'E']]",E,0.9961993244638184,0,1.0051262612721168,True,True,1.0,0.0,0.0038006755361815613,0.0,0.0,0.0,100
3241,We should prohibit tabloid journalism,"[['A', 'B', 'C', 'D', 'E'], ['A', 'B', 'C', 'D', 'E']]",A,0.999999999999503,0,1.000000000000195,True,True,1.0,0.0,4.97268846531822e-13,0.0,0.0,0.0,100
3241,We should prohibit tabloid journalism,"[['A', 'B', 'C', 'D', 'E'], ['A', 'B', 'C', 'D', 'E']]",B,0.42931372018121616,0,0.5376901400547159,False,False,0.0,0.5706862798187838,0.0,1.9761224007108465e-18,1.2375535592409512e-16,0.0,100
3241,We should prohibit tabloid journalism,"[['A', 'B', 'C', 'D', 'E'], ['A', 'B', 'C', 'D', 'E']]",C,0.2585882217137287,0,0.3612122738424399,False,False,0.0,0.0,0.0,0.0,0.0,0.7414117782862714,100
3241,We should prohibit tabloid journalism,"[['A', 'B', 'C', 'D', 'E'], ['A', 'B', 'C', 'D', 'E']]",D,4.5407333538496265e-11,0,1.4862118322359976e-10,False,False,0.0,0.9999999999545928,0.0,0.0,0.0,0.0,100
3241,We should prohibit tabloid journalism,"[['A', 'B', 'C', 'D', 'E'], ['A', 'B', 'C', 'D', 'E']]",E,0.9999999998549479,0,1.000000000058717,True,True,1.0,0.0,1.450518958236366e-10,0.0,0.0,0.0,100
3656,We should subsidize financial advisors,"[['A', 'B', 'C', 'D', 'E'], ['A', 'B', 'C', 'D', 'E']]",A,0.9998585665659158,0,1.0000566203501071,True,True,1.0,0.0,0.00014143343408426801,0.0,0.0,0.0,100
3656,We should subsidize financial advisors,"[['A', 'B', 'C', 'D', 'E'], ['A', 'B', 'C', 'D', 'E']]",B,0.9803862748914582,0,1.009721001160382,True,True,1.0,0.019613725108541605,0.0,0.0,7.604884260300555e-17,0.0,100
3656,We should subsidize financial advisors,"[['A', 'B', 'C', 'D', 'E'], ['A', 'B', 'C', 'D', 'E']]",C,0.9926894140625544,0,1.00997606834216,True,True,1.0,0.0,0.0,0.0,0.0,0.007310585937445563,100
3656,We should subsidize financial advisors,"[['A', 'B', 'C', 'D', 'E'], ['A', 'B', 'C', 'D', 'E']]",D,0.030090655671471338,0,0.07062746932514968,False,False,0.0,0.9699093306188344,0.0,1.8433223821093897e-16,1.3709694073176649e-08,0.0,100
3656,We should subsidize financial advisors,"[['A', 'B', 'C', 'D', 'E'], ['A', 'B', 'C', 'D', 'E']]",E,0.982578238106138,0,1.0096394334880963,True,True,1.0,0.0,0.01739281171752798,3.4794801216394955e-11,2.8950141539082747e-05,0.0,100
3541,We should subsidize scholarships,"[['A', 'B', 'C', 'D', 'E'], ['A', 'B', 'C', 'D', 'E']]",A,1.0,0,1.0,True,True,1.0,0.0,0.0,0.0,0.0,0.0,100
3541,We should subsidize scholarships,"[['A', 'B', 'C', 'D', 'E'], ['A', 'B', 'C', 'D', 'E']]",B,0.1903643644352202,0,0.279260927393189,False,False,0.0,0.8096356355647798,0.0,0.0,1.418604595132647e-17,0.0,100
3541,We should subsidize scholarships,"[['A', 'B', 'C', 'D', 'E'], ['A', 'B', 'C', 'D', 'E']]",C,0.9990465052995949,0,1.0013011444573554,True,True,1.0,0.0,0.0,0.0,0.0,0.0009534947004050823,100
3541,We should subsidize scholarships,"[['A', 'B', 'C', 'D', 'E'], ['A', 'B', 'C', 'D', 'E']]",D,0.42006991816832695,0,0.5327046110649267,False,False,0.0,0.5799066170725191,0.0,1.5397292483587205e-12,2.3464757614241163e-05,0.0,100
3541,We should subsidize scholarships,"[['A', 'B', 'C', 'D', 'E'], ['A', 'B', 'C', 'D', 'E']]",E,0.7533369518666732,0,0.8533419040559599,False,False,0.0,0.0,0.20355806382455172,3.081429941061345e-12,0.04310498430569379,0.0,100
4212,We should subsidize space exploration,"[['A', 'B', 'C', 'D', 'E'], ['A', 'B', 'C', 'D', 'E']]",A,1.0,0,1.0,True,True,1.0,0.0,2.8894163197611893e-18,0.0,0.0,0.0,100
4212,We should subsidize space exploration,"[['A', 'B', 'C', 'D', 'E'], ['A', 'B', 'C', 'D', 'E']]",B,0.5343505334840546,0,0.6478896331490109,False,False,0.0,0.46564946651594546,0.0,0.0,1.3824102536399432e-17,0.0,100
4212,We should subsidize space exploration,"[['A', 'B', 'C', 'D', 'E'], ['A', 'B', 'C', 'D', 'E']]",C,0.990000000876424,0,1.013646057421894,True,True,1.0,0.0,0.0,0.0,0.0,0.009999999123576022,100
4212,We should subsidize space exploration,"[['A', 'B', 'C', 'D', 'E'], ['A', 'B', 'C', 'D', 'E']]",D,0.029260248720066148,0,0.06815139250484308,False,False,0.0,0.9707281498605697,0.0,1.805787565737232e-11,1.1601401306420985e-05,0.0,100
4212,We should subsidize space exploration,"[['A', 'B', 'C', 'D', 'E'], ['A', 'B', 'C', 'D', 'E']]",E,0.9805578892790038,0,1.012590326632333,True,True,1.0,0.0,0.009428142412084995,1.9050390981379816e-11,0.010013968289861043,0.0,100
