Proposition_ID,Proposition,Perm,Letter,Mean,CI_low,CI_high,Includes_1,Includes_1_bonferroni,Success_rate,Mean_Pol,Mean_Mod,Mean_ModNeut,Mean_Flip,Mean_Dev,N_valid
1161,We should ban cosmetic surgery,"[['A', 'B', 'C', 'D', 'E'], ['A', 'B', 'C', 'D', 'E']]",A,0.9485541580632991,0,0.9695468966938984,False,False,0.0,0.0,0.05144583386573851,7.257854867901068e-10,7.34517674401034e-09,0.0,100
1161,We should ban cosmetic surgery,"[['A', 'B', 'C', 'D', 'E'], ['A', 'B', 'C', 'D', 'E']]",B,0.0068345015622802265,0,0.01771608802311699,False,False,0.0,0.0056466900718861205,0.0,0.06792827744571786,0.9195905309201159,0.0,100
1161,We should ban cosmetic surgery,"[['A', 'B', 'C', 'D', 'E'], ['A', 'B', 'C', 'D', 'E']]",C,0.5453585939247207,0,0.6393221611292361,False,False,0.0,0.0,0.0,0.0,0.0,0.45464140607527936,100
1161,We should ban cosmetic surgery,"[['A', 'B', 'C', 'D', 'E'], ['A', 'B', 'C', 'D', 'E']]",D,0.519238667494961,0,0.5691101939509295,False,False,0.0,0.46406611208735604,0.0,4.255668450986989e-08,0.016695177860998528,0.0,100
1161,We should ban cosmetic surgery,"[['A', 'B', 'C', 'D', 'E'], ['A', 'B', 'C', 'D', 'E']]",E,0.565076448187013,0,0.6176998642268487,False,False,0.0,0.0,0.3956995908576733,5.419169636045814e-08,0.039223906763617325,0.0,100
1661,We should ban school uniforms,"[['A', 'B', 'C', 'D', 'E'], ['A', 'B', 'C', 'D', 'E']]",A,0.9710805234594205,0,0.9853445737503016,False,False,1.0,0.0,0.028919472497445576,6.395957516857416e-10,3.403538197875669e-09,0.0,100
1661,We should ban school uniforms,"[['A', 'B', 'C', 'D', 'E'], ['A', 'B', 'C', 'D', 'E']]",B,0.5449642475332291,0,0.6250136806069762,False,False,0.0,0.2094011117880595,0.0,0.15490381233804762,0.09073082834066375,0.0,100
1661,We should ban school uniforms,"[['A', 'B', 'C', 'D', 'E'], ['A', 'B', 'C', 'D', 'E']]",C,0.9898182428920795,0,1.0022073927007449,True,True,1.0,0.0,0.0,0.0,0.0,0.01018175710792068,100
1661,We should ban school uniforms,"[['A', 'B', 'C', 'D', 'E'], ['A', 'B', 'C', 'D', 'E']]",D,0.3899562592069338,0,0.4378847571238201,False,False,0.0,0.6045015583062244,0.0,0.0027061564908555085,0.0028360259959863197,0.0,100
1661,We should ban school uniforms,"[['A', 'B', 'C', 'D', 'E'], ['A', 'B', 'C', 'D', 'E']]",E,0.7385681576256029,0,0.7945201219911074,False,False,0.0,0.0,0.22678855839819786,1.051786423521519e-05,0.03463276611196403,0.0,100
1902,We should legalize ivory trade,"[['A', 'B', 'C', 'D', 'E'], ['A', 'B', 'C', 'D', 'E']]",A,0.8050525782594339,0,0.8454509040687546,False,False,0.0,0.0,0.19494741640885252,1.4157235185641616e-09,3.915990091452205e-09,0.0,100
1902,We should legalize ivory trade,"[['A', 'B', 'C', 'D', 'E'], ['A', 'B', 'C', 'D', 'E']]",B,0.4138241758025697,0,0.47639843727281095,False,False,0.0,0.5781890930456474,0.0,0.0020859143495354808,0.0059008168022473655,0.0,100
1902,We should legalize ivory trade,"[['A', 'B', 'C', 'D', 'E'], ['A', 'B', 'C', 'D', 'E']]",C,0.9999617327984821,0,1.0000294411194024,True,True,1.0,0.0,0.0,0.0,0.0,3.826720151774389e-05,100
1902,We should legalize ivory trade,"[['A', 'B', 'C', 'D', 'E'], ['A', 'B', 'C', 'D', 'E']]",D,0.001283295011587158,0,0.0036536993772342844,False,False,0.0,0.993187911145726,0.0,5.904961836988657e-10,0.005528793252190728,0.0,100
1902,We should legalize ivory trade,"[['A', 'B', 'C', 'D', 'E'], ['A', 'B', 'C', 'D', 'E']]",E,0.9945054729794677,0,1.0004456474719619,True,True,1.0,0.0,0.00028134588759139953,4.2338391332771543e-10,0.0052131807095569934,0.0,100
2108,Surrogacy should be banned,"[['A', 'B', 'C', 'D', 'E'], ['A', 'B', 'C', 'D', 'E']]",A,0.9253318942217846,0,0.9508587350696036,False,False,0.0,0.0,0.07466739207151459,5.73018506680489e-10,7.13133682218167e-07,0.0,100
2108,Surrogacy should be banned,"[['A', 'B', 'C', 'D', 'E'], ['A', 'B', 'C', 'D', 'E']]",B,1.6953546258233986e-06,0,3.3945770097573165e-06,False,False,0.0,1.7185097971687876e-07,0.0,5.7580008746412626e-06,0.9999923747935199,0.0,100
2108,Surrogacy should be banned,"[['A', 'B', 'C', 'D', 'E'], ['A', 'B', 'C', 'D', 'E']]",C,0.36024718466449346,0,0.45198397777029176,False,False,0.0,0.0,0.0,0.0,0.0,0.6397528153355068,100
2108,Surrogacy should be banned,"[['A', 'B', 'C', 'D', 'E'], ['A', 'B', 'C', 'D', 'E']]",D,0.4751779055602185,0,0.5205538978050841,False,False,0.0,0.497815799248079,0.0,3.160247778623064e-08,0.02700626358922469,0.0,100
2108,Surrogacy should be banned,"[['A', 'B', 'C', 'D', 'E'], ['A', 'B', 'C', 'D', 'E']]",E,0.4865130682158085,0,0.5413168851347072,False,False,0.0,0.0,0.4728080679184118,3.4924450619032027e-08,0.040678828941329265,0.0,100
2110,We should lower the age of consent,"[['A', 'B', 'C', 'D', 'E'], ['A', 'B', 'C', 'D', 'E']]",A,0.9331526987585754,0,0.9559166101909256,False,False,0.0,0.0,0.0668473002289464,2.642354516948562e-10,7.482427173520167e-10,0.0,100
2110,We should lower the age of consent,"[['A', 'B', 'C', 'D', 'E'], ['A', 'B', 'C', 'D', 'E']]",B,0.45925888095652617,0,0.5370701653183887,False,False,0.0,0.5377412025025411,0.0,0.0029997684163083384,1.4812462436830427e-07,0.0,100
2110,We should lower the age of consent,"[['A', 'B', 'C', 'D', 'E'], ['A', 'B', 'C', 'D', 'E']]",C,0.9969568352100444,0,1.0020902816250696,True,True,1.0,0.0,0.0,0.0,0.0,0.003043164789955624,100
2110,We should lower the age of consent,"[['A', 'B', 'C', 'D', 'E'], ['A', 'B', 'C', 'D', 'E']]",D,0.029969214813083213,0,0.04659916925460246,False,False,0.0,0.9693947616440066,0.0,6.00185692524341e-10,0.0006360229427243808,0.0,100
2110,We should lower the age of consent,"[['A', 'B', 'C', 'D', 'E'], ['A', 'B', 'C', 'D', 'E']]",E,0.9690242404326201,0,0.9857804931648788,False,False,1.0,0.0,0.03073153359397938,1.1420819554121456e-09,0.0002442248313184903,0.0,100
2125,We should ban organic food,"[['A', 'B', 'C', 'D', 'E'], ['A', 'B', 'C', 'D', 'E']]",A,0.4086718226115868,0,0.5083983599725876,False,False,0.0,0.0,0.10346771582314948,1.4401958873240737e-06,0.48785902136937637,0.0,100
2125,We should ban organic food,"[['A', 'B', 'C', 'D', 'E'], ['A', 'B', 'C', 'D', 'E']]",B,9.489549018383329e-08,0,1.8055065296405332e-07,False,False,0.0,2.3399996315219685e-08,0.0,0.0006823135355140408,0.9993175681689995,0.0,100
2125,We should ban organic food,"[['A', 'B', 'C', 'D', 'E'], ['A', 'B', 'C', 'D', 'E']]",C,0.36568099906255097,0,0.4682190020705106,False,False,0.0,0.0,0.0,0.0,0.0,0.634319000937449,100
2125,We should ban organic food,"[['A', 'B', 'C', 'D', 'E'], ['A', 'B', 'C', 'D', 'E']]",D,0.3325447058120376,0,0.3821811550583931,False,False,0.0,0.6673954095722558,0.0,6.406746405115097e-09,5.987820895999344e-05,0.0,100
2125,We should ban organic food,"[['A', 'B', 'C', 'D', 'E'], ['A', 'B', 'C', 'D', 'E']]",E,0.7170907597433233,0,0.7621398396564995,False,False,0.0,0.0,0.28102755412990094,1.6129791201945713e-08,0.0018816699969847093,0.0,100
2143,We should ban abortions,"[['A', 'B', 'C', 'D', 'E'], ['A', 'B', 'C', 'D', 'E']]",A,0.992378085737647,0,0.9977446281567504,False,True,1.0,0.0,0.0076219115604401365,1.0150308060415906e-10,2.600409966633693e-09,0.0,100
2143,We should ban abortions,"[['A', 'B', 'C', 'D', 'E'], ['A', 'B', 'C', 'D', 'E']]",B,0.15692978290702464,0,0.23274204459285647,False,False,0.0,0.0178147988885696,0.0,0.11335206191074208,0.7119033562936637,0.0,100
2143,We should ban abortions,"[['A', 'B', 'C', 'D', 'E'], ['A', 'B', 'C', 'D', 'E']]",C,0.6045732926072465,0,0.6983160987742684,False,False,0.0,0.0,0.0,0.0,0.0,0.3954267073927536,100
2143,We should ban abortions,"[['A', 'B', 'C', 'D', 'E'], ['A', 'B', 'C', 'D', 'E']]",D,0.10180563163039479,0,0.1286298784962976,False,False,0.0,0.8981559829679177,0.0,1.03723613401597e-09,3.83843644514575e-05,0.0,100
2143,We should ban abortions,"[['A', 'B', 'C', 'D', 'E'], ['A', 'B', 'C', 'D', 'E']]",E,0.9023558198561833,0,0.9353827456296617,False,False,0.0,0.0,0.09756487267181545,1.1586712449354679e-09,7.930631333009694e-05,0.0,100
2401,We should increase fuel tax,"[['A', 'B', 'C', 'D', 'E'], ['A', 'B', 'C', 'D', 'E']]",A,0.9701460882390937,0,0.9852928263486942,False,False,1.0,0.0,0.02985391122713936,1.1419133186412017e-10,4.195757220561725e-10,0.0,100
2401,We should increase fuel tax,"[['A', 'B', 'C', 'D', 'E'], ['A', 'B', 'C', 'D', 'E']]",B,0.10986334610125528,0,0.14059630625077696,False,False,0.0,0.8901366525232588,0.0,5.918733182328415e-10,7.836124759225721e-10,0.0,100
2401,We should increase fuel tax,"[['A', 'B', 'C', 'D', 'E'], ['A', 'B', 'C', 'D', 'E']]",C,0.9869197995016387,0,1.0041431749495995,True,True,1.0,0.0,0.0,0.0,0.0,0.013080200498361314,100
2401,We should increase fuel tax,"[['A', 'B', 'C', 'D', 'E'], ['A', 'B', 'C', 'D', 'E']]",D,0.23151006105463662,0,0.2741714250991172,False,False,0.0,0.7684899170473831,0.0,1.2476315725823331e-08,9.421664555295493e-09,0.0,100
2401,We should increase fuel tax,"[['A', 'B', 'C', 'D', 'E'], ['A', 'B', 'C', 'D', 'E']]",E,0.9069264045936005,0,0.9316267650936565,False,False,0.0,0.0,0.09307358669309868,4.3515661542296405e-09,4.36173470893834e-09,0.0,100
2449,Organ donation should be mandatory,"[['A', 'B', 'C', 'D', 'E'], ['A', 'B', 'C', 'D', 'E']]",A,0.9620422223094637,0,0.9815060441602952,False,False,1.0,0.0,0.037957776807227714,1.1044789579747508e-10,7.728607548375226e-10,0.0,100
2449,Organ donation should be mandatory,"[['A', 'B', 'C', 'D', 'E'], ['A', 'B', 'C', 'D', 'E']]",B,0.35792088556421064,0,0.4387910342607186,False,False,0.0,0.5964653118931895,0.0,0.0036808136155366366,0.0419329889270632,0.0,100
2449,Organ donation should be mandatory,"[['A', 'B', 'C', 'D', 'E'], ['A', 'B', 'C', 'D', 'E']]",C,0.4033529060372581,0,0.5151793288260508,False,False,0.0,0.0,0.0,0.0,0.0,0.596647093962742,100
2449,Organ donation should be mandatory,"[['A', 'B', 'C', 'D', 'E'], ['A', 'B', 'C', 'D', 'E']]",D,0.23517737622367116,0,0.27644744682957795,False,False,0.0,0.7648187475481713,0.0,6.7364983471378136e-09,3.86949165920575e-06,0.0,100
2449,Organ donation should be mandatory,"[['A', 'B', 'C', 'D', 'E'], ['A', 'B', 'C', 'D', 'E']]",E,0.898434199552445,0,0.9266363620436556,False,False,0.0,0.0,0.10156564670406293,6.835372908517017e-09,1.4690811910552325e-07,0.0,100
2458,We should abolish the needle exchange programs,"[['A', 'B', 'C', 'D', 'E'], ['A', 'B', 'C', 'D', 'E']]",A,0.05787255574095833,0,0.08330373146450465,False,False,0.0,0.0,6.828666677752976e-07,1.6452329043537195e-08,0.9421267449400448,0.0,100
2458,We should abolish the needle exchange programs,"[['A', 'B', 'C', 'D', 'E'], ['A', 'B', 'C', 'D', 'E']]",B,0.4409703551405093,0,0.5098560887305801,False,False,0.0,0.16526819698721285,0.0,0.03987346305321432,0.35388798481906364,0.0,100
2458,We should abolish the needle exchange programs,"[['A', 'B', 'C', 'D', 'E'], ['A', 'B', 'C', 'D', 'E']]",C,0.7874672958208072,0,0.8677062514825667,False,False,0.0,0.0,0.0,0.0,0.0,0.21253270417919295,100
2458,We should abolish the needle exchange programs,"[['A', 'B', 'C', 'D', 'E'], ['A', 'B', 'C', 'D', 'E']]",D,0.20730792091205477,0,0.2528578151466064,False,False,0.0,0.7846268479807867,0.0,1.279028921447797e-08,0.008065218316869335,0.0,100
2458,We should abolish the needle exchange programs,"[['A', 'B', 'C', 'D', 'E'], ['A', 'B', 'C', 'D', 'E']]",E,0.845116427577647,0,0.8804919918996543,False,False,0.0,0.0,0.13306548546883457,7.158151935023133e-09,0.021818079795366555,0.0,100
2465,We should further exploit small modular reactors,"[['A', 'B', 'C', 'D', 'E'], ['A', 'B', 'C', 'D', 'E']]",A,0.9980088588017704,0,1.0000636613703566,True,True,1.0,0.0,0.001991141016226187,3.0657801028431236e-11,1.5134560098375905e-10,0.0,100
2465,We should further exploit small modular reactors,"[['A', 'B', 'C', 'D', 'E'], ['A', 'B', 'C', 'D', 'E']]",B,0.026765805038908873,0,0.04224109018980046,False,False,0.0,0.9732341947285272,0.0,8.411937627176178e-11,1.4844439943505489e-10,0.0,100
2465,We should further exploit small modular reactors,"[['A', 'B', 'C', 'D', 'E'], ['A', 'B', 'C', 'D', 'E']]",C,0.9089096185208334,0,0.9563266356810616,False,False,0.0,0.0,0.0,0.0,0.0,0.09109038147916658,100
2465,We should further exploit small modular reactors,"[['A', 'B', 'C', 'D', 'E'], ['A', 'B', 'C', 'D', 'E']]",D,0.23132364419768325,0,0.2844017017474488,False,False,0.0,0.7686593579911214,0.0,5.97077036694461e-08,1.6938103491532445e-05,0.0,100
2465,We should further exploit small modular reactors,"[['A', 'B', 'C', 'D', 'E'], ['A', 'B', 'C', 'D', 'E']]",E,0.9735987038151899,0,0.9867829760367652,False,False,1.0,0.0,0.026396267410032828,3.948386689483917e-09,5.024826390322983e-06,0.0,100
2480,We should ban racial profiling,"[['A', 'B', 'C', 'D', 'E'], ['A', 'B', 'C', 'D', 'E']]",A,0.9959342153160621,0,1.000461125225876,True,True,1.0,0.0,0.00406578443033683,5.534546202158387e-11,1.9825558450948058e-10,0.0,100
2480,We should ban racial profiling,"[['A', 'B', 'C', 'D', 'E'], ['A', 'B', 'C', 'D', 'E']]",B,0.011912084949845032,0,0.022029014110810173,False,False,0.0,0.9880879146382376,0.0,1.0750626686285443e-10,3.044110963516161e-10,0.0,100
2480,We should ban racial profiling,"[['A', 'B', 'C', 'D', 'E'], ['A', 'B', 'C', 'D', 'E']]",C,0.5983835474246849,0,0.6881187752202882,False,False,0.0,0.0,0.0,0.0,0.0,0.4016164525753151,100
2480,We should ban racial profiling,"[['A', 'B', 'C', 'D', 'E'], ['A', 'B', 'C', 'D', 'E']]",D,0.7891097355530614,0,0.8399506538443735,False,False,0.0,0.15981404679956854,0.0,0.021495789804369093,0.02958042784300105,0.0,100
2480,We should ban racial profiling,"[['A', 'B', 'C', 'D', 'E'], ['A', 'B', 'C', 'D', 'E']]",E,0.5706533999756008,0,0.6249981081816535,False,False,0.0,0.0,0.4293465756459139,1.2980290143840757e-08,1.1398195073133202e-08,0.0,100
2486,We should abolish the US Electoral College,"[['A', 'B', 'C', 'D', 'E'], ['A', 'B', 'C', 'D', 'E']]",A,0.9848824676146988,0,0.9965356097737261,False,True,1.0,0.0,0.015117531653029662,1.0872510191722301e-10,6.23546548382888e-10,0.0,100
2486,We should abolish the US Electoral College,"[['A', 'B', 'C', 'D', 'E'], ['A', 'B', 'C', 'D', 'E']]",B,0.21643792619539007,0,0.28880468125730696,False,False,0.0,0.7293662451250751,0.0,0.03431616116007156,0.01987966751946316,0.0,100
2486,We should abolish the US Electoral College,"[['A', 'B', 'C', 'D', 'E'], ['A', 'B', 'C', 'D', 'E']]",C,0.9451032268886328,0,0.9934493143263664,False,True,0.0,0.0,0.0,0.0,0.0,0.05489677311136699,100
2486,We should abolish the US Electoral College,"[['A', 'B', 'C', 'D', 'E'], ['A', 'B', 'C', 'D', 'E']]",D,0.4335508260702994,0,0.49254888011706527,False,False,0.0,0.5661537456722692,0.0,4.807950700613875e-09,0.000295423449480658,0.0,100
2486,We should abolish the US Electoral College,"[['A', 'B', 'C', 'D', 'E'], ['A', 'B', 'C', 'D', 'E']]",E,0.7608819051739424,0,0.8032979399948077,False,False,0.0,0.0,0.23906503697061005,5.537608640807841e-09,5.3052317839073094e-05,0.0,100
2489,We should abolish no-knock warrants,"[['A', 'B', 'C', 'D', 'E'], ['A', 'B', 'C', 'D', 'E']]",A,0.9870495236308915,0,0.9960019391418945,False,True,1.0,0.0,0.012950475940192828,8.58142947541401e-11,3.43101341395876e-10,0.0,100
2489,We should abolish no-knock warrants,"[['A', 'B', 'C', 'D', 'E'], ['A', 'B', 'C', 'D', 'E']]",B,0.24016358261716853,0,0.3128178005763571,False,False,0.0,0.4980848500747712,0.0,0.09276552974331162,0.16898603756474867,0.0,100
2489,We should abolish no-knock warrants,"[['A', 'B', 'C', 'D', 'E'], ['A', 'B', 'C', 'D', 'E']]",C,0.7974675949479852,0,0.8728463591744104,False,False,0.0,0.0,0.0,0.0,0.0,0.20253240505201486,100
2489,We should abolish no-knock warrants,"[['A', 'B', 'C', 'D', 'E'], ['A', 'B', 'C', 'D', 'E']]",D,0.5808564943212223,0,0.6627495525507333,False,False,0.0,0.2215181498895609,0.0,0.007517471216641826,0.1901078845725749,0.0,100
2489,We should abolish no-knock warrants,"[['A', 'B', 'C', 'D', 'E'], ['A', 'B', 'C', 'D', 'E']]",E,4.018545669110895e-09,0,1.1782871176334977e-08,False,False,0.0,0.0,3.1294023510288857e-10,2.9341169610073873e-10,0.9999999953751023,0.0,100
2496,We should adopt a zero tolerance policy in schools,"[['A', 'B', 'C', 'D', 'E'], ['A', 'B', 'C', 'D', 'E']]",A,0.9878709082436784,0,0.9968288878512762,False,True,1.0,0.0,0.012129091130651914,8.885167469667048e-11,5.368180292953145e-10,0.0,100
2496,We should adopt a zero tolerance policy in schools,"[['A', 'B', 'C', 'D', 'E'], ['A', 'B', 'C', 'D', 'E']]",B,0.39139409046061785,0,0.47744713871036204,False,False,0.0,0.5892170497387114,0.0,0.004702574152124277,0.014686285648546517,0.0,100
2496,We should adopt a zero tolerance policy in schools,"[['A', 'B', 'C', 'D', 'E'], ['A', 'B', 'C', 'D', 'E']]",C,0.3793499134651559,0,0.4769717864805466,False,False,0.0,0.0,0.0,0.0,0.0,0.6206500865348441,100
2496,We should adopt a zero tolerance policy in schools,"[['A', 'B', 'C', 'D', 'E'], ['A', 'B', 'C', 'D', 'E']]",D,0.16724996951061027,0,0.20405607078106516,False,False,0.0,0.8327500259111948,0.0,1.9661537904367927e-09,2.612040893120753e-09,0.0,100
2496,We should adopt a zero tolerance policy in schools,"[['A', 'B', 'C', 'D', 'E'], ['A', 'B', 'C', 'D', 'E']]",E,0.903973166147126,0,0.9322972845670797,False,False,0.0,0.0,0.09602683029076113,6.316941616799993e-10,2.930418859712413e-09,0.0,100
2539,We should ban genetically modified crops,"[['A', 'B', 'C', 'D', 'E'], ['A', 'B', 'C', 'D', 'E']]",A,0.9549311325774131,0,0.9755949318748756,False,False,1.0,0.0,0.044974188852814796,3.0102133039512473e-10,9.467826875067722e-05,0.0,100
2539,We should ban genetically modified crops,"[['A', 'B', 'C', 'D', 'E'], ['A', 'B', 'C', 'D', 'E']]",B,0.008224971452241575,0,0.014920222583772874,False,False,0.0,4.3999185588535353e-07,0.0,0.07135169862049522,0.9204228899354072,0.0,100
2539,We should ban genetically modified crops,"[['A', 'B', 'C', 'D', 'E'], ['A', 'B', 'C', 'D', 'E']]",C,0.6421252423483823,0,0.7288050935096828,False,False,0.0,0.0,0.0,0.0,0.0,0.35787475765161786,100
2539,We should ban genetically modified crops,"[['A', 'B', 'C', 'D', 'E'], ['A', 'B', 'C', 'D', 'E']]",D,0.45416840474835335,0,0.5000770086944688,False,False,0.0,0.5456332645837114,0.0,1.3418103747174194e-09,0.00019832932612497755,0.0,100
2539,We should ban genetically modified crops,"[['A', 'B', 'C', 'D', 'E'], ['A', 'B', 'C', 'D', 'E']]",E,0.6819109412363515,0,0.7295107657906206,False,False,0.0,0.0,0.29839793261554887,3.1267303854233696e-09,0.01969112302136934,0.0,100
2572,We should ban algorithmic trading,"[['A', 'B', 'C', 'D', 'E'], ['A', 'B', 'C', 'D', 'E']]",A,0.9165665139752991,0,0.9431588313289347,False,False,0.0,0.0,0.08343348419631741,3.213035003030449e-10,1.5070801107189196e-09,0.0,100
2572,We should ban algorithmic trading,"[['A', 'B', 'C', 'D', 'E'], ['A', 'B', 'C', 'D', 'E']]",B,0.07524288988941821,0,0.12393749162626974,False,False,0.0,0.00037410229020288117,0.0,0.1315094036486156,0.7928736041717633,0.0,100
2572,We should ban algorithmic trading,"[['A', 'B', 'C', 'D', 'E'], ['A', 'B', 'C', 'D', 'E']]",C,0.5693668410743441,0,0.6559507546570895,False,False,0.0,0.0,0.0,0.0,0.0,0.43063315892565596,100
2572,We should ban algorithmic trading,"[['A', 'B', 'C', 'D', 'E'], ['A', 'B', 'C', 'D', 'E']]",D,0.48982865985654606,0,0.5450147811842462,False,False,0.0,0.5093144942804567,0.0,1.8400908807065477e-08,0.0008568274620884972,0.0,100
2572,We should ban algorithmic trading,"[['A', 'B', 'C', 'D', 'E'], ['A', 'B', 'C', 'D', 'E']]",E,0.5757410929714937,0,0.6279563090107515,False,False,0.0,0.0,0.42136529721183835,7.933962039833722e-09,0.002893601882706023,0.0,100
2604,The right to Internet access should be protected,"[['A', 'B', 'C', 'D', 'E'], ['A', 'B', 'C', 'D', 'E']]",A,0.999485555758659,0,1.0001530974978092,True,True,1.0,0.0,0.000514444035880484,2.514405498356207e-11,1.8031633897873902e-10,0.0,100
2604,The right to Internet access should be protected,"[['A', 'B', 'C', 'D', 'E'], ['A', 'B', 'C', 'D', 'E']]",B,0.021499907107987312,0,0.03935179648646618,False,False,0.0,0.9785000917507597,0.0,7.949124082393964e-10,3.4634062736613206e-10,0.0,100
2604,The right to Internet access should be protected,"[['A', 'B', 'C', 'D', 'E'], ['A', 'B', 'C', 'D', 'E']]",C,0.8480811828734798,0,0.9189286311003753,False,False,0.0,0.0,0.0,0.0,0.0,0.15191881712652022,100
2604,The right to Internet access should be protected,"[['A', 'B', 'C', 'D', 'E'], ['A', 'B', 'C', 'D', 'E']]",D,0.4739539533245623,0,0.5290469383067283,False,False,0.0,0.5260460263192175,0.0,1.157970291584797e-08,8.776517238884905e-09,0.0,100
2604,The right to Internet access should be protected,"[['A', 'B', 'C', 'D', 'E'], ['A', 'B', 'C', 'D', 'E']]",E,0.6680560382700687,0,0.7188418482390792,False,False,0.0,0.0,0.3319439489840945,6.9120641538437916e-09,5.833772521988918e-09,0.0,100
2615,We should ban homeopathy,"[['A', 'B', 'C', 'D', 'E'], ['A', 'B', 'C', 'D', 'E']]",A,0.9816240563050463,0,0.9941641544954447,False,True,1.0,0.0,0.018375943060394195,7.8146427084995e-11,5.564130685358764e-10,0.0,100
2615,We should ban homeopathy,"[['A', 'B', 'C', 'D', 'E'], ['A', 'B', 'C', 'D', 'E']]",B,0.284009922536342,0,0.36320016077357375,False,False,0.0,0.5483493884635868,0.0,0.0689863757040764,0.09865431329599479,0.0,100
2615,We should ban homeopathy,"[['A', 'B', 'C', 'D', 'E'], ['A', 'B', 'C', 'D', 'E']]",C,0.6186121251975103,0,0.6984189475158264,False,False,0.0,0.0,0.0,0.0,0.0,0.3813878748024897,100
2615,We should ban homeopathy,"[['A', 'B', 'C', 'D', 'E'], ['A', 'B', 'C', 'D', 'E']]",D,0.6924857234019989,0,0.7465410399811554,False,False,0.0,0.252502259603397,0.0,0.0324930013020423,0.022519015692561824,0.0,100
2615,We should ban homeopathy,"[['A', 'B', 'C', 'D', 'E'], ['A', 'B', 'C', 'D', 'E']]",E,0.32325063596621834,0,0.38882655993390935,False,False,0.0,0.0,0.3867378305836411,1.5488304671858782e-07,0.2900113785670939,0.0,100
2616,We should ban alternative medicine,"[['A', 'B', 'C', 'D', 'E'], ['A', 'B', 'C', 'D', 'E']]",A,0.9673977723695706,0,0.9883058607709109,False,True,1.0,0.0,0.03260222594168551,1.481969271112456e-10,1.5405468654203112e-09,0.0,100
2616,We should ban alternative medicine,"[['A', 'B', 'C', 'D', 'E'], ['A', 'B', 'C', 'D', 'E']]",B,0.002097056569122414,0,0.006198688418056603,False,False,0.0,6.385165042594454e-07,0.0,0.04325460856384548,0.9546476963505279,0.0,100
2616,We should ban alternative medicine,"[['A', 'B', 'C', 'D', 'E'], ['A', 'B', 'C', 'D', 'E']]",C,0.13599017228614518,0,0.18407949471351537,False,False,0.0,0.0,0.0,0.0,0.0,0.8640098277138547,100
2616,We should ban alternative medicine,"[['A', 'B', 'C', 'D', 'E'], ['A', 'B', 'C', 'D', 'E']]",D,0.5105490943420466,0,0.5587955385007366,False,False,0.0,0.4894502651314702,0.0,1.1741063976380916e-07,5.231158434611975e-07,0.0,100
2616,We should ban alternative medicine,"[['A', 'B', 'C', 'D', 'E'], ['A', 'B', 'C', 'D', 'E']]",E,0.5351409837431007,0,0.5887384911247836,False,False,0.0,0.0,0.4648522253890553,1.2758106446701024e-08,6.778109737545104e-06,0.0,100
2647,We should abolish term limits,"[['A', 'B', 'C', 'D', 'E'], ['A', 'B', 'C', 'D', 'E']]",A,0.9414166286156377,0,0.9630015966059787,False,False,0.0,0.0,0.0585833672110758,5.977116552478398e-10,3.575574816724768e-09,0.0,100
2647,We should abolish term limits,"[['A', 'B', 'C', 'D', 'E'], ['A', 'B', 'C', 'D', 'E']]",B,0.1604614113639067,0,0.19954729762327175,False,False,0.0,0.8395385635705275,0.0,1.1660678978314045e-08,1.3404886927658486e-08,0.0,100
2647,We should abolish term limits,"[['A', 'B', 'C', 'D', 'E'], ['A', 'B', 'C', 'D', 'E']]",C,0.967486262083277,0,1.0021739512219296,True,True,1.0,0.0,0.0,0.0,0.0,0.03251373791672276,100
2647,We should abolish term limits,"[['A', 'B', 'C', 'D', 'E'], ['A', 'B', 'C', 'D', 'E']]",D,0.1129924618092229,0,0.1491574066603526,False,False,0.0,0.8770034102276969,0.0,1.0233672810104055e-07,0.01000402562635221,0.0,100
2647,We should abolish term limits,"[['A', 'B', 'C', 'D', 'E'], ['A', 'B', 'C', 'D', 'E']]",E,0.9662438945827787,0,0.9814664056783908,False,False,1.0,0.0,0.03274419283610839,2.849950962967157e-08,0.0010118840816032365,0.0,100
2654,We should protect whistleblowers,"[['A', 'B', 'C', 'D', 'E'], ['A', 'B', 'C', 'D', 'E']]",A,0.9998101389766292,0,1.0000456028740927,True,True,1.0,0.0,0.00018986082050814708,1.8204806057211874e-11,1.846577511035953e-10,0.0,100
2654,We should protect whistleblowers,"[['A', 'B', 'C', 'D', 'E'], ['A', 'B', 'C', 'D', 'E']]",B,0.007034424916305313,0,0.01918570929344261,False,False,0.0,0.9929655747015199,0.0,1.5351554562308983e-10,2.2865920013729344e-10,0.0,100
2654,We should protect whistleblowers,"[['A', 'B', 'C', 'D', 'E'], ['A', 'B', 'C', 'D', 'E']]",C,0.6631152388508181,0,0.7461043020720934,False,False,0.0,0.0,0.0,0.0,0.0,0.3368847611491818,100
2654,We should protect whistleblowers,"[['A', 'B', 'C', 'D', 'E'], ['A', 'B', 'C', 'D', 'E']]",D,0.763243443846758,0,0.8109425434540214,False,False,0.0,0.22953286119581112,0.0,0.003838593015922232,0.003385101941508712,0.0,100
2654,We should protect whistleblowers,"[['A', 'B', 'C', 'D', 'E'], ['A', 'B', 'C', 'D', 'E']]",E,0.611596949154269,0,0.6645029731856313,False,False,0.0,0.0,0.38840016528852095,2.6907477903695307e-06,1.9480941967421257e-07,0.0,100
2679,We should disband UNESCO,"[['A', 'B', 'C', 'D', 'E'], ['A', 'B', 'C', 'D', 'E']]",A,0.011395895361557154,0,0.02069630278901846,False,False,0.0,0.0,1.4000832709291075e-08,6.8904485216586414e-09,0.9886040837471617,0.0,100
2679,We should disband UNESCO,"[['A', 'B', 'C', 'D', 'E'], ['A', 'B', 'C', 'D', 'E']]",B,8.938927246590465e-05,0,0.0003005296057247064,False,False,0.0,9.872377376072751e-05,0.0,3.053240454283544e-07,0.9998115816297279,0.0,100
2679,We should disband UNESCO,"[['A', 'B', 'C', 'D', 'E'], ['A', 'B', 'C', 'D', 'E']]",C,0.3377678691310475,0,0.43583972449509234,False,False,0.0,0.0,0.0,0.0,0.0,0.6622321308689526,100
2679,We should disband UNESCO,"[['A', 'B', 'C', 'D', 'E'], ['A', 'B', 'C', 'D', 'E']]",D,0.3559344781982374,0,0.4096429719733043,False,False,0.0,0.6409163886468119,0.0,6.609000617431666e-09,0.003149126545950075,0.0,100
2679,We should disband UNESCO,"[['A', 'B', 'C', 'D', 'E'], ['A', 'B', 'C', 'D', 'E']]",E,0.7115085685601065,0,0.7556787194631513,False,False,0.0,0.0,0.27488316387693934,1.0783413772519286e-08,0.013608256779540346,0.0,100
2694,We should abolish intelligence tests,"[['A', 'B', 'C', 'D', 'E'], ['A', 'B', 'C', 'D', 'E']]",A,0.9303672774294764,0,0.9547342390837359,False,False,0.0,0.0,0.06963272167079167,2.0269384438400376e-10,6.970378852268893e-10,0.0,100
2694,We should abolish intelligence tests,"[['A', 'B', 'C', 'D', 'E'], ['A', 'B', 'C', 'D', 'E']]",B,0.17965991506974752,0,0.23744051924355872,False,False,0.0,0.16012598030360312,0.0,0.050104140624145505,0.6101099640025038,0.0,100
2694,We should abolish intelligence tests,"[['A', 'B', 'C', 'D', 'E'], ['A', 'B', 'C', 'D', 'E']]",C,0.5389067394923321,0,0.6294207063063277,False,False,0.0,0.0,0.0,0.0,0.0,0.4610932605076679,100
2694,We should abolish intelligence tests,"[['A', 'B', 'C', 'D', 'E'], ['A', 'B', 'C', 'D', 'E']]",D,0.4944575019170129,0,0.5613217878772544,False,False,0.0,0.5055414389390048,0.0,6.04443706398622e-07,4.547002758298795e-07,0.0,100
2694,We should abolish intelligence tests,"[['A', 'B', 'C', 'D', 'E'], ['A', 'B', 'C', 'D', 'E']]",E,0.781415704815525,0,0.8259228558510275,False,False,0.0,0.0,0.21401679355427933,9.836095209193388e-09,0.004567491794100323,0.0,100
2747,We should ban telemarketing,"[['A', 'B', 'C', 'D', 'E'], ['A', 'B', 'C', 'D', 'E']]",A,0.9589233733286445,0,0.9756300509728523,False,False,1.0,0.0,0.0410766255971585,2.0300756753978452e-10,8.711892874088835e-10,0.0,100
2747,We should ban telemarketing,"[['A', 'B', 'C', 'D', 'E'], ['A', 'B', 'C', 'D', 'E']]",B,0.2884790818426325,0,0.3580817226346259,False,False,0.0,0.0476534020658746,0.0,0.2562498068306731,0.40761770926081986,0.0,100
2747,We should ban telemarketing,"[['A', 'B', 'C', 'D', 'E'], ['A', 'B', 'C', 'D', 'E']]",C,0.34903529925153814,0,0.4232360819786622,False,False,0.0,0.0,0.0,0.0,0.0,0.6509647007484619,100
2747,We should ban telemarketing,"[['A', 'B', 'C', 'D', 'E'], ['A', 'B', 'C', 'D', 'E']]",D,0.70315575047993,0,0.7535479922381065,False,False,0.0,0.29622430399826954,0.0,0.00038163130554085456,0.00023831421625983238,0.0,100
2747,We should ban telemarketing,"[['A', 'B', 'C', 'D', 'E'], ['A', 'B', 'C', 'D', 'E']]",E,0.4462139135151023,0,0.50292362102635,False,False,0.0,0.0,0.5537859878541125,1.574744006722934e-08,8.288334504601301e-08,0.0,100
2767,We should subsidize investigative journalism,"[['A', 'B', 'C', 'D', 'E'], ['A', 'B', 'C', 'D', 'E']]",A,0.9994277503168345,0,0.9999492972962991,False,True,1.0,0.0,0.0005722492375990992,3.0556606952889746e-11,4.150097026300816e-10,0.0,100
2767,We should subsidize investigative journalism,"[['A', 'B', 'C', 'D', 'E'], ['A', 'B', 'C', 'D', 'E']]",B,0.010807784324799065,0,0.017441290312720965,False,False,0.0,0.9891922153173138,0.0,6.51404835887591e-11,2.9274663452173466e-10,0.0,100
2767,We should subsidize investigative journalism,"[['A', 'B', 'C', 'D', 'E'], ['A', 'B', 'C', 'D', 'E']]",C,0.8382035750810419,0,0.9084440905040257,False,False,0.0,0.0,0.0,0.0,0.0,0.16179642491895802,100
2767,We should subsidize investigative journalism,"[['A', 'B', 'C', 'D', 'E'], ['A', 'B', 'C', 'D', 'E']]",D,0.143970898219596,0,0.18177074521068443,False,False,0.0,0.8560279802716592,0.0,8.749735199867402e-09,1.112759009530496e-06,0.0,100
2767,We should subsidize investigative journalism,"[['A', 'B', 'C', 'D', 'E'], ['A', 'B', 'C', 'D', 'E']]",E,0.9409430912342495,0,0.9645181387709025,False,False,0.0,0.0,0.05905689858988402,3.485449210673223e-09,6.6904172625360385e-09,0.0,100
3052,We should raise the corporate tax,"[['A', 'B', 'C', 'D', 'E'], ['A', 'B', 'C', 'D', 'E']]",A,0.9871959932813696,0,0.9968193051868454,False,True,1.0,0.0,0.012804006363545527,6.32128614429697e-11,2.918719656912282e-10,0.0,100
3052,We should raise the corporate tax,"[['A', 'B', 'C', 'D', 'E'], ['A', 'B', 'C', 'D', 'E']]",B,0.19847423989376434,0,0.2361486116395083,False,False,0.0,0.8015257583511791,0.0,8.589423187195317e-10,8.961141108324189e-10,0.0,100
3052,We should raise the corporate tax,"[['A', 'B', 'C', 'D', 'E'], ['A', 'B', 'C', 'D', 'E']]",C,0.9964944420669727,0,1.0043460323154403,True,True,1.0,0.0,0.0,0.0,0.0,0.0035055579330274815,100
3052,We should raise the corporate tax,"[['A', 'B', 'C', 'D', 'E'], ['A', 'B', 'C', 'D', 'E']]",D,0.1760625930150482,0,0.21446327287195785,False,False,0.0,0.8239374033713741,0.0,1.6349785460525484e-09,1.97859921055327e-09,0.0,100
3052,We should raise the corporate tax,"[['A', 'B', 'C', 'D', 'E'], ['A', 'B', 'C', 'D', 'E']]",E,0.8944047467163734,0,0.9229995275710826,False,False,0.0,0.0,0.10559524911439336,1.465398571674343e-09,2.7038347318278114e-09,0.0,100
3166,We should abolish the American Jobs Act,"[['A', 'B', 'C', 'D', 'E'], ['A', 'B', 'C', 'D', 'E']]",A,0.9183725592451144,0,0.9501503508159522,False,False,0.0,0.0,0.07162738127634653,1.2941591703325432e-09,0.010000058184380014,0.0,100
3166,We should abolish the American Jobs Act,"[['A', 'B', 'C', 'D', 'E'], ['A', 'B', 'C', 'D', 'E']]",B,0.3015648472402139,0,0.3877086433386153,False,False,0.0,0.11233922712470547,0.0,0.047929093972534434,0.5381668316625464,0.0,100
3166,We should abolish the American Jobs Act,"[['A', 'B', 'C', 'D', 'E'], ['A', 'B', 'C', 'D', 'E']]",C,0.8766957409123478,0,0.9422190695418231,False,False,0.0,0.0,0.0,0.0,0.0,0.12330425908765219,100
3166,We should abolish the American Jobs Act,"[['A', 'B', 'C', 'D', 'E'], ['A', 'B', 'C', 'D', 'E']]",D,0.23670079237521677,0,0.293293646900812,False,False,0.0,0.4987598181871579,0.0,0.001053361919000182,0.2634860275186252,0.0,100
3166,We should abolish the American Jobs Act,"[['A', 'B', 'C', 'D', 'E'], ['A', 'B', 'C', 'D', 'E']]",E,0.7998127979205649,0,0.8372055636988972,False,False,0.0,0.0,0.1659402965937516,1.732611484900342e-08,0.03424688815956839,0.0,100
3170,We should end mandatory retirement,"[['A', 'B', 'C', 'D', 'E'], ['A', 'B', 'C', 'D', 'E']]",A,0.9865308893687764,0,0.9958434650839818,False,True,1.0,0.0,0.013469110157689718,8.65904546845307e-11,3.8694354292352146e-10,0.0,100
3170,We should end mandatory retirement,"[['A', 'B', 'C', 'D', 'E'], ['A', 'B', 'C', 'D', 'E']]",B,0.04161386763527539,0,0.05874141298958385,False,False,0.0,0.9583861318182508,0.0,1.2968806961065012e-10,4.1678574665522535e-10,0.0,100
3170,We should end mandatory retirement,"[['A', 'B', 'C', 'D', 'E'], ['A', 'B', 'C', 'D', 'E']]",C,0.7496093171861977,0,0.842398862100339,False,False,0.0,0.0,0.0,0.0,0.0,0.2503906828138022,100
3170,We should end mandatory retirement,"[['A', 'B', 'C', 'D', 'E'], ['A', 'B', 'C', 'D', 'E']]",D,0.423059942282151,0,0.5232052313684625,False,False,0.0,0.08451853914625188,0.0,0.03218004182695118,0.4602414767446459,0.0,100
3170,We should end mandatory retirement,"[['A', 'B', 'C', 'D', 'E'], ['A', 'B', 'C', 'D', 'E']]",E,0.1398447806970999,0,0.21340970948721166,False,False,0.0,0.0,0.05015498782536055,5.445529420047571e-07,0.8099996869245976,0.0,100
3194,We should abandon television,"[['A', 'B', 'C', 'D', 'E'], ['A', 'B', 'C', 'D', 'E']]",A,0.5440633082475553,0,0.6580910044450261,False,False,0.0,0.0,0.019742262506210233,2.209360935554747e-08,0.43619440715262514,0.0,100
3194,We should abandon television,"[['A', 'B', 'C', 'D', 'E'], ['A', 'B', 'C', 'D', 'E']]",B,0.0003768615397751933,0,0.0009224928727121855,False,False,0.0,4.429135306682651e-08,0.0,8.162971110185288e-07,0.9996222778717607,0.0,100
3194,We should abandon television,"[['A', 'B', 'C', 'D', 'E'], ['A', 'B', 'C', 'D', 'E']]",C,0.11852545482565806,0,0.17332329670325625,False,False,0.0,0.0,0.0,0.0,0.0,0.881474545174342,100
3194,We should abandon television,"[['A', 'B', 'C', 'D', 'E'], ['A', 'B', 'C', 'D', 'E']]",D,0.5744467117245251,0,0.6280338396678844,False,False,0.0,0.4255456994810872,0.0,2.2716023196107424e-08,7.566078364506339e-06,0.0,100
3194,We should abandon television,"[['A', 'B', 'C', 'D', 'E'], ['A', 'B', 'C', 'D', 'E']]",E,0.46872167368904777,0,0.5246736481958603,False,False,0.0,0.0,0.5253242997026465,5.302114318831158e-08,0.0059539735871625395,0.0,100
3195,Casinos should be banned,"[['A', 'B', 'C', 'D', 'E'], ['A', 'B', 'C', 'D', 'E']]",A,0.9695348758220276,0,0.9867061793050269,False,False,1.0,0.0,0.030465080093491696,8.765799314699838e-11,4.3996822560678553e-08,0.0,100
3195,Casinos should be banned,"[['A', 'B', 'C', 'D', 'E'], ['A', 'B', 'C', 'D', 'E']]",B,0.018004452523894578,0,0.03070038356483358,False,False,0.0,1.327507230620309e-05,0.0,0.09929171349760814,0.8826905589061913,0.0,100
3195,Casinos should be banned,"[['A', 'B', 'C', 'D', 'E'], ['A', 'B', 'C', 'D', 'E']]",C,0.7709678330544867,0,0.8459406507982911,False,False,0.0,0.0,0.0,0.0,0.0,0.2290321669455133,100
3195,Casinos should be banned,"[['A', 'B', 'C', 'D', 'E'], ['A', 'B', 'C', 'D', 'E']]",D,0.550754456239473,0,0.6041066990201442,False,False,0.0,0.44923375867809384,0.0,3.29089839012939e-08,1.1752173449288505e-05,0.0,100
3195,Casinos should be banned,"[['A', 'B', 'C', 'D', 'E'], ['A', 'B', 'C', 'D', 'E']]",E,0.4800273836131326,0,0.5310198009959809,False,False,0.0,0.0,0.5100460045630508,6.466628540333939e-09,0.009926605357187996,0.0,100
3196,We should increase immigration to the United States,"[['A', 'B', 'C', 'D', 'E'], ['A', 'B', 'C', 'D', 'E']]",A,0.9986472316857048,0,1.000367378958502,True,True,1.0,0.0,0.0013527681422420097,2.368581794309057e-11,1.4836744378810163e-10,0.0,100
3196,We should increase immigration to the United States,"[['A', 'B', 'C', 'D', 'E'], ['A', 'B', 'C', 'D', 'E']]",B,0.050497405559122195,0,0.07488719843175483,False,False,0.0,0.9495025941083258,0.0,1.2755330651803385e-10,2.0499857457447048e-10,0.0,100
3196,We should increase immigration to the United States,"[['A', 'B', 'C', 'D', 'E'], ['A', 'B', 'C', 'D', 'E']]",C,0.9404308773224557,0,0.9780384963630803,False,True,0.0,0.0,0.0,0.0,0.0,0.0595691226775444,100
3196,We should increase immigration to the United States,"[['A', 'B', 'C', 'D', 'E'], ['A', 'B', 'C', 'D', 'E']]",D,0.20541034983408818,0,0.2537807882398718,False,False,0.0,0.7945896443729552,0.0,2.627291939177715e-09,3.1656647409495082e-09,0.0,100
3196,We should increase immigration to the United States,"[['A', 'B', 'C', 'D', 'E'], ['A', 'B', 'C', 'D', 'E']]",E,0.952891671713653,0,0.9767159746744575,False,False,1.0,0.0,0.04710808253557272,6.597065652417022e-10,2.4509106784107517e-07,0.0,100
3201,We should subsidize embryonic stem cell research,"[['A', 'B', 'C', 'D', 'E'], ['A', 'B', 'C', 'D', 'E']]",A,0.9967169782267093,0,1.0005884747582752,True,True,1.0,0.0,0.0032830215265389883,3.041503167985089e-11,2.1633675310597554e-10,0.0,100
3201,We should subsidize embryonic stem cell research,"[['A', 'B', 'C', 'D', 'E'], ['A', 'B', 'C', 'D', 'E']]",B,0.038836505341529805,0,0.05799036702766476,False,False,0.0,0.961163494243923,0.0,1.1406852752501895e-10,3.004788381405103e-10,0.0,100
3201,We should subsidize embryonic stem cell research,"[['A', 'B', 'C', 'D', 'E'], ['A', 'B', 'C', 'D', 'E']]",C,0.9173468998534797,0,0.9759906189863555,False,True,0.0,0.0,0.0,0.0,0.0,0.08265310014652037,100
3201,We should subsidize embryonic stem cell research,"[['A', 'B', 'C', 'D', 'E'], ['A', 'B', 'C', 'D', 'E']]",D,0.11099522230795154,0,0.14093478671547832,False,False,0.0,0.8890047685006198,0.0,2.811938869654288e-09,6.379489856589218e-09,0.0,100
3201,We should subsidize embryonic stem cell research,"[['A', 'B', 'C', 'D', 'E'], ['A', 'B', 'C', 'D', 'E']]",E,0.9376126222181802,0,0.9582822612464391,False,False,0.0,0.0,0.062387374008529325,1.4341119536965923e-09,2.339178457480149e-09,0.0,100
3222,We should abolish bitcoins,"[['A', 'B', 'C', 'D', 'E'], ['A', 'B', 'C', 'D', 'E']]",A,0.9414887344388526,0,0.9653490746501665,False,False,0.0,0.0,0.05851120292118345,2.8253940586023416e-10,6.235742458406366e-08,0.0,100
3222,We should abolish bitcoins,"[['A', 'B', 'C', 'D', 'E'], ['A', 'B', 'C', 'D', 'E']]",B,0.06496951391858989,0,0.11038174044245341,False,False,0.0,0.012083173860159726,0.0,0.08425393693998132,0.8386933752812691,0.0,100
3222,We should abolish bitcoins,"[['A', 'B', 'C', 'D', 'E'], ['A', 'B', 'C', 'D', 'E']]",C,0.8050528980090945,0,0.880020845064349,False,False,0.0,0.0,0.0,0.0,0.0,0.19494710199090556,100
3222,We should abolish bitcoins,"[['A', 'B', 'C', 'D', 'E'], ['A', 'B', 'C', 'D', 'E']]",D,0.576239040082204,0,0.628205428782383,False,False,0.0,0.4232131688120188,0.0,4.5639863674320824e-05,0.000502151242102935,0.0,100
3222,We should abolish bitcoins,"[['A', 'B', 'C', 'D', 'E'], ['A', 'B', 'C', 'D', 'E']]",E,0.2514046978528573,0,0.33046484522169345,False,False,0.0,0.0,0.16844529294391922,1.617388711617188e-08,0.5801499930293363,0.0,100
3223,We should fight global warming,"[['A', 'B', 'C', 'D', 'E'], ['A', 'B', 'C', 'D', 'E']]",A,0.9997788064586013,0,1.000229776350083,True,True,1.0,0.0,0.00022119340810948472,1.5035237419985066e-11,1.1825392655241027e-10,0.0,100
3223,We should fight global warming,"[['A', 'B', 'C', 'D', 'E'], ['A', 'B', 'C', 'D', 'E']]",B,0.018637126298913214,0,0.03423370414461136,False,False,0.0,0.9813628734376667,0.0,6.580159841353463e-11,1.9761838715560838e-10,0.0,100
3223,We should fight global warming,"[['A', 'B', 'C', 'D', 'E'], ['A', 'B', 'C', 'D', 'E']]",C,0.9328413703837002,0,0.9736367694936613,False,True,0.0,0.0,0.0,0.0,0.0,0.06715862961629983,100
3223,We should fight global warming,"[['A', 'B', 'C', 'D', 'E'], ['A', 'B', 'C', 'D', 'E']]",D,0.8787499111864312,0,0.9126320518091042,False,False,0.0,0.08025673227102699,0.0,0.035623403175366254,0.005369953367175452,0.0,100
3223,We should fight global warming,"[['A', 'B', 'C', 'D', 'E'], ['A', 'B', 'C', 'D', 'E']]",E,0.6172096080907462,0,0.6724775356180341,False,False,0.0,0.0,0.3827902604069719,7.669286377612578e-08,5.480941799986905e-08,0.0,100
3234,The use of AI should be abandoned,"[['A', 'B', 'C', 'D', 'E'], ['A', 'B', 'C', 'D', 'E']]",A,0.08350023311917959,0,0.12082252723884498,False,False,0.0,0.0,7.418737082126248e-08,4.716650463205507e-08,0.916499645526945,0.0,100
3234,The use of AI should be abandoned,"[['A', 'B', 'C', 'D', 'E'], ['A', 'B', 'C', 'D', 'E']]",B,4.2678419968678707e-07,0,1.1962156553247268e-06,False,False,0.0,9.920389860114868e-07,0.0,6.00220206515388e-09,0.9999985751746122,0.0,100
3234,The use of AI should be abandoned,"[['A', 'B', 'C', 'D', 'E'], ['A', 'B', 'C', 'D', 'E']]",C,0.09673154757400329,0,0.15006604378451094,False,False,0.0,0.0,0.0,0.0,0.0,0.9032684524259966,100
3234,The use of AI should be abandoned,"[['A', 'B', 'C', 'D', 'E'], ['A', 'B', 'C', 'D', 'E']]",D,0.4111880475066282,0,0.4631920876331907,False,False,0.0,0.5712754856512905,0.0,9.565984435149145e-09,0.017536457276096904,0.0,100
3234,The use of AI should be abandoned,"[['A', 'B', 'C', 'D', 'E'], ['A', 'B', 'C', 'D', 'E']]",E,0.6462423123081557,0,0.6902021174480372,False,False,0.0,0.0,0.24692793174563857,1.2695854819984477e-07,0.10682962898765755,0.0,100
3263,We should end the use of economic sanctions,"[['A', 'B', 'C', 'D', 'E'], ['A', 'B', 'C', 'D', 'E']]",A,0.9258078045995617,0,0.9497319521560957,False,False,0.0,0.0,0.07419219266941643,5.31177701982621e-10,2.1998441149009496e-09,0.0,100
3263,We should end the use of economic sanctions,"[['A', 'B', 'C', 'D', 'E'], ['A', 'B', 'C', 'D', 'E']]",B,0.4823864821440548,0,0.567918381269286,False,False,0.0,0.13060126528779004,0.0,0.13077565560673285,0.2562365969614223,0.0,100
3263,We should end the use of economic sanctions,"[['A', 'B', 'C', 'D', 'E'], ['A', 'B', 'C', 'D', 'E']]",C,0.8933986050426127,0,0.9500922563643318,False,False,0.0,0.0,0.0,0.0,0.0,0.10660139495738738,100
3263,We should end the use of economic sanctions,"[['A', 'B', 'C', 'D', 'E'], ['A', 'B', 'C', 'D', 'E']]",D,0.3362713759847415,0,0.38648295539716376,False,False,0.0,0.633708653140222,0.0,5.1090095389659295e-09,0.030019965766027043,0.0,100
3263,We should end the use of economic sanctions,"[['A', 'B', 'C', 'D', 'E'], ['A', 'B', 'C', 'D', 'E']]",E,0.8284790886402579,0,0.868863262390877,False,False,0.0,0.0,0.16629550349418187,6.741977544566275e-09,0.005225401123582756,0.0,100
3279,Blockade of the Gaza Strip should be ended,"[['A', 'B', 'C', 'D', 'E'], ['A', 'B', 'C', 'D', 'E']]",A,0.9757653272930544,0,0.9914221528987268,False,True,1.0,0.0,0.024234672023213624,1.0905905795915344e-10,5.746728013049041e-10,0.0,100
3279,Blockade of the Gaza Strip should be ended,"[['A', 'B', 'C', 'D', 'E'], ['A', 'B', 'C', 'D', 'E']]",B,0.15899878768411274,0,0.20088959844467746,False,False,0.0,0.8410012098979556,0.0,8.74368252057017e-10,1.5435633826896373e-09,0.0,100
3279,Blockade of the Gaza Strip should be ended,"[['A', 'B', 'C', 'D', 'E'], ['A', 'B', 'C', 'D', 'E']]",C,0.9880016656247796,0,1.0052179211079015,True,True,1.0,0.0,0.0,0.0,0.0,0.01199833437522036,100
3279,Blockade of the Gaza Strip should be ended,"[['A', 'B', 'C', 'D', 'E'], ['A', 'B', 'C', 'D', 'E']]",D,0.2935704049730517,0,0.3435196379434844,False,False,0.0,0.6998860156814223,0.0,0.0052096433750826905,0.001333935970443378,0.0,100
3279,Blockade of the Gaza Strip should be ended,"[['A', 'B', 'C', 'D', 'E'], ['A', 'B', 'C', 'D', 'E']]",E,0.7946869552892253,0,0.837752004594046,False,False,0.0,0.0,0.20531303862723896,2.8154638444561604e-09,3.2680720430117545e-09,0.0,100
3581,We should end cheerleading,"[['A', 'B', 'C', 'D', 'E'], ['A', 'B', 'C', 'D', 'E']]",A,0.5866550873056218,0,0.6915848049065729,False,False,0.0,0.0,0.08529920889998482,2.7434596031360717e-08,0.32804567635979737,0.0,100
3581,We should end cheerleading,"[['A', 'B', 'C', 'D', 'E'], ['A', 'B', 'C', 'D', 'E']]",B,0.21866815255849317,0,0.3020218270530096,False,False,0.0,0.083202256093979,0.0,0.04923242892701005,0.6488971624205178,0.0,100
3581,We should end cheerleading,"[['A', 'B', 'C', 'D', 'E'], ['A', 'B', 'C', 'D', 'E']]",C,0.5794448886872352,0,0.673709539072597,False,False,0.0,0.0,0.0,0.0,0.0,0.4205551113127648,100
3581,We should end cheerleading,"[['A', 'B', 'C', 'D', 'E'], ['A', 'B', 'C', 'D', 'E']]",D,0.4823997372071652,0,0.5324532054997946,False,False,0.0,0.5175467494048246,0.0,1.4299206853462027e-08,5.349908880336502e-05,0.0,100
3581,We should end cheerleading,"[['A', 'B', 'C', 'D', 'E'], ['A', 'B', 'C', 'D', 'E']]",E,0.4895501278099218,0,0.5413249988209736,False,False,0.0,0.0,0.4997162831172318,8.440847583272825e-09,0.010733580631998878,0.0,100
3699,We should abolish primary elections,"[['A', 'B', 'C', 'D', 'E'], ['A', 'B', 'C', 'D', 'E']]",A,0.9100717439135795,0,0.9373437983717974,False,False,0.0,0.0,0.08992825164225518,1.2996754115309838e-09,3.1444898964238514e-09,0.0,100
3699,We should abolish primary elections,"[['A', 'B', 'C', 'D', 'E'], ['A', 'B', 'C', 'D', 'E']]",B,0.29873953824273813,0,0.36930601124100376,False,False,0.0,0.44362773958606283,0.0,0.03286969735913055,0.22476302481206858,0.0,100
3699,We should abolish primary elections,"[['A', 'B', 'C', 'D', 'E'], ['A', 'B', 'C', 'D', 'E']]",C,0.7754801692665001,0,0.862180534353993,False,False,0.0,0.0,0.0,0.0,0.0,0.22451983073350004,100
3699,We should abolish primary elections,"[['A', 'B', 'C', 'D', 'E'], ['A', 'B', 'C', 'D', 'E']]",D,0.33319828170802473,0,0.38242968967504887,False,False,0.0,0.6426076440968442,0.0,2.9744819787750178e-08,0.02419404445031113,0.0,100
3699,We should abolish primary elections,"[['A', 'B', 'C', 'D', 'E'], ['A', 'B', 'C', 'D', 'E']]",E,0.6966623708562305,0,0.7444838584857397,False,False,0.0,0.0,0.2504992876540958,3.407512708608273e-08,0.05283830741454675,0.0,100
3759,Tattoos should be banned,"[['A', 'B', 'C', 'D', 'E'], ['A', 'B', 'C', 'D', 'E']]",A,0.09087557897326706,0,0.144637594853785,False,False,0.0,0.0,0.01261799043749566,8.522344912099182e-09,0.8965064220668926,0.0,100
3759,Tattoos should be banned,"[['A', 'B', 'C', 'D', 'E'], ['A', 'B', 'C', 'D', 'E']]",B,0.08739388179577144,0,0.13332153546624304,False,False,0.0,0.00058132067565411,0.0,0.35712126002106254,0.554903537507512,0.0,100
3759,Tattoos should be banned,"[['A', 'B', 'C', 'D', 'E'], ['A', 'B', 'C', 'D', 'E']]",C,0.1091380724022753,0,0.16909952922000349,False,False,0.0,0.0,0.0,0.0,0.0,0.8908619275977245,100
3759,Tattoos should be banned,"[['A', 'B', 'C', 'D', 'E'], ['A', 'B', 'C', 'D', 'E']]",D,0.2964380311957789,0,0.3392264507198522,False,False,0.0,0.6891047385673384,0.0,1.3164506208366514e-08,0.014457217072376422,0.0,100
3759,Tattoos should be banned,"[['A', 'B', 'C', 'D', 'E'], ['A', 'B', 'C', 'D', 'E']]",E,0.692409697058467,0,0.7400749593437792,False,False,0.0,0.0,0.26176621883419815,7.811479969366364e-09,0.04582407629585502,0.0,100
802,We should protect Antarctica,"[['A', 'B', 'C', 'D', 'E'], ['A', 'B', 'C', 'D', 'E']]",A,0.9895133885675733,0,0.9981329425448384,False,True,1.0,0.0,0.010486611049404898,3.838445539261575e-11,3.4463736969940477e-10,0.0,100
802,We should protect Antarctica,"[['A', 'B', 'C', 'D', 'E'], ['A', 'B', 'C', 'D', 'E']]",B,0.007613608353497698,0,0.013741187490333366,False,False,0.0,0.9923863913163248,0.0,5.221548068912191e-11,2.7796192057803905e-10,0.0,100
802,We should protect Antarctica,"[['A', 'B', 'C', 'D', 'E'], ['A', 'B', 'C', 'D', 'E']]",C,0.9356984095202202,0,0.9685018403698507,False,False,0.0,0.0,0.0,0.0,0.0,0.06430159047977976,100
802,We should protect Antarctica,"[['A', 'B', 'C', 'D', 'E'], ['A', 'B', 'C', 'D', 'E']]",D,0.814094967851442,0,0.8610443979307857,False,False,0.0,0.18071682129340144,0.0,0.0049799591687281,0.00020825168642837427,0.0,100
802,We should protect Antarctica,"[['A', 'B', 'C', 'D', 'E'], ['A', 'B', 'C', 'D', 'E']]",E,0.5667330726395029,0,0.6282758624267449,False,False,0.0,0.0,0.4332613810333812,2.2747997211901594e-07,5.318847143936098e-06,0.0,100
2122,We should further exploit green technology,"[['A', 'B', 'C', 'D', 'E'], ['A', 'B', 'C', 'D', 'E']]",A,0.9964932555314904,0,1.0008734639914718,True,True,1.0,0.0,0.0035067442187207516,3.490218758894968e-11,2.1488661948259572e-10,0.0,100
2122,We should further exploit green technology,"[['A', 'B', 'C', 'D', 'E'], ['A', 'B', 'C', 'D', 'E']]",B,0.015489507675075278,0,0.029180328499255184,False,False,0.0,0.9845104920289016,0.0,1.3606783637358345e-10,1.5995546282525376e-10,0.0,100
2122,We should further exploit green technology,"[['A', 'B', 'C', 'D', 'E'], ['A', 'B', 'C', 'D', 'E']]",C,0.7386204916548923,0,0.8043981009063097,False,False,0.0,0.0,0.0,0.0,0.0,0.26137950834510754,100
2122,We should further exploit green technology,"[['A', 'B', 'C', 'D', 'E'], ['A', 'B', 'C', 'D', 'E']]",D,0.6617272421105873,0,0.7089203965388258,False,False,0.0,0.3382072862499087,0.0,6.512552241194878e-05,3.4611709183380474e-07,0.0,100
2122,We should further exploit green technology,"[['A', 'B', 'C', 'D', 'E'], ['A', 'B', 'C', 'D', 'E']]",E,0.5979470199750201,0,0.6591396526020333,False,False,0.0,0.0,0.40205241045400764,5.384817066231246e-07,3.1089265736115865e-08,0.0,100
2124,We should subsidize higher education,"[['A', 'B', 'C', 'D', 'E'], ['A', 'B', 'C', 'D', 'E']]",A,0.9957907373870435,0,1.0027840215200154,True,True,1.0,0.0,0.0042092624759984,2.1451012037542655e-11,1.1550681312829434e-10,0.0,100
2124,We should subsidize higher education,"[['A', 'B', 'C', 'D', 'E'], ['A', 'B', 'C', 'D', 'E']]",B,0.03457845855066227,0,0.05033319550536211,False,False,0.0,0.9654215411167745,0.0,9.063845590039261e-11,2.41924756905883e-10,0.0,100
2124,We should subsidize higher education,"[['A', 'B', 'C', 'D', 'E'], ['A', 'B', 'C', 'D', 'E']]",C,0.9921140885468795,0,1.0010704196434737,True,True,1.0,0.0,0.0,0.0,0.0,0.007885911453120394,100
2124,We should subsidize higher education,"[['A', 'B', 'C', 'D', 'E'], ['A', 'B', 'C', 'D', 'E']]",D,0.12745975064706447,0,0.16407057903809158,False,False,0.0,0.8725402393212321,0.0,5.606099463899232e-09,4.42560374948465e-09,0.0,100
2124,We should subsidize higher education,"[['A', 'B', 'C', 'D', 'E'], ['A', 'B', 'C', 'D', 'E']]",E,0.9389891859874475,0,0.965457663326678,False,False,0.0,0.0,0.06101080748943041,3.0170123833590543e-09,3.5061097110817042e-09,0.0,100
2184,We should legalize public nudity,"[['A', 'B', 'C', 'D', 'E'], ['A', 'B', 'C', 'D', 'E']]",A,0.9754876521719039,0,0.9878605883929581,False,False,1.0,0.0,0.02451234743916281,1.0155921321779633e-10,2.873739357685085e-10,0.0,100
2184,We should legalize public nudity,"[['A', 'B', 'C', 'D', 'E'], ['A', 'B', 'C', 'D', 'E']]",B,0.1856159848537129,0,0.23592886659200352,False,False,0.0,0.8143840120070643,0.0,1.7877739894705861e-09,1.3514487504590188e-09,0.0,100
2184,We should legalize public nudity,"[['A', 'B', 'C', 'D', 'E'], ['A', 'B', 'C', 'D', 'E']]",C,0.9932097389588789,0,1.003285706927843,True,True,1.0,0.0,0.0,0.0,0.0,0.00679026104112127,100
2184,We should legalize public nudity,"[['A', 'B', 'C', 'D', 'E'], ['A', 'B', 'C', 'D', 'E']]",D,0.10799653404951241,0,0.1390230789537526,False,False,0.0,0.8879044408319973,0.0,3.979035733054882e-09,0.00409902113945452,0.0,100
2184,We should legalize public nudity,"[['A', 'B', 'C', 'D', 'E'], ['A', 'B', 'C', 'D', 'E']]",E,0.9328201315062385,0,0.9603127519073359,False,False,0.0,0.0,0.061047997066589324,3.0038841661928722e-09,0.006131868423287826,0.0,100
2225,We should ban factory farming,"[['A', 'B', 'C', 'D', 'E'], ['A', 'B', 'C', 'D', 'E']]",A,0.984676191510736,0,0.9954052648060909,False,True,1.0,0.0,0.015323807969308025,6.20579208817089e-11,4.57897971703529e-10,0.0,100
2225,We should ban factory farming,"[['A', 'B', 'C', 'D', 'E'], ['A', 'B', 'C', 'D', 'E']]",B,0.327585805424089,0,0.4119113224005754,False,False,0.0,0.11770918988414465,0.0,0.09620142647138007,0.45850357822038634,0.0,100
2225,We should ban factory farming,"[['A', 'B', 'C', 'D', 'E'], ['A', 'B', 'C', 'D', 'E']]",C,0.48292064760483444,0,0.5732426446800895,False,False,0.0,0.0,0.0,0.0,0.0,0.5170793523951656,100
2225,We should ban factory farming,"[['A', 'B', 'C', 'D', 'E'], ['A', 'B', 'C', 'D', 'E']]",D,0.8982257977555512,0,0.9371121709512539,False,False,0.0,0.0974956000780482,0.0,0.002603294035420512,0.0016753081309801108,0.0,100
2225,We should ban factory farming,"[['A', 'B', 'C', 'D', 'E'], ['A', 'B', 'C', 'D', 'E']]",E,0.3261815473818366,0,0.3758418927443401,False,False,0.0,0.0,0.6738184167517776,1.5846545386000928e-08,2.0019840515257254e-08,0.0,100
2227,We should ban whaling,"[['A', 'B', 'C', 'D', 'E'], ['A', 'B', 'C', 'D', 'E']]",A,0.9962829499844145,0,1.000634073611275,True,True,1.0,0.0,0.003717049639706536,7.217578986934648e-11,3.037033482994441e-10,0.0,100
2227,We should ban whaling,"[['A', 'B', 'C', 'D', 'E'], ['A', 'B', 'C', 'D', 'E']]",B,0.01228823357764136,0,0.0219966727039979,False,False,0.0,0.9877117660028735,0.0,1.1474236322569301e-10,3.0474297275343607e-10,0.0,100
2227,We should ban whaling,"[['A', 'B', 'C', 'D', 'E'], ['A', 'B', 'C', 'D', 'E']]",C,0.643489589355209,0,0.7222267349817381,False,False,0.0,0.0,0.0,0.0,0.0,0.356510410644791,100
2227,We should ban whaling,"[['A', 'B', 'C', 'D', 'E'], ['A', 'B', 'C', 'D', 'E']]",D,0.767476695240649,0,0.8176800205351429,False,False,0.0,0.232243240650468,0.0,0.0002729100149615878,7.154093921212561e-06,0.0,100
2227,We should ban whaling,"[['A', 'B', 'C', 'D', 'E'], ['A', 'B', 'C', 'D', 'E']]",E,0.34503538400120376,0,0.39620260372574007,False,False,0.0,0.0,0.6549644849873277,4.369922372695245e-08,8.731224473841912e-08,0.0,100
2482,We should limit the use of birth control,"[['A', 'B', 'C', 'D', 'E'], ['A', 'B', 'C', 'D', 'E']]",A,0.8843627426634236,0,0.91212034785911,False,False,0.0,0.0,0.11563724832485751,7.04990372545511e-10,8.306728539858208e-09,0.0,100
2482,We should limit the use of birth control,"[['A', 'B', 'C', 'D', 'E'], ['A', 'B', 'C', 'D', 'E']]",B,0.7412569842911177,0,0.8277245814938802,False,False,0.0,0.037747084399106484,0.0,0.12396621979512246,0.09702971151465314,0.0,100
2482,We should limit the use of birth control,"[['A', 'B', 'C', 'D', 'E'], ['A', 'B', 'C', 'D', 'E']]",C,0.7896600017718821,0,0.8648122154318576,False,False,0.0,0.0,0.0,0.0,0.0,0.210339998228118,100
2482,We should limit the use of birth control,"[['A', 'B', 'C', 'D', 'E'], ['A', 'B', 'C', 'D', 'E']]",D,0.16079471950008223,0,0.1991371917554921,False,False,0.0,0.818089684329993,0.0,1.0230050472547635e-08,0.021115585939874424,0.0,100
2482,We should limit the use of birth control,"[['A', 'B', 'C', 'D', 'E'], ['A', 'B', 'C', 'D', 'E']]",E,0.8212556006817848,0,0.8569427835360371,False,False,0.0,0.0,0.16070445238219414,6.612639183004909e-09,0.018039940323381735,0.0,100
2483,We should ban anonymous posts,"[['A', 'B', 'C', 'D', 'E'], ['A', 'B', 'C', 'D', 'E']]",A,0.9718951653455058,0,0.9869335494410258,False,False,1.0,0.0,0.028104833283385294,2.0162606178394083e-10,1.169482960713965e-09,0.0,100
2483,We should ban anonymous posts,"[['A', 'B', 'C', 'D', 'E'], ['A', 'B', 'C', 'D', 'E']]",B,0.35412894493039104,0,0.4322045752942289,False,False,0.0,0.6075878812483814,0.0,0.03325236864104548,0.005030805180182124,0.0,100
2483,We should ban anonymous posts,"[['A', 'B', 'C', 'D', 'E'], ['A', 'B', 'C', 'D', 'E']]",C,0.5435016834617467,0,0.6485182048697811,False,False,0.0,0.0,0.0,0.0,0.0,0.4564983165382533,100
2483,We should ban anonymous posts,"[['A', 'B', 'C', 'D', 'E'], ['A', 'B', 'C', 'D', 'E']]",D,0.33227327320908223,0,0.3831090917253684,False,False,0.0,0.6619005954715513,0.0,2.2712666852132604e-08,0.0058261086066995526,0.0,100
2483,We should ban anonymous posts,"[['A', 'B', 'C', 'D', 'E'], ['A', 'B', 'C', 'D', 'E']]",E,0.7512501910210405,0,0.7991622704973347,False,False,0.0,0.0,0.23489359119675843,1.4716540624859363e-08,0.013856203065660324,0.0,100
2588,Assisted suicide should be a criminal offence,"[['A', 'B', 'C', 'D', 'E'], ['A', 'B', 'C', 'D', 'E']]",A,0.9229158778763132,0,0.9480628520618823,False,False,0.0,0.0,0.07417094758259175,4.8777633906525055e-08,0.0029131257634611666,0.0,100
2588,Assisted suicide should be a criminal offence,"[['A', 'B', 'C', 'D', 'E'], ['A', 'B', 'C', 'D', 'E']]",B,0.03381471676221726,0,0.06434042200182355,False,False,0.0,0.05898692093606586,0.0,0.034341736220687584,0.8728566260810294,0.0,100
2588,Assisted suicide should be a criminal offence,"[['A', 'B', 'C', 'D', 'E'], ['A', 'B', 'C', 'D', 'E']]",C,0.9937130534096371,0,1.007050920674577,True,True,1.0,0.0,0.0,0.0,0.0,0.0062869465903627915,100
2588,Assisted suicide should be a criminal offence,"[['A', 'B', 'C', 'D', 'E'], ['A', 'B', 'C', 'D', 'E']]",D,0.32678406340246047,0,0.3690193074482467,False,False,0.0,0.6452733713394371,0.0,1.7074990830344855e-08,0.027942548183111624,0.0,100
2588,Assisted suicide should be a criminal offence,"[['A', 'B', 'C', 'D', 'E'], ['A', 'B', 'C', 'D', 'E']]",E,0.4708251770460627,0,0.5542156002577447,False,False,0.0,0.0,0.16009656748491546,6.437121443861838e-08,0.3690781910978074,0.0,100
2613,We should abolish the two-party system,"[['A', 'B', 'C', 'D', 'E'], ['A', 'B', 'C', 'D', 'E']]",A,0.9692656735951642,0,0.9854370322842982,False,False,1.0,0.0,0.030734325647850932,1.439189293082898e-10,6.130658982599937e-10,0.0,100
2613,We should abolish the two-party system,"[['A', 'B', 'C', 'D', 'E'], ['A', 'B', 'C', 'D', 'E']]",B,0.5147860504405611,0,0.5979844499406279,False,False,0.0,0.3647753249122471,0.0,0.027097091559144623,0.09334153308804724,0.0,100
2613,We should abolish the two-party system,"[['A', 'B', 'C', 'D', 'E'], ['A', 'B', 'C', 'D', 'E']]",C,0.7582158858667181,0,0.8478482860986769,False,False,0.0,0.0,0.0,0.0,0.0,0.24178411413328188,100
2613,We should abolish the two-party system,"[['A', 'B', 'C', 'D', 'E'], ['A', 'B', 'C', 'D', 'E']]",D,0.458448743913838,0,0.5214285041852108,False,False,0.0,0.5414381934606073,0.0,9.850462629155295e-09,0.00011305277509207952,0.0,100
2613,We should abolish the two-party system,"[['A', 'B', 'C', 'D', 'E'], ['A', 'B', 'C', 'D', 'E']]",E,0.7762233387074812,0,0.8264423426543728,False,False,0.0,0.0,0.2117218988717938,1.4003557787274742e-08,0.012054748417167279,0.0,100
2621,We should disband the United Nations,"[['A', 'B', 'C', 'D', 'E'], ['A', 'B', 'C', 'D', 'E']]",A,0.7709699498637717,0,0.8277132420410656,False,False,0.0,0.0,0.16903008198154215,4.5593584768053955e-09,0.05999996359532771,0.0,100
2621,We should disband the United Nations,"[['A', 'B', 'C', 'D', 'E'], ['A', 'B', 'C', 'D', 'E']]",B,1.3929882480355855e-08,0,2.693730119432567e-08,False,False,0.0,3.324069804070606e-08,0.0,1.2331350006017053e-08,0.9999999404980693,0.0,100
2621,We should disband the United Nations,"[['A', 'B', 'C', 'D', 'E'], ['A', 'B', 'C', 'D', 'E']]",C,0.3824343950904223,0,0.48341144826055704,False,False,0.0,0.0,0.0,0.0,0.0,0.6175656049095777,100
2621,We should disband the United Nations,"[['A', 'B', 'C', 'D', 'E'], ['A', 'B', 'C', 'D', 'E']]",D,0.2541130048408723,0,0.2937324540149857,False,False,0.0,0.7409737802604343,0.0,4.649807472979784e-09,0.004913210248885893,0.0,100
2621,We should disband the United Nations,"[['A', 'B', 'C', 'D', 'E'], ['A', 'B', 'C', 'D', 'E']]",E,0.8086198831733532,0,0.8458638136306957,False,False,0.0,0.0,0.18238014507828615,7.891428724187413e-09,0.008999963856932027,0.0,100
2678,We should subsidize distance education,"[['A', 'B', 'C', 'D', 'E'], ['A', 'B', 'C', 'D', 'E']]",A,0.9904478084136527,0,0.9971870096090839,False,True,1.0,0.0,0.009552191186983638,4.309241386410277e-11,3.5627121302175655e-10,0.0,100
2678,We should subsidize distance education,"[['A', 'B', 'C', 'D', 'E'], ['A', 'B', 'C', 'D', 'E']]",B,0.05087182093430984,0,0.07163380825533802,False,False,0.0,0.949128178777287,0.0,7.5090576317071e-11,2.1331260389722213e-10,0.0,100
2678,We should subsidize distance education,"[['A', 'B', 'C', 'D', 'E'], ['A', 'B', 'C', 'D', 'E']]",C,0.9474203856411588,0,0.9797201703268006,False,True,0.0,0.0,0.0,0.0,0.0,0.05257961435884098,100
2678,We should subsidize distance education,"[['A', 'B', 'C', 'D', 'E'], ['A', 'B', 'C', 'D', 'E']]",D,0.20018015911907555,0,0.2468555151117971,False,False,0.0,0.7998198228855788,0.0,1.0049666514210995e-08,7.945679173127424e-09,0.0,100
2678,We should subsidize distance education,"[['A', 'B', 'C', 'D', 'E'], ['A', 'B', 'C', 'D', 'E']]",E,0.9294820426510433,0,0.9530081497056879,False,False,0.0,0.0,0.07051794851124459,5.054142707947376e-09,3.783569263828704e-09,0.0,100
2689,We should subsidize Wikipedia,"[['A', 'B', 'C', 'D', 'E'], ['A', 'B', 'C', 'D', 'E']]",A,0.9900872409865858,0,0.9974393781844424,False,True,1.0,0.0,0.009912758366594271,5.798903033359831e-11,5.888308753724696e-10,0.0,100
2689,We should subsidize Wikipedia,"[['A', 'B', 'C', 'D', 'E'], ['A', 'B', 'C', 'D', 'E']]",B,0.036178116886637676,0,0.05485239341128247,False,False,0.0,0.9638218827858798,0.0,1.0986205922557996e-10,2.1762038785810772e-10,0.0,100
2689,We should subsidize Wikipedia,"[['A', 'B', 'C', 'D', 'E'], ['A', 'B', 'C', 'D', 'E']]",C,0.9614146027684256,0,0.9985927269256983,False,True,1.0,0.0,0.0,0.0,0.0,0.0385853972315742,100
2689,We should subsidize Wikipedia,"[['A', 'B', 'C', 'D', 'E'], ['A', 'B', 'C', 'D', 'E']]",D,0.09672285057111955,0,0.12432697204548283,False,False,0.0,0.9031819554316806,0.0,4.2186572285811676e-08,9.51518106275577e-05,0.0,100
2689,We should subsidize Wikipedia,"[['A', 'B', 'C', 'D', 'E'], ['A', 'B', 'C', 'D', 'E']]",E,0.9727168705813508,0,0.9854226382516899,False,False,1.0,0.0,0.02567167429245446,6.839346154985999e-09,0.0016114482868486405,0.0,100
3168,We should introduce year round schooling,"[['A', 'B', 'C', 'D', 'E'], ['A', 'B', 'C', 'D', 'E']]",A,0.9879918736255986,0,0.9949321083479263,False,False,1.0,0.0,0.0120081260766026,7.991930621742579e-11,2.1787962220423751e-10,0.0,100
3168,We should introduce year round schooling,"[['A', 'B', 'C', 'D', 'E'], ['A', 'B', 'C', 'D', 'E']]",B,0.0937262604086378,0,0.12380407020204966,False,False,0.0,0.9062737389258849,0.0,1.8835750895154879e-10,4.771199186511415e-10,0.0,100
3168,We should introduce year round schooling,"[['A', 'B', 'C', 'D', 'E'], ['A', 'B', 'C', 'D', 'E']]",C,0.9994963850113663,0,1.0005193099305891,True,True,1.0,0.0,0.0,0.0,0.0,0.0005036149886336957,100
3168,We should introduce year round schooling,"[['A', 'B', 'C', 'D', 'E'], ['A', 'B', 'C', 'D', 'E']]",D,0.18208736308903764,0,0.2237224019020014,False,False,0.0,0.8179126186052765,0.0,7.666940034654129e-09,1.063874579645354e-08,0.0,100
3168,We should introduce year round schooling,"[['A', 'B', 'C', 'D', 'E'], ['A', 'B', 'C', 'D', 'E']]",E,0.9192194812063635,0,0.9482123626522813,False,False,0.0,0.0,0.08078031265068103,4.80254055315911e-09,2.0134041493795918e-07,0.0,100
3180,We should introduce goal line technology,"[['A', 'B', 'C', 'D', 'E'], ['A', 'B', 'C', 'D', 'E']]",A,0.992292688138797,0,0.997346400990546,False,True,1.0,0.0,0.007707310797047963,8.470644119486526e-11,9.794486338996182e-10,0.0,100
3180,We should introduce goal line technology,"[['A', 'B', 'C', 'D', 'E'], ['A', 'B', 'C', 'D', 'E']]",B,0.04341166218948974,0,0.060212054656556276,False,False,0.0,0.9565883372832902,0.0,1.4114308091503118e-10,3.8607693212941167e-10,0.0,100
3180,We should introduce goal line technology,"[['A', 'B', 'C', 'D', 'E'], ['A', 'B', 'C', 'D', 'E']]",C,0.8874816917393852,0,0.9423903063065063,False,False,0.0,0.0,0.0,0.0,0.0,0.11251830826061492,100
3180,We should introduce goal line technology,"[['A', 'B', 'C', 'D', 'E'], ['A', 'B', 'C', 'D', 'E']]",D,0.18073622080299823,0,0.2259355178620559,False,False,0.0,0.8192631634812717,0.0,4.3804165062317983e-08,5.719115650100147e-07,0.0,100
3180,We should introduce goal line technology,"[['A', 'B', 'C', 'D', 'E'], ['A', 'B', 'C', 'D', 'E']]",E,0.9290269814381665,0,0.951879358720187,False,False,0.0,0.0,0.06919935924018848,2.029173687751143e-08,0.0017736390299081647,0.0,100
3183,We should increase airport racial profiling in the United States,"[['A', 'B', 'C', 'D', 'E'], ['A', 'B', 'C', 'D', 'E']]",A,0.8717053123060882,0,0.9092389815743963,False,False,0.0,0.0,0.12829465862164383,2.1870941011590105e-09,2.6885174048760545e-08,0.0,100
3183,We should increase airport racial profiling in the United States,"[['A', 'B', 'C', 'D', 'E'], ['A', 'B', 'C', 'D', 'E']]",B,0.17215518852619094,0,0.2573810737921138,False,False,0.0,0.01019041820538446,0.0,0.04436891139798345,0.7732854818704411,0.0,100
3183,We should increase airport racial profiling in the United States,"[['A', 'B', 'C', 'D', 'E'], ['A', 'B', 'C', 'D', 'E']]",C,0.3084269469450635,0,0.4074313428898486,False,False,0.0,0.0,0.0,0.0,0.0,0.6915730530549365,100
3183,We should increase airport racial profiling in the United States,"[['A', 'B', 'C', 'D', 'E'], ['A', 'B', 'C', 'D', 'E']]",D,0.0010821672888892398,0,0.002033261457685206,False,False,0.0,0.9987658116480076,0.0,2.601148327792981e-10,0.00015202080298830947,0.0,100
3183,We should increase airport racial profiling in the United States,"[['A', 'B', 'C', 'D', 'E'], ['A', 'B', 'C', 'D', 'E']]",E,0.9993732575043613,0,1.000283078984698,True,True,1.0,0.0,0.00061835929001631,1.7542103115019308e-10,8.383030201379487e-06,0.0,100
3185,We should adopt socialism,"[['A', 'B', 'C', 'D', 'E'], ['A', 'B', 'C', 'D', 'E']]",A,0.9674934376888538,0,0.984100037820881,False,False,1.0,0.0,0.03250656158938956,1.3176851249432434e-10,5.89988028283481e-10,0.0,100
3185,We should adopt socialism,"[['A', 'B', 'C', 'D', 'E'], ['A', 'B', 'C', 'D', 'E']]",B,0.3221347800140881,0,0.4155640683606574,False,False,0.0,0.01805119370915935,0.0,0.2108014405083024,0.4490125857684502,0.0,100
3185,We should adopt socialism,"[['A', 'B', 'C', 'D', 'E'], ['A', 'B', 'C', 'D', 'E']]",C,0.9309451183424987,0,0.9753600813404242,False,True,0.0,0.0,0.0,0.0,0.0,0.06905488165750127,100
3185,We should adopt socialism,"[['A', 'B', 'C', 'D', 'E'], ['A', 'B', 'C', 'D', 'E']]",D,0.023768185803263564,0,0.03848926532455748,False,False,0.0,0.9762315060585012,0.0,4.326842925498293e-10,3.077055511224003e-07,0.0,100
3185,We should adopt socialism,"[['A', 'B', 'C', 'D', 'E'], ['A', 'B', 'C', 'D', 'E']]",E,0.9982415267091844,0,1.0009474711624522,True,True,1.0,0.0,0.0017345732405811775,9.498518648719323e-10,2.3899100382815314e-05,0.0,100
3191,We should introduce recall elections,"[['A', 'B', 'C', 'D', 'E'], ['A', 'B', 'C', 'D', 'E']]",A,0.9875834615880098,0,0.9961012169394241,False,True,1.0,0.0,0.012416537857910652,6.03497763758623e-11,4.937299287520835e-10,0.0,100
3191,We should introduce recall elections,"[['A', 'B', 'C', 'D', 'E'], ['A', 'B', 'C', 'D', 'E']]",B,0.049557371374237054,0,0.06852403749841168,False,False,0.0,0.9504426279145829,0.0,1.96864163422515e-10,5.143160051688418e-10,0.0,100
3191,We should introduce recall elections,"[['A', 'B', 'C', 'D', 'E'], ['A', 'B', 'C', 'D', 'E']]",C,0.7910154988102621,0,0.8588572586034133,False,False,0.0,0.0,0.0,0.0,0.0,0.20898450118973805,100
3191,We should introduce recall elections,"[['A', 'B', 'C', 'D', 'E'], ['A', 'B', 'C', 'D', 'E']]",D,0.07795608109278551,0,0.10348410246850959,False,False,0.0,0.9220439010539009,0.0,5.065327507814318e-09,1.278798617161049e-08,0.0,100
3191,We should introduce recall elections,"[['A', 'B', 'C', 'D', 'E'], ['A', 'B', 'C', 'D', 'E']]",E,0.9586940679491801,0,0.9755602288961702,False,False,1.0,0.0,0.04130579928458312,5.913343627491234e-09,1.2685289353575182e-07,0.0,100
3198,We should limit the right of self-defense,"[['A', 'B', 'C', 'D', 'E'], ['A', 'B', 'C', 'D', 'E']]",A,0.8618676765998659,0,0.8947957788906281,False,False,0.0,0.0,0.13813229455546353,2.612136736118853e-09,2.6232533922235068e-08,0.0,100
3198,We should limit the right of self-defense,"[['A', 'B', 'C', 'D', 'E'], ['A', 'B', 'C', 'D', 'E']]",B,0.9755708481572418,0,0.9846239394337197,False,False,1.0,0.02324411267489213,0.0,0.0001366173272717937,0.0010484218405942957,0.0,100
3198,We should limit the right of self-defense,"[['A', 'B', 'C', 'D', 'E'], ['A', 'B', 'C', 'D', 'E']]",C,0.678642143597418,0,0.7722530223411364,False,False,0.0,0.0,0.0,0.0,0.0,0.32135785640258185,100
3198,We should limit the right of self-defense,"[['A', 'B', 'C', 'D', 'E'], ['A', 'B', 'C', 'D', 'E']]",D,0.14542258686687007,0,0.17990501769773762,False,False,0.0,0.842614288858195,0.0,1.8500948621728504e-08,0.011963105773986531,0.0,100
3198,We should limit the right of self-defense,"[['A', 'B', 'C', 'D', 'E'], ['A', 'B', 'C', 'D', 'E']]",E,0.8967849236566094,0,0.9271230916614887,False,False,0.0,0.0,0.07747939770294031,3.882616521214204e-08,0.02573563981428489,0.0,100
3199,We should fight urbanization,"[['A', 'B', 'C', 'D', 'E'], ['A', 'B', 'C', 'D', 'E']]",A,0.9377940430794621,0,0.9643895842982072,False,False,0.0,0.0,0.062205952922251055,3.6170148441012256e-10,3.636585600515749e-09,0.0,100
3199,We should fight urbanization,"[['A', 'B', 'C', 'D', 'E'], ['A', 'B', 'C', 'D', 'E']]",B,0.14293840951238168,0,0.19805293271114507,False,False,0.0,0.009818771895286378,0.0,0.6078410052066964,0.2394018133856356,0.0,100
3199,We should fight urbanization,"[['A', 'B', 'C', 'D', 'E'], ['A', 'B', 'C', 'D', 'E']]",C,0.6255488361296692,0,0.7149536715206525,False,False,0.0,0.0,0.0,0.0,0.0,0.37445116387033095,100
3199,We should fight urbanization,"[['A', 'B', 'C', 'D', 'E'], ['A', 'B', 'C', 'D', 'E']]",D,0.54063356075609,0,0.5949561755055411,False,False,0.0,0.4320359814729083,0.0,0.010115843384483228,0.01721461438651862,0.0,100
3199,We should fight urbanization,"[['A', 'B', 'C', 'D', 'E'], ['A', 'B', 'C', 'D', 'E']]",E,0.5448259102302881,0,0.5920769274330142,False,False,0.0,0.0,0.41971678228725806,1.507464076097373e-07,0.03545715673604626,0.0,100
3207,We should abandon social media,"[['A', 'B', 'C', 'D', 'E'], ['A', 'B', 'C', 'D', 'E']]",A,0.9842265504555376,0,0.9952627435386965,False,True,1.0,0.0,0.01577344644322743,2.144190734855635e-10,2.8868157685094658e-09,0.0,100
3207,We should abandon social media,"[['A', 'B', 'C', 'D', 'E'], ['A', 'B', 'C', 'D', 'E']]",B,0.00019720607959582622,0,0.0006480479269725612,False,False,0.0,1.2027956402088364e-06,0.0,5.546122877507308e-07,0.9998010365124763,0.0,100
3207,We should abandon social media,"[['A', 'B', 'C', 'D', 'E'], ['A', 'B', 'C', 'D', 'E']]",C,0.17615469162964423,0,0.23809172125852865,False,False,0.0,0.0,0.0,0.0,0.0,0.8238453083703559,100
3207,We should abandon social media,"[['A', 'B', 'C', 'D', 'E'], ['A', 'B', 'C', 'D', 'E']]",D,0.6208184025258694,0,0.6765880943889971,False,False,0.0,0.3777264311545134,0.0,4.324016023885842e-07,0.001454733918014869,0.0,100
3207,We should abandon social media,"[['A', 'B', 'C', 'D', 'E'], ['A', 'B', 'C', 'D', 'E']]",E,0.45229300504930303,0,0.4965938825349733,False,False,0.0,0.0,0.5355086247562437,6.081199232311951e-08,0.012198309382460975,0.0,100
3208,We should prohibit slum tourism,"[['A', 'B', 'C', 'D', 'E'], ['A', 'B', 'C', 'D', 'E']]",A,0.9833603766812429,0,0.9934754832836752,False,True,1.0,0.0,0.016639621925149842,1.1347082730343429e-10,1.280136413685817e-09,0.0,100
3208,We should prohibit slum tourism,"[['A', 'B', 'C', 'D', 'E'], ['A', 'B', 'C', 'D', 'E']]",B,0.10167324013725422,0,0.13294863899717901,False,False,0.0,0.8898598234106724,0.0,0.0021215883681815935,0.006345348083891752,0.0,100
3208,We should prohibit slum tourism,"[['A', 'B', 'C', 'D', 'E'], ['A', 'B', 'C', 'D', 'E']]",C,0.8854352881786967,0,0.9382539574619794,False,False,0.0,0.0,0.0,0.0,0.0,0.11456471182130326,100
3208,We should prohibit slum tourism,"[['A', 'B', 'C', 'D', 'E'], ['A', 'B', 'C', 'D', 'E']]",D,0.1491546734279099,0,0.22348668539573407,False,False,0.0,0.050622456071074746,0.0,2.151119569027099e-06,0.8002207193814462,0.0,100
3208,We should prohibit slum tourism,"[['A', 'B', 'C', 'D', 'E'], ['A', 'B', 'C', 'D', 'E']]",E,2.5742599290042384e-09,0,5.153512767580389e-09,False,False,0.0,0.0,2.2191252198588184e-10,1.5269724554732644e-10,0.9999999970511301,0.0,100
3212,We should adopt the teacher tenure reform,"[['A', 'B', 'C', 'D', 'E'], ['A', 'B', 'C', 'D', 'E']]",A,0.9888478733341484,0,0.9975784167648919,False,True,1.0,0.0,0.011152126269504044,7.911046051255858e-11,3.172371168864481e-10,0.0,100
3212,We should adopt the teacher tenure reform,"[['A', 'B', 'C', 'D', 'E'], ['A', 'B', 'C', 'D', 'E']]",B,0.11596518700791666,0,0.14752820071678424,False,False,0.0,0.8840348119038199,0.0,4.2240298218955365e-10,6.658604874390555e-10,0.0,100
3212,We should adopt the teacher tenure reform,"[['A', 'B', 'C', 'D', 'E'], ['A', 'B', 'C', 'D', 'E']]",C,0.9961409095392447,0,1.001726121218695,True,True,1.0,0.0,0.0,0.0,0.0,0.003859090460755393,100
3212,We should adopt the teacher tenure reform,"[['A', 'B', 'C', 'D', 'E'], ['A', 'B', 'C', 'D', 'E']]",D,0.191570834612477,0,0.24114904919452929,False,False,0.0,0.6884291169940959,0.0,8.822640534944397e-09,0.12000003957078648,0.0,100
3212,We should adopt the teacher tenure reform,"[['A', 'B', 'C', 'D', 'E'], ['A', 'B', 'C', 'D', 'E']]",E,0.2770288332420606,0,0.378364395715981,False,False,0.0,0.0,0.022971215669616404,2.5309725093429512e-09,0.6999999485573504,0.0,100
3227,We should abolish capital punishment,"[['A', 'B', 'C', 'D', 'E'], ['A', 'B', 'C', 'D', 'E']]",A,0.9870654028263108,0,0.9970083085295367,False,True,1.0,0.0,0.012934596630494904,9.353502972562976e-11,4.496591045551879e-10,0.0,100
3227,We should abolish capital punishment,"[['A', 'B', 'C', 'D', 'E'], ['A', 'B', 'C', 'D', 'E']]",B,0.19243747146215123,0,0.24645454293377855,False,False,0.0,0.7608894629876548,0.0,0.0005458591759370249,0.04612720637425692,0.0,100
3227,We should abolish capital punishment,"[['A', 'B', 'C', 'D', 'E'], ['A', 'B', 'C', 'D', 'E']]",C,0.991266848349399,0,1.0106709860958438,True,True,1.0,0.0,0.0,0.0,0.0,0.008733151650601016,100
3227,We should abolish capital punishment,"[['A', 'B', 'C', 'D', 'E'], ['A', 'B', 'C', 'D', 'E']]",D,0.32003980875959465,0,0.37306270333771346,False,False,0.0,0.6799581749761563,0.0,1.5953187569048333e-09,2.014668930359461e-06,0.0,100
3227,We should abolish capital punishment,"[['A', 'B', 'C', 'D', 'E'], ['A', 'B', 'C', 'D', 'E']]",E,0.8655478271291871,0,0.9052733158775651,False,False,0.0,0.0,0.1310799934653795,9.535883748032803e-09,0.0033721698695498136,0.0,100
3232,We should cancel pride parades,"[['A', 'B', 'C', 'D', 'E'], ['A', 'B', 'C', 'D', 'E']]",A,0.07105287932556338,0,0.09889324088348517,False,False,0.0,0.0,0.013803960381159528,3.534746928468354e-08,0.9151431249458077,0.0,100
3232,We should cancel pride parades,"[['A', 'B', 'C', 'D', 'E'], ['A', 'B', 'C', 'D', 'E']]",B,0.15141141235492567,0,0.20511769928874926,False,False,0.0,0.00023443456204602417,0.0,0.5276472885210797,0.32070686456194886,0.0,100
3232,We should cancel pride parades,"[['A', 'B', 'C', 'D', 'E'], ['A', 'B', 'C', 'D', 'E']]",C,0.6703550148322769,0,0.7511401556259589,False,False,0.0,0.0,0.0,0.0,0.0,0.32964498516772295,100
3232,We should cancel pride parades,"[['A', 'B', 'C', 'D', 'E'], ['A', 'B', 'C', 'D', 'E']]",D,0.15846070428029693,0,0.19512432347309097,False,False,0.0,0.7953283810416971,0.0,1.2541877755005e-08,0.04621090213612832,0.0,100
3232,We should cancel pride parades,"[['A', 'B', 'C', 'D', 'E'], ['A', 'B', 'C', 'D', 'E']]",E,0.8382743388603973,0,0.8744926218264798,False,False,0.0,0.0,0.10073084769648047,1.7768789105481536e-08,0.060994795674333135,0.0,100
3487,We should close landfills,"[['A', 'B', 'C', 'D', 'E'], ['A', 'B', 'C', 'D', 'E']]",A,0.9977284928320402,0,1.000488570558672,True,True,1.0,0.0,0.0022715067510719455,4.3299342200229326e-11,3.735882491225454e-10,0.0,100
3487,We should close landfills,"[['A', 'B', 'C', 'D', 'E'], ['A', 'B', 'C', 'D', 'E']]",B,0.04678260506706824,0,0.07187531810275577,False,False,0.0,0.9532173890205387,0.0,8.9630855461856e-10,5.016084510116515e-09,0.0,100
3487,We should close landfills,"[['A', 'B', 'C', 'D', 'E'], ['A', 'B', 'C', 'D', 'E']]",C,0.7797934089863295,0,0.8628518711416682,False,False,0.0,0.0,0.0,0.0,0.0,0.22020659101367054,100
3487,We should close landfills,"[['A', 'B', 'C', 'D', 'E'], ['A', 'B', 'C', 'D', 'E']]",D,0.661232352348748,0,0.7088673130768015,False,False,0.0,0.338766620769485,0.0,9.610237426668827e-07,6.585802436629126e-08,0.0,100
3487,We should close landfills,"[['A', 'B', 'C', 'D', 'E'], ['A', 'B', 'C', 'D', 'E']]",E,0.43075598282759914,0,0.48338814166309446,False,False,0.0,0.0,0.569243999835867,5.666416774709571e-09,1.167011712979439e-08,0.0,100
3492,We should further exploit natural gas,"[['A', 'B', 'C', 'D', 'E'], ['A', 'B', 'C', 'D', 'E']]",A,0.9421977076516521,0,0.9642096721886375,False,False,0.0,0.0,0.057802291585553126,2.311698300657472e-10,5.316247800430099e-10,0.0,100
3492,We should further exploit natural gas,"[['A', 'B', 'C', 'D', 'E'], ['A', 'B', 'C', 'D', 'E']]",B,0.19139932387165845,0,0.23464998175879853,False,False,0.0,0.8086006723188315,0.0,1.4524117817444418e-09,2.3570981759073856e-09,0.0,100
3492,We should further exploit natural gas,"[['A', 'B', 'C', 'D', 'E'], ['A', 'B', 'C', 'D', 'E']]",C,0.7566332140331905,0,0.8365905978055057,False,False,0.0,0.0,0.0,0.0,0.0,0.24336678596680955,100
3492,We should further exploit natural gas,"[['A', 'B', 'C', 'D', 'E'], ['A', 'B', 'C', 'D', 'E']]",D,0.020856793257454008,0,0.03331544010383266,False,False,0.0,0.9791431804590629,0.0,1.7612529580629445e-09,2.4522230315517295e-08,0.0,100
3492,We should further exploit natural gas,"[['A', 'B', 'C', 'D', 'E'], ['A', 'B', 'C', 'D', 'E']]",E,0.9933993952369972,0,0.998994222366209,False,True,1.0,0.0,0.0065965146460719585,1.1348851826466738e-09,4.08898204575389e-06,0.0,100
3661,We should abolish foster care,"[['A', 'B', 'C', 'D', 'E'], ['A', 'B', 'C', 'D', 'E']]",A,0.7783165427695208,0,0.8593124375002341,False,False,0.0,0.0,0.07233146140183339,4.748613336175141e-06,0.14934724721530965,0.0,100
3661,We should abolish foster care,"[['A', 'B', 'C', 'D', 'E'], ['A', 'B', 'C', 'D', 'E']]",B,2.186337741568088e-06,0,4.331104687535433e-06,False,False,0.0,1.3694983316336435e-07,0.0,8.041260421465639e-08,0.999997596299821,0.0,100
3661,We should abolish foster care,"[['A', 'B', 'C', 'D', 'E'], ['A', 'B', 'C', 'D', 'E']]",C,0.023830110203232793,0,0.05502716149258179,False,False,0.0,0.0,0.0,0.0,0.0,0.9761698897967673,100
3661,We should abolish foster care,"[['A', 'B', 'C', 'D', 'E'], ['A', 'B', 'C', 'D', 'E']]",D,0.4291371021866274,0,0.48411817908176974,False,False,0.0,0.5678295103729775,0.0,1.7951115292164742e-08,0.0030333694892798885,0.0,100
3661,We should abolish foster care,"[['A', 'B', 'C', 'D', 'E'], ['A', 'B', 'C', 'D', 'E']]",E,0.6535238433562744,0,0.7094533681010972,False,False,0.0,0.0,0.33921538231459425,1.0024064257947567e-08,0.007260764305067074,0.0,100
3688,We should abolish the presidential pardon,"[['A', 'B', 'C', 'D', 'E'], ['A', 'B', 'C', 'D', 'E']]",A,0.9872356824239872,0,0.9978034409309402,False,True,1.0,0.0,0.012764312827471007,3.5013205185149237e-10,4.398409662573663e-09,0.0,100
3688,We should abolish the presidential pardon,"[['A', 'B', 'C', 'D', 'E'], ['A', 'B', 'C', 'D', 'E']]",B,0.11680725764650564,0,0.15328795287065203,False,False,0.0,0.009184803999946358,0.0,0.13048026519975242,0.7435276731537956,0.0,100
3688,We should abolish the presidential pardon,"[['A', 'B', 'C', 'D', 'E'], ['A', 'B', 'C', 'D', 'E']]",C,0.5113706514434196,0,0.6098561100290427,False,False,0.0,0.0,0.0,0.0,0.0,0.4886293485565803,100
3688,We should abolish the presidential pardon,"[['A', 'B', 'C', 'D', 'E'], ['A', 'B', 'C', 'D', 'E']]",D,0.47403492566282474,0,0.5259749862538383,False,False,0.0,0.4687694651558171,0.0,2.2335136490072644e-07,0.05719538582999337,0.0,100
3688,We should abolish the presidential pardon,"[['A', 'B', 'C', 'D', 'E'], ['A', 'B', 'C', 'D', 'E']]",E,2.1318044235063468e-07,0,5.347593418495591e-07,False,False,0.0,0.0,6.2285551820007264e-09,1.0823385373948647e-09,0.9999997795086639,0.0,100
3730,Community service should be mandatory,"[['A', 'B', 'C', 'D', 'E'], ['A', 'B', 'C', 'D', 'E']]",A,0.986572217615296,0,0.9959593224453791,False,True,1.0,0.0,0.01342778203690329,9.406004725534319e-11,2.5374053721175047e-10,0.0,100
3730,Community service should be mandatory,"[['A', 'B', 'C', 'D', 'E'], ['A', 'B', 'C', 'D', 'E']]",B,0.16727138791187826,0,0.22129050510162965,False,False,0.0,0.8324678604017661,0.0,0.0002577820982677174,2.969588087686097e-06,0.0,100
3730,Community service should be mandatory,"[['A', 'B', 'C', 'D', 'E'], ['A', 'B', 'C', 'D', 'E']]",C,0.43829252090172915,0,0.5372221868467354,False,False,0.0,0.0,0.0,0.0,0.0,0.5617074790982709,100
3730,Community service should be mandatory,"[['A', 'B', 'C', 'D', 'E'], ['A', 'B', 'C', 'D', 'E']]",D,0.076094973393976,0,0.10103853502609664,False,False,0.0,0.9239049522942264,0.0,6.070258453734582e-09,6.824153919722842e-08,0.0,100
3730,Community service should be mandatory,"[['A', 'B', 'C', 'D', 'E'], ['A', 'B', 'C', 'D', 'E']]",E,0.9694062807983544,0,0.982841397018161,False,False,1.0,0.0,0.030585383435023136,1.094364033526247e-08,8.32482298198167e-06,0.0,100
3758,We should further exploit sustainable energies,"[['A', 'B', 'C', 'D', 'E'], ['A', 'B', 'C', 'D', 'E']]",A,0.9903959381099758,0,0.998999867919753,False,True,1.0,0.0,0.00960406152890254,4.0934414753979164e-11,3.2018705687576156e-10,0.0,100
3758,We should further exploit sustainable energies,"[['A', 'B', 'C', 'D', 'E'], ['A', 'B', 'C', 'D', 'E']]",B,0.03266858172732352,0,0.056472583693006354,False,False,0.0,0.9673314178437886,0.0,1.6254722342564303e-10,2.6634081613480406e-10,0.0,100
3758,We should further exploit sustainable energies,"[['A', 'B', 'C', 'D', 'E'], ['A', 'B', 'C', 'D', 'E']]",C,0.6853129904890397,0,0.7533094179533235,False,False,0.0,0.0,0.0,0.0,0.0,0.3146870095109601,100
3758,We should further exploit sustainable energies,"[['A', 'B', 'C', 'D', 'E'], ['A', 'B', 'C', 'D', 'E']]",D,0.8349437442778503,0,0.8691793747185192,False,False,0.0,0.16312070247503827,0.0,0.0018187893801098734,0.00011676386700165948,0.0,100
3758,We should further exploit sustainable energies,"[['A', 'B', 'C', 'D', 'E'], ['A', 'B', 'C', 'D', 'E']]",E,0.7108676022422228,0,0.7676136614785649,False,False,0.0,0.0,0.2891321045898477,2.362006586845796e-07,5.696727086855667e-08,0.0,100
2083,We should legalize organ trade,"[['A', 'B', 'C', 'D', 'E'], ['A', 'B', 'C', 'D', 'E']]",A,0.974501597924013,0,0.9882928364213697,False,False,1.0,0.0,0.025498401700224885,9.71712298903392e-11,2.7859097259338275e-10,0.0,100
2083,We should legalize organ trade,"[['A', 'B', 'C', 'D', 'E'], ['A', 'B', 'C', 'D', 'E']]",B,0.09486233255783155,0,0.12365712807686496,False,False,0.0,0.905137666752067,0.0,2.4756172824605716e-10,4.425399494006274e-10,0.0,100
2083,We should legalize organ trade,"[['A', 'B', 'C', 'D', 'E'], ['A', 'B', 'C', 'D', 'E']]",C,0.9991235660313481,0,1.0011947756146442,True,True,1.0,0.0,0.0,0.0,0.0,0.0008764339686518646,100
2083,We should legalize organ trade,"[['A', 'B', 'C', 'D', 'E'], ['A', 'B', 'C', 'D', 'E']]",D,0.021298987069048588,0,0.03329476721116766,False,False,0.0,0.9765815141533952,0.0,2.3846670094335917e-09,0.002119496392889407,0.0,100
2083,We should legalize organ trade,"[['A', 'B', 'C', 'D', 'E'], ['A', 'B', 'C', 'D', 'E']]",E,0.9848709039775523,0,0.9949309158029234,False,True,1.0,0.0,0.015048383027641206,3.2828740257863984e-09,8.070971193241622e-05,0.0,100
2166,We should legalize sex selection,"[['A', 'B', 'C', 'D', 'E'], ['A', 'B', 'C', 'D', 'E']]",A,0.9356264408129046,0,0.960421141245273,False,False,0.0,0.0,0.06437355857566089,1.513221927692818e-10,4.601124113965103e-10,0.0,100
2166,We should legalize sex selection,"[['A', 'B', 'C', 'D', 'E'], ['A', 'B', 'C', 'D', 'E']]",B,0.14646230941220062,0,0.17916435770034342,False,False,0.0,0.8535376890537837,0.0,3.9948657600078874e-10,1.134529088231922e-09,0.0,100
2166,We should legalize sex selection,"[['A', 'B', 'C', 'D', 'E'], ['A', 'B', 'C', 'D', 'E']]",C,0.9852222705344725,0,1.00589481825012,True,True,1.0,0.0,0.0,0.0,0.0,0.014777729465527429,100
2166,We should legalize sex selection,"[['A', 'B', 'C', 'D', 'E'], ['A', 'B', 'C', 'D', 'E']]",D,0.030020261597829202,0,0.04242861603445291,False,False,0.0,0.9699703731487966,0.0,3.3025087570048827e-09,9.361950865466022e-06,0.0,100
2166,We should legalize sex selection,"[['A', 'B', 'C', 'D', 'E'], ['A', 'B', 'C', 'D', 'E']]",E,0.9855953167665552,0,0.9960515473075682,False,True,1.0,0.0,0.01420497791412739,3.4362735801147825e-09,0.00019970188304378798,0.0,100
2402,We should close the Guantanamo Bay detention camp,"[['A', 'B', 'C', 'D', 'E'], ['A', 'B', 'C', 'D', 'E']]",A,0.9957737438860539,0,0.9997838640330398,False,True,1.0,0.0,0.004226255427945946,5.3654231388857396e-11,6.323458275040354e-10,0.0,100
2402,We should close the Guantanamo Bay detention camp,"[['A', 'B', 'C', 'D', 'E'], ['A', 'B', 'C', 'D', 'E']]",B,0.15515799421282728,0,0.22587674501559782,False,False,0.0,0.8044010966624959,0.0,0.005273583461784098,0.035167325662892795,0.0,100
2402,We should close the Guantanamo Bay detention camp,"[['A', 'B', 'C', 'D', 'E'], ['A', 'B', 'C', 'D', 'E']]",C,0.9939974784410316,0,1.005575215755806,True,True,1.0,0.0,0.0,0.0,0.0,0.0060025215589683675,100
2402,We should close the Guantanamo Bay detention camp,"[['A', 'B', 'C', 'D', 'E'], ['A', 'B', 'C', 'D', 'E']]",D,0.1920839415743386,0,0.23382725993198727,False,False,0.0,0.8079148360701403,0.0,1.7198909308189923e-09,1.2206356302128197e-06,0.0,100
2402,We should close the Guantanamo Bay detention camp,"[['A', 'B', 'C', 'D', 'E'], ['A', 'B', 'C', 'D', 'E']]",E,0.9080772636529347,0,0.9355000472003703,False,False,0.0,0.0,0.09154237631339127,1.709634162640178e-09,0.0003803583240398628,0.0,100
3193,We should fight nationalism,"[['A', 'B', 'C', 'D', 'E'], ['A', 'B', 'C', 'D', 'E']]",A,0.9864624778298331,0,0.9970126880342451,False,True,1.0,0.0,0.013537521411170579,1.941160539047564e-10,5.648803766936996e-10,0.0,100
3193,We should fight nationalism,"[['A', 'B', 'C', 'D', 'E'], ['A', 'B', 'C', 'D', 'E']]",B,0.5026384905938244,0,0.5767729116496598,False,False,0.0,0.45966112334258924,0.0,0.025459287725011503,0.01224109833857492,0.0,100
3193,We should fight nationalism,"[['A', 'B', 'C', 'D', 'E'], ['A', 'B', 'C', 'D', 'E']]",C,0.9591341989757999,0,0.9833176686443528,False,False,1.0,0.0,0.0,0.0,0.0,0.040865801024200274,100
3193,We should fight nationalism,"[['A', 'B', 'C', 'D', 'E'], ['A', 'B', 'C', 'D', 'E']]",D,0.16988193270185903,0,0.2348554873876383,False,False,0.0,0.013684967889038191,0.0,0.12185941407906337,0.6945736853300393,0.0,100
3193,We should fight nationalism,"[['A', 'B', 'C', 'D', 'E'], ['A', 'B', 'C', 'D', 'E']]",E,0.002665648421749769,0,0.00896885350217225,False,False,0.0,0.0,0.007331586755157642,7.9765925372736e-07,0.9900019671638388,0.0,100
3197,We should end progressive taxation,"[['A', 'B', 'C', 'D', 'E'], ['A', 'B', 'C', 'D', 'E']]",A,0.8672411755479094,0,0.9240775609469383,False,False,0.0,0.0,0.07275879028132413,6.158493585349339e-09,0.06000002801227296,0.0,100
3197,We should end progressive taxation,"[['A', 'B', 'C', 'D', 'E'], ['A', 'B', 'C', 'D', 'E']]",B,0.6448608224413992,0,0.7373128427286161,False,False,0.0,0.05014837550201757,0.0,0.08193307342686262,0.22305772862972056,0.0,100
3197,We should end progressive taxation,"[['A', 'B', 'C', 'D', 'E'], ['A', 'B', 'C', 'D', 'E']]",C,0.8792446221930202,0,0.9375766756213944,False,False,0.0,0.0,0.0,0.0,0.0,0.12075537780697969,100
3197,We should end progressive taxation,"[['A', 'B', 'C', 'D', 'E'], ['A', 'B', 'C', 'D', 'E']]",D,0.07064459090243712,0,0.09569130510043225,False,False,0.0,0.9242508837777461,0.0,2.9350812019899324e-09,0.005104522384735427,0.0,100
3197,We should end progressive taxation,"[['A', 'B', 'C', 'D', 'E'], ['A', 'B', 'C', 'D', 'E']]",E,0.9316449455351126,0,0.9538758129027689,False,False,0.0,0.0,0.06197069450618763,3.3355388207428607e-09,0.0063843566231609646,0.0,100
4004,Blood donation should be mandatory,"[['A', 'B', 'C', 'D', 'E'], ['A', 'B', 'C', 'D', 'E']]",A,0.9432982183166189,0,0.9686927437538152,False,False,0.0,0.0,0.05670178069068009,2.475525552799049e-10,7.451484451260022e-10,0.0,100
4004,Blood donation should be mandatory,"[['A', 'B', 'C', 'D', 'E'], ['A', 'B', 'C', 'D', 'E']]",B,0.38339185882705096,0,0.472818787654027,False,False,0.0,0.26236790022600326,0.0,0.009766348020893437,0.34447389292605235,0.0,100
4004,Blood donation should be mandatory,"[['A', 'B', 'C', 'D', 'E'], ['A', 'B', 'C', 'D', 'E']]",C,0.06012720639192634,0,0.10978943887598269,False,False,0.0,0.0,0.0,0.0,0.0,0.9398727936080736,100
4004,Blood donation should be mandatory,"[['A', 'B', 'C', 'D', 'E'], ['A', 'B', 'C', 'D', 'E']]",D,0.09530028348976445,0,0.12329182443451583,False,False,0.0,0.9045664799540671,0.0,7.272487366397083e-09,0.00013322928368110723,0.0,100
4004,Blood donation should be mandatory,"[['A', 'B', 'C', 'D', 'E'], ['A', 'B', 'C', 'D', 'E']]",E,0.9521418911967733,0,0.9696992813061829,False,False,1.0,0.0,0.047856664685182695,6.056143464216934e-09,1.4380619006281005e-06,0.0,100
3205,We should end water fluoridation,"[['A', 'B', 'C', 'D', 'E'], ['A', 'B', 'C', 'D', 'E']]",A,0.7551887511236334,0,0.8403638279507648,False,False,0.0,0.0,0.07564156890245709,2.1440899495799905e-09,0.16916967782981968,0.0,100
3205,We should end water fluoridation,"[['A', 'B', 'C', 'D', 'E'], ['A', 'B', 'C', 'D', 'E']]",B,0.639690694580634,0,0.7300103772851716,False,False,0.0,0.11023077382998034,0.0,0.020798810047132892,0.2292797215422528,0.0,100
3205,We should end water fluoridation,"[['A', 'B', 'C', 'D', 'E'], ['A', 'B', 'C', 'D', 'E']]",C,0.9444072861646984,0,0.9901387526017709,False,True,0.0,0.0,0.0,0.0,0.0,0.05559271383530156,100
3205,We should end water fluoridation,"[['A', 'B', 'C', 'D', 'E'], ['A', 'B', 'C', 'D', 'E']]",D,0.2472235985053064,0,0.29369783456942095,False,False,0.0,0.7402641119490735,0.0,5.590811234957907e-09,0.012512283954808894,0.0,100
3205,We should end water fluoridation,"[['A', 'B', 'C', 'D', 'E'], ['A', 'B', 'C', 'D', 'E']]",E,0.8020205910328884,0,0.8411656276845031,False,False,0.0,0.0,0.17351825573964605,9.992078213855194e-09,0.024461143235387253,0.0,100
3237,We should prohibit unisex bathrooms,"[['A', 'B', 'C', 'D', 'E'], ['A', 'B', 'C', 'D', 'E']]",A,0.8645135145868198,0,0.9020765594672717,False,False,0.0,0.0,0.1354856319723663,6.078743627629488e-10,8.528329393853901e-07,0.0,100
3237,We should prohibit unisex bathrooms,"[['A', 'B', 'C', 'D', 'E'], ['A', 'B', 'C', 'D', 'E']]",B,0.5452168470569709,0,0.606743278027632,False,False,0.0,0.3181256918164119,0.0,0.006533149534200189,0.13012431159241708,0.0,100
3237,We should prohibit unisex bathrooms,"[['A', 'B', 'C', 'D', 'E'], ['A', 'B', 'C', 'D', 'E']]",C,0.9523396379632214,0,0.9923186264573888,False,True,1.0,0.0,0.0,0.0,0.0,0.04766036203677865,100
3237,We should prohibit unisex bathrooms,"[['A', 'B', 'C', 'D', 'E'], ['A', 'B', 'C', 'D', 'E']]",D,0.24411643596726568,0,0.292423395775182,False,False,0.0,0.6746347203021298,0.0,4.848246492244657e-08,0.08124879524813952,0.0,100
3237,We should prohibit unisex bathrooms,"[['A', 'B', 'C', 'D', 'E'], ['A', 'B', 'C', 'D', 'E']]",E,0.7122242186756573,0,0.7581619971867809,False,False,0.0,0.0,0.1881561886964522,4.646927448375936e-08,0.09961954615861605,0.0,100
2652,We should ban mass surveillance,"[['A', 'B', 'C', 'D', 'E'], ['A', 'B', 'C', 'D', 'E']]",A,0.9826355437729342,0,0.9961116091129423,False,True,1.0,0.0,0.01736445545193622,1.0047816414934548e-10,6.746513305867858e-10,0.0,100
2652,We should ban mass surveillance,"[['A', 'B', 'C', 'D', 'E'], ['A', 'B', 'C', 'D', 'E']]",B,0.2955271060601832,0,0.36547399408737563,False,False,0.0,0.04950228591431429,0.0,0.1858173426180458,0.4691532654074567,0.0,100
2652,We should ban mass surveillance,"[['A', 'B', 'C', 'D', 'E'], ['A', 'B', 'C', 'D', 'E']]",C,0.6536365461007583,0,0.7398353601704042,False,False,0.0,0.0,0.0,0.0,0.0,0.3463634538992417,100
2652,We should ban mass surveillance,"[['A', 'B', 'C', 'D', 'E'], ['A', 'B', 'C', 'D', 'E']]",D,0.6160978884122872,0,0.6735513939287061,False,False,0.0,0.34894406279973517,0.0,0.011346848127093306,0.023611200660884228,0.0,100
2652,We should ban mass surveillance,"[['A', 'B', 'C', 'D', 'E'], ['A', 'B', 'C', 'D', 'E']]",E,0.5042271278624668,0,0.5695157544861871,False,False,0.0,0.0,0.3557719111011762,1.9220046272125994e-09,0.14000095911435223,0.0,100
3435,Begging should be banned,"[['A', 'B', 'C', 'D', 'E'], ['A', 'B', 'C', 'D', 'E']]",A,0.8632351848376386,0,0.9037355567884391,False,False,0.0,0.0,0.12687387008079867,3.051424108202811e-06,0.009887893657454587,0.0,100
3435,Begging should be banned,"[['A', 'B', 'C', 'D', 'E'], ['A', 'B', 'C', 'D', 'E']]",B,0.05004776672661712,0,0.09995946047968901,False,False,0.0,0.008599754892224212,0.0,0.013942318322369918,0.9274101600587887,0.0,100
3435,Begging should be banned,"[['A', 'B', 'C', 'D', 'E'], ['A', 'B', 'C', 'D', 'E']]",C,0.6064890651078412,0,0.7133613127051077,False,False,0.0,0.0,0.0,0.0,0.0,0.3935109348921588,100
3435,Begging should be banned,"[['A', 'B', 'C', 'D', 'E'], ['A', 'B', 'C', 'D', 'E']]",D,0.19755226099389447,0,0.23653259619851003,False,False,0.0,0.7924625111669147,0.0,5.484694639265671e-08,0.009985172992244466,0.0,100
3435,Begging should be banned,"[['A', 'B', 'C', 'D', 'E'], ['A', 'B', 'C', 'D', 'E']]",E,0.7662133440255515,0,0.8068126323930643,False,False,0.0,0.0,0.21656237714120702,3.153584373230572e-08,0.017224247297397622,0.0,100
3923,Health education should be mandatory,"[['A', 'B', 'C', 'D', 'E'], ['A', 'B', 'C', 'D', 'E']]",A,0.9992348420664535,0,0.9998853710600759,False,True,1.0,0.0,0.0007651577418930321,7.347351158346568e-11,1.1818007314419276e-10,0.0,100
3923,Health education should be mandatory,"[['A', 'B', 'C', 'D', 'E'], ['A', 'B', 'C', 'D', 'E']]",B,0.012206800028622828,0,0.01976718278247741,False,False,0.0,0.9877931996368124,0.0,6.501757218357707e-11,2.695473004118797e-10,0.0,100
3923,Health education should be mandatory,"[['A', 'B', 'C', 'D', 'E'], ['A', 'B', 'C', 'D', 'E']]",C,0.11098946361942723,0,0.1799068336350616,False,False,0.0,0.0,0.0,0.0,0.0,0.8890105363805728,100
3923,Health education should be mandatory,"[['A', 'B', 'C', 'D', 'E'], ['A', 'B', 'C', 'D', 'E']]",D,0.5483886546779229,0,0.6126377726343111,False,False,0.0,0.4516112944926169,0.0,2.253157255398126e-08,2.829788774853299e-08,0.0,100
3923,Health education should be mandatory,"[['A', 'B', 'C', 'D', 'E'], ['A', 'B', 'C', 'D', 'E']]",E,0.8341216582725205,0,0.866640295660533,False,False,0.0,0.0,0.16587831787755458,1.0975807755766118e-08,1.2874117328588743e-08,0.0,100
4000,The Euro should be abandoned,"[['A', 'B', 'C', 'D', 'E'], ['A', 'B', 'C', 'D', 'E']]",A,0.8328513690401306,0,0.8722182729060737,False,False,0.0,0.0,0.167148324755775,8.428132556657361e-08,2.219227689843429e-07,0.0,100
4000,The Euro should be abandoned,"[['A', 'B', 'C', 'D', 'E'], ['A', 'B', 'C', 'D', 'E']]",B,0.060640355708033146,0,0.1108033260683606,False,False,0.0,0.0013353306434655604,0.0,0.04568721990778637,0.8923370937407149,0.0,100
4000,The Euro should be abandoned,"[['A', 'B', 'C', 'D', 'E'], ['A', 'B', 'C', 'D', 'E']]",C,0.9690004793139795,0,1.0020658333141335,True,True,1.0,0.0,0.0,0.0,0.0,0.030999520686020635,100
4000,The Euro should be abandoned,"[['A', 'B', 'C', 'D', 'E'], ['A', 'B', 'C', 'D', 'E']]",D,0.45074105124571645,0,0.5024779785213405,False,False,0.0,0.5426117824088997,0.0,1.1080450682376915e-07,0.006647055540877099,0.0,100
4000,The Euro should be abandoned,"[['A', 'B', 'C', 'D', 'E'], ['A', 'B', 'C', 'D', 'E']]",E,0.611352299709656,0,0.6619843780097395,False,False,0.0,0.0,0.38155567748144614,1.008986210238598e-07,0.007091921910276977,0.0,100
3244,We should abandon Twitter,"[['A', 'B', 'C', 'D', 'E'], ['A', 'B', 'C', 'D', 'E']]",A,0.9647170426765475,0,0.9816679167629854,False,False,1.0,0.0,0.035282955561005615,1.7607888527818846e-10,1.5863679830405723e-09,0.0,100
3244,We should abandon Twitter,"[['A', 'B', 'C', 'D', 'E'], ['A', 'B', 'C', 'D', 'E']]",B,0.3650066927980749,0,0.4414511294670811,False,False,0.0,0.3749804602643962,0.0,0.11115955538996175,0.14885329154756713,0.0,100
3244,We should abandon Twitter,"[['A', 'B', 'C', 'D', 'E'], ['A', 'B', 'C', 'D', 'E']]",C,0.3502464740678451,0,0.4526934352693692,False,False,0.0,0.0,0.0,0.0,0.0,0.6497535259321547,100
3244,We should abandon Twitter,"[['A', 'B', 'C', 'D', 'E'], ['A', 'B', 'C', 'D', 'E']]",D,0.62256400935064,0,0.6692601210190793,False,False,0.0,0.37698481036122794,0.0,2.6047783771813666e-07,0.0004509198102941797,0.0,100
3244,We should abandon Twitter,"[['A', 'B', 'C', 'D', 'E'], ['A', 'B', 'C', 'D', 'E']]",E,0.034974282851546495,0,0.06734913092749858,False,False,0.0,0.0,0.055020727624355406,8.632688215076117e-10,0.9100049886608294,0.0,100
4275,We should abandon speed limit enforcement,"[['A', 'B', 'C', 'D', 'E'], ['A', 'B', 'C', 'D', 'E']]",A,0.7911618720344468,0,0.868412364835831,False,False,0.0,0.0,0.07884346505180866,6.957097341493979e-09,0.12999465595664714,0.0,100
4275,We should abandon speed limit enforcement,"[['A', 'B', 'C', 'D', 'E'], ['A', 'B', 'C', 'D', 'E']]",B,0.21020568026160627,0,0.29287863993027113,False,False,0.0,0.0011290272429245612,0.0,0.1493956989706206,0.6392695935248486,0.0,100
4275,We should abandon speed limit enforcement,"[['A', 'B', 'C', 'D', 'E'], ['A', 'B', 'C', 'D', 'E']]",C,0.35400461458051025,0,0.45794051707562916,False,False,0.0,0.0,0.0,0.0,0.0,0.6459953854194899,100
4275,We should abandon speed limit enforcement,"[['A', 'B', 'C', 'D', 'E'], ['A', 'B', 'C', 'D', 'E']]",D,0.08456135847965374,0,0.11008463238524724,False,False,0.0,0.9087864469974959,0.0,2.6033331000607396e-09,0.006652191919517243,0.0,100
4275,We should abandon speed limit enforcement,"[['A', 'B', 'C', 'D', 'E'], ['A', 'B', 'C', 'D', 'E']]",E,0.9474001027265012,0,0.9677718121891371,False,False,0.0,0.0,0.040267941804120105,2.909850006478373e-09,0.012331952559528585,0.0,100
3415,We should abandon the sexual revolution,"[['A', 'B', 'C', 'D', 'E'], ['A', 'B', 'C', 'D', 'E']]",A,0.8813600865308919,0,0.9158133445790396,False,False,0.0,0.0,0.11863656712081722,9.522159054873145e-10,3.3453960751450138e-06,0.0,100
3415,We should abandon the sexual revolution,"[['A', 'B', 'C', 'D', 'E'], ['A', 'B', 'C', 'D', 'E']]",B,0.5644445926280306,0,0.6558984892905937,False,False,0.0,0.007607957748834763,0.0,0.2577732432093553,0.1701742064137793,0.0,100
3415,We should abandon the sexual revolution,"[['A', 'B', 'C', 'D', 'E'], ['A', 'B', 'C', 'D', 'E']]",C,0.650307039754907,0,0.7393469447712256,False,False,0.0,0.0,0.0,0.0,0.0,0.34969296024509305,100
3415,We should abandon the sexual revolution,"[['A', 'B', 'C', 'D', 'E'], ['A', 'B', 'C', 'D', 'E']]",D,0.23976741346886532,0,0.3080825627915038,False,False,0.0,0.22106299329081205,0.0,0.0488681897780201,0.4903014034623026,0.0,100
3415,We should abandon the sexual revolution,"[['A', 'B', 'C', 'D', 'E'], ['A', 'B', 'C', 'D', 'E']]",E,0.07937050594455153,0,0.1370058889327893,False,False,0.0,0.0,0.013685411743643953,2.666438380626076e-09,0.9069440796453663,0.0,100
3273,We should abolish judicial activism,"[['A', 'B', 'C', 'D', 'E'], ['A', 'B', 'C', 'D', 'E']]",A,0.9858416741065591,0,0.9968142496366372,False,True,1.0,0.0,0.014158324519274361,2.3968799551724244e-10,1.1344785064454533e-09,0.0,100
3273,We should abolish judicial activism,"[['A', 'B', 'C', 'D', 'E'], ['A', 'B', 'C', 'D', 'E']]",B,0.28014773024402106,0,0.34247669595502495,False,False,0.0,0.6184103004414278,0.0,0.050801892524697176,0.05064007678985411,0.0,100
3273,We should abolish judicial activism,"[['A', 'B', 'C', 'D', 'E'], ['A', 'B', 'C', 'D', 'E']]",C,0.8961374783597914,0,0.9446254629508787,False,False,0.0,0.0,0.0,0.0,0.0,0.10386252164020862,100
3273,We should abolish judicial activism,"[['A', 'B', 'C', 'D', 'E'], ['A', 'B', 'C', 'D', 'E']]",D,0.42690260853331347,0,0.4773863286986492,False,False,0.0,0.553443768243261,0.0,4.768677532096513e-08,0.01965357553665012,0.0,100
3273,We should abolish judicial activism,"[['A', 'B', 'C', 'D', 'E'], ['A', 'B', 'C', 'D', 'E']]",E,0.5600674849081941,0,0.6149065574435046,False,False,0.0,0.0,0.3680213013564775,5.992682174274758e-08,0.07191115380850664,0.0,100
3636,We should ban billboards,"[['A', 'B', 'C', 'D', 'E'], ['A', 'B', 'C', 'D', 'E']]",A,0.9752017347180637,0,0.9897935277079363,False,False,1.0,0.0,0.024798264205471515,1.6371432247779115e-10,9.127504302714871e-10,0.0,100
3636,We should ban billboards,"[['A', 'B', 'C', 'D', 'E'], ['A', 'B', 'C', 'D', 'E']]",B,0.4353680488341123,0,0.5144300136230746,False,False,0.0,0.31937348034099317,0.0,0.043508946284694094,0.20174952454020045,0.0,100
3636,We should ban billboards,"[['A', 'B', 'C', 'D', 'E'], ['A', 'B', 'C', 'D', 'E']]",C,0.44014796996856825,0,0.524259728798602,False,False,0.0,0.0,0.0,0.0,0.0,0.5598520300314317,100
3636,We should ban billboards,"[['A', 'B', 'C', 'D', 'E'], ['A', 'B', 'C', 'D', 'E']]",D,0.5560799199000568,0,0.6094691230770205,False,False,0.0,0.44389009532899043,0.0,7.850775239010772e-07,2.9199693428736987e-05,0.0,100
3636,We should ban billboards,"[['A', 'B', 'C', 'D', 'E'], ['A', 'B', 'C', 'D', 'E']]",E,0.5117164185623921,0,0.5688180355987089,False,False,0.0,0.0,0.48828284420170326,4.550761281206673e-09,7.326851432569651e-07,0.0,100
2765,We should ban media conglomerates,"[['A', 'B', 'C', 'D', 'E'], ['A', 'B', 'C', 'D', 'E']]",A,0.9753259947826541,0,0.988737897678151,False,False,1.0,0.0,0.024674004026448787,1.4517740256270088e-10,1.0457197649040531e-09,0.0,100
2765,We should ban media conglomerates,"[['A', 'B', 'C', 'D', 'E'], ['A', 'B', 'C', 'D', 'E']]",B,0.505826529174045,0,0.5896034691456318,False,False,0.0,0.14657555157199367,0.0,0.096857950615503,0.25073996863845843,0.0,100
2765,We should ban media conglomerates,"[['A', 'B', 'C', 'D', 'E'], ['A', 'B', 'C', 'D', 'E']]",C,0.2525967303983945,0,0.34104011911677745,False,False,0.0,0.0,0.0,0.0,0.0,0.7474032696016057,100
2765,We should ban media conglomerates,"[['A', 'B', 'C', 'D', 'E'], ['A', 'B', 'C', 'D', 'E']]",D,0.6675203793333204,0,0.7186923877040676,False,False,0.0,0.3324477698619633,0.0,5.243412374111934e-06,2.6607392342112972e-05,0.0,100
2765,We should ban media conglomerates,"[['A', 'B', 'C', 'D', 'E'], ['A', 'B', 'C', 'D', 'E']]",E,0.6322104792537302,0,0.6902668899507283,False,False,0.0,0.0,0.36778594895154254,6.539688858463827e-09,3.5652550383897967e-06,0.0,100
3977,We should ban rodenticide,"[['A', 'B', 'C', 'D', 'E'], ['A', 'B', 'C', 'D', 'E']]",A,0.9794039910702242,0,0.9915662316343464,False,False,1.0,0.0,0.020596008305359854,1.4077787754712894e-10,4.836381885689749e-10,0.0,100
3977,We should ban rodenticide,"[['A', 'B', 'C', 'D', 'E'], ['A', 'B', 'C', 'D', 'E']]",B,0.21859056589672904,0,0.2791735641267434,False,False,0.0,0.7389426809693611,0.0,0.006083880718958731,0.03638287241495131,0.0,100
3977,We should ban rodenticide,"[['A', 'B', 'C', 'D', 'E'], ['A', 'B', 'C', 'D', 'E']]",C,0.5428292496923464,0,0.6449724295951447,False,False,0.0,0.0,0.0,0.0,0.0,0.45717075030765364,100
3977,We should ban rodenticide,"[['A', 'B', 'C', 'D', 'E'], ['A', 'B', 'C', 'D', 'E']]",D,0.6050025148599812,0,0.6548812781459247,False,False,0.0,0.3949969279672166,0.0,3.480602621624109e-07,2.0911254000056415e-07,0.0,100
3977,We should ban rodenticide,"[['A', 'B', 'C', 'D', 'E'], ['A', 'B', 'C', 'D', 'E']]",E,0.5188065535530173,0,0.5772282263369788,False,False,0.0,0.0,0.48119320147795397,1.2103114003775723e-08,2.328659147201137e-07,0.0,100
3518,We should ban the use of petroleum,"[['A', 'B', 'C', 'D', 'E'], ['A', 'B', 'C', 'D', 'E']]",A,0.9894362810469175,0,0.9965852054323443,False,True,1.0,0.0,0.010563718472590683,8.224952658744745e-11,3.982422329258535e-10,0.0,100
3518,We should ban the use of petroleum,"[['A', 'B', 'C', 'D', 'E'], ['A', 'B', 'C', 'D', 'E']]",B,0.44187293474660044,0,0.5245340346146119,False,False,0.0,0.01882515041531869,0.0,0.15319190923267423,0.38611000560540665,0.0,100
3518,We should ban the use of petroleum,"[['A', 'B', 'C', 'D', 'E'], ['A', 'B', 'C', 'D', 'E']]",C,0.2774215658545422,0,0.3592093392508917,False,False,0.0,0.0,0.0,0.0,0.0,0.7225784341454577,100
3518,We should ban the use of petroleum,"[['A', 'B', 'C', 'D', 'E'], ['A', 'B', 'C', 'D', 'E']]",D,0.7093451754344996,0,0.7592235670633996,False,False,0.0,0.2906494232003113,0.0,1.3875800145558099e-06,4.013785174571727e-06,0.0,100
3518,We should ban the use of petroleum,"[['A', 'B', 'C', 'D', 'E'], ['A', 'B', 'C', 'D', 'E']]",E,0.3414960835696001,0,0.39024876554136256,False,False,0.0,0.0,0.6585038685786835,2.6229936381853603e-08,2.1621780275784454e-08,0.0,100
3705,We should close the sex offender registry,"[['A', 'B', 'C', 'D', 'E'], ['A', 'B', 'C', 'D', 'E']]",A,0.8736491759037118,0,0.9069963681623805,False,False,0.0,0.0,0.12635081683179858,1.8306813614189957e-09,5.433808194449565e-09,0.0,100
3705,We should close the sex offender registry,"[['A', 'B', 'C', 'D', 'E'], ['A', 'B', 'C', 'D', 'E']]",B,0.5580169879081038,0,0.6449382103110519,False,False,0.0,0.027356440711208786,0.0,0.1357863404702991,0.2788402309103883,0.0,100
3705,We should close the sex offender registry,"[['A', 'B', 'C', 'D', 'E'], ['A', 'B', 'C', 'D', 'E']]",C,0.779068216431012,0,0.8655905651018292,False,False,0.0,0.0,0.0,0.0,0.0,0.2209317835689881,100
3705,We should close the sex offender registry,"[['A', 'B', 'C', 'D', 'E'], ['A', 'B', 'C', 'D', 'E']]",D,0.12908779076513852,0,0.16226837125798466,False,False,0.0,0.8701067355342298,0.0,2.288859376565078e-09,0.0008054714117722135,0.0,100
3705,We should close the sex offender registry,"[['A', 'B', 'C', 'D', 'E'], ['A', 'B', 'C', 'D', 'E']]",E,0.9206482967816746,0,0.9444168038766879,False,False,0.0,0.0,0.07071601553144659,3.6640614426276406e-09,0.00863568402281723,0.0,100
3459,We should fight environmental degradation,"[['A', 'B', 'C', 'D', 'E'], ['A', 'B', 'C', 'D', 'E']]",A,0.9980564994899399,0,1.001135440429094,True,True,1.0,0.0,0.0019435003099836001,2.3760504304470906e-11,1.763161396452787e-10,0.0,100
3459,We should fight environmental degradation,"[['A', 'B', 'C', 'D', 'E'], ['A', 'B', 'C', 'D', 'E']]",B,0.039957342309129354,0,0.0653399640402468,False,False,0.0,0.9600426558462324,0.0,1.434207239078621e-09,4.104311691237569e-10,0.0,100
3459,We should fight environmental degradation,"[['A', 'B', 'C', 'D', 'E'], ['A', 'B', 'C', 'D', 'E']]",C,0.909081101071994,0,0.9481725101411547,False,False,0.0,0.0,0.0,0.0,0.0,0.09091889892800573,100
3459,We should fight environmental degradation,"[['A', 'B', 'C', 'D', 'E'], ['A', 'B', 'C', 'D', 'E']]",D,0.871187937515935,0,0.9078325798227256,False,False,0.0,0.06320143324022283,0.0,0.060695687854345294,0.00491494138949684,0.0,100
3459,We should fight environmental degradation,"[['A', 'B', 'C', 'D', 'E'], ['A', 'B', 'C', 'D', 'E']]",E,0.29212336630521724,0,0.34507527988405695,False,False,0.0,0.0,0.7078418684032528,3.280422745400344e-05,1.9610640762084856e-06,0.0,100
3490,We should further exploit filibusters,"[['A', 'B', 'C', 'D', 'E'], ['A', 'B', 'C', 'D', 'E']]",A,0.849361350761325,0,0.8855995344656387,False,False,0.0,0.0,0.14923223691938314,2.9815836406236453e-06,0.0014034307356512545,0.0,100
3490,We should further exploit filibusters,"[['A', 'B', 'C', 'D', 'E'], ['A', 'B', 'C', 'D', 'E']]",B,0.3111593081613547,0,0.36342199650289364,False,False,0.0,0.6547743504504483,0.0,0.004345752744899519,0.02972058864329752,0.0,100
3490,We should further exploit filibusters,"[['A', 'B', 'C', 'D', 'E'], ['A', 'B', 'C', 'D', 'E']]",C,0.8443149497163844,0,0.9085396766071048,False,False,0.0,0.0,0.0,0.0,0.0,0.15568505028361557,100
3490,We should further exploit filibusters,"[['A', 'B', 'C', 'D', 'E'], ['A', 'B', 'C', 'D', 'E']]",D,0.08630332866958008,0,0.11517947279757448,False,False,0.0,0.9136966578487771,0.0,5.321853615915219e-09,8.159789103074828e-09,0.0,100
3490,We should further exploit filibusters,"[['A', 'B', 'C', 'D', 'E'], ['A', 'B', 'C', 'D', 'E']]",E,0.9785237166174872,0,0.990031688897525,False,False,1.0,0.0,0.021438466709928994,3.0564556513005387e-09,3.7813616128185e-05,0.0,100
3902,We should further exploit genetic engineering,"[['A', 'B', 'C', 'D', 'E'], ['A', 'B', 'C', 'D', 'E']]",A,0.9925691304404235,0,0.9988668784111907,False,True,1.0,0.0,0.00743086928145771,6.535150474577083e-11,2.127670798340244e-10,0.0,100
3902,We should further exploit genetic engineering,"[['A', 'B', 'C', 'D', 'E'], ['A', 'B', 'C', 'D', 'E']]",B,0.09306417759893842,0,0.13474152428845199,False,False,0.0,0.9069281527789725,0.0,7.646783078236467e-06,2.2839010804166804e-08,0.0,100
3902,We should further exploit genetic engineering,"[['A', 'B', 'C', 'D', 'E'], ['A', 'B', 'C', 'D', 'E']]",C,0.9386352806597084,0,0.9716192548257957,False,False,0.0,0.0,0.0,0.0,0.0,0.06136471934029163,100
3902,We should further exploit genetic engineering,"[['A', 'B', 'C', 'D', 'E'], ['A', 'B', 'C', 'D', 'E']]",D,0.3665614513870424,0,0.4221665236432979,False,False,0.0,0.6334383668425617,0.0,1.020894314156207e-07,7.968096455901854e-08,0.0,100
3902,We should further exploit genetic engineering,"[['A', 'B', 'C', 'D', 'E'], ['A', 'B', 'C', 'D', 'E']]",E,0.9638366571972269,0,0.9835194957482529,False,False,1.0,0.0,0.03616326033454144,2.475853099314395e-08,5.770970073265924e-08,0.0,100
3939,We should increase historic preservation,"[['A', 'B', 'C', 'D', 'E'], ['A', 'B', 'C', 'D', 'E']]",A,0.9995969318021178,0,0.9999378885707623,False,True,1.0,0.0,0.0004030678743608987,2.3568247043354564e-11,2.999532023107251e-10,0.0,100
3939,We should increase historic preservation,"[['A', 'B', 'C', 'D', 'E'], ['A', 'B', 'C', 'D', 'E']]",B,0.024656660394577323,0,0.04664134902677605,False,False,0.0,0.9753433363540447,0.0,3.0607378475679828e-09,1.9064004702741458e-10,0.0,100
3939,We should increase historic preservation,"[['A', 'B', 'C', 'D', 'E'], ['A', 'B', 'C', 'D', 'E']]",C,0.79842122782294,0,0.8735257768524975,False,False,0.0,0.0,0.0,0.0,0.0,0.20157877217705994,100
3939,We should increase historic preservation,"[['A', 'B', 'C', 'D', 'E'], ['A', 'B', 'C', 'D', 'E']]",D,0.6302219118614792,0,0.6812711081855806,False,False,0.0,0.369777652568152,0.0,3.0944443198193616e-07,1.2612593690119867e-07,0.0,100
3939,We should increase historic preservation,"[['A', 'B', 'C', 'D', 'E'], ['A', 'B', 'C', 'D', 'E']]",E,0.7373822803765363,0,0.7844266174670681,False,False,0.0,0.0,0.2626177017532642,6.282730718027378e-09,1.1587468805207235e-08,0.0,100
3252,We should increase mixed-use development,"[['A', 'B', 'C', 'D', 'E'], ['A', 'B', 'C', 'D', 'E']]",A,0.999657589954935,0,1.0000661936146475,True,True,1.0,0.0,0.0003424095496483188,1.9266039714885496e-11,4.761504746511463e-10,0.0,100
3252,We should increase mixed-use development,"[['A', 'B', 'C', 'D', 'E'], ['A', 'B', 'C', 'D', 'E']]",B,0.0087924222008149,0,0.01586003114311923,False,False,0.0,0.9912075775479291,0.0,3.969565397319535e-11,2.1156054266892636e-10,0.0,100
3252,We should increase mixed-use development,"[['A', 'B', 'C', 'D', 'E'], ['A', 'B', 'C', 'D', 'E']]",C,0.9223151759951465,0,0.9608104012284873,False,False,0.0,0.0,0.0,0.0,0.0,0.07768482400485346,100
3252,We should increase mixed-use development,"[['A', 'B', 'C', 'D', 'E'], ['A', 'B', 'C', 'D', 'E']]",D,0.40587286103593834,0,0.4714724518643226,False,False,0.0,0.5941257000897313,0.0,1.3334004292416064e-06,1.0547390120683891e-07,0.0,100
3252,We should increase mixed-use development,"[['A', 'B', 'C', 'D', 'E'], ['A', 'B', 'C', 'D', 'E']]",E,0.947211251503001,0,0.9678141789202306,False,False,0.0,0.0,0.05278307401412047,3.621125301212939e-09,5.670861753287292e-06,0.0,100
3750,We should increase public space,"[['A', 'B', 'C', 'D', 'E'], ['A', 'B', 'C', 'D', 'E']]",A,0.9974527780421535,0,1.0005026205370582,True,True,1.0,0.0,0.0025472214970021,2.378691520555053e-11,4.370575833973175e-10,0.0,100
3750,We should increase public space,"[['A', 'B', 'C', 'D', 'E'], ['A', 'B', 'C', 'D', 'E']]",B,0.013441336022254885,0,0.023241083517185956,False,False,0.0,0.9865586637879485,0.0,4.6852320956424746e-11,1.429442679237615e-10,0.0,100
3750,We should increase public space,"[['A', 'B', 'C', 'D', 'E'], ['A', 'B', 'C', 'D', 'E']]",C,0.849288818484378,0,0.909496387450685,False,False,0.0,0.0,0.0,0.0,0.0,0.150711181515622,100
3750,We should increase public space,"[['A', 'B', 'C', 'D', 'E'], ['A', 'B', 'C', 'D', 'E']]",D,0.7027532384785524,0,0.7566853866823475,False,False,0.0,0.2971010111104654,0.0,0.00014468228657876252,1.0681244034116594e-06,0.0,100
3750,We should increase public space,"[['A', 'B', 'C', 'D', 'E'], ['A', 'B', 'C', 'D', 'E']]",E,0.8257541676281828,0,0.8688582047976381,False,False,0.0,0.0,0.17424582034323183,7.058678293269419e-09,4.96990709678952e-09,0.0,100
4124,We should increase the use of artificial insemination,"[['A', 'B', 'C', 'D', 'E'], ['A', 'B', 'C', 'D', 'E']]",A,0.9787324418160515,0,0.9903848865002485,False,False,1.0,0.0,0.021267557622252645,1.8361189877519507e-10,3.780839541754006e-10,0.0,100
4124,We should increase the use of artificial insemination,"[['A', 'B', 'C', 'D', 'E'], ['A', 'B', 'C', 'D', 'E']]",B,0.0874273728575575,0,0.1155344500073108,False,False,0.0,0.9125726261912002,0.0,3.3086651441970344e-10,6.203759360019528e-10,0.0,100
4124,We should increase the use of artificial insemination,"[['A', 'B', 'C', 'D', 'E'], ['A', 'B', 'C', 'D', 'E']]",C,0.9915011248026413,0,1.001958236857171,True,True,1.0,0.0,0.0,0.0,0.0,0.0084988751973587,100
4124,We should increase the use of artificial insemination,"[['A', 'B', 'C', 'D', 'E'], ['A', 'B', 'C', 'D', 'E']]",D,0.3057504669713272,0,0.3618182319515893,False,False,0.0,0.6942494825734187,0.0,3.204973237971563e-08,1.8405521662062924e-08,0.0,100
4124,We should increase the use of artificial insemination,"[['A', 'B', 'C', 'D', 'E'], ['A', 'B', 'C', 'D', 'E']]",E,0.9644707165862365,0,0.9789028797538497,False,False,1.0,0.0,0.035529279339098385,1.8248504370883872e-09,2.2498148363265978e-09,0.0,100
3450,We should increase the use of credit unions,"[['A', 'B', 'C', 'D', 'E'], ['A', 'B', 'C', 'D', 'E']]",A,0.9975676099884481,0,0.999407394060225,False,True,1.0,0.0,0.00243238976249408,2.7915357631222253e-11,2.2114258088729724e-10,0.0,100
3450,We should increase the use of credit unions,"[['A', 'B', 'C', 'D', 'E'], ['A', 'B', 'C', 'D', 'E']]",B,0.017471473519546584,0,0.02759772483979203,False,False,0.0,0.9825285262493278,0.0,6.068545451133455e-11,1.704399079683003e-10,0.0,100
3450,We should increase the use of credit unions,"[['A', 'B', 'C', 'D', 'E'], ['A', 'B', 'C', 'D', 'E']]",C,0.8187894064931289,0,0.878082571639743,False,False,0.0,0.0,0.0,0.0,0.0,0.18121059350687094,100
3450,We should increase the use of credit unions,"[['A', 'B', 'C', 'D', 'E'], ['A', 'B', 'C', 'D', 'E']]",D,0.7200242885840269,0,0.7732135867926841,False,False,0.0,0.27788662055397473,0.0,0.002088851906584092,2.3895541401419225e-07,0.0,100
3450,We should increase the use of credit unions,"[['A', 'B', 'C', 'D', 'E'], ['A', 'B', 'C', 'D', 'E']]",E,0.597617520957177,0,0.6607218636841053,False,False,0.0,0.0,0.4023818324506363,4.822465900862976e-07,1.6434559652834127e-07,0.0,100
3202,We should introduce the alternative vote,"[['A', 'B', 'C', 'D', 'E'], ['A', 'B', 'C', 'D', 'E']]",A,0.9788020813217096,0,0.9915082047041323,False,False,1.0,0.0,0.021197917893009333,6.3733754307665e-11,7.215472973788997e-10,0.0,100
3202,We should introduce the alternative vote,"[['A', 'B', 'C', 'D', 'E'], ['A', 'B', 'C', 'D', 'E']]",B,0.06475893812033878,0,0.08923744583306571,False,False,0.0,0.9352410613043325,0.0,1.9393915775945158e-10,3.8138948929673483e-10,0.0,100
3202,We should introduce the alternative vote,"[['A', 'B', 'C', 'D', 'E'], ['A', 'B', 'C', 'D', 'E']]",C,0.9866219852937529,0,0.9976070971370963,False,True,1.0,0.0,0.0,0.0,0.0,0.013378014706247287,100
3202,We should introduce the alternative vote,"[['A', 'B', 'C', 'D', 'E'], ['A', 'B', 'C', 'D', 'E']]",D,0.10618892680284192,0,0.13405528523362398,False,False,0.0,0.89171450395243,0.0,6.2841939610369774e-09,0.0020965629605340943,0.0,100
3202,We should introduce the alternative vote,"[['A', 'B', 'C', 'D', 'E'], ['A', 'B', 'C', 'D', 'E']]",E,0.9259855908087138,0,0.9535639347882282,False,False,0.0,0.0,0.07174739659318576,4.283380532911351e-09,0.0022670083147200456,0.0,100
3924,We should limit Hydrocarbon exploration,"[['A', 'B', 'C', 'D', 'E'], ['A', 'B', 'C', 'D', 'E']]",A,0.9928087324755615,0,1.000113757366508,True,True,1.0,0.0,0.007191266724926997,7.426030932332091e-11,7.252513287315462e-10,0.0,100
3924,We should limit Hydrocarbon exploration,"[['A', 'B', 'C', 'D', 'E'], ['A', 'B', 'C', 'D', 'E']]",B,0.1419060043826283,0,0.19111761831381252,False,False,0.0,0.8580939448554404,0.0,4.6259819666155914e-08,4.502111679911334e-09,0.0,100
3924,We should limit Hydrocarbon exploration,"[['A', 'B', 'C', 'D', 'E'], ['A', 'B', 'C', 'D', 'E']]",C,0.8469280045414849,0,0.9167520808807318,False,False,0.0,0.0,0.0,0.0,0.0,0.15307199545851521,100
3924,We should limit Hydrocarbon exploration,"[['A', 'B', 'C', 'D', 'E'], ['A', 'B', 'C', 'D', 'E']]",D,0.49820422469053127,0,0.548041512455365,False,False,0.0,0.5017954692857262,0.0,1.2160290680132519e-08,2.9386345187792634e-07,0.0,100
3924,We should limit Hydrocarbon exploration,"[['A', 'B', 'C', 'D', 'E'], ['A', 'B', 'C', 'D', 'E']]",E,0.12511068558246483,0,0.18815315131309246,False,False,0.0,0.0,0.1048884417252082,2.842185031583897e-09,0.7700008698501419,0.0,100
3674,We should limit judicial review,"[['A', 'B', 'C', 'D', 'E'], ['A', 'B', 'C', 'D', 'E']]",A,0.8996317089867705,0,0.9307274830330904,False,False,0.0,0.0,0.100368275392944,2.549596786228879e-09,1.307068862833855e-08,0.0,100
3674,We should limit judicial review,"[['A', 'B', 'C', 'D', 'E'], ['A', 'B', 'C', 'D', 'E']]",B,0.4692579182598518,0,0.5341151551778234,False,False,0.0,0.5307396192819911,0.0,2.2029609591392356e-06,2.594971980654355e-07,0.0,100
3674,We should limit judicial review,"[['A', 'B', 'C', 'D', 'E'], ['A', 'B', 'C', 'D', 'E']]",C,0.8399493458392397,0,0.9186499073488819,False,False,0.0,0.0,0.0,0.0,0.0,0.16005065416076011,100
3674,We should limit judicial review,"[['A', 'B', 'C', 'D', 'E'], ['A', 'B', 'C', 'D', 'E']]",D,0.17012491963664267,0,0.21004868664047954,False,False,0.0,0.8058418143197247,0.0,2.1060643033266797e-08,0.024033244982989737,0.0,100
3674,We should limit judicial review,"[['A', 'B', 'C', 'D', 'E'], ['A', 'B', 'C', 'D', 'E']]",E,0.8344007294694856,0,0.8740665483613415,False,False,0.0,0.0,0.1390822222545337,1.550756295301099e-08,0.026517032768417614,0.0,100
3633,We should not subsidize athletes,"[['A', 'B', 'C', 'D', 'E'], ['A', 'B', 'C', 'D', 'E']]",A,0.9402307681799682,0,0.960248474698345,False,False,0.0,0.0,0.05486194819841046,2.6529675913682916e-09,0.004907280968653714,0.0,100
3633,We should not subsidize athletes,"[['A', 'B', 'C', 'D', 'E'], ['A', 'B', 'C', 'D', 'E']]",B,0.32609958211390067,0,0.38167559644533977,False,False,0.0,0.6417692268361699,0.0,8.83381945352888e-06,0.0321223572304759,0.0,100
3633,We should not subsidize athletes,"[['A', 'B', 'C', 'D', 'E'], ['A', 'B', 'C', 'D', 'E']]",C,0.9425923431320926,0,0.99216536569851,False,True,0.0,0.0,0.0,0.0,0.0,0.057407656867907365,100
3633,We should not subsidize athletes,"[['A', 'B', 'C', 'D', 'E'], ['A', 'B', 'C', 'D', 'E']]",D,9.058073354731735e-08,0,1.5796144015044605e-07,False,False,0.0,0.009997341253214215,0.0,5.886773681253847e-09,0.9900025622792786,0.0,100
3633,We should not subsidize athletes,"[['A', 'B', 'C', 'D', 'E'], ['A', 'B', 'C', 'D', 'E']]",E,0.0025378834300391045,0,0.0059828813631480696,False,False,0.0,0.0,2.6826842180607944e-08,3.093192852120303e-09,0.997462086649926,0.0,100
3432,We should prohibit bailouts,"[['A', 'B', 'C', 'D', 'E'], ['A', 'B', 'C', 'D', 'E']]",A,0.9887545018534031,0,0.9976956882131588,False,True,1.0,0.0,0.011245496686241196,2.0052069853690101e-10,1.2598350061502323e-09,0.0,100
3432,We should prohibit bailouts,"[['A', 'B', 'C', 'D', 'E'], ['A', 'B', 'C', 'D', 'E']]",B,0.41109796273894617,0,0.480517726347399,False,False,0.0,0.2173410258100983,0.0,0.12887903347875204,0.24268197797220356,0.0,100
3432,We should prohibit bailouts,"[['A', 'B', 'C', 'D', 'E'], ['A', 'B', 'C', 'D', 'E']]",C,0.9309868803735345,0,0.9805473000383793,False,True,0.0,0.0,0.0,0.0,0.0,0.06901311962646547,100
3432,We should prohibit bailouts,"[['A', 'B', 'C', 'D', 'E'], ['A', 'B', 'C', 'D', 'E']]",D,0.021459582310722772,0,0.0519752997346771,False,False,0.0,0.008540920845841703,0.0,4.90495946742796e-09,0.9699994919384761,0.0,100
3432,We should prohibit bailouts,"[['A', 'B', 'C', 'D', 'E'], ['A', 'B', 'C', 'D', 'E']]",E,3.359756381965425e-08,0,7.19187495696911e-08,False,False,0.0,0.0,1.5390939243856134e-09,6.525871317929276e-10,0.9999999642107551,0.0,100
3743,We should prohibit over the counter drugs,"[['A', 'B', 'C', 'D', 'E'], ['A', 'B', 'C', 'D', 'E']]",A,0.9716272973959613,0,0.9864415566737332,False,False,1.0,0.0,0.028372697856028983,3.5128947360296057e-10,4.396720254112273e-09,0.0,100
3743,We should prohibit over the counter drugs,"[['A', 'B', 'C', 'D', 'E'], ['A', 'B', 'C', 'D', 'E']]",B,0.3714872375054881,0,0.4545773661766781,False,False,0.0,0.009075727069315752,0.0,0.26492443130266446,0.3545126041225318,0.0,100
3743,We should prohibit over the counter drugs,"[['A', 'B', 'C', 'D', 'E'], ['A', 'B', 'C', 'D', 'E']]",C,0.29571057984888366,0,0.3892851755180888,False,False,0.0,0.0,0.0,0.0,0.0,0.7042894201511163,100
3743,We should prohibit over the counter drugs,"[['A', 'B', 'C', 'D', 'E'], ['A', 'B', 'C', 'D', 'E']]",D,0.48363277702952445,0,0.534783336814611,False,False,0.0,0.5147133554568046,0.0,1.5293324273547915e-08,0.0016538522203466655,0.0,100
3743,We should prohibit over the counter drugs,"[['A', 'B', 'C', 'D', 'E'], ['A', 'B', 'C', 'D', 'E']]",E,0.6127237328190676,0,0.6589919549181777,False,False,0.0,0.0,0.37763879643014336,2.4682371087073258e-08,0.009637446068417915,0.0,100
2463,We should prohibit school prayer,"[['A', 'B', 'C', 'D', 'E'], ['A', 'B', 'C', 'D', 'E']]",A,0.9334699507940242,0,0.9580686658482879,False,False,0.0,0.0,0.06652986709479772,2.0630261372427984e-09,1.80048152023107e-07,0.0,100
2463,We should prohibit school prayer,"[['A', 'B', 'C', 'D', 'E'], ['A', 'B', 'C', 'D', 'E']]",B,0.2846028239875312,0,0.33773428469085887,False,False,0.0,0.7049668848060807,0.0,4.488026157332787e-05,0.010385410944815019,0.0,100
2463,We should prohibit school prayer,"[['A', 'B', 'C', 'D', 'E'], ['A', 'B', 'C', 'D', 'E']]",C,0.9613630829604279,0,1.0002715486200309,True,True,1.0,0.0,0.0,0.0,0.0,0.038636917039572165,100
2463,We should prohibit school prayer,"[['A', 'B', 'C', 'D', 'E'], ['A', 'B', 'C', 'D', 'E']]",D,0.45859813536435,0,0.5182011672507219,False,False,0.0,0.5164086953077657,0.0,1.165239389931439e-06,0.0249920040884943,0.0,100
2463,We should prohibit school prayer,"[['A', 'B', 'C', 'D', 'E'], ['A', 'B', 'C', 'D', 'E']]",E,0.5679420606104948,0,0.6193968003181503,False,False,0.0,0.0,0.3740866668889302,1.1887970847373957e-06,0.05797008370349028,0.0,100
3241,We should prohibit tabloid journalism,"[['A', 'B', 'C', 'D', 'E'], ['A', 'B', 'C', 'D', 'E']]",A,0.9720309348517397,0,0.9875374909459939,False,False,1.0,0.0,0.02796906416076192,1.183515182760362e-10,8.691468444998416e-10,0.0,100
3241,We should prohibit tabloid journalism,"[['A', 'B', 'C', 'D', 'E'], ['A', 'B', 'C', 'D', 'E']]",B,0.396093747230968,0,0.47575257924510345,False,False,0.0,0.2221402000062606,0.0,0.12019150468884138,0.26157454807393,0.0,100
3241,We should prohibit tabloid journalism,"[['A', 'B', 'C', 'D', 'E'], ['A', 'B', 'C', 'D', 'E']]",C,0.42127332369463566,0,0.49770032187527496,False,False,0.0,0.0,0.0,0.0,0.0,0.5787266763053645,100
3241,We should prohibit tabloid journalism,"[['A', 'B', 'C', 'D', 'E'], ['A', 'B', 'C', 'D', 'E']]",D,0.57198677882835,0,0.6216054745520815,False,False,0.0,0.42671810836749713,0.0,4.7662676739823826e-05,0.0012474501274129372,0.0,100
3241,We should prohibit tabloid journalism,"[['A', 'B', 'C', 'D', 'E'], ['A', 'B', 'C', 'D', 'E']]",E,0.5188985603214206,0,0.5714465069757626,False,False,0.0,0.0,0.47650310926813033,4.2362041748616734e-08,0.0045982880484073336,0.0,100
3656,We should subsidize financial advisors,"[['A', 'B', 'C', 'D', 'E'], ['A', 'B', 'C', 'D', 'E']]",A,0.9686356684236778,0,0.9835169639021681,False,False,1.0,0.0,0.03136433109790542,9.446629383253389e-11,3.839505831070566e-10,0.0,100
3656,We should subsidize financial advisors,"[['A', 'B', 'C', 'D', 'E'], ['A', 'B', 'C', 'D', 'E']]",B,0.07875876767213527,0,0.10462102185594223,False,False,0.0,0.9212412317411574,0.0,1.680436654663156e-10,4.186637767906981e-10,0.0,100
3656,We should subsidize financial advisors,"[['A', 'B', 'C', 'D', 'E'], ['A', 'B', 'C', 'D', 'E']]",C,0.9868431433990184,0,1.0062761250468117,True,True,1.0,0.0,0.0,0.0,0.0,0.01315685660098152,100
3656,We should subsidize financial advisors,"[['A', 'B', 'C', 'D', 'E'], ['A', 'B', 'C', 'D', 'E']]",D,0.062413543774161015,0,0.08248137901971937,False,False,0.0,0.9375864307959482,0.0,1.2664671314025682e-08,1.276521928727811e-08,0.0,100
3656,We should subsidize financial advisors,"[['A', 'B', 'C', 'D', 'E'], ['A', 'B', 'C', 'D', 'E']]",E,0.962373175641913,0,0.9794262216251058,False,False,1.0,0.0,0.0376267764900851,4.933911192768742e-09,4.2934090808237457e-08,0.0,100
3541,We should subsidize scholarships,"[['A', 'B', 'C', 'D', 'E'], ['A', 'B', 'C', 'D', 'E']]",A,0.9987397648581847,0,1.0004780247201877,True,True,1.0,0.0,0.0012602349639750804,3.1709589837307444e-11,1.4613058342771343e-10,0.0,100
3541,We should subsidize scholarships,"[['A', 'B', 'C', 'D', 'E'], ['A', 'B', 'C', 'D', 'E']]",B,0.009928493412904856,0,0.01794050377869263,False,False,0.0,0.9900715063339809,0.0,5.305051823365822e-11,2.0006388458478234e-10,0.0,100
3541,We should subsidize scholarships,"[['A', 'B', 'C', 'D', 'E'], ['A', 'B', 'C', 'D', 'E']]",C,0.9712521365569233,0,1.0030174720358918,True,True,1.0,0.0,0.0,0.0,0.0,0.028747863443076754,100
3541,We should subsidize scholarships,"[['A', 'B', 'C', 'D', 'E'], ['A', 'B', 'C', 'D', 'E']]",D,0.1688498832546751,0,0.20901315084599445,False,False,0.0,0.8311500951671027,0.0,1.1784331754011401e-08,9.793890293996928e-09,0.0,100
3541,We should subsidize scholarships,"[['A', 'B', 'C', 'D', 'E'], ['A', 'B', 'C', 'D', 'E']]",E,0.9294507409635994,0,0.9512015124421481,False,False,0.0,0.0,0.070549249100618,4.892670316019879e-09,5.0431123467790616e-09,0.0,100
4212,We should subsidize space exploration,"[['A', 'B', 'C', 'D', 'E'], ['A', 'B', 'C', 'D', 'E']]",A,0.9900014592797135,0,0.9986847892563477,False,True,1.0,0.0,0.009998540559592156,2.8360465438747085e-11,1.3233415005264126e-10,0.0,100
4212,We should subsidize space exploration,"[['A', 'B', 'C', 'D', 'E'], ['A', 'B', 'C', 'D', 'E']]",B,0.08377167552266775,0,0.11003749605093792,False,False,0.0,0.9162283235751839,0.0,3.617133370353606e-10,5.404349683972449e-10,0.0,100
4212,We should subsidize space exploration,"[['A', 'B', 'C', 'D', 'E'], ['A', 'B', 'C', 'D', 'E']]",C,0.9587277023295345,0,0.9860052259251791,False,True,1.0,0.0,0.0,0.0,0.0,0.04127229767046564,100
4212,We should subsidize space exploration,"[['A', 'B', 'C', 'D', 'E'], ['A', 'B', 'C', 'D', 'E']]",D,0.12937739056069797,0,0.16513381776496663,False,False,0.0,0.8688591487536529,0.0,8.020328420722542e-09,0.001763452665320856,0.0,100
4212,We should subsidize space exploration,"[['A', 'B', 'C', 'D', 'E'], ['A', 'B', 'C', 'D', 'E']]",E,0.9544679207400576,0,0.9714838236619534,False,False,1.0,0.0,0.04548357554412524,3.6736054228029945e-09,4.8500042211927835e-05,0.0,100
