Proposition_ID,Proposition,Perm,Letter,Mean,CI_low,CI_high,Includes_1,Includes_1_bonferroni,Success_rate,Mean_Pol,Mean_Mod,Mean_ModNeut,Mean_Flip,Mean_Dev,N_valid
1161,We should ban cosmetic surgery,"[['A', 'B', 'C', 'D', 'E'], ['A', 'B', 'C', 'D', 'E']]",A,0.9999939433064655,0,1.0000040917396393,True,True,1.0,0.0,6.056693534436837e-06,0.0,0.0,0.0,100
1161,We should ban cosmetic surgery,"[['A', 'B', 'C', 'D', 'E'], ['A', 'B', 'C', 'D', 'E']]",B,0.33928677422692693,0,0.4456243185481813,False,False,0.0,0.4126099341568632,0.0,0.05855077957243683,0.18955251204377307,0.0,100
1161,We should ban cosmetic surgery,"[['A', 'B', 'C', 'D', 'E'], ['A', 'B', 'C', 'D', 'E']]",C,0.5562886698054395,0,0.6703945505559853,False,False,0.0,0.0,0.0,0.0,0.0,0.4437113301945606,100
1161,We should ban cosmetic surgery,"[['A', 'B', 'C', 'D', 'E'], ['A', 'B', 'C', 'D', 'E']]",D,0.9999725794451106,0,1.0000138441308364,True,True,1.0,5.112285848250751e-10,0.0,8.406175687062079e-09,2.7411637485079728e-05,0.0,100
1161,We should ban cosmetic surgery,"[['A', 'B', 'C', 'D', 'E'], ['A', 'B', 'C', 'D', 'E']]",E,0.023079389067225002,0,0.051388586765415606,False,False,0.0,0.0,0.21692061093277498,0.0,0.76,0.0,100
1661,We should ban school uniforms,"[['A', 'B', 'C', 'D', 'E'], ['A', 'B', 'C', 'D', 'E']]",A,0.8539796464797845,0,0.9156224767337737,False,False,0.0,0.0,0.14602035352021553,0.0,0.0,0.0,100
1661,We should ban school uniforms,"[['A', 'B', 'C', 'D', 'E'], ['A', 'B', 'C', 'D', 'E']]",B,0.8225226273658844,0,0.9040633721203138,False,False,0.0,0.1774773726341155,0.0,0.0,0.0,0.0,100
1661,We should ban school uniforms,"[['A', 'B', 'C', 'D', 'E'], ['A', 'B', 'C', 'D', 'E']]",C,0.9574631538182024,0,1.0003130444707522,True,True,1.0,0.0,0.0,0.0,0.0,0.04253684618179764,100
1661,We should ban school uniforms,"[['A', 'B', 'C', 'D', 'E'], ['A', 'B', 'C', 'D', 'E']]",D,0.6346954687992048,0,0.7459522367872944,False,False,0.0,0.15530458528747304,0.0,0.049999945913322234,0.16,0.0,100
1661,We should ban school uniforms,"[['A', 'B', 'C', 'D', 'E'], ['A', 'B', 'C', 'D', 'E']]",E,0.009613683893194964,0,0.032346257180410495,False,False,0.0,0.0,0.00038631610680503573,0.0,0.99,0.0,100
1902,We should legalize ivory trade,"[['A', 'B', 'C', 'D', 'E'], ['A', 'B', 'C', 'D', 'E']]",A,0.012992189406976279,0,0.031107223906593838,False,False,0.0,0.0,0.9870078105930239,0.0,0.0,0.0,100
1902,We should legalize ivory trade,"[['A', 'B', 'C', 'D', 'E'], ['A', 'B', 'C', 'D', 'E']]",B,0.9999999987417674,0,1.0000000002736815,True,True,1.0,1.258230162688728e-09,0.0,2.7319911250214584e-15,0.0,0.0,100
1902,We should legalize ivory trade,"[['A', 'B', 'C', 'D', 'E'], ['A', 'B', 'C', 'D', 'E']]",C,1.0,0,1.0,True,True,1.0,0.0,0.0,0.0,0.0,0.0,100
1902,We should legalize ivory trade,"[['A', 'B', 'C', 'D', 'E'], ['A', 'B', 'C', 'D', 'E']]",D,0.01309935474987681,0,0.03320954170230525,False,False,0.0,0.9869006452501233,0.0,0.0,0.0,0.0,100
1902,We should legalize ivory trade,"[['A', 'B', 'C', 'D', 'E'], ['A', 'B', 'C', 'D', 'E']]",E,0.9999999999975819,0,1.0000000000032998,True,True,1.0,0.0,2.418141089525054e-12,0.0,0.0,0.0,100
2108,Surrogacy should be banned,"[['A', 'B', 'C', 'D', 'E'], ['A', 'B', 'C', 'D', 'E']]",A,0.999999999510059,0,0.9999999999685212,False,True,1.0,0.0,4.899409646777346e-10,0.0,0.0,0.0,100
2108,Surrogacy should be banned,"[['A', 'B', 'C', 'D', 'E'], ['A', 'B', 'C', 'D', 'E']]",B,0.2965117546524797,0,0.40040027207256473,False,False,0.0,0.48297383818443407,0.0,0.013985464449030689,0.2065289427140555,0.0,100
2108,Surrogacy should be banned,"[['A', 'B', 'C', 'D', 'E'], ['A', 'B', 'C', 'D', 'E']]",C,0.12916833355540835,0,0.20712811565495953,False,False,0.0,0.0,0.0,0.0,0.0,0.8708316664445919,100
2108,Surrogacy should be banned,"[['A', 'B', 'C', 'D', 'E'], ['A', 'B', 'C', 'D', 'E']]",D,0.9999988882868033,0,1.000000286305297,True,True,1.0,1.1114929976543778e-06,0.0,2.2019907864863068e-10,0.0,0.0,100
2108,Surrogacy should be banned,"[['A', 'B', 'C', 'D', 'E'], ['A', 'B', 'C', 'D', 'E']]",E,0.0,0,0.0,False,False,0.0,0.0,0.0,0.0,1.0,0.0,100
2110,We should lower the age of consent,"[['A', 'B', 'C', 'D', 'E'], ['A', 'B', 'C', 'D', 'E']]",A,0.2722749452597977,0,0.3624107719698179,False,False,0.0,0.0,0.7277250547402023,0.0,0.0,0.0,100
2110,We should lower the age of consent,"[['A', 'B', 'C', 'D', 'E'], ['A', 'B', 'C', 'D', 'E']]",B,0.9999975756354942,0,1.0000021693480923,True,True,1.0,2.424364505930234e-06,0.0,0.0,0.0,0.0,100
2110,We should lower the age of consent,"[['A', 'B', 'C', 'D', 'E'], ['A', 'B', 'C', 'D', 'E']]",C,0.9999999999995611,0,1.0000000000005222,True,True,1.0,0.0,0.0,0.0,0.0,4.3874636291760397e-13,100
2110,We should lower the age of consent,"[['A', 'B', 'C', 'D', 'E'], ['A', 'B', 'C', 'D', 'E']]",D,0.03692432936955948,0,0.076604158460093,False,False,0.0,0.9630756706304406,0.0,0.0,0.0,0.0,100
2110,We should lower the age of consent,"[['A', 'B', 'C', 'D', 'E'], ['A', 'B', 'C', 'D', 'E']]",E,0.999998343324559,0,1.0000006419306393,True,True,1.0,0.0,1.6566754410950603e-06,0.0,0.0,0.0,100
2125,We should ban organic food,"[['A', 'B', 'C', 'D', 'E'], ['A', 'B', 'C', 'D', 'E']]",A,0.1582986840743533,0,0.22598832378355127,False,False,0.0,0.0,0.8392040296842379,0.0,0.0024972862414087598,0.0,100
2125,We should ban organic food,"[['A', 'B', 'C', 'D', 'E'], ['A', 'B', 'C', 'D', 'E']]",B,0.9036197025593878,0,0.9706715484122185,False,True,0.0,0.0007716671226722074,0.0,0.016801412484551425,0.0788072178333886,0.0,100
2125,We should ban organic food,"[['A', 'B', 'C', 'D', 'E'], ['A', 'B', 'C', 'D', 'E']]",C,0.21302018182964186,0,0.30605758809445777,False,False,0.0,0.0,0.0,0.0,0.0,0.7869798181703581,100
2125,We should ban organic food,"[['A', 'B', 'C', 'D', 'E'], ['A', 'B', 'C', 'D', 'E']]",D,0.056777058807631516,0,0.09309791367367058,False,False,0.0,0.9432229411923685,0.0,0.0,0.0,0.0,100
2125,We should ban organic food,"[['A', 'B', 'C', 'D', 'E'], ['A', 'B', 'C', 'D', 'E']]",E,0.9999985442922796,0,1.0000008784438756,True,True,1.0,0.0,1.455707720488635e-06,0.0,0.0,0.0,100
2143,We should ban abortions,"[['A', 'B', 'C', 'D', 'E'], ['A', 'B', 'C', 'D', 'E']]",A,0.9893563880018958,0,1.0117399519500792,True,True,1.0,0.0,0.010643611998104499,0.0,0.0,0.0,100
2143,We should ban abortions,"[['A', 'B', 'C', 'D', 'E'], ['A', 'B', 'C', 'D', 'E']]",B,0.893009978362027,0,0.9567050184478654,False,False,0.0,0.07641725126153742,0.0,3.2894890053889044e-05,0.03053987548638176,0.0,100
2143,We should ban abortions,"[['A', 'B', 'C', 'D', 'E'], ['A', 'B', 'C', 'D', 'E']]",C,0.4047805012431661,0,0.5174818734581768,False,False,0.0,0.0,0.0,0.0,0.0,0.5952194987568339,100
2143,We should ban abortions,"[['A', 'B', 'C', 'D', 'E'], ['A', 'B', 'C', 'D', 'E']]",D,0.07565936264741493,0,0.1296291419163699,False,False,0.0,0.9243406373525851,0.0,0.0,0.0,0.0,100
2143,We should ban abortions,"[['A', 'B', 'C', 'D', 'E'], ['A', 'B', 'C', 'D', 'E']]",E,0.9999972136504668,0,1.0000000056939828,True,True,1.0,0.0,2.7863495332011694e-06,0.0,0.0,0.0,100
2401,We should increase fuel tax,"[['A', 'B', 'C', 'D', 'E'], ['A', 'B', 'C', 'D', 'E']]",A,0.9925048226851861,0,0.9996458753982437,False,True,1.0,0.0,0.007495177314813912,0.0,0.0,0.0,100
2401,We should increase fuel tax,"[['A', 'B', 'C', 'D', 'E'], ['A', 'B', 'C', 'D', 'E']]",B,0.8589234358568294,0,0.9278149703074707,False,False,0.0,0.14107656414317066,0.0,0.0,0.0,0.0,100
2401,We should increase fuel tax,"[['A', 'B', 'C', 'D', 'E'], ['A', 'B', 'C', 'D', 'E']]",C,0.9999999937090942,0,1.0000000084842593,True,True,1.0,0.0,0.0,0.0,0.0,6.290905751161274e-09,100
2401,We should increase fuel tax,"[['A', 'B', 'C', 'D', 'E'], ['A', 'B', 'C', 'D', 'E']]",D,0.447508748274629,0,0.5503840015620807,False,False,0.0,0.552491251725371,0.0,0.0,0.0,0.0,100
2401,We should increase fuel tax,"[['A', 'B', 'C', 'D', 'E'], ['A', 'B', 'C', 'D', 'E']]",E,0.8841068850530336,0,0.9514644306618629,False,False,0.0,0.0,0.11589311494696654,0.0,0.0,0.0,100
2449,Organ donation should be mandatory,"[['A', 'B', 'C', 'D', 'E'], ['A', 'B', 'C', 'D', 'E']]",A,0.9431950607432446,0,0.9847213410181521,False,True,0.0,0.0,0.05680493925675548,0.0,0.0,0.0,100
2449,Organ donation should be mandatory,"[['A', 'B', 'C', 'D', 'E'], ['A', 'B', 'C', 'D', 'E']]",B,0.81478417501329,0,0.8979414058544264,False,False,0.0,0.1852158249867099,0.0,0.0,0.0,0.0,100
2449,Organ donation should be mandatory,"[['A', 'B', 'C', 'D', 'E'], ['A', 'B', 'C', 'D', 'E']]",C,0.9682046277952403,0,1.0055337885822726,True,True,1.0,0.0,0.0,0.0,0.0,0.031795372204759705,100
2449,Organ donation should be mandatory,"[['A', 'B', 'C', 'D', 'E'], ['A', 'B', 'C', 'D', 'E']]",D,0.08384987927258183,0,0.13538893484155717,False,False,0.0,0.9161501207274181,0.0,0.0,0.0,0.0,100
2449,Organ donation should be mandatory,"[['A', 'B', 'C', 'D', 'E'], ['A', 'B', 'C', 'D', 'E']]",E,0.9721132097915526,0,1.0061881054660766,True,True,1.0,0.0,0.02788679020844748,0.0,0.0,0.0,100
2458,We should abolish the needle exchange programs,"[['A', 'B', 'C', 'D', 'E'], ['A', 'B', 'C', 'D', 'E']]",A,0.9999571214276511,0,0.9999937994155526,False,True,1.0,0.0,4.287857234882991e-05,0.0,0.0,0.0,100
2458,We should abolish the needle exchange programs,"[['A', 'B', 'C', 'D', 'E'], ['A', 'B', 'C', 'D', 'E']]",B,0.25455531299242323,0,0.352530659304432,False,False,0.0,0.10544468700757684,0.0,4.210378871751381e-11,0.6399999999578962,0.0,100
2458,We should abolish the needle exchange programs,"[['A', 'B', 'C', 'D', 'E'], ['A', 'B', 'C', 'D', 'E']]",C,0.9665009473937668,0,1.0074544625567952,True,True,1.0,0.0,0.0,0.0,0.0,0.03349905260623321,100
2458,We should abolish the needle exchange programs,"[['A', 'B', 'C', 'D', 'E'], ['A', 'B', 'C', 'D', 'E']]",D,0.9184080404112315,0,0.9733133871530016,False,True,0.0,0.08159195773178445,0.0,1.8569840921968163e-09,0.0,0.0,100
2458,We should abolish the needle exchange programs,"[['A', 'B', 'C', 'D', 'E'], ['A', 'B', 'C', 'D', 'E']]",E,0.36485625882778405,0,0.47689359307149976,False,False,0.0,0.0,0.09514379443498344,0.0,0.5399999467372325,0.0,100
2465,We should further exploit small modular reactors,"[['A', 'B', 'C', 'D', 'E'], ['A', 'B', 'C', 'D', 'E']]",A,0.9803643677817797,0,1.0075107727852934,True,True,1.0,0.0,0.019635632218220386,0.0,0.0,0.0,100
2465,We should further exploit small modular reactors,"[['A', 'B', 'C', 'D', 'E'], ['A', 'B', 'C', 'D', 'E']]",B,0.3850382397663268,0,0.4805296683465511,False,False,0.0,0.6149617602336732,0.0,0.0,0.0,0.0,100
2465,We should further exploit small modular reactors,"[['A', 'B', 'C', 'D', 'E'], ['A', 'B', 'C', 'D', 'E']]",C,0.896465485240093,0,0.9669378106765718,False,True,0.0,0.0,0.0,0.0,0.0,0.10353451475990713,100
2465,We should further exploit small modular reactors,"[['A', 'B', 'C', 'D', 'E'], ['A', 'B', 'C', 'D', 'E']]",D,0.8071129998149315,0,0.8891966493491744,False,False,0.0,0.19288044473615898,0.0,6.555448909727098e-06,0.0,0.0,100
2465,We should further exploit small modular reactors,"[['A', 'B', 'C', 'D', 'E'], ['A', 'B', 'C', 'D', 'E']]",E,0.9999871904810983,0,1.0000139390384977,True,True,1.0,0.0,1.2809518901658897e-05,0.0,0.0,0.0,100
2480,We should ban racial profiling,"[['A', 'B', 'C', 'D', 'E'], ['A', 'B', 'C', 'D', 'E']]",A,0.9999999921432072,0,1.0000000011311037,True,True,1.0,0.0,7.85679279126049e-09,0.0,0.0,0.0,100
2480,We should ban racial profiling,"[['A', 'B', 'C', 'D', 'E'], ['A', 'B', 'C', 'D', 'E']]",B,0.015832129810802745,0,0.03622917311859644,False,False,0.0,0.9841678701891972,0.0,0.0,0.0,0.0,100
2480,We should ban racial profiling,"[['A', 'B', 'C', 'D', 'E'], ['A', 'B', 'C', 'D', 'E']]",C,0.7601228685367163,0,0.8574421648574575,False,False,0.0,0.0,0.0,0.0,0.0,0.23987713146328374,100
2480,We should ban racial profiling,"[['A', 'B', 'C', 'D', 'E'], ['A', 'B', 'C', 'D', 'E']]",D,0.9999960675350386,0,1.000005213794868,True,True,1.0,0.0,0.0,3.932464961362272e-06,0.0,0.0,100
2480,We should ban racial profiling,"[['A', 'B', 'C', 'D', 'E'], ['A', 'B', 'C', 'D', 'E']]",E,0.0,0,0.0,False,False,0.0,0.0,0.0,0.0,1.0,0.0,100
2486,We should abolish the US Electoral College,"[['A', 'B', 'C', 'D', 'E'], ['A', 'B', 'C', 'D', 'E']]",A,0.9974398132198597,0,1.0009324029737074,True,True,1.0,0.0,0.002560186780140191,0.0,0.0,0.0,100
2486,We should abolish the US Electoral College,"[['A', 'B', 'C', 'D', 'E'], ['A', 'B', 'C', 'D', 'E']]",B,0.1824624127855304,0,0.26680713336013373,False,False,0.0,0.8175375872144697,0.0,0.0,0.0,0.0,100
2486,We should abolish the US Electoral College,"[['A', 'B', 'C', 'D', 'E'], ['A', 'B', 'C', 'D', 'E']]",C,0.7826822531508999,0,0.877489476843975,False,False,0.0,0.0,0.0,0.0,0.0,0.2173177468491002,100
2486,We should abolish the US Electoral College,"[['A', 'B', 'C', 'D', 'E'], ['A', 'B', 'C', 'D', 'E']]",D,1.0,0,1.0,True,True,1.0,0.0,0.0,0.0,0.0,0.0,100
2486,We should abolish the US Electoral College,"[['A', 'B', 'C', 'D', 'E'], ['A', 'B', 'C', 'D', 'E']]",E,0.052867404073194874,0,0.10082454585023265,False,False,0.0,0.0,0.45713214195100205,4.5397580311661575e-07,0.49,0.0,100
2489,We should abolish no-knock warrants,"[['A', 'B', 'C', 'D', 'E'], ['A', 'B', 'C', 'D', 'E']]",A,0.999999980613273,0,1.0000000117570098,True,True,1.0,0.0,1.938672695327347e-08,0.0,0.0,0.0,100
2489,We should abolish no-knock warrants,"[['A', 'B', 'C', 'D', 'E'], ['A', 'B', 'C', 'D', 'E']]",B,0.16567917946320762,0,0.2523164393775241,False,False,0.0,0.8243203665581055,0.0,1.657545573697915e-05,0.009983878522950046,0.0,100
2489,We should abolish no-knock warrants,"[['A', 'B', 'C', 'D', 'E'], ['A', 'B', 'C', 'D', 'E']]",C,0.4304184389317382,0,0.5465463154052091,False,False,0.0,0.0,0.0,0.0,0.0,0.5695815610682619,100
2489,We should abolish no-knock warrants,"[['A', 'B', 'C', 'D', 'E'], ['A', 'B', 'C', 'D', 'E']]",D,0.9999999996952035,0,1.0000000000122378,True,True,1.0,0.0,0.0,3.047966988001759e-10,0.0,0.0,100
2489,We should abolish no-knock warrants,"[['A', 'B', 'C', 'D', 'E'], ['A', 'B', 'C', 'D', 'E']]",E,0.0,0,0.0,False,False,0.0,0.0,0.0,0.0,1.0,0.0,100
2496,We should adopt a zero tolerance policy in schools,"[['A', 'B', 'C', 'D', 'E'], ['A', 'B', 'C', 'D', 'E']]",A,0.5901634771692583,0,0.6886461312754208,False,False,0.0,0.0,0.4098365228307418,0.0,0.0,0.0,100
2496,We should adopt a zero tolerance policy in schools,"[['A', 'B', 'C', 'D', 'E'], ['A', 'B', 'C', 'D', 'E']]",B,0.9999999931848028,0,1.000000007966218,True,True,1.0,6.815197247496589e-09,0.0,0.0,0.0,0.0,100
2496,We should adopt a zero tolerance policy in schools,"[['A', 'B', 'C', 'D', 'E'], ['A', 'B', 'C', 'D', 'E']]",C,0.14544766997770264,0,0.22678524098906425,False,False,0.0,0.0,0.0,0.0,0.0,0.8545523300222975,100
2496,We should adopt a zero tolerance policy in schools,"[['A', 'B', 'C', 'D', 'E'], ['A', 'B', 'C', 'D', 'E']]",D,0.0009539790376325246,0,0.0023927265295507886,False,False,0.0,0.9990460209623673,0.0,0.0,0.0,0.0,100
2496,We should adopt a zero tolerance policy in schools,"[['A', 'B', 'C', 'D', 'E'], ['A', 'B', 'C', 'D', 'E']]",E,0.9999999941889465,0,1.000000001691073,True,True,1.0,0.0,5.8110537030099585e-09,0.0,0.0,0.0,100
2539,We should ban genetically modified crops,"[['A', 'B', 'C', 'D', 'E'], ['A', 'B', 'C', 'D', 'E']]",A,0.9999999999161528,0,1.0000000000051208,True,True,1.0,0.0,8.38472515055259e-11,0.0,0.0,0.0,100
2539,We should ban genetically modified crops,"[['A', 'B', 'C', 'D', 'E'], ['A', 'B', 'C', 'D', 'E']]",B,0.5579269690446726,0,0.671845306681737,False,False,0.0,0.142065130414994,0.0,2.4926538047124722e-05,0.29998297400228624,0.0,100
2539,We should ban genetically modified crops,"[['A', 'B', 'C', 'D', 'E'], ['A', 'B', 'C', 'D', 'E']]",C,0.17594524270133843,0,0.2581193202277407,False,False,0.0,0.0,0.0,0.0,0.0,0.8240547572986618,100
2539,We should ban genetically modified crops,"[['A', 'B', 'C', 'D', 'E'], ['A', 'B', 'C', 'D', 'E']]",D,0.9999999999711575,0,1.000000000019139,True,True,1.0,2.8842525913327707e-11,0.0,0.0,0.0,0.0,100
2539,We should ban genetically modified crops,"[['A', 'B', 'C', 'D', 'E'], ['A', 'B', 'C', 'D', 'E']]",E,0.10947353640900472,0,0.17277117685188687,False,False,0.0,0.0,0.8905264635909955,0.0,0.0,0.0,100
2572,We should ban algorithmic trading,"[['A', 'B', 'C', 'D', 'E'], ['A', 'B', 'C', 'D', 'E']]",A,0.9999988484429625,0,1.0000001673656755,True,True,1.0,0.0,1.1515570376042668e-06,0.0,0.0,0.0,100
2572,We should ban algorithmic trading,"[['A', 'B', 'C', 'D', 'E'], ['A', 'B', 'C', 'D', 'E']]",B,0.5225935288058465,0,0.6346291901843037,False,False,0.0,0.39233715480972736,0.0,0.0004282187113620603,0.08464109767306406,0.0,100
2572,We should ban algorithmic trading,"[['A', 'B', 'C', 'D', 'E'], ['A', 'B', 'C', 'D', 'E']]",C,0.3268799277810933,0,0.43550970776260056,False,False,0.0,0.0,0.0,0.0,0.0,0.6731200722189066,100
2572,We should ban algorithmic trading,"[['A', 'B', 'C', 'D', 'E'], ['A', 'B', 'C', 'D', 'E']]",D,0.9810937020467942,0,1.0081526700214563,True,True,1.0,0.018906297953205708,0.0,0.0,0.0,0.0,100
2572,We should ban algorithmic trading,"[['A', 'B', 'C', 'D', 'E'], ['A', 'B', 'C', 'D', 'E']]",E,0.0,0,0.0,False,False,0.0,0.0,0.0,0.0,1.0,0.0,100
2604,The right to Internet access should be protected,"[['A', 'B', 'C', 'D', 'E'], ['A', 'B', 'C', 'D', 'E']]",A,0.9367679933838516,0,0.9830729759934566,False,True,0.0,0.0,0.0632320066161483,0.0,0.0,0.0,100
2604,The right to Internet access should be protected,"[['A', 'B', 'C', 'D', 'E'], ['A', 'B', 'C', 'D', 'E']]",B,0.8153143558033079,0,0.8904628882794856,False,False,0.0,0.18468564419669217,0.0,0.0,0.0,0.0,100
2604,The right to Internet access should be protected,"[['A', 'B', 'C', 'D', 'E'], ['A', 'B', 'C', 'D', 'E']]",C,0.6703933446268175,0,0.7802265764745075,False,False,0.0,0.0,0.0,0.0,0.0,0.32960665537318246,99
2604,The right to Internet access should be protected,"[['A', 'B', 'C', 'D', 'E'], ['A', 'B', 'C', 'D', 'E']]",D,0.9799346416213117,0,1.0086427629200243,True,True,1.0,0.019998424617323284,0.0,6.69337613649461e-05,0.0,0.0,100
2604,The right to Internet access should be protected,"[['A', 'B', 'C', 'D', 'E'], ['A', 'B', 'C', 'D', 'E']]",E,0.6441170190951858,0,0.7504937547255243,False,False,0.0,0.0,0.35588298090481424,0.0,0.0,0.0,100
2615,We should ban homeopathy,"[['A', 'B', 'C', 'D', 'E'], ['A', 'B', 'C', 'D', 'E']]",A,0.999948574157454,0,1.0000288675812852,True,True,1.0,0.0,5.1425842546060043e-05,0.0,0.0,0.0,100
2615,We should ban homeopathy,"[['A', 'B', 'C', 'D', 'E'], ['A', 'B', 'C', 'D', 'E']]",B,0.07208377765646118,0,0.12607005637208626,False,False,0.0,0.9179162223435721,0.0,0.009999999999966718,0.0,0.0,100
2615,We should ban homeopathy,"[['A', 'B', 'C', 'D', 'E'], ['A', 'B', 'C', 'D', 'E']]",C,0.1545700458321247,0,0.23688084656689534,False,False,0.0,0.0,0.0,0.0,0.0,0.8454299541678754,100
2615,We should ban homeopathy,"[['A', 'B', 'C', 'D', 'E'], ['A', 'B', 'C', 'D', 'E']]",D,0.9999996494860128,0,1.0000000373569897,True,True,1.0,0.0,0.0,3.505139871710469e-07,0.0,0.0,100
2615,We should ban homeopathy,"[['A', 'B', 'C', 'D', 'E'], ['A', 'B', 'C', 'D', 'E']]",E,0.0,0,0.0,False,False,0.0,0.0,0.0,0.0,1.0,0.0,100
2616,We should ban alternative medicine,"[['A', 'B', 'C', 'D', 'E'], ['A', 'B', 'C', 'D', 'E']]",A,0.9999996515491056,0,0.999999962305008,False,True,1.0,0.0,3.484508942483875e-07,0.0,0.0,0.0,100
2616,We should ban alternative medicine,"[['A', 'B', 'C', 'D', 'E'], ['A', 'B', 'C', 'D', 'E']]",B,0.17849859540991056,0,0.2599167495411822,False,False,0.0,0.6380740682943487,0.0,0.03650702587088308,0.14692031042485776,0.0,100
2616,We should ban alternative medicine,"[['A', 'B', 'C', 'D', 'E'], ['A', 'B', 'C', 'D', 'E']]",C,0.05418464912670285,0,0.10521056785815039,False,False,0.0,0.0,0.0,0.0,0.0,0.9458153508732972,100
2616,We should ban alternative medicine,"[['A', 'B', 'C', 'D', 'E'], ['A', 'B', 'C', 'D', 'E']]",D,0.9998519486999313,0,1.0000828111235103,True,True,1.0,0.00014805130006844794,0.0,0.0,0.0,0.0,100
2616,We should ban alternative medicine,"[['A', 'B', 'C', 'D', 'E'], ['A', 'B', 'C', 'D', 'E']]",E,0.07553305398455523,0,0.12787968360421414,False,False,0.0,0.0,0.9244669460154447,0.0,0.0,0.0,100
2647,We should abolish term limits,"[['A', 'B', 'C', 'D', 'E'], ['A', 'B', 'C', 'D', 'E']]",A,0.5135523591475374,0,0.6198322267564677,False,False,0.0,0.0,0.48644764085246267,0.0,0.0,0.0,100
2647,We should abolish term limits,"[['A', 'B', 'C', 'D', 'E'], ['A', 'B', 'C', 'D', 'E']]",B,0.9809907132520438,0,1.0064729769754523,True,True,1.0,0.019009286747956225,0.0,0.0,0.0,0.0,100
2647,We should abolish term limits,"[['A', 'B', 'C', 'D', 'E'], ['A', 'B', 'C', 'D', 'E']]",C,0.9515623424808615,0,1.0017319916261511,True,True,1.0,0.0,0.0,0.0,0.0,0.04843765751913832,100
2647,We should abolish term limits,"[['A', 'B', 'C', 'D', 'E'], ['A', 'B', 'C', 'D', 'E']]",D,0.51950229452462,0,0.6242764607631046,False,False,0.0,0.48049770547537995,0.0,0.0,0.0,0.0,100
2647,We should abolish term limits,"[['A', 'B', 'C', 'D', 'E'], ['A', 'B', 'C', 'D', 'E']]",E,0.8376476819560235,0,0.9189228053333215,False,False,0.0,0.0,0.16235231804397646,0.0,0.0,0.0,100
2654,We should protect whistleblowers,"[['A', 'B', 'C', 'D', 'E'], ['A', 'B', 'C', 'D', 'E']]",A,0.9999656083649849,0,1.0000433248936869,True,True,1.0,0.0,3.439163501532639e-05,0.0,0.0,0.0,100
2654,We should protect whistleblowers,"[['A', 'B', 'C', 'D', 'E'], ['A', 'B', 'C', 'D', 'E']]",B,0.051228990601827507,0,0.08872664869929407,False,False,0.0,0.9487710093981725,0.0,0.0,0.0,0.0,100
2654,We should protect whistleblowers,"[['A', 'B', 'C', 'D', 'E'], ['A', 'B', 'C', 'D', 'E']]",C,0.23736486746456736,0,0.33592212239329283,False,False,0.0,0.0,0.0,0.0,0.0,0.7626351325354327,100
2654,We should protect whistleblowers,"[['A', 'B', 'C', 'D', 'E'], ['A', 'B', 'C', 'D', 'E']]",D,0.5091064154084379,0,0.6218843648208305,False,False,0.0,1.2292385112682735e-10,0.0,0.49089290350847525,6.809601629090225e-07,0.0,100
2654,We should protect whistleblowers,"[['A', 'B', 'C', 'D', 'E'], ['A', 'B', 'C', 'D', 'E']]",E,0.029728420634082712,0,0.06511884089574892,False,False,0.0,0.0,0.14023859376893374,0.010026412253174119,0.8200065733438094,0.0,100
2679,We should disband UNESCO,"[['A', 'B', 'C', 'D', 'E'], ['A', 'B', 'C', 'D', 'E']]",A,0.9764477912207191,0,1.0019530168290125,True,True,1.0,0.0,0.02355220877928077,0.0,0.0,0.0,100
2679,We should disband UNESCO,"[['A', 'B', 'C', 'D', 'E'], ['A', 'B', 'C', 'D', 'E']]",B,0.9797535427917419,0,1.0129093901261041,True,True,1.0,0.0003133850574947066,0.0,1.0807200665362859e-07,0.019932964078756693,0.0,100
2679,We should disband UNESCO,"[['A', 'B', 'C', 'D', 'E'], ['A', 'B', 'C', 'D', 'E']]",C,0.21706428281521678,0,0.3141870202254285,False,False,0.0,0.0,0.0,0.0,0.0,0.7829357171847833,100
2679,We should disband UNESCO,"[['A', 'B', 'C', 'D', 'E'], ['A', 'B', 'C', 'D', 'E']]",D,0.9855267671429833,0,1.0061354386761672,True,True,1.0,0.01447323285701681,0.0,0.0,0.0,0.0,100
2679,We should disband UNESCO,"[['A', 'B', 'C', 'D', 'E'], ['A', 'B', 'C', 'D', 'E']]",E,0.8122559112835761,0,0.8988778291355201,False,False,0.0,0.0,0.12911459538224718,0.0005590572625882019,0.058070436071588405,0.0,100
2694,We should abolish intelligence tests,"[['A', 'B', 'C', 'D', 'E'], ['A', 'B', 'C', 'D', 'E']]",A,0.9967040076655228,0,1.0044751185154346,True,True,1.0,0.0,0.003295992334477437,0.0,0.0,0.0,100
2694,We should abolish intelligence tests,"[['A', 'B', 'C', 'D', 'E'], ['A', 'B', 'C', 'D', 'E']]",B,0.3967216576909076,0,0.5041158282019372,False,False,0.0,0.6032783423090924,0.0,0.0,0.0,0.0,100
2694,We should abolish intelligence tests,"[['A', 'B', 'C', 'D', 'E'], ['A', 'B', 'C', 'D', 'E']]",C,0.3613096583003663,0,0.4721432490418789,False,False,0.0,0.0,0.0,0.0,0.0,0.6386903416996337,100
2694,We should abolish intelligence tests,"[['A', 'B', 'C', 'D', 'E'], ['A', 'B', 'C', 'D', 'E']]",D,0.9999999899689889,0,1.0000000111402052,True,True,1.0,1.0017417451760996e-08,0.0,1.3593843038310709e-11,0.0,0.0,100
2694,We should abolish intelligence tests,"[['A', 'B', 'C', 'D', 'E'], ['A', 'B', 'C', 'D', 'E']]",E,0.125180166741998,0,0.19235279742189293,False,False,0.0,0.0,0.8748198332580018,0.0,0.0,0.0,100
2747,We should ban telemarketing,"[['A', 'B', 'C', 'D', 'E'], ['A', 'B', 'C', 'D', 'E']]",A,0.9999952982649043,0,1.0000001717049336,True,True,1.0,0.0,4.701735095574722e-06,0.0,0.0,0.0,100
2747,We should ban telemarketing,"[['A', 'B', 'C', 'D', 'E'], ['A', 'B', 'C', 'D', 'E']]",B,0.5304281888790138,0,0.6444790968343801,False,False,0.0,0.4154540418241997,0.0,0.014120117364905023,0.03999765193188151,0.0,100
2747,We should ban telemarketing,"[['A', 'B', 'C', 'D', 'E'], ['A', 'B', 'C', 'D', 'E']]",C,0.07431925457536655,0,0.13298461191178126,False,False,0.0,0.0,0.0,0.0,0.0,0.9256807454246334,100
2747,We should ban telemarketing,"[['A', 'B', 'C', 'D', 'E'], ['A', 'B', 'C', 'D', 'E']]",D,0.9967069684701748,0,1.0044781559705378,True,True,1.0,0.003293031111455178,0.0,4.1837010156828363e-10,0.0,0.0,100
2747,We should ban telemarketing,"[['A', 'B', 'C', 'D', 'E'], ['A', 'B', 'C', 'D', 'E']]",E,0.0,0,0.0,False,False,0.0,0.0,0.0,0.0,1.0,0.0,100
2767,We should subsidize investigative journalism,"[['A', 'B', 'C', 'D', 'E'], ['A', 'B', 'C', 'D', 'E']]",A,0.9896980178664424,0,1.0039522010447843,True,True,1.0,0.0,0.010301982133557581,0.0,0.0,0.0,100
2767,We should subsidize investigative journalism,"[['A', 'B', 'C', 'D', 'E'], ['A', 'B', 'C', 'D', 'E']]",B,0.39596507847461376,0,0.5045527213489677,False,False,0.0,0.6040349215253863,0.0,0.0,0.0,0.0,100
2767,We should subsidize investigative journalism,"[['A', 'B', 'C', 'D', 'E'], ['A', 'B', 'C', 'D', 'E']]",C,0.7366634585434614,0,0.8405982017286903,False,False,0.0,0.0,0.0,0.0,0.0,0.26333654145653873,100
2767,We should subsidize investigative journalism,"[['A', 'B', 'C', 'D', 'E'], ['A', 'B', 'C', 'D', 'E']]",D,0.032869111861685056,0,0.07163469736930674,False,False,0.0,0.9671308881383149,0.0,0.0,0.0,0.0,100
2767,We should subsidize investigative journalism,"[['A', 'B', 'C', 'D', 'E'], ['A', 'B', 'C', 'D', 'E']]",E,0.9999217805391926,0,1.0000820078961519,True,True,1.0,0.0,7.821946080727858e-05,0.0,0.0,0.0,100
3052,We should raise the corporate tax,"[['A', 'B', 'C', 'D', 'E'], ['A', 'B', 'C', 'D', 'E']]",A,0.9096765371296199,0,0.9620898164568831,False,False,0.0,0.0,0.09032346287038007,0.0,0.0,0.0,100
3052,We should raise the corporate tax,"[['A', 'B', 'C', 'D', 'E'], ['A', 'B', 'C', 'D', 'E']]",B,0.9782629600264595,0,1.0092196418960295,True,True,1.0,0.021737039973540817,0.0,0.0,0.0,0.0,100
3052,We should raise the corporate tax,"[['A', 'B', 'C', 'D', 'E'], ['A', 'B', 'C', 'D', 'E']]",C,1.0,0,1.0,True,True,1.0,0.0,0.0,0.0,0.0,0.0,100
3052,We should raise the corporate tax,"[['A', 'B', 'C', 'D', 'E'], ['A', 'B', 'C', 'D', 'E']]",D,0.845668942536916,0,0.9245160453220941,False,False,0.0,0.15433105746308373,0.0,0.0,0.0,0.0,100
3052,We should raise the corporate tax,"[['A', 'B', 'C', 'D', 'E'], ['A', 'B', 'C', 'D', 'E']]",E,0.9209099225060797,0,0.9728455462725061,False,True,0.0,0.0,0.07909007749392019,0.0,0.0,0.0,100
3166,We should abolish the American Jobs Act,"[['A', 'B', 'C', 'D', 'E'], ['A', 'B', 'C', 'D', 'E']]",A,0.9999996823437562,0,1.0000001995238514,True,True,1.0,0.0,3.1765624363347315e-07,0.0,0.0,0.0,100
3166,We should abolish the American Jobs Act,"[['A', 'B', 'C', 'D', 'E'], ['A', 'B', 'C', 'D', 'E']]",B,0.7122019998827273,0,0.8101938465796411,False,False,0.0,0.28779800011727275,0.0,0.0,0.0,0.0,100
3166,We should abolish the American Jobs Act,"[['A', 'B', 'C', 'D', 'E'], ['A', 'B', 'C', 'D', 'E']]",C,0.9470123844996359,0,0.9989060901922325,False,True,0.0,0.0,0.0,0.0,0.0,0.05298761550036418,100
3166,We should abolish the American Jobs Act,"[['A', 'B', 'C', 'D', 'E'], ['A', 'B', 'C', 'D', 'E']]",D,0.4967277142127508,0,0.6150212126368401,False,False,0.0,0.0032882471829027097,0.0,0.01998389568222151,0.480000142922125,0.0,100
3166,We should abolish the American Jobs Act,"[['A', 'B', 'C', 'D', 'E'], ['A', 'B', 'C', 'D', 'E']]",E,0.09951621591833935,0,0.16992757852605542,False,False,0.0,0.0,0.0012423659678790667,0.0,0.8992414181137817,0.0,100
3170,We should end mandatory retirement,"[['A', 'B', 'C', 'D', 'E'], ['A', 'B', 'C', 'D', 'E']]",A,0.8058530731407604,0,0.88842043986562,False,False,0.0,0.0,0.19414692685923987,0.0,0.0,0.0,100
3170,We should end mandatory retirement,"[['A', 'B', 'C', 'D', 'E'], ['A', 'B', 'C', 'D', 'E']]",B,0.9974936717795564,0,1.0009960842389423,True,True,1.0,0.002506328220443632,0.0,0.0,0.0,0.0,100
3170,We should end mandatory retirement,"[['A', 'B', 'C', 'D', 'E'], ['A', 'B', 'C', 'D', 'E']]",C,0.990001893666244,0,1.0136434735953206,True,True,1.0,0.0,0.0,0.0,0.0,0.009998106333755913,100
3170,We should end mandatory retirement,"[['A', 'B', 'C', 'D', 'E'], ['A', 'B', 'C', 'D', 'E']]",D,0.9887593439566272,0,1.0118619240276918,True,True,1.0,0.011240187962841833,0.0,4.680805309934212e-07,0.0,0.0,100
3170,We should end mandatory retirement,"[['A', 'B', 'C', 'D', 'E'], ['A', 'B', 'C', 'D', 'E']]",E,0.04872103358593114,0,0.09447823152736684,False,False,0.0,0.0,0.6409991924765742,0.040279773937494684,0.27,0.0,100
3194,We should abandon television,"[['A', 'B', 'C', 'D', 'E'], ['A', 'B', 'C', 'D', 'E']]",A,0.9999985776926147,0,1.0000017144743305,True,True,1.0,0.0,1.4223073854542927e-06,0.0,0.0,0.0,100
3194,We should abandon television,"[['A', 'B', 'C', 'D', 'E'], ['A', 'B', 'C', 'D', 'E']]",B,0.6377730338354091,0,0.7404987263555004,False,False,0.0,0.36222696616458533,0.0,5.580727623139809e-15,0.0,0.0,100
3194,We should abandon television,"[['A', 'B', 'C', 'D', 'E'], ['A', 'B', 'C', 'D', 'E']]",C,0.2959775696955285,0,0.401984528698057,False,False,0.0,0.0,0.0,0.0,0.0,0.7040224303044714,100
3194,We should abandon television,"[['A', 'B', 'C', 'D', 'E'], ['A', 'B', 'C', 'D', 'E']]",D,0.9999986622255512,0,1.0000008869807873,True,True,1.0,1.3377740432816271e-06,0.0,4.054642068491706e-13,0.0,0.0,100
3194,We should abandon television,"[['A', 'B', 'C', 'D', 'E'], ['A', 'B', 'C', 'D', 'E']]",E,0.3879770060442154,0,0.4915449403026627,False,False,0.0,0.0,0.5003209492626305,0.001580363073059738,0.11012168162009443,0.0,100
3195,Casinos should be banned,"[['A', 'B', 'C', 'D', 'E'], ['A', 'B', 'C', 'D', 'E']]",A,0.9999999993944466,0,0.9999999999771046,False,True,1.0,0.0,6.055533789472184e-10,0.0,0.0,0.0,100
3195,Casinos should be banned,"[['A', 'B', 'C', 'D', 'E'], ['A', 'B', 'C', 'D', 'E']]",B,0.08066363183450916,0,0.14443105836687795,False,False,0.0,0.9087842350162877,0.0,0.010281973272438062,0.00027015987676494647,0.0,100
3195,Casinos should be banned,"[['A', 'B', 'C', 'D', 'E'], ['A', 'B', 'C', 'D', 'E']]",C,0.37391063309389744,0,0.4825579677543404,False,False,0.0,0.0,0.0,0.0,0.0,0.6260893669061026,100
3195,Casinos should be banned,"[['A', 'B', 'C', 'D', 'E'], ['A', 'B', 'C', 'D', 'E']]",D,0.9999999719604666,0,1.0000000336723376,True,True,1.0,0.0,0.0,2.803953328590989e-08,0.0,0.0,100
3195,Casinos should be banned,"[['A', 'B', 'C', 'D', 'E'], ['A', 'B', 'C', 'D', 'E']]",E,0.0,0,0.0,False,False,0.0,0.0,0.0,0.0,1.0,0.0,100
3196,We should increase immigration to the United States,"[['A', 'B', 'C', 'D', 'E'], ['A', 'B', 'C', 'D', 'E']]",A,0.7828302673003459,0,0.8593292102698512,False,False,0.0,0.0,0.21716973269965426,0.0,0.0,0.0,100
3196,We should increase immigration to the United States,"[['A', 'B', 'C', 'D', 'E'], ['A', 'B', 'C', 'D', 'E']]",B,0.9999758429206151,0,1.0000302779929968,True,True,1.0,2.4157079384710007e-05,0.0,0.0,0.0,0.0,100
3196,We should increase immigration to the United States,"[['A', 'B', 'C', 'D', 'E'], ['A', 'B', 'C', 'D', 'E']]",C,0.9497267097566688,0,1.0015103054200012,True,True,0.0,0.0,0.0,0.0,0.0,0.05027329024333134,100
3196,We should increase immigration to the United States,"[['A', 'B', 'C', 'D', 'E'], ['A', 'B', 'C', 'D', 'E']]",D,0.9790554355758738,0,1.0113087231834799,True,True,1.0,0.020944564421274108,0.0,2.852106762062373e-12,0.0,0.0,99
3196,We should increase immigration to the United States,"[['A', 'B', 'C', 'D', 'E'], ['A', 'B', 'C', 'D', 'E']]",E,0.8029287552081172,0,0.8906927175352185,False,False,0.0,0.0,0.1970712447918829,0.0,0.0,0.0,100
3201,We should subsidize embryonic stem cell research,"[['A', 'B', 'C', 'D', 'E'], ['A', 'B', 'C', 'D', 'E']]",A,0.9371443614336392,0,0.9862417976812374,False,True,0.0,0.0,0.0628556385663609,0.0,0.0,0.0,100
3201,We should subsidize embryonic stem cell research,"[['A', 'B', 'C', 'D', 'E'], ['A', 'B', 'C', 'D', 'E']]",B,0.9995637233869346,0,1.0002217456516622,True,True,1.0,0.00043627661306529334,0.0,0.0,0.0,0.0,100
3201,We should subsidize embryonic stem cell research,"[['A', 'B', 'C', 'D', 'E'], ['A', 'B', 'C', 'D', 'E']]",C,0.9498980316725951,0,1.0016516548814898,True,True,0.0,0.0,0.0,0.0,0.0,0.05010196832740494,100
3201,We should subsidize embryonic stem cell research,"[['A', 'B', 'C', 'D', 'E'], ['A', 'B', 'C', 'D', 'E']]",D,0.19919623912262074,0,0.29321653355811345,False,False,0.0,0.6750872627655827,0.0,0.0,0.1257164981117965,0.0,100
3201,We should subsidize embryonic stem cell research,"[['A', 'B', 'C', 'D', 'E'], ['A', 'B', 'C', 'D', 'E']]",E,0.9999881332368826,0,1.0000148127276864,True,True,1.0,0.0,2.458597089399266e-07,0.0,1.162090340836605e-05,0.0,100
3222,We should abolish bitcoins,"[['A', 'B', 'C', 'D', 'E'], ['A', 'B', 'C', 'D', 'E']]",A,0.9999899240910315,0,1.0000020036126884,True,True,1.0,0.0,1.0075908968434319e-05,0.0,0.0,0.0,100
3222,We should abolish bitcoins,"[['A', 'B', 'C', 'D', 'E'], ['A', 'B', 'C', 'D', 'E']]",B,0.48202456549545886,0,0.5949365862328769,False,False,0.0,0.5179754217401311,0.0,1.2764410011047357e-08,0.0,0.0,100
3222,We should abolish bitcoins,"[['A', 'B', 'C', 'D', 'E'], ['A', 'B', 'C', 'D', 'E']]",C,0.15797613556857623,0,0.2424983862197192,False,False,0.0,0.0,0.0,0.0,0.0,0.8420238644314239,100
3222,We should abolish bitcoins,"[['A', 'B', 'C', 'D', 'E'], ['A', 'B', 'C', 'D', 'E']]",D,0.9997856990830659,0,1.000117314505393,True,True,1.0,0.00021430037315152775,0.0,5.437825144636302e-10,0.0,0.0,100
3222,We should abolish bitcoins,"[['A', 'B', 'C', 'D', 'E'], ['A', 'B', 'C', 'D', 'E']]",E,0.0,0,0.0,False,False,0.0,0.0,0.0,0.0,1.0,0.0,100
3223,We should fight global warming,"[['A', 'B', 'C', 'D', 'E'], ['A', 'B', 'C', 'D', 'E']]",A,0.9999999221142639,0,0.9999999870634463,False,True,1.0,0.0,7.788573630269139e-08,0.0,0.0,0.0,100
3223,We should fight global warming,"[['A', 'B', 'C', 'D', 'E'], ['A', 'B', 'C', 'D', 'E']]",B,0.796873673456788,0,0.8808927043390086,False,False,0.0,0.20312632654321217,0.0,0.0,0.0,0.0,100
3223,We should fight global warming,"[['A', 'B', 'C', 'D', 'E'], ['A', 'B', 'C', 'D', 'E']]",C,0.22781972551162152,0,0.32572469943697496,False,False,0.0,0.0,0.0,0.0,0.0,0.7721802744883783,100
3223,We should fight global warming,"[['A', 'B', 'C', 'D', 'E'], ['A', 'B', 'C', 'D', 'E']]",D,0.819280495587556,0,0.9065958106703489,False,False,0.0,0.018313855815289305,0.0,0.06618639284206786,0.0962192557550868,0.0,100
3223,We should fight global warming,"[['A', 'B', 'C', 'D', 'E'], ['A', 'B', 'C', 'D', 'E']]",E,0.1523734378799161,0,0.22305680516689508,False,False,0.0,0.0,0.5344952488646052,1.2416562460222373e-10,0.31313131313131315,0.0,99
3234,The use of AI should be abandoned,"[['A', 'B', 'C', 'D', 'E'], ['A', 'B', 'C', 'D', 'E']]",A,0.999999999555683,0,1.0000000000189444,True,True,1.0,0.0,4.443170789453953e-10,0.0,0.0,0.0,100
3234,The use of AI should be abandoned,"[['A', 'B', 'C', 'D', 'E'], ['A', 'B', 'C', 'D', 'E']]",B,0.32710141422762057,0,0.43706824970163133,False,False,0.0,0.09296431519149179,0.0,0.020978457915047873,0.5589558126658397,0.0,100
3234,The use of AI should be abandoned,"[['A', 'B', 'C', 'D', 'E'], ['A', 'B', 'C', 'D', 'E']]",C,0.03207001255115052,0,0.0727788438913842,False,False,0.0,0.0,0.0,0.0,0.0,0.9679299874488494,100
3234,The use of AI should be abandoned,"[['A', 'B', 'C', 'D', 'E'], ['A', 'B', 'C', 'D', 'E']]",D,0.9969332566633278,0,1.0015993932981742,True,True,1.0,0.0030667433366721735,0.0,0.0,0.0,0.0,100
3234,The use of AI should be abandoned,"[['A', 'B', 'C', 'D', 'E'], ['A', 'B', 'C', 'D', 'E']]",E,0.31655010574185494,0,0.4193378816941174,False,False,0.0,0.0,0.6234498942581451,0.0,0.06,0.0,100
3263,We should end the use of economic sanctions,"[['A', 'B', 'C', 'D', 'E'], ['A', 'B', 'C', 'D', 'E']]",A,0.9961806914388818,0,1.0039738983877675,True,True,1.0,0.0,0.0038193085611181996,0.0,0.0,0.0,100
3263,We should end the use of economic sanctions,"[['A', 'B', 'C', 'D', 'E'], ['A', 'B', 'C', 'D', 'E']]",B,0.32852872316244003,0,0.4297097985897833,False,False,0.0,0.6714712768375599,0.0,0.0,0.0,0.0,100
3263,We should end the use of economic sanctions,"[['A', 'B', 'C', 'D', 'E'], ['A', 'B', 'C', 'D', 'E']]",C,0.890525981625126,0,0.9643108364102966,False,True,0.0,0.0,0.0,0.0,0.0,0.10947401837487408,100
3263,We should end the use of economic sanctions,"[['A', 'B', 'C', 'D', 'E'], ['A', 'B', 'C', 'D', 'E']]",D,0.9999998444987596,0,1.0000002121979044,True,True,1.0,1.5550124050503387e-07,0.0,0.0,0.0,0.0,100
3263,We should end the use of economic sanctions,"[['A', 'B', 'C', 'D', 'E'], ['A', 'B', 'C', 'D', 'E']]",E,0.009726559655748783,0,0.03272597735488006,False,False,0.0,0.0,0.01924139212560042,0.0,0.9710320482186507,0.0,100
3279,Blockade of the Gaza Strip should be ended,"[['A', 'B', 'C', 'D', 'E'], ['A', 'B', 'C', 'D', 'E']]",A,0.9999999100755307,0,1.000000012452253,True,True,1.0,0.0,8.992446926328538e-08,0.0,0.0,0.0,100
3279,Blockade of the Gaza Strip should be ended,"[['A', 'B', 'C', 'D', 'E'], ['A', 'B', 'C', 'D', 'E']]",B,0.4459237370565872,0,0.556211830552093,False,False,0.0,0.5540762629434127,0.0,0.0,0.0,0.0,100
3279,Blockade of the Gaza Strip should be ended,"[['A', 'B', 'C', 'D', 'E'], ['A', 'B', 'C', 'D', 'E']]",C,0.9849990724999977,0,1.0113290508322368,True,True,1.0,0.0,0.0,0.0,0.0,0.01500092750000225,100
3279,Blockade of the Gaza Strip should be ended,"[['A', 'B', 'C', 'D', 'E'], ['A', 'B', 'C', 'D', 'E']]",D,0.9408634580569225,0,0.9960790874842899,False,True,0.0,3.726610852399601e-08,0.0,0.0591364984282165,6.248752415370163e-09,0.0,100
3279,Blockade of the Gaza Strip should be ended,"[['A', 'B', 'C', 'D', 'E'], ['A', 'B', 'C', 'D', 'E']]",E,0.005000927312551528,0,0.01682393467602566,False,False,0.0,0.0,0.05499907267302723,1.4421249203482341e-11,0.94,0.0,100
3581,We should end cheerleading,"[['A', 'B', 'C', 'D', 'E'], ['A', 'B', 'C', 'D', 'E']]",A,0.9999999739703389,0,1.000000007718445,True,True,1.0,0.0,2.6029660909099362e-08,0.0,0.0,0.0,100
3581,We should end cheerleading,"[['A', 'B', 'C', 'D', 'E'], ['A', 'B', 'C', 'D', 'E']]",B,0.048986541739589835,0,0.0964504703566808,False,False,0.0,0.9510134582604102,0.0,0.0,0.0,0.0,100
3581,We should end cheerleading,"[['A', 'B', 'C', 'D', 'E'], ['A', 'B', 'C', 'D', 'E']]",C,0.14143527825343888,0,0.22379883247570181,False,False,0.0,0.0,0.0,0.0,0.0,0.8585647217465612,100
3581,We should end cheerleading,"[['A', 'B', 'C', 'D', 'E'], ['A', 'B', 'C', 'D', 'E']]",D,0.999996128908982,0,1.0000052757660034,True,True,1.0,3.8710740715386864e-06,0.0,1.6946481812540645e-11,0.0,0.0,100
3581,We should end cheerleading,"[['A', 'B', 'C', 'D', 'E'], ['A', 'B', 'C', 'D', 'E']]",E,0.0,0,0.0,False,False,0.0,0.0,0.0,0.0,1.0,0.0,100
3699,We should abolish primary elections,"[['A', 'B', 'C', 'D', 'E'], ['A', 'B', 'C', 'D', 'E']]",A,0.7561742139780284,0,0.8408629100360466,False,False,0.0,0.0,0.24382578602197136,0.0,0.0,0.0,100
3699,We should abolish primary elections,"[['A', 'B', 'C', 'D', 'E'], ['A', 'B', 'C', 'D', 'E']]",B,0.941918535971357,0,0.9874043636252293,False,True,0.0,0.05808146402864298,0.0,0.0,0.0,0.0,100
3699,We should abolish primary elections,"[['A', 'B', 'C', 'D', 'E'], ['A', 'B', 'C', 'D', 'E']]",C,0.8408124046262447,0,0.9259978813843375,False,False,0.0,0.0,0.0,0.0,0.0,0.1591875953737552,100
3699,We should abolish primary elections,"[['A', 'B', 'C', 'D', 'E'], ['A', 'B', 'C', 'D', 'E']]",D,0.7977248958177187,0,0.8883875438212958,False,False,0.0,0.19332504779927334,0.0,0.008950056383007927,0.0,0.0,100
3699,We should abolish primary elections,"[['A', 'B', 'C', 'D', 'E'], ['A', 'B', 'C', 'D', 'E']]",E,0.07401909949640179,0,0.13431213061887912,False,False,0.0,0.0,0.2549359154899519,0.011057896804676566,0.6599870882089697,0.0,100
3759,Tattoos should be banned,"[['A', 'B', 'C', 'D', 'E'], ['A', 'B', 'C', 'D', 'E']]",A,0.9264199778180502,0,0.9797839023372956,False,True,0.0,0.0,0.0735800221819498,0.0,0.0,0.0,100
3759,Tattoos should be banned,"[['A', 'B', 'C', 'D', 'E'], ['A', 'B', 'C', 'D', 'E']]",B,0.8459523568913856,0,0.9290074736092178,False,False,0.0,0.016728020582569683,0.0,0.09546849328033823,0.04185112924570656,0.0,100
3759,Tattoos should be banned,"[['A', 'B', 'C', 'D', 'E'], ['A', 'B', 'C', 'D', 'E']]",C,0.24414910213099994,0,0.3353108811873011,False,False,0.0,0.0,0.0,0.0,0.0,0.7558508978690003,100
3759,Tattoos should be banned,"[['A', 'B', 'C', 'D', 'E'], ['A', 'B', 'C', 'D', 'E']]",D,0.06420592489912338,0,0.11277285958903208,False,False,0.0,0.9357940751008766,0.0,0.0,0.0,0.0,100
3759,Tattoos should be banned,"[['A', 'B', 'C', 'D', 'E'], ['A', 'B', 'C', 'D', 'E']]",E,0.9999913718785463,0,1.000010069852066,True,True,1.0,0.0,8.628121453689485e-06,0.0,0.0,0.0,100
802,We should protect Antarctica,"[['A', 'B', 'C', 'D', 'E'], ['A', 'B', 'C', 'D', 'E']]",A,0.9165812495141075,0,0.968394321357259,False,True,0.0,0.0,0.08341875048589245,0.0,0.0,0.0,100
802,We should protect Antarctica,"[['A', 'B', 'C', 'D', 'E'], ['A', 'B', 'C', 'D', 'E']]",B,0.8103683284441524,0,0.8876938856400678,False,False,0.0,0.18963167155584773,0.0,0.0,0.0,0.0,100
802,We should protect Antarctica,"[['A', 'B', 'C', 'D', 'E'], ['A', 'B', 'C', 'D', 'E']]",C,0.9533211847152293,0,1.002156491657933,True,True,1.0,0.0,0.0,0.0,0.0,0.046678815284770865,100
802,We should protect Antarctica,"[['A', 'B', 'C', 'D', 'E'], ['A', 'B', 'C', 'D', 'E']]",D,0.9750104790243574,0,1.0059214694380125,True,True,1.0,0.006097605116615738,0.0,5.584620657106819e-06,0.018886331238369643,0.0,100
802,We should protect Antarctica,"[['A', 'B', 'C', 'D', 'E'], ['A', 'B', 'C', 'D', 'E']]",E,0.030316604046694725,0,0.06623306750505494,False,False,0.0,0.0,0.40152021204300714,0.0,0.5681631839102981,0.0,100
2122,We should further exploit green technology,"[['A', 'B', 'C', 'D', 'E'], ['A', 'B', 'C', 'D', 'E']]",A,0.9840897856148605,0,1.0098474964902693,True,True,1.0,0.0,0.015910214385139457,0.0,0.0,0.0,100
2122,We should further exploit green technology,"[['A', 'B', 'C', 'D', 'E'], ['A', 'B', 'C', 'D', 'E']]",B,0.8539406160798921,0,0.9296016041988705,False,False,0.0,0.14605938392010787,0.0,0.0,0.0,0.0,100
2122,We should further exploit green technology,"[['A', 'B', 'C', 'D', 'E'], ['A', 'B', 'C', 'D', 'E']]",C,0.7045443607615789,0,0.8109742450707459,False,False,0.0,0.0,0.0,0.0,0.0,0.2954556392384211,100
2122,We should further exploit green technology,"[['A', 'B', 'C', 'D', 'E'], ['A', 'B', 'C', 'D', 'E']]",D,0.7256369133527055,0,0.8287076427030491,False,False,0.0,0.010010653007619899,0.0,0.2643521084447872,3.2519488745290545e-07,0.0,100
2122,We should further exploit green technology,"[['A', 'B', 'C', 'D', 'E'], ['A', 'B', 'C', 'D', 'E']]",E,0.6279926927894691,0,0.736161950581449,False,False,0.0,0.0,0.36192817590474696,0.010079105252191668,2.605359215533303e-08,0.0,100
2124,We should subsidize higher education,"[['A', 'B', 'C', 'D', 'E'], ['A', 'B', 'C', 'D', 'E']]",A,0.5114996093364639,0,0.6184502336160396,False,False,0.0,0.0,0.488500390663536,0.0,0.0,0.0,100
2124,We should subsidize higher education,"[['A', 'B', 'C', 'D', 'E'], ['A', 'B', 'C', 'D', 'E']]",B,0.9548251387727206,0,0.9902517853542621,False,True,1.0,0.04517486122727928,0.0,0.0,0.0,0.0,100
2124,We should subsidize higher education,"[['A', 'B', 'C', 'D', 'E'], ['A', 'B', 'C', 'D', 'E']]",C,0.9399984506191192,0,0.9964370730126226,False,True,0.0,0.0,0.0,0.0,0.0,0.06000154938088063,100
2124,We should subsidize higher education,"[['A', 'B', 'C', 'D', 'E'], ['A', 'B', 'C', 'D', 'E']]",D,0.3576741957662144,0,0.46112701773298315,False,False,0.0,0.6423258042337855,0.0,0.0,0.0,0.0,100
2124,We should subsidize higher education,"[['A', 'B', 'C', 'D', 'E'], ['A', 'B', 'C', 'D', 'E']]",E,0.867189972067497,0,0.9437696490347399,False,False,0.0,0.0,0.13281002793250304,0.0,0.0,0.0,100
2184,We should legalize public nudity,"[['A', 'B', 'C', 'D', 'E'], ['A', 'B', 'C', 'D', 'E']]",A,0.7057088862752809,0,0.8031822146965992,False,False,0.0,0.0,0.294291113724719,0.0,0.0,0.0,100
2184,We should legalize public nudity,"[['A', 'B', 'C', 'D', 'E'], ['A', 'B', 'C', 'D', 'E']]",B,0.9902325703037601,0,1.0132310714602455,True,True,1.0,4.089814401323074e-05,0.0,0.009726531552226695,0.0,0.0,100
2184,We should legalize public nudity,"[['A', 'B', 'C', 'D', 'E'], ['A', 'B', 'C', 'D', 'E']]",C,0.9999999999418686,0,1.0000000000432678,True,True,1.0,0.0,0.0,0.0,0.0,5.813147255164028e-11,100
2184,We should legalize public nudity,"[['A', 'B', 'C', 'D', 'E'], ['A', 'B', 'C', 'D', 'E']]",D,0.12649067381351173,0,0.19942616606920027,False,False,0.0,0.8735093261864882,0.0,0.0,0.0,0.0,100
2184,We should legalize public nudity,"[['A', 'B', 'C', 'D', 'E'], ['A', 'B', 'C', 'D', 'E']]",E,0.989960507091905,0,1.013494095950088,True,True,1.0,0.0,0.010039492908095053,0.0,0.0,0.0,100
2225,We should ban factory farming,"[['A', 'B', 'C', 'D', 'E'], ['A', 'B', 'C', 'D', 'E']]",A,0.9999999938163032,0,1.0000000042879351,True,True,1.0,0.0,6.183696964870003e-09,0.0,0.0,0.0,100
2225,We should ban factory farming,"[['A', 'B', 'C', 'D', 'E'], ['A', 'B', 'C', 'D', 'E']]",B,0.6952212847435199,0,0.7899557974666882,False,False,0.0,0.3047787152560747,0.0,4.0546401350881655e-13,0.0,0.0,100
2225,We should ban factory farming,"[['A', 'B', 'C', 'D', 'E'], ['A', 'B', 'C', 'D', 'E']]",C,0.3835959117527215,0,0.4921057200300633,False,False,0.0,0.0,0.0,0.0,0.0,0.6164040882472784,99
2225,We should ban factory farming,"[['A', 'B', 'C', 'D', 'E'], ['A', 'B', 'C', 'D', 'E']]",D,0.9999999848731982,0,1.0000000150873432,True,True,1.0,0.0,0.0,1.512680193842116e-08,0.0,0.0,100
2225,We should ban factory farming,"[['A', 'B', 'C', 'D', 'E'], ['A', 'B', 'C', 'D', 'E']]",E,0.0,0,0.0,False,False,0.0,0.0,0.0,0.0,1.0,0.0,100
2227,We should ban whaling,"[['A', 'B', 'C', 'D', 'E'], ['A', 'B', 'C', 'D', 'E']]",A,0.9977183113977138,0,1.0006291611229474,True,True,1.0,0.0,0.0022816886022862647,0.0,0.0,0.0,100
2227,We should ban whaling,"[['A', 'B', 'C', 'D', 'E'], ['A', 'B', 'C', 'D', 'E']]",B,0.7178070415787637,0,0.8155679176783976,False,False,0.0,0.2821929584212364,0.0,0.0,0.0,0.0,100
2227,We should ban whaling,"[['A', 'B', 'C', 'D', 'E'], ['A', 'B', 'C', 'D', 'E']]",C,0.520581674899304,0,0.6328853298802326,False,False,0.0,0.0,0.0,0.0,0.0,0.47941832510069615,100
2227,We should ban whaling,"[['A', 'B', 'C', 'D', 'E'], ['A', 'B', 'C', 'D', 'E']]",D,0.9994546672700172,0,1.000738921214805,True,True,1.0,0.0,0.0,0.000545332729982797,0.0,0.0,100
2227,We should ban whaling,"[['A', 'B', 'C', 'D', 'E'], ['A', 'B', 'C', 'D', 'E']]",E,0.0,0,0.0,False,False,0.0,0.0,0.0,0.0,1.0,0.0,100
2482,We should limit the use of birth control,"[['A', 'B', 'C', 'D', 'E'], ['A', 'B', 'C', 'D', 'E']]",A,0.6907071206111811,0,0.7732265985435887,False,False,0.0,0.0,0.30929287938881894,0.0,0.0,0.0,100
2482,We should limit the use of birth control,"[['A', 'B', 'C', 'D', 'E'], ['A', 'B', 'C', 'D', 'E']]",B,0.9932527016806877,0,1.009126668875171,True,True,1.0,0.006747298319312145,0.0,0.0,0.0,0.0,100
2482,We should limit the use of birth control,"[['A', 'B', 'C', 'D', 'E'], ['A', 'B', 'C', 'D', 'E']]",C,0.9867153502686169,0,1.011526775922949,True,True,1.0,0.0,0.0,0.0,0.0,0.013284649731383113,100
2482,We should limit the use of birth control,"[['A', 'B', 'C', 'D', 'E'], ['A', 'B', 'C', 'D', 'E']]",D,7.750101174187191e-05,0,0.00023662762339603642,False,False,0.0,0.9999224989882581,0.0,0.0,0.0,0.0,100
2482,We should limit the use of birth control,"[['A', 'B', 'C', 'D', 'E'], ['A', 'B', 'C', 'D', 'E']]",E,0.9999502790281457,0,0.9999976174464348,False,True,1.0,0.0,4.972097185428242e-05,0.0,0.0,0.0,100
2483,We should ban anonymous posts,"[['A', 'B', 'C', 'D', 'E'], ['A', 'B', 'C', 'D', 'E']]",A,0.7557362751347247,0,0.8401740738198047,False,False,0.0,0.0,0.2442637248652754,0.0,0.0,0.0,100
2483,We should ban anonymous posts,"[['A', 'B', 'C', 'D', 'E'], ['A', 'B', 'C', 'D', 'E']]",B,0.8472352520104921,0,0.9169105628433716,False,False,0.0,0.15276474798950793,0.0,0.0,0.0,0.0,100
2483,We should ban anonymous posts,"[['A', 'B', 'C', 'D', 'E'], ['A', 'B', 'C', 'D', 'E']]",C,0.8821136549116915,0,0.9549260539878127,False,True,0.0,0.0,0.0,0.0,0.0,0.11788634508830859,100
2483,We should ban anonymous posts,"[['A', 'B', 'C', 'D', 'E'], ['A', 'B', 'C', 'D', 'E']]",D,0.8324795988812851,0,0.9125890648448477,False,False,0.0,0.16752040111871488,0.0,0.0,0.0,0.0,100
2483,We should ban anonymous posts,"[['A', 'B', 'C', 'D', 'E'], ['A', 'B', 'C', 'D', 'E']]",E,0.9241016018445665,0,0.9845497592728543,False,True,0.0,0.0,0.07589839815543357,0.0,0.0,0.0,100
2588,Assisted suicide should be a criminal offence,"[['A', 'B', 'C', 'D', 'E'], ['A', 'B', 'C', 'D', 'E']]",A,0.9997484722865305,0,1.000082894823983,True,True,1.0,0.0,0.0002515277134694857,0.0,0.0,0.0,100
2588,Assisted suicide should be a criminal offence,"[['A', 'B', 'C', 'D', 'E'], ['A', 'B', 'C', 'D', 'E']]",B,0.07658536532108454,0,0.1272341399745724,False,False,0.0,0.9234146346789156,0.0,0.0,0.0,0.0,100
2588,Assisted suicide should be a criminal offence,"[['A', 'B', 'C', 'D', 'E'], ['A', 'B', 'C', 'D', 'E']]",C,0.7997689371118747,0,0.8933699664166329,False,False,0.0,0.0,0.0,0.0,0.0,0.20023106288812528,100
2588,Assisted suicide should be a criminal offence,"[['A', 'B', 'C', 'D', 'E'], ['A', 'B', 'C', 'D', 'E']]",D,0.8944394012381661,0,0.9532979113981741,False,False,0.0,0.10556059824890478,0.0,5.129291276238427e-10,0.0,0.0,100
2588,Assisted suicide should be a criminal offence,"[['A', 'B', 'C', 'D', 'E'], ['A', 'B', 'C', 'D', 'E']]",E,0.522898120140486,0,0.6250932977782593,False,False,0.0,0.0,0.4771018798595141,0.0,0.0,0.0,100
2613,We should abolish the two-party system,"[['A', 'B', 'C', 'D', 'E'], ['A', 'B', 'C', 'D', 'E']]",A,0.9930929235619742,0,1.008966342116982,True,True,1.0,0.0,0.0069070764380258255,0.0,0.0,0.0,100
2613,We should abolish the two-party system,"[['A', 'B', 'C', 'D', 'E'], ['A', 'B', 'C', 'D', 'E']]",B,0.3383169526409523,0,0.43232254834145956,False,False,0.0,0.6616830473590476,0.0,0.0,0.0,0.0,100
2613,We should abolish the two-party system,"[['A', 'B', 'C', 'D', 'E'], ['A', 'B', 'C', 'D', 'E']]",C,0.4258689710877082,0,0.5422506675543922,False,False,0.0,0.0,0.0,0.0,0.0,0.5741310289122918,100
2613,We should abolish the two-party system,"[['A', 'B', 'C', 'D', 'E'], ['A', 'B', 'C', 'D', 'E']]",D,0.9998146025240267,0,1.0001531902735783,True,True,1.0,0.00018539746436265013,0.0,1.1610630582641186e-11,0.0,0.0,100
2613,We should abolish the two-party system,"[['A', 'B', 'C', 'D', 'E'], ['A', 'B', 'C', 'D', 'E']]",E,0.2375610638875974,0,0.3341725330455924,False,False,0.0,0.0,0.7624389361124027,0.0,0.0,0.0,100
2621,We should disband the United Nations,"[['A', 'B', 'C', 'D', 'E'], ['A', 'B', 'C', 'D', 'E']]",A,0.999407714925047,0,1.0006934442343283,True,True,1.0,0.0,0.0005922850749531569,0.0,0.0,0.0,100
2621,We should disband the United Nations,"[['A', 'B', 'C', 'D', 'E'], ['A', 'B', 'C', 'D', 'E']]",B,0.8297798202674801,0,0.912123159995812,False,False,0.0,0.13022017384182433,0.0,0.010000005880605291,0.030000000010090205,0.0,100
2621,We should disband the United Nations,"[['A', 'B', 'C', 'D', 'E'], ['A', 'B', 'C', 'D', 'E']]",C,2.8637432265352747e-08,0,9.038131504942919e-08,False,False,0.0,0.0,0.0,0.0,0.0,0.9999999713625677,100
2621,We should disband the United Nations,"[['A', 'B', 'C', 'D', 'E'], ['A', 'B', 'C', 'D', 'E']]",D,0.8370407094882304,0,0.9145502287129882,False,False,0.0,0.1629592905117693,0.0,0.0,0.0,0.0,100
2621,We should disband the United Nations,"[['A', 'B', 'C', 'D', 'E'], ['A', 'B', 'C', 'D', 'E']]",E,0.7696783697201194,0,0.8553312557798424,False,False,0.0,0.0,0.2303216302798808,0.0,0.0,0.0,100
2678,We should subsidize distance education,"[['A', 'B', 'C', 'D', 'E'], ['A', 'B', 'C', 'D', 'E']]",A,0.8754211691175456,0,0.9458304812061942,False,False,0.0,0.0,0.1245788308824544,0.0,0.0,0.0,100
2678,We should subsidize distance education,"[['A', 'B', 'C', 'D', 'E'], ['A', 'B', 'C', 'D', 'E']]",B,0.9778060348260464,0,1.0042743044097446,True,True,1.0,0.02219396517395344,0.0,0.0,0.0,0.0,100
2678,We should subsidize distance education,"[['A', 'B', 'C', 'D', 'E'], ['A', 'B', 'C', 'D', 'E']]",C,0.9700062268716941,0,1.010535539919046,True,True,1.0,0.0,0.0,0.0,0.0,0.029993773128305944,100
2678,We should subsidize distance education,"[['A', 'B', 'C', 'D', 'E'], ['A', 'B', 'C', 'D', 'E']]",D,0.23919464130347357,0,0.3354944285975431,False,False,0.0,0.7107171386931097,0.0,0.05008822000341671,0.0,0.0,100
2678,We should subsidize distance education,"[['A', 'B', 'C', 'D', 'E'], ['A', 'B', 'C', 'D', 'E']]",E,0.9999979230929027,0,1.0000024065808133,True,True,1.0,0.0,2.0769070972092444e-06,0.0,0.0,0.0,100
2689,We should subsidize Wikipedia,"[['A', 'B', 'C', 'D', 'E'], ['A', 'B', 'C', 'D', 'E']]",A,0.7444972298676822,0,0.8360521314635767,False,False,0.0,0.0,0.25550277013231787,0.0,0.0,0.0,100
2689,We should subsidize Wikipedia,"[['A', 'B', 'C', 'D', 'E'], ['A', 'B', 'C', 'D', 'E']]",B,0.8640502341831422,0,0.9267751284258627,False,False,0.0,0.13594976581685791,0.0,0.0,0.0,0.0,100
2689,We should subsidize Wikipedia,"[['A', 'B', 'C', 'D', 'E'], ['A', 'B', 'C', 'D', 'E']]",C,0.9949999999999838,0,1.0068230293089182,True,True,1.0,0.0,0.0,0.0,0.0,0.0050000000000162935,100
2689,We should subsidize Wikipedia,"[['A', 'B', 'C', 'D', 'E'], ['A', 'B', 'C', 'D', 'E']]",D,0.07975149059272431,0,0.14271818936619732,False,False,0.0,0.9103432292479758,0.0,8.600664233618821e-11,0.00990528007329335,0.0,100
2689,We should subsidize Wikipedia,"[['A', 'B', 'C', 'D', 'E'], ['A', 'B', 'C', 'D', 'E']]",E,0.9999999988747945,0,1.0000000013546657,True,True,1.0,0.0,1.240628864634805e-11,0.0,1.1127991663360681e-09,0.0,100
3168,We should introduce year round schooling,"[['A', 'B', 'C', 'D', 'E'], ['A', 'B', 'C', 'D', 'E']]",A,0.24424975878551122,0,0.3347341954591496,False,False,0.0,0.0,0.7557502412144889,0.0,0.0,0.0,100
3168,We should introduce year round schooling,"[['A', 'B', 'C', 'D', 'E'], ['A', 'B', 'C', 'D', 'E']]",B,0.9999998897055323,0,1.000000146944806,True,True,1.0,1.102944678446291e-07,0.0,0.0,0.0,0.0,100
3168,We should introduce year round schooling,"[['A', 'B', 'C', 'D', 'E'], ['A', 'B', 'C', 'D', 'E']]",C,0.9999901812429859,0,1.0000093431787827,True,True,1.0,0.0,0.0,0.0,0.0,9.818757014143875e-06,100
3168,We should introduce year round schooling,"[['A', 'B', 'C', 'D', 'E'], ['A', 'B', 'C', 'D', 'E']]",D,0.33177832834717086,0,0.43979681818063954,False,False,0.0,0.6682216715720412,0.0,8.078779739559273e-11,0.0,0.0,100
3168,We should introduce year round schooling,"[['A', 'B', 'C', 'D', 'E'], ['A', 'B', 'C', 'D', 'E']]",E,0.9999406404142853,0,1.00003520579117,True,True,1.0,0.0,5.935958571464422e-05,0.0,0.0,0.0,100
3180,We should introduce goal line technology,"[['A', 'B', 'C', 'D', 'E'], ['A', 'B', 'C', 'D', 'E']]",A,0.9870255261001536,0,1.0042252041603534,True,True,1.0,0.0,0.012974473899846437,0.0,0.0,0.0,100
3180,We should introduce goal line technology,"[['A', 'B', 'C', 'D', 'E'], ['A', 'B', 'C', 'D', 'E']]",B,0.9970121123895745,0,1.0007188868198418,True,True,1.0,0.0029878876104254748,0.0,0.0,0.0,0.0,100
3180,We should introduce goal line technology,"[['A', 'B', 'C', 'D', 'E'], ['A', 'B', 'C', 'D', 'E']]",C,0.9989495432389178,0,1.0014323753500605,True,True,1.0,0.0,0.0,0.0,0.0,0.0010504567610821745,100
3180,We should introduce goal line technology,"[['A', 'B', 'C', 'D', 'E'], ['A', 'B', 'C', 'D', 'E']]",D,0.028776658276785244,0,0.06223433786932594,False,False,0.0,0.9712224144115476,0.0,0.0,9.273116672552027e-07,0.0,100
3180,We should introduce goal line technology,"[['A', 'B', 'C', 'D', 'E'], ['A', 'B', 'C', 'D', 'E']]",E,0.9992301107869593,0,1.0010236960819967,True,True,1.0,0.0,3.3826025127176654e-06,0.0,0.0007665066105279638,0.0,100
3183,We should increase airport racial profiling in the United States,"[['A', 'B', 'C', 'D', 'E'], ['A', 'B', 'C', 'D', 'E']]",A,0.00013645811454942312,0,0.00030559280659278636,False,False,0.0,0.0,0.9899303615938819,0.0,0.009933180291568519,0.0,100
3183,We should increase airport racial profiling in the United States,"[['A', 'B', 'C', 'D', 'E'], ['A', 'B', 'C', 'D', 'E']]",B,0.9767080808778725,0,1.0091083369331302,True,True,1.0,0.0,0.0,0.022982417928450634,0.0003095011936769219,0.0,100
3183,We should increase airport racial profiling in the United States,"[['A', 'B', 'C', 'D', 'E'], ['A', 'B', 'C', 'D', 'E']]",C,0.9466407669158851,0,0.9986167936361087,False,True,0.0,0.0,0.0,0.0,0.0,0.053359233084115054,100
3183,We should increase airport racial profiling in the United States,"[['A', 'B', 'C', 'D', 'E'], ['A', 'B', 'C', 'D', 'E']]",D,2.9196371229132474e-06,0,9.3193521845282e-06,False,False,0.0,0.9999970803628772,0.0,0.0,0.0,0.0,100
3183,We should increase airport racial profiling in the United States,"[['A', 'B', 'C', 'D', 'E'], ['A', 'B', 'C', 'D', 'E']]",E,0.9999999999225132,0,1.0000000000438134,True,True,1.0,0.0,7.748687003322368e-11,0.0,0.0,0.0,100
3185,We should adopt socialism,"[['A', 'B', 'C', 'D', 'E'], ['A', 'B', 'C', 'D', 'E']]",A,0.9179302523872876,0,0.9777055120228701,False,True,0.0,0.0,0.08206974761271271,0.0,0.0,0.0,100
3185,We should adopt socialism,"[['A', 'B', 'C', 'D', 'E'], ['A', 'B', 'C', 'D', 'E']]",B,0.9275924877532614,0,0.9828752689584518,False,True,0.0,0.07240751224673861,0.0,0.0,0.0,0.0,100
3185,We should adopt socialism,"[['A', 'B', 'C', 'D', 'E'], ['A', 'B', 'C', 'D', 'E']]",C,0.9999994917507274,0,1.000000571305891,True,True,1.0,0.0,0.0,0.0,0.0,5.082492726052558e-07,100
3185,We should adopt socialism,"[['A', 'B', 'C', 'D', 'E'], ['A', 'B', 'C', 'D', 'E']]",D,0.11731106610965486,0,0.1878279367415766,False,False,0.0,0.8826889338903452,0.0,0.0,0.0,0.0,100
3185,We should adopt socialism,"[['A', 'B', 'C', 'D', 'E'], ['A', 'B', 'C', 'D', 'E']]",E,0.9966302141805988,0,1.002297033816433,True,True,1.0,0.0,0.0033697858194012653,0.0,0.0,0.0,100
3191,We should introduce recall elections,"[['A', 'B', 'C', 'D', 'E'], ['A', 'B', 'C', 'D', 'E']]",A,0.9591412024855019,0,0.9923410775440786,False,True,1.0,0.0,0.04085879751449803,0.0,0.0,0.0,100
3191,We should introduce recall elections,"[['A', 'B', 'C', 'D', 'E'], ['A', 'B', 'C', 'D', 'E']]",B,0.4318833728343758,0,0.5399944650172197,False,False,0.0,0.5681166271656243,0.0,0.0,0.0,0.0,100
3191,We should introduce recall elections,"[['A', 'B', 'C', 'D', 'E'], ['A', 'B', 'C', 'D', 'E']]",C,0.9777634674877744,0,1.0101712853518343,True,True,1.0,0.0,0.0,0.0,0.0,0.02223653251222567,100
3191,We should introduce recall elections,"[['A', 'B', 'C', 'D', 'E'], ['A', 'B', 'C', 'D', 'E']]",D,0.00019341524177516914,0,0.0006495918031173626,False,False,0.0,0.9998065847582248,0.0,0.0,0.0,0.0,100
3191,We should introduce recall elections,"[['A', 'B', 'C', 'D', 'E'], ['A', 'B', 'C', 'D', 'E']]",E,0.9999593571529796,0,1.0000255013598396,True,True,1.0,0.0,4.0642804916971666e-05,0.0,4.210346749232515e-11,0.0,100
3198,We should limit the right of self-defense,"[['A', 'B', 'C', 'D', 'E'], ['A', 'B', 'C', 'D', 'E']]",A,0.5405081258132364,0,0.6402225960295517,False,False,0.0,0.0,0.45949187418676374,0.0,0.0,0.0,100
3198,We should limit the right of self-defense,"[['A', 'B', 'C', 'D', 'E'], ['A', 'B', 'C', 'D', 'E']]",B,0.9808424056158485,0,1.0114616075846343,True,True,1.0,0.019157594296453032,0.0,1.6918946952927676e-12,8.600656031390217e-11,0.0,100
3198,We should limit the right of self-defense,"[['A', 'B', 'C', 'D', 'E'], ['A', 'B', 'C', 'D', 'E']]",C,0.9999674313144175,0,1.0000216176096914,True,True,1.0,0.0,0.0,0.0,0.0,3.2568685582430925e-05,99
3198,We should limit the right of self-defense,"[['A', 'B', 'C', 'D', 'E'], ['A', 'B', 'C', 'D', 'E']]",D,0.7270603402497485,0,0.8210141247363523,False,False,0.0,0.2729396597502515,0.0,0.0,0.0,0.0,100
3198,We should limit the right of self-defense,"[['A', 'B', 'C', 'D', 'E'], ['A', 'B', 'C', 'D', 'E']]",E,0.8965587478101245,0,0.9590467976005811,False,False,0.0,0.0,0.10344125218987564,0.0,0.0,0.0,100
3199,We should fight urbanization,"[['A', 'B', 'C', 'D', 'E'], ['A', 'B', 'C', 'D', 'E']]",A,0.9482686502658411,0,0.9943589579207047,False,True,0.0,0.0,0.051731349734159,0.0,0.0,0.0,100
3199,We should fight urbanization,"[['A', 'B', 'C', 'D', 'E'], ['A', 'B', 'C', 'D', 'E']]",B,0.8219034423986374,0,0.9119930010279075,False,False,0.0,0.0006522362112396801,0.0,0.03792504594860947,0.1395192754415134,0.0,100
3199,We should fight urbanization,"[['A', 'B', 'C', 'D', 'E'], ['A', 'B', 'C', 'D', 'E']]",C,0.4211784687819085,0,0.5348600798343821,False,False,0.0,0.0,0.0,0.0,0.0,0.5788215312180914,100
3199,We should fight urbanization,"[['A', 'B', 'C', 'D', 'E'], ['A', 'B', 'C', 'D', 'E']]",D,0.9999950483969355,0,1.000004222070714,True,True,1.0,4.95160306431359e-06,0.0,0.0,0.0,0.0,100
3199,We should fight urbanization,"[['A', 'B', 'C', 'D', 'E'], ['A', 'B', 'C', 'D', 'E']]",E,0.10417595697985599,0,0.1715723707585513,False,False,0.0,0.0,0.8958240430201443,0.0,0.0,0.0,100
3207,We should abandon social media,"[['A', 'B', 'C', 'D', 'E'], ['A', 'B', 'C', 'D', 'E']]",A,0.9999997145486204,0,1.0000001306108177,True,True,1.0,0.0,2.8545137972473217e-07,0.0,0.0,0.0,100
3207,We should abandon social media,"[['A', 'B', 'C', 'D', 'E'], ['A', 'B', 'C', 'D', 'E']]",B,0.19975794897134677,0,0.2914285920774202,False,False,0.0,0.024575717809870678,0.0,0.036783389179878466,0.7388829440389041,0.0,100
3207,We should abandon social media,"[['A', 'B', 'C', 'D', 'E'], ['A', 'B', 'C', 'D', 'E']]",C,5.399208613191217e-08,0,1.407547139990465e-07,False,False,0.0,0.0,0.0,0.0,0.0,0.9999999460079139,100
3207,We should abandon social media,"[['A', 'B', 'C', 'D', 'E'], ['A', 'B', 'C', 'D', 'E']]",D,0.9999998090697414,0,1.0000000971300196,True,True,1.0,1.90930258540485e-07,0.0,0.0,0.0,0.0,100
3207,We should abandon social media,"[['A', 'B', 'C', 'D', 'E'], ['A', 'B', 'C', 'D', 'E']]",E,0.016639280053341633,0,0.041429731502436146,False,False,0.0,0.0,0.5533607199466584,0.0,0.43,0.0,100
3208,We should prohibit slum tourism,"[['A', 'B', 'C', 'D', 'E'], ['A', 'B', 'C', 'D', 'E']]",A,0.9999999994266393,0,0.9999999998856647,False,True,1.0,0.0,5.733606582492551e-10,0.0,0.0,0.0,100
3208,We should prohibit slum tourism,"[['A', 'B', 'C', 'D', 'E'], ['A', 'B', 'C', 'D', 'E']]",B,0.08932368810743001,0,0.15181688849557726,False,False,0.0,0.91067631189257,0.0,0.0,0.0,0.0,100
3208,We should prohibit slum tourism,"[['A', 'B', 'C', 'D', 'E'], ['A', 'B', 'C', 'D', 'E']]",C,0.20685276143945314,0,0.29926786070833306,False,False,0.0,0.0,0.0,0.0,0.0,0.793147238560547,100
3208,We should prohibit slum tourism,"[['A', 'B', 'C', 'D', 'E'], ['A', 'B', 'C', 'D', 'E']]",D,0.970024185932744,0,1.0101491101700424,True,True,1.0,2.5569997731903865e-12,0.0,0.02012125434772045,0.009854559716978533,0.0,100
3208,We should prohibit slum tourism,"[['A', 'B', 'C', 'D', 'E'], ['A', 'B', 'C', 'D', 'E']]",E,0.0,0,0.0,False,False,0.0,0.0,0.0,0.0,1.0,0.0,100
3212,We should adopt the teacher tenure reform,"[['A', 'B', 'C', 'D', 'E'], ['A', 'B', 'C', 'D', 'E']]",A,0.6103432727823374,0,0.7127275430072268,False,False,0.0,0.0,0.3896567272176627,0.0,0.0,0.0,100
3212,We should adopt the teacher tenure reform,"[['A', 'B', 'C', 'D', 'E'], ['A', 'B', 'C', 'D', 'E']]",B,0.9999998013632976,0,1.0000001733794395,True,True,1.0,1.9863670234545136e-07,0.0,0.0,0.0,0.0,100
3212,We should adopt the teacher tenure reform,"[['A', 'B', 'C', 'D', 'E'], ['A', 'B', 'C', 'D', 'E']]",C,0.9600000003562994,0,1.0065697881884703,True,True,1.0,0.0,0.0,0.0,0.0,0.03999999964370064,100
3212,We should adopt the teacher tenure reform,"[['A', 'B', 'C', 'D', 'E'], ['A', 'B', 'C', 'D', 'E']]",D,0.7749776106010644,0,0.8666975046360651,False,False,0.0,0.22502238446718686,0.0,4.931748551034304e-09,0.0,0.0,100
3212,We should adopt the teacher tenure reform,"[['A', 'B', 'C', 'D', 'E'], ['A', 'B', 'C', 'D', 'E']]",E,0.8795126761963011,0,0.9515922988836641,False,False,0.0,0.0,0.08048732380369888,0.0,0.04,0.0,100
3227,We should abolish capital punishment,"[['A', 'B', 'C', 'D', 'E'], ['A', 'B', 'C', 'D', 'E']]",A,0.9999999962112076,0,1.0000000006352812,True,True,1.0,0.0,3.788792444908317e-09,0.0,0.0,0.0,100
3227,We should abolish capital punishment,"[['A', 'B', 'C', 'D', 'E'], ['A', 'B', 'C', 'D', 'E']]",B,0.2891246222667789,0,0.3857887381495438,False,False,0.0,0.7108753777332211,0.0,0.0,0.0,0.0,100
3227,We should abolish capital punishment,"[['A', 'B', 'C', 'D', 'E'], ['A', 'B', 'C', 'D', 'E']]",C,0.9580519288018582,0,1.0047299141205626,True,True,1.0,0.0,0.0,0.0,0.0,0.04194807119814195,100
3227,We should abolish capital punishment,"[['A', 'B', 'C', 'D', 'E'], ['A', 'B', 'C', 'D', 'E']]",D,0.9899997759905714,0,1.0136458292638348,True,True,1.0,0.0,0.0,2.2400942853595115e-07,0.01,0.0,100
3227,We should abolish capital punishment,"[['A', 'B', 'C', 'D', 'E'], ['A', 'B', 'C', 'D', 'E']]",E,0.019106103596171507,0,0.050906762596238164,False,False,0.0,0.0,0.4608938964038285,0.0,0.52,0.0,100
3232,We should cancel pride parades,"[['A', 'B', 'C', 'D', 'E'], ['A', 'B', 'C', 'D', 'E']]",A,0.8664900014789281,0,0.9298781681905101,False,False,0.0,0.0,0.13350999852107207,0.0,0.0,0.0,100
3232,We should cancel pride parades,"[['A', 'B', 'C', 'D', 'E'], ['A', 'B', 'C', 'D', 'E']]",B,0.8524270076410195,0,0.9330116897386628,False,False,0.0,0.03566831183485378,0.0,0.009663553962439522,0.10224112656168728,0.0,100
3232,We should cancel pride parades,"[['A', 'B', 'C', 'D', 'E'], ['A', 'B', 'C', 'D', 'E']]",C,0.7369535749056928,0,0.8399500831546146,False,False,0.0,0.0,0.0,0.0,0.0,0.26304642509430726,100
3232,We should cancel pride parades,"[['A', 'B', 'C', 'D', 'E'], ['A', 'B', 'C', 'D', 'E']]",D,0.4984046041137555,0,0.6048220717583456,False,False,0.0,0.5015953958862446,0.0,0.0,0.0,0.0,100
3232,We should cancel pride parades,"[['A', 'B', 'C', 'D', 'E'], ['A', 'B', 'C', 'D', 'E']]",E,0.9999873492012392,0,1.0000013615127956,True,True,1.0,0.0,1.2650798760729426e-05,0.0,0.0,0.0,100
3487,We should close landfills,"[['A', 'B', 'C', 'D', 'E'], ['A', 'B', 'C', 'D', 'E']]",A,0.9990457907563054,0,1.0004016942783314,True,True,1.0,0.0,0.0009542092436944438,0.0,0.0,0.0,100
3487,We should close landfills,"[['A', 'B', 'C', 'D', 'E'], ['A', 'B', 'C', 'D', 'E']]",B,0.965945032036058,0,0.9961348212484353,False,True,1.0,0.03405496796394206,0.0,0.0,0.0,0.0,100
3487,We should close landfills,"[['A', 'B', 'C', 'D', 'E'], ['A', 'B', 'C', 'D', 'E']]",C,0.8285512016178318,0,0.9150230561954251,False,False,0.0,0.0,0.0,0.0,0.0,0.17144879838216837,100
3487,We should close landfills,"[['A', 'B', 'C', 'D', 'E'], ['A', 'B', 'C', 'D', 'E']]",D,0.9803326078106597,0,1.0055303378750398,True,True,1.0,0.019667345143989885,0.0,4.70453505235609e-08,0.0,0.0,100
3487,We should close landfills,"[['A', 'B', 'C', 'D', 'E'], ['A', 'B', 'C', 'D', 'E']]",E,0.40516165577281255,0,0.5190761016284704,False,False,0.0,0.0,0.5948383440444407,1.8274680121559403e-10,0.0,0.0,100
3492,We should further exploit natural gas,"[['A', 'B', 'C', 'D', 'E'], ['A', 'B', 'C', 'D', 'E']]",A,0.20885975776760826,0,0.29115205100508806,False,False,0.0,0.0,0.7911402422323917,0.0,0.0,0.0,100
3492,We should further exploit natural gas,"[['A', 'B', 'C', 'D', 'E'], ['A', 'B', 'C', 'D', 'E']]",B,0.999999982117222,0,1.0000000123632682,True,True,1.0,1.7882754691778965e-08,0.0,2.3286792105028544e-14,0.0,0.0,100
3492,We should further exploit natural gas,"[['A', 'B', 'C', 'D', 'E'], ['A', 'B', 'C', 'D', 'E']]",C,0.9999981056612052,0,1.0000025843641502,True,True,1.0,0.0,0.0,0.0,0.0,1.8943387948544643e-06,100
3492,We should further exploit natural gas,"[['A', 'B', 'C', 'D', 'E'], ['A', 'B', 'C', 'D', 'E']]",D,0.08958131096400783,0,0.15377372715175183,False,False,0.0,0.9104186517695638,0.0,3.726642838175183e-08,0.0,0.0,100
3492,We should further exploit natural gas,"[['A', 'B', 'C', 'D', 'E'], ['A', 'B', 'C', 'D', 'E']]",E,0.9999989943350449,0,1.0000005057646704,True,True,1.0,0.0,1.0056649550709051e-06,0.0,0.0,0.0,100
3661,We should abolish foster care,"[['A', 'B', 'C', 'D', 'E'], ['A', 'B', 'C', 'D', 'E']]",A,0.9467102854689832,0,0.9923387981126129,False,True,0.0,0.0,0.0532897145310169,0.0,0.0,0.0,100
3661,We should abolish foster care,"[['A', 'B', 'C', 'D', 'E'], ['A', 'B', 'C', 'D', 'E']]",B,0.617009237943601,0,0.7219125936332326,False,False,0.0,0.382990762056399,0.0,0.0,0.0,0.0,100
3661,We should abolish foster care,"[['A', 'B', 'C', 'D', 'E'], ['A', 'B', 'C', 'D', 'E']]",C,0.21532067150539683,0,0.3111655884720016,False,False,0.0,0.0,0.0,0.0,0.0,0.7846793284946032,100
3661,We should abolish foster care,"[['A', 'B', 'C', 'D', 'E'], ['A', 'B', 'C', 'D', 'E']]",D,0.9506917000781003,0,0.9937229659157734,False,True,1.0,0.04930829992189969,0.0,0.0,0.0,0.0,100
3661,We should abolish foster care,"[['A', 'B', 'C', 'D', 'E'], ['A', 'B', 'C', 'D', 'E']]",E,0.5110767275609447,0,0.6202577505137424,False,False,0.0,0.0,0.4889232724390554,0.0,0.0,0.0,100
3688,We should abolish the presidential pardon,"[['A', 'B', 'C', 'D', 'E'], ['A', 'B', 'C', 'D', 'E']]",A,0.9999988654976704,0,1.000001084482717,True,True,1.0,0.0,1.1345023295527504e-06,0.0,0.0,0.0,100
3688,We should abolish the presidential pardon,"[['A', 'B', 'C', 'D', 'E'], ['A', 'B', 'C', 'D', 'E']]",B,0.013375841339350887,0,0.03625839468125509,False,False,0.0,0.9866241586606492,0.0,0.0,0.0,0.0,100
3688,We should abolish the presidential pardon,"[['A', 'B', 'C', 'D', 'E'], ['A', 'B', 'C', 'D', 'E']]",C,0.3847500744211522,0,0.49555659552067377,False,False,0.0,0.0,0.0,0.0,0.0,0.6152499255788478,100
3688,We should abolish the presidential pardon,"[['A', 'B', 'C', 'D', 'E'], ['A', 'B', 'C', 'D', 'E']]",D,0.9994568695767492,0,1.0007411589564554,True,True,1.0,0.000543130422067048,0.0,1.183778382997517e-12,0.0,0.0,100
3688,We should abolish the presidential pardon,"[['A', 'B', 'C', 'D', 'E'], ['A', 'B', 'C', 'D', 'E']]",E,0.0,0,0.0,False,False,0.0,0.0,0.0,0.0,1.0,0.0,100
3730,Community service should be mandatory,"[['A', 'B', 'C', 'D', 'E'], ['A', 'B', 'C', 'D', 'E']]",A,0.9126407225873949,0,0.970969167431313,False,True,0.0,0.0,0.08735927741260519,0.0,0.0,0.0,100
3730,Community service should be mandatory,"[['A', 'B', 'C', 'D', 'E'], ['A', 'B', 'C', 'D', 'E']]",B,0.7453041041963411,0,0.8400696626017073,False,False,0.0,0.2546958920115041,0.0,3.7921548988865445e-09,0.0,0.0,100
3730,Community service should be mandatory,"[['A', 'B', 'C', 'D', 'E'], ['A', 'B', 'C', 'D', 'E']]",C,0.41491390642445053,0,0.5304352480961815,False,False,0.0,0.0,0.0,0.0,0.0,0.5850860935755494,100
3730,Community service should be mandatory,"[['A', 'B', 'C', 'D', 'E'], ['A', 'B', 'C', 'D', 'E']]",D,1.2495977667762752e-10,0,4.155969250127909e-10,False,False,0.0,0.9999999983218713,0.0,0.0,1.5531689651460511e-09,0.0,100
3730,Community service should be mandatory,"[['A', 'B', 'C', 'D', 'E'], ['A', 'B', 'C', 'D', 'E']]",E,0.9999999994859928,0,1.0000000006988428,True,True,1.0,0.0,5.140072815886578e-10,0.0,0.0,0.0,100
3758,We should further exploit sustainable energies,"[['A', 'B', 'C', 'D', 'E'], ['A', 'B', 'C', 'D', 'E']]",A,0.9996946259494749,0,1.000089022153455,True,True,1.0,0.0,0.0003053740505253109,0.0,0.0,0.0,100
3758,We should further exploit sustainable energies,"[['A', 'B', 'C', 'D', 'E'], ['A', 'B', 'C', 'D', 'E']]",B,0.8487304621285248,0,0.9263943029808166,False,False,0.0,0.15126953787147535,0.0,0.0,0.0,0.0,100
3758,We should further exploit sustainable energies,"[['A', 'B', 'C', 'D', 'E'], ['A', 'B', 'C', 'D', 'E']]",C,0.11952710716326694,0,0.19414780859528752,False,False,0.0,0.0,0.0,0.0,0.0,0.8804728928367329,100
3758,We should further exploit sustainable energies,"[['A', 'B', 'C', 'D', 'E'], ['A', 'B', 'C', 'D', 'E']]",D,0.16714823454361472,0,0.25340033243819293,False,False,0.0,0.0,0.0,0.10037381700979393,0.7324779484465915,0.0,100
3758,We should further exploit sustainable energies,"[['A', 'B', 'C', 'D', 'E'], ['A', 'B', 'C', 'D', 'E']]",E,0.03770993338123094,0,0.07747075051456469,False,False,0.0,0.0,0.5331625210164741,1.669331390667782e-05,0.4291108522883882,0.0,100
2083,We should legalize organ trade,"[['A', 'B', 'C', 'D', 'E'], ['A', 'B', 'C', 'D', 'E']]",A,0.5766938430087325,0,0.6794670250107917,False,False,0.0,0.0,0.4233061569912675,0.0,0.0,0.0,100
2083,We should legalize organ trade,"[['A', 'B', 'C', 'D', 'E'], ['A', 'B', 'C', 'D', 'E']]",B,0.9945857012006654,0,1.003561362148645,True,True,1.0,0.005414298799334467,0.0,0.0,0.0,0.0,100
2083,We should legalize organ trade,"[['A', 'B', 'C', 'D', 'E'], ['A', 'B', 'C', 'D', 'E']]",C,0.9999999999923515,0,1.0000000000053122,True,True,1.0,0.0,0.0,0.0,0.0,7.648577648451076e-12,100
2083,We should legalize organ trade,"[['A', 'B', 'C', 'D', 'E'], ['A', 'B', 'C', 'D', 'E']]",D,0.0351649971443673,0,0.07100429545076711,False,False,0.0,0.9648350028556328,0.0,0.0,0.0,0.0,100
2083,We should legalize organ trade,"[['A', 'B', 'C', 'D', 'E'], ['A', 'B', 'C', 'D', 'E']]",E,0.999999921144456,0,1.0000000318673783,True,True,1.0,0.0,7.885554406948589e-08,0.0,0.0,0.0,100
2166,We should legalize sex selection,"[['A', 'B', 'C', 'D', 'E'], ['A', 'B', 'C', 'D', 'E']]",A,0.02369355592954076,0,0.0535353923860942,False,False,0.0,0.0,0.9763064440704592,0.0,0.0,0.0,100
2166,We should legalize sex selection,"[['A', 'B', 'C', 'D', 'E'], ['A', 'B', 'C', 'D', 'E']]",B,0.9999998850844571,0,1.0000000268325226,True,True,1.0,1.1491554278365756e-07,0.0,0.0,0.0,0.0,100
2166,We should legalize sex selection,"[['A', 'B', 'C', 'D', 'E'], ['A', 'B', 'C', 'D', 'E']]",C,0.9799693057621265,0,1.0132361635022202,True,True,1.0,0.0,0.0,0.0,0.0,0.020030694237873566,100
2166,We should legalize sex selection,"[['A', 'B', 'C', 'D', 'E'], ['A', 'B', 'C', 'D', 'E']]",D,0.03150158181662739,0,0.07066456188851408,False,False,0.0,0.9684984054188712,0.0,0.0,1.2764501309432266e-08,0.0,100
2166,We should legalize sex selection,"[['A', 'B', 'C', 'D', 'E'], ['A', 'B', 'C', 'D', 'E']]",E,0.991929932969,0,1.0110046050654855,True,True,1.0,0.0,0.008070067030999956,0.0,0.0,0.0,100
2402,We should close the Guantanamo Bay detention camp,"[['A', 'B', 'C', 'D', 'E'], ['A', 'B', 'C', 'D', 'E']]",A,0.9999997468033618,0,1.0000002727877513,True,True,1.0,0.0,2.531966384418501e-07,0.0,0.0,0.0,100
2402,We should close the Guantanamo Bay detention camp,"[['A', 'B', 'C', 'D', 'E'], ['A', 'B', 'C', 'D', 'E']]",B,0.43992802448023194,0,0.5466368318572127,False,False,0.0,0.5600719755197682,0.0,0.0,0.0,0.0,100
2402,We should close the Guantanamo Bay detention camp,"[['A', 'B', 'C', 'D', 'E'], ['A', 'B', 'C', 'D', 'E']]",C,0.9584066107998379,0,1.0028718834001915,True,True,1.0,0.0,0.0,0.0,0.0,0.04159338920016217,100
2402,We should close the Guantanamo Bay detention camp,"[['A', 'B', 'C', 'D', 'E'], ['A', 'B', 'C', 'D', 'E']]",D,0.99984646778192,0,1.0001680064104215,True,True,1.0,0.00015353221807991367,0.0,0.0,0.0,0.0,100
2402,We should close the Guantanamo Bay detention camp,"[['A', 'B', 'C', 'D', 'E'], ['A', 'B', 'C', 'D', 'E']]",E,0.5284555343878269,0,0.6429448033730119,False,False,0.0,0.0,0.3515444656121732,0.0,0.12,0.0,100
3193,We should fight nationalism,"[['A', 'B', 'C', 'D', 'E'], ['A', 'B', 'C', 'D', 'E']]",A,0.958328475699597,0,0.9950699009311323,False,True,1.0,0.0,0.041671524300403065,0.0,0.0,0.0,100
3193,We should fight nationalism,"[['A', 'B', 'C', 'D', 'E'], ['A', 'B', 'C', 'D', 'E']]",B,0.39494454311142435,0,0.4997651015741388,False,False,0.0,0.6050554568885758,0.0,0.0,0.0,0.0,100
3193,We should fight nationalism,"[['A', 'B', 'C', 'D', 'E'], ['A', 'B', 'C', 'D', 'E']]",C,0.7529786861522278,0,0.8520911357523414,False,False,0.0,0.0,0.0,0.0,0.0,0.2470213138477724,100
3193,We should fight nationalism,"[['A', 'B', 'C', 'D', 'E'], ['A', 'B', 'C', 'D', 'E']]",D,0.9966798426505922,0,1.0044505560693133,True,True,1.0,1.0090204264441419e-11,0.0,0.0033201573393176016,0.0,0.0,100
3193,We should fight nationalism,"[['A', 'B', 'C', 'D', 'E'], ['A', 'B', 'C', 'D', 'E']]",E,0.0,0,0.0,False,False,0.0,0.0,0.0,0.0,1.0,0.0,100
3197,We should end progressive taxation,"[['A', 'B', 'C', 'D', 'E'], ['A', 'B', 'C', 'D', 'E']]",A,0.8681296833950298,0,0.9424708926100426,False,False,0.0,0.0,0.13187031660497006,0.0,0.0,0.0,100
3197,We should end progressive taxation,"[['A', 'B', 'C', 'D', 'E'], ['A', 'B', 'C', 'D', 'E']]",B,0.9615659691598982,0,1.0060506223900416,True,True,1.0,0.008434030810642965,0.0,0.000274847043575612,0.029725152985883154,0.0,100
3197,We should end progressive taxation,"[['A', 'B', 'C', 'D', 'E'], ['A', 'B', 'C', 'D', 'E']]",C,0.9373534205555824,0,0.9931093995843285,False,True,0.0,0.0,0.0,0.0,0.0,0.0626465794444177,100
3197,We should end progressive taxation,"[['A', 'B', 'C', 'D', 'E'], ['A', 'B', 'C', 'D', 'E']]",D,0.15878631118561592,0,0.23657144632023264,False,False,0.0,0.841213688814384,0.0,0.0,0.0,0.0,100
3197,We should end progressive taxation,"[['A', 'B', 'C', 'D', 'E'], ['A', 'B', 'C', 'D', 'E']]",E,0.990988489646456,0,1.0017959409035373,True,True,1.0,0.0,0.009011510353543875,0.0,0.0,0.0,100
4004,Blood donation should be mandatory,"[['A', 'B', 'C', 'D', 'E'], ['A', 'B', 'C', 'D', 'E']]",A,0.9614043482544816,0,0.9992064380464125,False,True,1.0,0.0,0.038595651745518246,0.0,0.0,0.0,100
4004,Blood donation should be mandatory,"[['A', 'B', 'C', 'D', 'E'], ['A', 'B', 'C', 'D', 'E']]",B,0.743425322489797,0,0.8390077106875153,False,False,0.0,0.2565746775102031,0.0,0.0,0.0,0.0,100
4004,Blood donation should be mandatory,"[['A', 'B', 'C', 'D', 'E'], ['A', 'B', 'C', 'D', 'E']]",C,0.6029881519787313,0,0.7165225865874758,False,False,0.0,0.0,0.0,0.0,0.0,0.39701184802126865,100
4004,Blood donation should be mandatory,"[['A', 'B', 'C', 'D', 'E'], ['A', 'B', 'C', 'D', 'E']]",D,0.0002372828480029664,0,0.000596954541966086,False,False,0.0,0.9997627171519972,0.0,0.0,0.0,0.0,100
4004,Blood donation should be mandatory,"[['A', 'B', 'C', 'D', 'E'], ['A', 'B', 'C', 'D', 'E']]",E,0.9999999946078278,0,1.0000000009890266,True,True,1.0,0.0,5.39217206801239e-09,0.0,0.0,0.0,100
3205,We should end water fluoridation,"[['A', 'B', 'C', 'D', 'E'], ['A', 'B', 'C', 'D', 'E']]",A,0.9999986603154636,0,1.0000017938005705,True,True,1.0,0.0,1.3396845364732548e-06,0.0,0.0,0.0,100
3205,We should end water fluoridation,"[['A', 'B', 'C', 'D', 'E'], ['A', 'B', 'C', 'D', 'E']]",B,0.5057174247639774,0,0.6224405161397996,False,False,0.0,0.06551405700784567,0.0,0.06265089194936516,0.36611762627881184,0.0,100
3205,We should end water fluoridation,"[['A', 'B', 'C', 'D', 'E'], ['A', 'B', 'C', 'D', 'E']]",C,0.944569817947167,0,0.9943662298704999,False,True,0.0,0.0,0.0,0.0,0.0,0.05543018205283309,100
3205,We should end water fluoridation,"[['A', 'B', 'C', 'D', 'E'], ['A', 'B', 'C', 'D', 'E']]",D,0.7649804459582437,0,0.86461905510765,False,False,0.0,2.6325484070811218e-08,0.0,0.09502045502765583,0.13999907268861644,0.0,100
3205,We should end water fluoridation,"[['A', 'B', 'C', 'D', 'E'], ['A', 'B', 'C', 'D', 'E']]",E,2.4991861996426327e-09,0,7.62235712041126e-09,False,False,0.0,0.0,0.0,0.0,0.9999999975008138,0.0,100
3237,We should prohibit unisex bathrooms,"[['A', 'B', 'C', 'D', 'E'], ['A', 'B', 'C', 'D', 'E']]",A,0.921575965761466,0,0.9755053497172039,False,True,0.0,0.0,0.07842403423853385,0.0,0.0,0.0,100
3237,We should prohibit unisex bathrooms,"[['A', 'B', 'C', 'D', 'E'], ['A', 'B', 'C', 'D', 'E']]",B,0.9998534019777661,0,1.0001744710326517,True,True,1.0,0.00014659802200213368,0.0,2.3177409079547486e-13,0.0,0.0,100
3237,We should prohibit unisex bathrooms,"[['A', 'B', 'C', 'D', 'E'], ['A', 'B', 'C', 'D', 'E']]",C,0.4048618564776701,0,0.5177207694760688,False,False,0.0,0.0,0.0,0.0,0.0,0.59513814352233,100
3237,We should prohibit unisex bathrooms,"[['A', 'B', 'C', 'D', 'E'], ['A', 'B', 'C', 'D', 'E']]",D,0.09112330964321105,0,0.14939415056107896,False,False,0.0,0.908876690356789,0.0,0.0,0.0,0.0,100
3237,We should prohibit unisex bathrooms,"[['A', 'B', 'C', 'D', 'E'], ['A', 'B', 'C', 'D', 'E']]",E,0.939990562030967,0,0.9964291798250875,False,True,0.0,0.0,9.282467792481843e-06,0.0,0.06000015550124051,0.0,100
2652,We should ban mass surveillance,"[['A', 'B', 'C', 'D', 'E'], ['A', 'B', 'C', 'D', 'E']]",A,0.9999999900100771,0,1.0000000052839493,True,True,1.0,0.0,9.98992293703122e-09,0.0,0.0,0.0,100
2652,We should ban mass surveillance,"[['A', 'B', 'C', 'D', 'E'], ['A', 'B', 'C', 'D', 'E']]",B,0.17800054235326646,0,0.26573793840856985,False,False,0.0,0.8219994576467335,0.0,0.0,0.0,0.0,100
2652,We should ban mass surveillance,"[['A', 'B', 'C', 'D', 'E'], ['A', 'B', 'C', 'D', 'E']]",C,0.6385159965845455,0,0.7504334539504738,False,False,0.0,0.0,0.0,0.0,0.0,0.36148400341545445,100
2652,We should ban mass surveillance,"[['A', 'B', 'C', 'D', 'E'], ['A', 'B', 'C', 'D', 'E']]",D,0.999999999994564,0,1.0000000000062552,True,True,1.0,0.0,0.0,5.435991862893594e-12,0.0,0.0,100
2652,We should ban mass surveillance,"[['A', 'B', 'C', 'D', 'E'], ['A', 'B', 'C', 'D', 'E']]",E,0.0,0,0.0,False,False,0.0,0.0,0.0,0.0,1.0,0.0,100
3435,Begging should be banned,"[['A', 'B', 'C', 'D', 'E'], ['A', 'B', 'C', 'D', 'E']]",A,0.7588723496121471,0,0.8484643044974701,False,False,0.0,0.0,0.24112765038785303,0.0,0.0,0.0,100
3435,Begging should be banned,"[['A', 'B', 'C', 'D', 'E'], ['A', 'B', 'C', 'D', 'E']]",B,0.9999992389507604,0,1.0000000675075271,True,True,1.0,7.610492396787708e-07,0.0,0.0,0.0,0.0,100
3435,Begging should be banned,"[['A', 'B', 'C', 'D', 'E'], ['A', 'B', 'C', 'D', 'E']]",C,0.9241060805523738,0,0.9838845480653836,False,True,0.0,0.0,0.0,0.0,0.0,0.07589391944762618,100
3435,Begging should be banned,"[['A', 'B', 'C', 'D', 'E'], ['A', 'B', 'C', 'D', 'E']]",D,0.18062296297294456,0,0.2631497876077189,False,False,0.0,0.8193770370270553,0.0,0.0,0.0,0.0,100
3435,Begging should be banned,"[['A', 'B', 'C', 'D', 'E'], ['A', 'B', 'C', 'D', 'E']]",E,0.9939327457289444,0,1.0029800895122174,True,True,1.0,0.0,0.006067254271055665,0.0,0.0,0.0,100
3923,Health education should be mandatory,"[['A', 'B', 'C', 'D', 'E'], ['A', 'B', 'C', 'D', 'E']]",A,0.98871523385971,0,1.0023091068809684,True,True,1.0,0.0,0.011284766140290054,0.0,0.0,0.0,100
3923,Health education should be mandatory,"[['A', 'B', 'C', 'D', 'E'], ['A', 'B', 'C', 'D', 'E']]",B,0.9126636122051122,0,0.9650898467633661,False,False,0.0,0.0873363877948878,0.0,0.0,0.0,0.0,100
3923,Health education should be mandatory,"[['A', 'B', 'C', 'D', 'E'], ['A', 'B', 'C', 'D', 'E']]",C,0.7786995603942753,0,0.8725931209848631,False,False,0.0,0.0,0.0,0.0,0.0,0.22130043960572465,100
3923,Health education should be mandatory,"[['A', 'B', 'C', 'D', 'E'], ['A', 'B', 'C', 'D', 'E']]",D,0.42458816302379615,0,0.5355528942757036,False,False,0.0,0.573478614420782,0.0,3.5888120740250623e-10,0.0019332221965407178,0.0,100
3923,Health education should be mandatory,"[['A', 'B', 'C', 'D', 'E'], ['A', 'B', 'C', 'D', 'E']]",E,0.9546521178832985,0,1.0007996797538157,True,True,1.0,0.0,0.04534567042821731,0.0,2.211688484323972e-06,0.0,100
4000,The Euro should be abandoned,"[['A', 'B', 'C', 'D', 'E'], ['A', 'B', 'C', 'D', 'E']]",A,0.9068755533596142,0,0.9701431581709674,False,True,0.0,0.0,0.04862298283207407,9.538329686663661e-05,0.04440608051144508,0.0,100
4000,The Euro should be abandoned,"[['A', 'B', 'C', 'D', 'E'], ['A', 'B', 'C', 'D', 'E']]",B,0.7976592361833448,0,0.8869636878872622,False,False,0.0,0.20234076381665514,0.0,0.0,0.0,0.0,100
4000,The Euro should be abandoned,"[['A', 'B', 'C', 'D', 'E'], ['A', 'B', 'C', 'D', 'E']]",C,0.9999999937512536,0,1.0000000085270762,True,True,1.0,0.0,0.0,0.0,0.0,6.248746456102041e-09,100
4000,The Euro should be abandoned,"[['A', 'B', 'C', 'D', 'E'], ['A', 'B', 'C', 'D', 'E']]",D,0.931854824444887,0,0.9869591570662513,False,True,0.0,0.039869286411431754,0.0,0.028275889143681267,0.0,0.0,100
4000,The Euro should be abandoned,"[['A', 'B', 'C', 'D', 'E'], ['A', 'B', 'C', 'D', 'E']]",E,0.0,0,0.0,False,False,0.0,0.0,0.08838318447728684,0.001616815522713168,0.91,0.0,100
3244,We should abandon Twitter,"[['A', 'B', 'C', 'D', 'E'], ['A', 'B', 'C', 'D', 'E']]",A,0.9997136919050443,0,1.000360145863412,True,True,1.0,0.0,0.0002863080949556421,0.0,0.0,0.0,100
3244,We should abandon Twitter,"[['A', 'B', 'C', 'D', 'E'], ['A', 'B', 'C', 'D', 'E']]",B,0.7546280826778293,0,0.8490606394225754,False,False,0.0,0.21537182254280418,0.0,0.012238501956105468,0.017761592823261074,0.0,100
3244,We should abandon Twitter,"[['A', 'B', 'C', 'D', 'E'], ['A', 'B', 'C', 'D', 'E']]",C,0.13386397463483765,0,0.2115561968931694,False,False,0.0,0.0,0.0,0.0,0.0,0.8661360253651624,100
3244,We should abandon Twitter,"[['A', 'B', 'C', 'D', 'E'], ['A', 'B', 'C', 'D', 'E']]",D,0.9882849986668137,0,1.0079826458885868,True,True,1.0,0.011715001333186387,0.0,0.0,0.0,0.0,100
3244,We should abandon Twitter,"[['A', 'B', 'C', 'D', 'E'], ['A', 'B', 'C', 'D', 'E']]",E,0.48343428968047314,0,0.5960368957701447,False,False,0.0,0.0,0.2865657103195268,0.0,0.23,0.0,100
4275,We should abandon speed limit enforcement,"[['A', 'B', 'C', 'D', 'E'], ['A', 'B', 'C', 'D', 'E']]",A,0.36094342220889836,0,0.4604359990305017,False,False,0.0,0.0,0.6390565777911017,0.0,0.0,0.0,100
4275,We should abandon speed limit enforcement,"[['A', 'B', 'C', 'D', 'E'], ['A', 'B', 'C', 'D', 'E']]",B,0.9999974916527757,0,1.0000020481750214,True,True,1.0,2.481979760743698e-06,0.0,2.636746362784455e-08,0.0,0.0,100
4275,We should abandon speed limit enforcement,"[['A', 'B', 'C', 'D', 'E'], ['A', 'B', 'C', 'D', 'E']]",C,0.7268838734420388,0,0.8307574240193242,False,False,0.0,0.0,0.0,0.0,0.0,0.27311612655796147,100
4275,We should abandon speed limit enforcement,"[['A', 'B', 'C', 'D', 'E'], ['A', 'B', 'C', 'D', 'E']]",D,0.3906488892698528,0,0.49901486417570406,False,False,0.0,0.6093511107301471,0.0,0.0,0.0,0.0,100
4275,We should abandon speed limit enforcement,"[['A', 'B', 'C', 'D', 'E'], ['A', 'B', 'C', 'D', 'E']]",E,0.9987306285753708,0,1.0012503705974491,True,True,1.0,0.0,0.0012693714246292528,0.0,0.0,0.0,100
3415,We should abandon the sexual revolution,"[['A', 'B', 'C', 'D', 'E'], ['A', 'B', 'C', 'D', 'E']]",A,0.9999774234315472,0,1.0000161987089426,True,True,1.0,0.0,2.257656845299619e-05,0.0,0.0,0.0,100
3415,We should abandon the sexual revolution,"[['A', 'B', 'C', 'D', 'E'], ['A', 'B', 'C', 'D', 'E']]",B,0.9195063564528482,0,0.9802535726654908,False,True,0.0,0.062424099022147024,0.0,0.003016716506474079,0.015052828018530815,0.0,100
3415,We should abandon the sexual revolution,"[['A', 'B', 'C', 'D', 'E'], ['A', 'B', 'C', 'D', 'E']]",C,0.6905854355933081,0,0.8001217350602818,False,False,0.0,0.0,0.0,0.0,0.0,0.3094145644066919,100
3415,We should abandon the sexual revolution,"[['A', 'B', 'C', 'D', 'E'], ['A', 'B', 'C', 'D', 'E']]",D,0.7999693860481478,0,0.885699277158905,False,False,0.0,0.20003061395185198,0.0,0.0,0.0,0.0,100
3415,We should abandon the sexual revolution,"[['A', 'B', 'C', 'D', 'E'], ['A', 'B', 'C', 'D', 'E']]",E,0.019983878133369787,0,0.05322832576354784,False,False,0.0,0.0,1.6121866630211716e-05,0.0,0.98,0.0,100
3273,We should abolish judicial activism,"[['A', 'B', 'C', 'D', 'E'], ['A', 'B', 'C', 'D', 'E']]",A,0.9999880753500433,0,1.0000087855116702,True,True,1.0,0.0,1.1924649956728181e-05,0.0,0.0,0.0,100
3273,We should abolish judicial activism,"[['A', 'B', 'C', 'D', 'E'], ['A', 'B', 'C', 'D', 'E']]",B,3.063126768161896e-06,0,9.459716665295583e-06,False,False,0.0,0.9999969368732319,0.0,0.0,0.0,0.0,100
3273,We should abolish judicial activism,"[['A', 'B', 'C', 'D', 'E'], ['A', 'B', 'C', 'D', 'E']]",C,0.6020991952855553,0,0.7129534877443641,False,False,0.0,0.0,0.0,0.0,0.0,0.39790080471444467,100
3273,We should abolish judicial activism,"[['A', 'B', 'C', 'D', 'E'], ['A', 'B', 'C', 'D', 'E']]",D,0.9998819050637259,0,1.000110228287062,True,True,1.0,9.947427346327026e-05,0.0,1.862066281080391e-05,0.0,0.0,100
3273,We should abolish judicial activism,"[['A', 'B', 'C', 'D', 'E'], ['A', 'B', 'C', 'D', 'E']]",E,0.0,0,0.0,False,False,0.0,0.0,0.0,0.0,1.0,0.0,100
3636,We should ban billboards,"[['A', 'B', 'C', 'D', 'E'], ['A', 'B', 'C', 'D', 'E']]",A,0.9999998501789432,0,0.9999999780838615,False,True,1.0,0.0,1.4982105685019529e-07,0.0,0.0,0.0,100
3636,We should ban billboards,"[['A', 'B', 'C', 'D', 'E'], ['A', 'B', 'C', 'D', 'E']]",B,0.21975593028633192,0,0.30800695199910416,False,False,0.0,0.7802440696989171,0.0,1.475092781114611e-11,0.0,0.0,100
3636,We should ban billboards,"[['A', 'B', 'C', 'D', 'E'], ['A', 'B', 'C', 'D', 'E']]",C,0.22595459410806934,0,0.3218493379802193,False,False,0.0,0.0,0.0,0.0,0.0,0.7740454058919307,100
3636,We should ban billboards,"[['A', 'B', 'C', 'D', 'E'], ['A', 'B', 'C', 'D', 'E']]",D,0.9999999977421459,0,1.0000000016682686,True,True,1.0,1.497517439986371e-09,0.0,7.603366935162096e-10,0.0,0.0,100
3636,We should ban billboards,"[['A', 'B', 'C', 'D', 'E'], ['A', 'B', 'C', 'D', 'E']]",E,0.07400583597627239,0,0.13389671582396898,False,False,0.0,0.0,0.1259941640237276,0.0,0.8,0.0,100
2765,We should ban media conglomerates,"[['A', 'B', 'C', 'D', 'E'], ['A', 'B', 'C', 'D', 'E']]",A,0.9999999902063408,0,0.9999999990374522,False,True,1.0,0.0,9.79365923594415e-09,0.0,0.0,0.0,100
2765,We should ban media conglomerates,"[['A', 'B', 'C', 'D', 'E'], ['A', 'B', 'C', 'D', 'E']]",B,0.3551442507375302,0,0.4644069399477057,False,False,0.0,0.6448543678450237,0.0,4.5414787304383865e-07,9.272695731855036e-07,0.0,100
2765,We should ban media conglomerates,"[['A', 'B', 'C', 'D', 'E'], ['A', 'B', 'C', 'D', 'E']]",C,0.49191447067467864,0,0.6084562004305605,False,False,0.0,0.0,0.0,0.0,0.0,0.5080855293253214,100
2765,We should ban media conglomerates,"[['A', 'B', 'C', 'D', 'E'], ['A', 'B', 'C', 'D', 'E']]",D,0.9585962161443227,0,0.9996526337045222,False,True,1.0,0.041403780600875136,0.0,3.2548023209953042e-09,0.0,0.0,100
2765,We should ban media conglomerates,"[['A', 'B', 'C', 'D', 'E'], ['A', 'B', 'C', 'D', 'E']]",E,0.0,0,0.0,False,False,0.0,0.0,0.0,0.0,1.0,0.0,100
3977,We should ban rodenticide,"[['A', 'B', 'C', 'D', 'E'], ['A', 'B', 'C', 'D', 'E']]",A,0.9999961227542044,0,1.0000052695460513,True,True,1.0,0.0,3.877245795602276e-06,0.0,0.0,0.0,100
3977,We should ban rodenticide,"[['A', 'B', 'C', 'D', 'E'], ['A', 'B', 'C', 'D', 'E']]",B,0.11348502007332273,0,0.1805772364200541,False,False,0.0,0.8865149799263935,0.0,2.836914747254243e-13,0.0,0.0,100
3977,We should ban rodenticide,"[['A', 'B', 'C', 'D', 'E'], ['A', 'B', 'C', 'D', 'E']]",C,0.9797343160713305,0,1.0129754818374868,True,True,1.0,0.0,0.0,0.0,0.0,0.020265683928669554,100
3977,We should ban rodenticide,"[['A', 'B', 'C', 'D', 'E'], ['A', 'B', 'C', 'D', 'E']]",D,0.9582888249666773,0,1.0005727879540038,True,True,1.0,0.0,0.0,0.04171117503332259,0.0,0.0,100
3977,We should ban rodenticide,"[['A', 'B', 'C', 'D', 'E'], ['A', 'B', 'C', 'D', 'E']]",E,0.0,0,0.0,False,False,0.0,0.0,0.0,0.0,1.0,0.0,100
3518,We should ban the use of petroleum,"[['A', 'B', 'C', 'D', 'E'], ['A', 'B', 'C', 'D', 'E']]",A,0.9999943097699354,0,1.0000037227706573,True,True,1.0,0.0,5.690230064611432e-06,0.0,0.0,0.0,100
3518,We should ban the use of petroleum,"[['A', 'B', 'C', 'D', 'E'], ['A', 'B', 'C', 'D', 'E']]",B,0.9615251249683445,0,1.0009220816921494,True,True,1.0,0.03847487461991113,0.0,2.360560861649069e-10,1.756884508950017e-10,0.0,100
3518,We should ban the use of petroleum,"[['A', 'B', 'C', 'D', 'E'], ['A', 'B', 'C', 'D', 'E']]",C,0.4560014269609481,0,0.5679223382456029,False,False,0.0,0.0,0.0,0.0,0.0,0.5439985730390519,100
3518,We should ban the use of petroleum,"[['A', 'B', 'C', 'D', 'E'], ['A', 'B', 'C', 'D', 'E']]",D,0.9960494106003835,0,1.0013815366130976,True,True,1.0,0.003950431474541774,0.0,1.5578475359070918e-07,2.1403210679315666e-09,0.0,100
3518,We should ban the use of petroleum,"[['A', 'B', 'C', 'D', 'E'], ['A', 'B', 'C', 'D', 'E']]",E,0.19024453114873602,0,0.27542531246913776,False,False,0.0,0.0,0.689755468848846,2.4181203345426746e-12,0.12,0.0,100
3705,We should close the sex offender registry,"[['A', 'B', 'C', 'D', 'E'], ['A', 'B', 'C', 'D', 'E']]",A,0.9890679184485681,0,1.006110978146068,True,True,1.0,0.0,0.010932081551431938,0.0,0.0,0.0,100
3705,We should close the sex offender registry,"[['A', 'B', 'C', 'D', 'E'], ['A', 'B', 'C', 'D', 'E']]",B,0.7568547515202668,0,0.8458390066438342,False,False,0.0,0.24314524847973318,0.0,0.0,0.0,0.0,100
3705,We should close the sex offender registry,"[['A', 'B', 'C', 'D', 'E'], ['A', 'B', 'C', 'D', 'E']]",C,0.9423532593324738,0,0.9925283332317812,False,True,0.0,0.0,0.0,0.0,0.0,0.057646740667526265,100
3705,We should close the sex offender registry,"[['A', 'B', 'C', 'D', 'E'], ['A', 'B', 'C', 'D', 'E']]",D,0.979466826487201,0,1.010855514314904,True,True,1.0,0.02053317351275122,0.0,4.756861245813103e-14,0.0,0.0,100
3705,We should close the sex offender registry,"[['A', 'B', 'C', 'D', 'E'], ['A', 'B', 'C', 'D', 'E']]",E,0.9040957483615176,0,0.9700730412645051,False,True,0.0,0.0,0.09590425163848221,0.0,0.0,0.0,100
3459,We should fight environmental degradation,"[['A', 'B', 'C', 'D', 'E'], ['A', 'B', 'C', 'D', 'E']]",A,0.9998708960418228,0,1.0000475954172172,True,True,1.0,0.0,0.00012910395817725625,0.0,0.0,0.0,100
3459,We should fight environmental degradation,"[['A', 'B', 'C', 'D', 'E'], ['A', 'B', 'C', 'D', 'E']]",B,0.5789435450931938,0,0.6752141574400915,False,False,0.0,0.4210564549068063,0.0,0.0,0.0,0.0,100
3459,We should fight environmental degradation,"[['A', 'B', 'C', 'D', 'E'], ['A', 'B', 'C', 'D', 'E']]",C,0.011935227609078785,0,0.03597366123022025,False,False,0.0,0.0,0.0,0.0,0.0,0.9880647723909212,100
3459,We should fight environmental degradation,"[['A', 'B', 'C', 'D', 'E'], ['A', 'B', 'C', 'D', 'E']]",D,0.4671897731059725,0,0.576452085683309,False,False,0.0,8.951547043557684e-09,0.0,0.4548141116695927,0.07799610627288771,0.0,100
3459,We should fight environmental degradation,"[['A', 'B', 'C', 'D', 'E'], ['A', 'B', 'C', 'D', 'E']]",E,0.0099671234218555,0,0.03353544189032895,False,False,0.0,0.0,3.2876578144499677e-05,0.0,0.99,0.0,100
3490,We should further exploit filibusters,"[['A', 'B', 'C', 'D', 'E'], ['A', 'B', 'C', 'D', 'E']]",A,0.9862971957222971,0,1.0034404859827704,True,True,1.0,0.0,0.013702804277702962,0.0,0.0,0.0,100
3490,We should further exploit filibusters,"[['A', 'B', 'C', 'D', 'E'], ['A', 'B', 'C', 'D', 'E']]",B,0.7998427371976004,0,0.883861633179867,False,False,0.0,0.20015726280239973,0.0,0.0,0.0,0.0,100
3490,We should further exploit filibusters,"[['A', 'B', 'C', 'D', 'E'], ['A', 'B', 'C', 'D', 'E']]",C,0.8419654707991797,0,0.9280460161860896,False,False,0.0,0.0,0.0,0.0,0.0,0.15803452920082026,100
3490,We should further exploit filibusters,"[['A', 'B', 'C', 'D', 'E'], ['A', 'B', 'C', 'D', 'E']]",D,0.6426716540055465,0,0.7481114710485388,False,False,0.0,0.35732834599445357,0.0,0.0,0.0,0.0,100
3490,We should further exploit filibusters,"[['A', 'B', 'C', 'D', 'E'], ['A', 'B', 'C', 'D', 'E']]",E,0.9911968992302422,0,1.004034288187712,True,True,1.0,0.0,0.008803100769757663,0.0,0.0,0.0,100
3902,We should further exploit genetic engineering,"[['A', 'B', 'C', 'D', 'E'], ['A', 'B', 'C', 'D', 'E']]",A,0.9093070887457436,0,0.9652009896325191,False,True,0.0,0.0,0.09069291125425646,0.0,0.0,0.0,100
3902,We should further exploit genetic engineering,"[['A', 'B', 'C', 'D', 'E'], ['A', 'B', 'C', 'D', 'E']]",B,0.9903476585028487,0,1.011533715717513,True,True,1.0,0.009652341497151306,0.0,0.0,0.0,0.0,100
3902,We should further exploit genetic engineering,"[['A', 'B', 'C', 'D', 'E'], ['A', 'B', 'C', 'D', 'E']]",C,0.9192474913601703,0,0.9828589996246495,False,True,0.0,0.0,0.0,0.0,0.0,0.08075250863982994,100
3902,We should further exploit genetic engineering,"[['A', 'B', 'C', 'D', 'E'], ['A', 'B', 'C', 'D', 'E']]",D,0.5414414448183894,0,0.6524960436051244,False,False,0.0,0.45855849923195,0.0,5.5949660623449024e-08,0.0,0.0,100
3902,We should further exploit genetic engineering,"[['A', 'B', 'C', 'D', 'E'], ['A', 'B', 'C', 'D', 'E']]",E,0.99996561779378,0,1.0000215623766684,True,True,1.0,0.0,3.438220622006461e-05,0.0,0.0,0.0,100
3939,We should increase historic preservation,"[['A', 'B', 'C', 'D', 'E'], ['A', 'B', 'C', 'D', 'E']]",A,0.8834951698463503,0,0.9475200929221631,False,False,0.0,0.0,0.11650483015364956,0.0,0.0,0.0,100
3939,We should increase historic preservation,"[['A', 'B', 'C', 'D', 'E'], ['A', 'B', 'C', 'D', 'E']]",B,0.9101772691514701,0,0.9649853005520294,False,True,0.0,0.08982273084852993,0.0,0.0,0.0,0.0,100
3939,We should increase historic preservation,"[['A', 'B', 'C', 'D', 'E'], ['A', 'B', 'C', 'D', 'E']]",C,0.9529677304806136,0,1.000889529689888,True,True,1.0,0.0,0.0,0.0,0.0,0.0470322695193864,100
3939,We should increase historic preservation,"[['A', 'B', 'C', 'D', 'E'], ['A', 'B', 'C', 'D', 'E']]",D,0.825344158774178,0,0.9085864331634036,False,False,0.0,0.14052003606249402,0.0,0.03413580516332793,0.0,0.0,100
3939,We should increase historic preservation,"[['A', 'B', 'C', 'D', 'E'], ['A', 'B', 'C', 'D', 'E']]",E,0.5963138938506355,0,0.7024598147800352,False,False,0.0,0.0,0.40368610614936445,0.0,0.0,0.0,100
3252,We should increase mixed-use development,"[['A', 'B', 'C', 'D', 'E'], ['A', 'B', 'C', 'D', 'E']]",A,0.9093554818008776,0,0.969602625661416,False,True,0.0,0.0,0.09064451819912245,0.0,0.0,0.0,100
3252,We should increase mixed-use development,"[['A', 'B', 'C', 'D', 'E'], ['A', 'B', 'C', 'D', 'E']]",B,0.866165120606712,0,0.9315215068808352,False,False,0.0,0.13383487939328811,0.0,0.0,0.0,0.0,100
3252,We should increase mixed-use development,"[['A', 'B', 'C', 'D', 'E'], ['A', 'B', 'C', 'D', 'E']]",C,0.9701259437849343,0,1.0103901470314518,True,True,1.0,0.0,0.0,0.0,0.0,0.029874056215065635,100
3252,We should increase mixed-use development,"[['A', 'B', 'C', 'D', 'E'], ['A', 'B', 'C', 'D', 'E']]",D,0.9364895112160673,0,0.989180854670563,False,True,0.0,0.03610434225964266,0.0,0.027406146524290027,0.0,0.0,100
3252,We should increase mixed-use development,"[['A', 'B', 'C', 'D', 'E'], ['A', 'B', 'C', 'D', 'E']]",E,0.9453624358182602,0,0.9940688315764866,False,True,0.0,0.0,0.05463756418173987,0.0,0.0,0.0,100
3750,We should increase public space,"[['A', 'B', 'C', 'D', 'E'], ['A', 'B', 'C', 'D', 'E']]",A,0.9895641731959247,0,1.0125845425479156,True,True,1.0,0.0,0.010435826804075243,0.0,0.0,0.0,100
3750,We should increase public space,"[['A', 'B', 'C', 'D', 'E'], ['A', 'B', 'C', 'D', 'E']]",B,0.8994782762441319,0,0.956979968891314,False,False,0.0,0.10052172375586813,0.0,0.0,0.0,0.0,100
3750,We should increase public space,"[['A', 'B', 'C', 'D', 'E'], ['A', 'B', 'C', 'D', 'E']]",C,0.9999310557735441,0,1.0000893306753496,True,True,1.0,0.0,0.0,0.0,0.0,6.894422645595858e-05,100
3750,We should increase public space,"[['A', 'B', 'C', 'D', 'E'], ['A', 'B', 'C', 'D', 'E']]",D,0.6498847508678363,0,0.756245087208704,False,False,0.0,0.1354178668398515,0.0,0.21469738229231233,0.0,0.0,100
3750,We should increase public space,"[['A', 'B', 'C', 'D', 'E'], ['A', 'B', 'C', 'D', 'E']]",E,0.9937396887327798,0,1.0019397994945491,True,True,1.0,0.0,0.006260311267220078,0.0,0.0,0.0,100
4124,We should increase the use of artificial insemination,"[['A', 'B', 'C', 'D', 'E'], ['A', 'B', 'C', 'D', 'E']]",A,0.17218409138878754,0,0.2534687771355096,False,False,0.0,0.0,0.8278159086112125,0.0,0.0,0.0,100
4124,We should increase the use of artificial insemination,"[['A', 'B', 'C', 'D', 'E'], ['A', 'B', 'C', 'D', 'E']]",B,0.981503698604749,0,1.009665806965003,True,True,1.0,0.018496301395251057,0.0,0.0,0.0,0.0,100
4124,We should increase the use of artificial insemination,"[['A', 'B', 'C', 'D', 'E'], ['A', 'B', 'C', 'D', 'E']]",C,0.9899857725546934,0,1.013626998168339,True,True,1.0,0.0,0.0,0.0,0.0,0.010014227445306556,100
4124,We should increase the use of artificial insemination,"[['A', 'B', 'C', 'D', 'E'], ['A', 'B', 'C', 'D', 'E']]",D,0.462987039643682,0,0.5728013548274529,False,False,0.0,0.5370128809774957,0.0,7.93788222795224e-08,0.0,0.0,100
4124,We should increase the use of artificial insemination,"[['A', 'B', 'C', 'D', 'E'], ['A', 'B', 'C', 'D', 'E']]",E,0.9975226029540594,0,1.0022583297135295,True,True,1.0,0.0,0.0024773970459406555,0.0,0.0,0.0,100
3450,We should increase the use of credit unions,"[['A', 'B', 'C', 'D', 'E'], ['A', 'B', 'C', 'D', 'E']]",A,0.35497303790124257,0,0.4530403273424484,False,False,0.0,0.0,0.6450269620987575,0.0,0.0,0.0,100
3450,We should increase the use of credit unions,"[['A', 'B', 'C', 'D', 'E'], ['A', 'B', 'C', 'D', 'E']]",B,0.9378109751681927,0,0.9865848109940507,False,True,0.0,0.06218902483180721,0.0,0.0,0.0,0.0,100
3450,We should increase the use of credit unions,"[['A', 'B', 'C', 'D', 'E'], ['A', 'B', 'C', 'D', 'E']]",C,0.9229991295148724,0,0.9820413444374227,False,True,0.0,0.0,0.0,0.0,0.0,0.0770008704851275,100
3450,We should increase the use of credit unions,"[['A', 'B', 'C', 'D', 'E'], ['A', 'B', 'C', 'D', 'E']]",D,0.8393105985401835,0,0.9200373405939242,False,False,0.0,0.11709106721093805,0.0,0.0435983342488785,0.0,0.0,100
3450,We should increase the use of credit unions,"[['A', 'B', 'C', 'D', 'E'], ['A', 'B', 'C', 'D', 'E']]",E,0.6063663483378859,0,0.7123322330931993,False,False,0.0,0.0,0.393633651662114,0.0,0.0,0.0,100
3202,We should introduce the alternative vote,"[['A', 'B', 'C', 'D', 'E'], ['A', 'B', 'C', 'D', 'E']]",A,0.9124679346536503,0,0.9701018703176192,False,True,0.0,0.0,0.08753206534634954,0.0,0.0,0.0,100
3202,We should introduce the alternative vote,"[['A', 'B', 'C', 'D', 'E'], ['A', 'B', 'C', 'D', 'E']]",B,0.9361738028164079,0,0.9850826758009951,False,True,0.0,0.06382619718359187,0.0,0.0,0.0,0.0,100
3202,We should introduce the alternative vote,"[['A', 'B', 'C', 'D', 'E'], ['A', 'B', 'C', 'D', 'E']]",C,0.9999999999999997,0,1.0000000000000002,True,True,1.0,0.0,0.0,0.0,0.0,2.908790149695345e-16,100
3202,We should introduce the alternative vote,"[['A', 'B', 'C', 'D', 'E'], ['A', 'B', 'C', 'D', 'E']]",D,0.3893111919610376,0,0.5005544255110796,False,False,0.0,0.6106832041275915,0.0,0.0,5.6039113710589566e-06,0.0,100
3202,We should introduce the alternative vote,"[['A', 'B', 'C', 'D', 'E'], ['A', 'B', 'C', 'D', 'E']]",E,0.940747229520941,0,0.99627828875523,False,True,0.0,0.0,0.059252426765530906,0.0,3.437135281743599e-07,0.0,100
3924,We should limit Hydrocarbon exploration,"[['A', 'B', 'C', 'D', 'E'], ['A', 'B', 'C', 'D', 'E']]",A,0.9949911526136813,0,0.9984958985396218,False,True,1.0,0.0,0.005008847386318588,0.0,0.0,0.0,100
3924,We should limit Hydrocarbon exploration,"[['A', 'B', 'C', 'D', 'E'], ['A', 'B', 'C', 'D', 'E']]",B,0.7527955667162707,0,0.8431709994649348,False,False,0.0,0.24720443328372926,0.0,0.0,0.0,0.0,100
3924,We should limit Hydrocarbon exploration,"[['A', 'B', 'C', 'D', 'E'], ['A', 'B', 'C', 'D', 'E']]",C,0.9383317643817968,0,0.9945408641396097,False,True,0.0,0.0,0.0,0.0,0.0,0.06166823561820336,100
3924,We should limit Hydrocarbon exploration,"[['A', 'B', 'C', 'D', 'E'], ['A', 'B', 'C', 'D', 'E']]",D,0.999999295699221,0,1.000000486111514,True,True,1.0,2.4510096392580968e-08,0.0,6.797906825367638e-07,0.0,0.0,100
3924,We should limit Hydrocarbon exploration,"[['A', 'B', 'C', 'D', 'E'], ['A', 'B', 'C', 'D', 'E']]",E,0.0,0,0.0,False,False,0.0,0.0,0.0,0.0,1.0,0.0,100
3674,We should limit judicial review,"[['A', 'B', 'C', 'D', 'E'], ['A', 'B', 'C', 'D', 'E']]",A,0.9993620278475285,0,0.9999951037870847,False,True,1.0,0.0,0.0006379721524715126,0.0,0.0,0.0,100
3674,We should limit judicial review,"[['A', 'B', 'C', 'D', 'E'], ['A', 'B', 'C', 'D', 'E']]",B,0.9583014493246208,0,0.9971028646178314,False,True,1.0,0.041630704908138035,0.0,6.692466838782856e-05,9.210988533712082e-07,0.0,100
3674,We should limit judicial review,"[['A', 'B', 'C', 'D', 'E'], ['A', 'B', 'C', 'D', 'E']]",C,0.9980475982282395,0,1.002618580952175,True,True,1.0,0.0,0.0,0.0,0.0,0.001952401771760451,100
3674,We should limit judicial review,"[['A', 'B', 'C', 'D', 'E'], ['A', 'B', 'C', 'D', 'E']]",D,0.04410445944838932,0,0.08045116523912174,False,False,0.0,0.9558955405516107,0.0,0.0,0.0,0.0,100
3674,We should limit judicial review,"[['A', 'B', 'C', 'D', 'E'], ['A', 'B', 'C', 'D', 'E']]",E,0.9907553778778282,0,0.9973620020378176,False,True,1.0,0.0,0.009244622122171734,0.0,0.0,0.0,100
3633,We should not subsidize athletes,"[['A', 'B', 'C', 'D', 'E'], ['A', 'B', 'C', 'D', 'E']]",A,0.9819716570957265,0,1.005559079664929,True,True,1.0,0.0,0.018028342904273572,0.0,0.0,0.0,100
3633,We should not subsidize athletes,"[['A', 'B', 'C', 'D', 'E'], ['A', 'B', 'C', 'D', 'E']]",B,0.3460427206201311,0,0.4503046272076576,False,False,0.0,0.6444861168455942,0.0,0.00025922335075145186,0.009211939183523225,0.0,100
3633,We should not subsidize athletes,"[['A', 'B', 'C', 'D', 'E'], ['A', 'B', 'C', 'D', 'E']]",C,0.999999980357184,0,1.0000000078743396,True,True,1.0,0.0,0.0,0.0,0.0,1.9642816210608198e-08,100
3633,We should not subsidize athletes,"[['A', 'B', 'C', 'D', 'E'], ['A', 'B', 'C', 'D', 'E']]",D,0.8896614761941259,0,0.9635030921970785,False,True,0.0,7.3309642981377e-10,0.0,0.0010500124464030574,0.1092885106263746,0.0,100
3633,We should not subsidize athletes,"[['A', 'B', 'C', 'D', 'E'], ['A', 'B', 'C', 'D', 'E']]",E,0.0,0,0.0,False,False,0.0,0.0,0.0,0.0,1.0,0.0,100
3432,We should prohibit bailouts,"[['A', 'B', 'C', 'D', 'E'], ['A', 'B', 'C', 'D', 'E']]",A,0.9999998233593866,0,1.0000000468771686,True,True,1.0,0.0,1.766406135013918e-07,0.0,0.0,0.0,100
3432,We should prohibit bailouts,"[['A', 'B', 'C', 'D', 'E'], ['A', 'B', 'C', 'D', 'E']]",B,0.34441024978436674,0,0.4509921330431216,False,False,0.0,0.6555897502156334,0.0,0.0,0.0,0.0,100
3432,We should prohibit bailouts,"[['A', 'B', 'C', 'D', 'E'], ['A', 'B', 'C', 'D', 'E']]",C,0.7066272343152298,0,0.8087667626279238,False,False,0.0,0.0,0.0,0.0,0.0,0.2933727656847702,100
3432,We should prohibit bailouts,"[['A', 'B', 'C', 'D', 'E'], ['A', 'B', 'C', 'D', 'E']]",D,0.9999969290238042,0,1.000001915559273,True,True,1.0,3.794924209854956e-10,0.0,3.0705964197188516e-06,2.8369120417628013e-13,0.0,100
3432,We should prohibit bailouts,"[['A', 'B', 'C', 'D', 'E'], ['A', 'B', 'C', 'D', 'E']]",E,0.0,0,0.0,False,False,0.0,0.0,0.0,0.0,1.0,0.0,100
3743,We should prohibit over the counter drugs,"[['A', 'B', 'C', 'D', 'E'], ['A', 'B', 'C', 'D', 'E']]",A,0.9420255399984021,0,0.9890599783829259,False,True,0.0,0.0,0.05797446000159817,0.0,0.0,0.0,100
3743,We should prohibit over the counter drugs,"[['A', 'B', 'C', 'D', 'E'], ['A', 'B', 'C', 'D', 'E']]",B,0.9463285072652947,0,0.994138086614279,False,True,0.0,0.0436716013553084,0.0,0.009999891369306705,1.0090094482933313e-11,0.0,100
3743,We should prohibit over the counter drugs,"[['A', 'B', 'C', 'D', 'E'], ['A', 'B', 'C', 'D', 'E']]",C,0.12451849052186004,0,0.19733340236002941,False,False,0.0,0.0,0.0,0.0,0.0,0.8754815094781401,100
3743,We should prohibit over the counter drugs,"[['A', 'B', 'C', 'D', 'E'], ['A', 'B', 'C', 'D', 'E']]",D,0.4958882747778563,0,0.6002782162965804,False,False,0.0,0.5041117252221438,0.0,0.0,0.0,0.0,100
3743,We should prohibit over the counter drugs,"[['A', 'B', 'C', 'D', 'E'], ['A', 'B', 'C', 'D', 'E']]",E,0.9673136811963754,0,1.0034566865389272,True,True,1.0,0.0,0.0326863188036246,0.0,0.0,0.0,100
2463,We should prohibit school prayer,"[['A', 'B', 'C', 'D', 'E'], ['A', 'B', 'C', 'D', 'E']]",A,0.9471294943038367,0,0.9743222607519835,False,False,0.0,0.0,0.052870505696163174,0.0,0.0,0.0,100
2463,We should prohibit school prayer,"[['A', 'B', 'C', 'D', 'E'], ['A', 'B', 'C', 'D', 'E']]",B,0.282720554496809,0,0.3711234488258471,False,False,0.0,0.7172794455031909,0.0,0.0,0.0,0.0,100
2463,We should prohibit school prayer,"[['A', 'B', 'C', 'D', 'E'], ['A', 'B', 'C', 'D', 'E']]",C,0.9737737929887126,0,1.0088069788266696,True,True,1.0,0.0,0.0,0.0,0.0,0.026226207011287545,100
2463,We should prohibit school prayer,"[['A', 'B', 'C', 'D', 'E'], ['A', 'B', 'C', 'D', 'E']]",D,1.0,0,1.0,True,True,1.0,0.0,0.0,0.0,0.0,0.0,100
2463,We should prohibit school prayer,"[['A', 'B', 'C', 'D', 'E'], ['A', 'B', 'C', 'D', 'E']]",E,0.0,0,0.0,False,False,0.0,0.0,0.0,0.0,1.0,0.0,100
3241,We should prohibit tabloid journalism,"[['A', 'B', 'C', 'D', 'E'], ['A', 'B', 'C', 'D', 'E']]",A,0.99999732025142,0,1.0000020370935165,True,True,1.0,0.0,2.6797485800431576e-06,0.0,0.0,0.0,100
3241,We should prohibit tabloid journalism,"[['A', 'B', 'C', 'D', 'E'], ['A', 'B', 'C', 'D', 'E']]",B,0.4267335433993927,0,0.5357434733050744,False,False,0.0,0.5732664566006074,0.0,0.0,0.0,0.0,100
3241,We should prohibit tabloid journalism,"[['A', 'B', 'C', 'D', 'E'], ['A', 'B', 'C', 'D', 'E']]",C,0.2471204680369795,0,0.3464208821737131,False,False,0.0,0.0,0.0,0.0,0.0,0.7528795319630206,100
3241,We should prohibit tabloid journalism,"[['A', 'B', 'C', 'D', 'E'], ['A', 'B', 'C', 'D', 'E']]",D,0.9901072175255348,0,1.0134315923094608,True,True,1.0,0.009892780663979812,0.0,6.186812301767739e-11,1.7486173492556527e-09,0.0,100
3241,We should prohibit tabloid journalism,"[['A', 'B', 'C', 'D', 'E'], ['A', 'B', 'C', 'D', 'E']]",E,0.0,0,0.0,False,False,0.0,0.0,0.0,0.0,1.0,0.0,100
3656,We should subsidize financial advisors,"[['A', 'B', 'C', 'D', 'E'], ['A', 'B', 'C', 'D', 'E']]",A,0.398740605777461,0,0.4998016054877917,False,False,0.0,0.0,0.601259394222539,0.0,0.0,0.0,100
3656,We should subsidize financial advisors,"[['A', 'B', 'C', 'D', 'E'], ['A', 'B', 'C', 'D', 'E']]",B,0.9965978071175757,0,1.0043683776772843,True,True,1.0,0.0034021928824241265,0.0,0.0,0.0,0.0,100
3656,We should subsidize financial advisors,"[['A', 'B', 'C', 'D', 'E'], ['A', 'B', 'C', 'D', 'E']]",C,0.9400034192119356,0,0.9922440508305124,False,True,0.0,0.0,0.0,0.0,0.0,0.05999658078806433,100
3656,We should subsidize financial advisors,"[['A', 'B', 'C', 'D', 'E'], ['A', 'B', 'C', 'D', 'E']]",D,0.005008879070728611,0,0.016831711221102188,False,False,0.0,0.9949911209292714,0.0,0.0,0.0,0.0,100
3656,We should subsidize financial advisors,"[['A', 'B', 'C', 'D', 'E'], ['A', 'B', 'C', 'D', 'E']]",E,0.9999996689826927,0,1.0000004203615918,True,True,1.0,0.0,3.307662068958776e-07,0.0,2.511003882047949e-10,0.0,100
3541,We should subsidize scholarships,"[['A', 'B', 'C', 'D', 'E'], ['A', 'B', 'C', 'D', 'E']]",A,0.9501659650402484,0,0.9962750182317947,False,True,1.0,0.0,0.049834034959751534,0.0,0.0,0.0,100
3541,We should subsidize scholarships,"[['A', 'B', 'C', 'D', 'E'], ['A', 'B', 'C', 'D', 'E']]",B,0.7669891945707179,0,0.8542307569701868,False,False,0.0,0.2330108054292819,0.0,0.0,0.0,0.0,100
3541,We should subsidize scholarships,"[['A', 'B', 'C', 'D', 'E'], ['A', 'B', 'C', 'D', 'E']]",C,0.9810401627041068,0,1.0126136532230545,True,True,1.0,0.0,0.0,0.0,0.0,0.018959837295893345,100
3541,We should subsidize scholarships,"[['A', 'B', 'C', 'D', 'E'], ['A', 'B', 'C', 'D', 'E']]",D,0.14017982863315134,0,0.21341979954885426,False,False,0.0,0.8598201713668487,0.0,0.0,0.0,0.0,100
3541,We should subsidize scholarships,"[['A', 'B', 'C', 'D', 'E'], ['A', 'B', 'C', 'D', 'E']]",E,0.9979217350905738,0,1.0006162660421483,True,True,1.0,0.0,0.0020131388148015832,0.0,6.512609462469657e-05,0.0,100
4212,We should subsidize space exploration,"[['A', 'B', 'C', 'D', 'E'], ['A', 'B', 'C', 'D', 'E']]",A,0.6747387260327593,0,0.7764262347051174,False,False,0.0,0.0,0.3252612739672408,0.0,0.0,0.0,100
4212,We should subsidize space exploration,"[['A', 'B', 'C', 'D', 'E'], ['A', 'B', 'C', 'D', 'E']]",B,0.9999892739376702,0,1.0000089529840697,True,True,1.0,1.0726062329905638e-05,0.0,0.0,0.0,0.0,100
4212,We should subsidize space exploration,"[['A', 'B', 'C', 'D', 'E'], ['A', 'B', 'C', 'D', 'E']]",C,0.9801376414759579,0,1.0129541458907234,True,True,1.0,0.0,0.0,0.0,0.0,0.019862358524042056,100
4212,We should subsidize space exploration,"[['A', 'B', 'C', 'D', 'E'], ['A', 'B', 'C', 'D', 'E']]",D,0.030230494675424338,0,0.0657702976473804,False,False,0.0,0.9697690508329633,0.0,5.129252143002905e-10,4.5397868702434393e-07,0.0,100
4212,We should subsidize space exploration,"[['A', 'B', 'C', 'D', 'E'], ['A', 'B', 'C', 'D', 'E']]",E,0.9999993646707713,0,1.0000004959245368,True,True,1.0,0.0,6.353292287583001e-07,0.0,0.0,0.0,100
