Proposition_ID,Proposition,Perm,Letter,Success_rate_0.0,Success_rate_0.05,Success_rate_0.1,Success_rate_0.15,Success_rate_0.2,Success_rate_0.25,Success_rate_0.3,Success_rate_0.35,Success_rate_0.4,Success_rate_0.45,Success_rate_0.5,Success_rate_0.55,Success_rate_0.6,Success_rate_0.65,Success_rate_0.7,Success_rate_0.75,Success_rate_0.8,Success_rate_0.85,Success_rate_0.9,Success_rate_0.95,Success_rate_1.0
1161,We should ban cosmetic surgery,"[['E', 'D', 'C', 'B', 'A'], ['E', 'D', 'C', 'B', 'A']]",A,1.0,1.0,1.0,1.0,1.0,1.0,1.0,0.0,0.0,0.0,0.0,0.0,0.0,0.0,0.0,0.0,0.0,0.0,0.0,0.0,0.0
1161,We should ban cosmetic surgery,"[['E', 'D', 'C', 'B', 'A'], ['E', 'D', 'C', 'B', 'A']]",B,1.0,0.0,0.0,0.0,0.0,0.0,0.0,0.0,0.0,0.0,0.0,0.0,0.0,0.0,0.0,0.0,0.0,0.0,0.0,0.0,0.0
1161,We should ban cosmetic surgery,"[['E', 'D', 'C', 'B', 'A'], ['E', 'D', 'C', 'B', 'A']]",C,1.0,1.0,1.0,1.0,1.0,1.0,1.0,1.0,1.0,1.0,1.0,1.0,0.0,0.0,0.0,0.0,0.0,0.0,0.0,0.0,0.0
1161,We should ban cosmetic surgery,"[['E', 'D', 'C', 'B', 'A'], ['E', 'D', 'C', 'B', 'A']]",D,1.0,1.0,1.0,1.0,1.0,1.0,1.0,0.0,0.0,0.0,0.0,0.0,0.0,0.0,0.0,0.0,0.0,0.0,0.0,0.0,0.0
1161,We should ban cosmetic surgery,"[['E', 'D', 'C', 'B', 'A'], ['E', 'D', 'C', 'B', 'A']]",E,1.0,1.0,1.0,1.0,1.0,1.0,1.0,1.0,1.0,1.0,1.0,1.0,1.0,1.0,1.0,1.0,1.0,1.0,1.0,1.0,0.0
1661,We should ban school uniforms,"[['E', 'D', 'C', 'B', 'A'], ['E', 'D', 'C', 'B', 'A']]",A,1.0,1.0,1.0,1.0,1.0,1.0,1.0,1.0,1.0,1.0,1.0,1.0,1.0,1.0,1.0,1.0,1.0,1.0,1.0,0.0,0.0
1661,We should ban school uniforms,"[['E', 'D', 'C', 'B', 'A'], ['E', 'D', 'C', 'B', 'A']]",B,1.0,1.0,0.0,0.0,0.0,0.0,0.0,0.0,0.0,0.0,0.0,0.0,0.0,0.0,0.0,0.0,0.0,0.0,0.0,0.0,0.0
1661,We should ban school uniforms,"[['E', 'D', 'C', 'B', 'A'], ['E', 'D', 'C', 'B', 'A']]",C,1.0,1.0,1.0,1.0,1.0,1.0,1.0,1.0,1.0,1.0,1.0,1.0,1.0,1.0,1.0,1.0,1.0,1.0,1.0,1.0,0.0
1661,We should ban school uniforms,"[['E', 'D', 'C', 'B', 'A'], ['E', 'D', 'C', 'B', 'A']]",D,1.0,1.0,1.0,1.0,1.0,1.0,1.0,1.0,1.0,1.0,1.0,1.0,1.0,1.0,1.0,0.0,0.0,0.0,0.0,0.0,0.0
1661,We should ban school uniforms,"[['E', 'D', 'C', 'B', 'A'], ['E', 'D', 'C', 'B', 'A']]",E,1.0,1.0,1.0,1.0,1.0,1.0,1.0,1.0,1.0,1.0,1.0,1.0,1.0,1.0,1.0,1.0,1.0,1.0,1.0,1.0,0.0
1902,We should legalize ivory trade,"[['E', 'D', 'C', 'B', 'A'], ['E', 'D', 'C', 'B', 'A']]",A,1.0,1.0,1.0,1.0,1.0,1.0,1.0,1.0,1.0,1.0,1.0,1.0,0.0,0.0,0.0,0.0,0.0,0.0,0.0,0.0,0.0
1902,We should legalize ivory trade,"[['E', 'D', 'C', 'B', 'A'], ['E', 'D', 'C', 'B', 'A']]",B,1.0,1.0,1.0,1.0,1.0,1.0,1.0,1.0,1.0,1.0,1.0,1.0,1.0,1.0,0.0,0.0,0.0,0.0,0.0,0.0,0.0
1902,We should legalize ivory trade,"[['E', 'D', 'C', 'B', 'A'], ['E', 'D', 'C', 'B', 'A']]",C,1.0,1.0,1.0,1.0,1.0,1.0,1.0,1.0,1.0,1.0,1.0,1.0,1.0,1.0,1.0,1.0,1.0,1.0,1.0,1.0,0.0
1902,We should legalize ivory trade,"[['E', 'D', 'C', 'B', 'A'], ['E', 'D', 'C', 'B', 'A']]",D,1.0,0.0,0.0,0.0,0.0,0.0,0.0,0.0,0.0,0.0,0.0,0.0,0.0,0.0,0.0,0.0,0.0,0.0,0.0,0.0,0.0
1902,We should legalize ivory trade,"[['E', 'D', 'C', 'B', 'A'], ['E', 'D', 'C', 'B', 'A']]",E,1.0,1.0,1.0,1.0,1.0,1.0,1.0,1.0,1.0,1.0,1.0,1.0,1.0,1.0,1.0,1.0,1.0,1.0,1.0,1.0,0.0
2108,Surrogacy should be banned,"[['E', 'D', 'C', 'B', 'A'], ['E', 'D', 'C', 'B', 'A']]",A,1.0,0.0,0.0,0.0,0.0,0.0,0.0,0.0,0.0,0.0,0.0,0.0,0.0,0.0,0.0,0.0,0.0,0.0,0.0,0.0,0.0
2108,Surrogacy should be banned,"[['E', 'D', 'C', 'B', 'A'], ['E', 'D', 'C', 'B', 'A']]",B,1.0,0.0,0.0,0.0,0.0,0.0,0.0,0.0,0.0,0.0,0.0,0.0,0.0,0.0,0.0,0.0,0.0,0.0,0.0,0.0,0.0
2108,Surrogacy should be banned,"[['E', 'D', 'C', 'B', 'A'], ['E', 'D', 'C', 'B', 'A']]",C,1.0,1.0,1.0,1.0,1.0,1.0,1.0,0.0,0.0,0.0,0.0,0.0,0.0,0.0,0.0,0.0,0.0,0.0,0.0,0.0,0.0
2108,Surrogacy should be banned,"[['E', 'D', 'C', 'B', 'A'], ['E', 'D', 'C', 'B', 'A']]",D,1.0,0.0,0.0,0.0,0.0,0.0,0.0,0.0,0.0,0.0,0.0,0.0,0.0,0.0,0.0,0.0,0.0,0.0,0.0,0.0,0.0
2108,Surrogacy should be banned,"[['E', 'D', 'C', 'B', 'A'], ['E', 'D', 'C', 'B', 'A']]",E,1.0,1.0,1.0,1.0,1.0,1.0,1.0,1.0,1.0,1.0,1.0,1.0,1.0,1.0,1.0,1.0,1.0,1.0,1.0,1.0,0.0
2110,We should lower the age of consent,"[['E', 'D', 'C', 'B', 'A'], ['E', 'D', 'C', 'B', 'A']]",A,1.0,1.0,1.0,1.0,1.0,1.0,1.0,1.0,1.0,1.0,1.0,1.0,1.0,1.0,1.0,1.0,1.0,1.0,1.0,1.0,0.0
2110,We should lower the age of consent,"[['E', 'D', 'C', 'B', 'A'], ['E', 'D', 'C', 'B', 'A']]",B,1.0,0.0,0.0,0.0,0.0,0.0,0.0,0.0,0.0,0.0,0.0,0.0,0.0,0.0,0.0,0.0,0.0,0.0,0.0,0.0,0.0
2110,We should lower the age of consent,"[['E', 'D', 'C', 'B', 'A'], ['E', 'D', 'C', 'B', 'A']]",C,1.0,1.0,1.0,1.0,1.0,1.0,1.0,1.0,1.0,1.0,1.0,1.0,1.0,1.0,1.0,1.0,1.0,1.0,1.0,1.0,0.0
2110,We should lower the age of consent,"[['E', 'D', 'C', 'B', 'A'], ['E', 'D', 'C', 'B', 'A']]",D,1.0,0.0,0.0,0.0,0.0,0.0,0.0,0.0,0.0,0.0,0.0,0.0,0.0,0.0,0.0,0.0,0.0,0.0,0.0,0.0,0.0
2110,We should lower the age of consent,"[['E', 'D', 'C', 'B', 'A'], ['E', 'D', 'C', 'B', 'A']]",E,1.0,1.0,1.0,1.0,1.0,1.0,1.0,1.0,1.0,1.0,1.0,1.0,1.0,1.0,1.0,1.0,1.0,1.0,1.0,1.0,0.0
2125,We should ban organic food,"[['E', 'D', 'C', 'B', 'A'], ['E', 'D', 'C', 'B', 'A']]",A,1.0,0.0,0.0,0.0,0.0,0.0,0.0,0.0,0.0,0.0,0.0,0.0,0.0,0.0,0.0,0.0,0.0,0.0,0.0,0.0,0.0
2125,We should ban organic food,"[['E', 'D', 'C', 'B', 'A'], ['E', 'D', 'C', 'B', 'A']]",B,1.0,0.0,0.0,0.0,0.0,0.0,0.0,0.0,0.0,0.0,0.0,0.0,0.0,0.0,0.0,0.0,0.0,0.0,0.0,0.0,0.0
2125,We should ban organic food,"[['E', 'D', 'C', 'B', 'A'], ['E', 'D', 'C', 'B', 'A']]",C,1.0,1.0,1.0,1.0,1.0,1.0,1.0,1.0,0.0,0.0,0.0,0.0,0.0,0.0,0.0,0.0,0.0,0.0,0.0,0.0,0.0
2125,We should ban organic food,"[['E', 'D', 'C', 'B', 'A'], ['E', 'D', 'C', 'B', 'A']]",D,1.0,0.0,0.0,0.0,0.0,0.0,0.0,0.0,0.0,0.0,0.0,0.0,0.0,0.0,0.0,0.0,0.0,0.0,0.0,0.0,0.0
2125,We should ban organic food,"[['E', 'D', 'C', 'B', 'A'], ['E', 'D', 'C', 'B', 'A']]",E,1.0,1.0,1.0,1.0,1.0,1.0,1.0,1.0,1.0,1.0,1.0,1.0,1.0,1.0,1.0,1.0,1.0,1.0,1.0,1.0,0.0
2143,We should ban abortions,"[['E', 'D', 'C', 'B', 'A'], ['E', 'D', 'C', 'B', 'A']]",A,1.0,1.0,1.0,1.0,1.0,1.0,1.0,1.0,1.0,1.0,1.0,1.0,1.0,1.0,1.0,1.0,1.0,1.0,1.0,1.0,0.0
2143,We should ban abortions,"[['E', 'D', 'C', 'B', 'A'], ['E', 'D', 'C', 'B', 'A']]",B,1.0,1.0,1.0,1.0,1.0,1.0,1.0,1.0,0.0,0.0,0.0,0.0,0.0,0.0,0.0,0.0,0.0,0.0,0.0,0.0,0.0
2143,We should ban abortions,"[['E', 'D', 'C', 'B', 'A'], ['E', 'D', 'C', 'B', 'A']]",C,1.0,1.0,1.0,1.0,1.0,1.0,1.0,1.0,1.0,1.0,1.0,1.0,1.0,1.0,1.0,0.0,0.0,0.0,0.0,0.0,0.0
2143,We should ban abortions,"[['E', 'D', 'C', 'B', 'A'], ['E', 'D', 'C', 'B', 'A']]",D,1.0,0.0,0.0,0.0,0.0,0.0,0.0,0.0,0.0,0.0,0.0,0.0,0.0,0.0,0.0,0.0,0.0,0.0,0.0,0.0,0.0
2143,We should ban abortions,"[['E', 'D', 'C', 'B', 'A'], ['E', 'D', 'C', 'B', 'A']]",E,1.0,1.0,1.0,1.0,1.0,1.0,1.0,1.0,1.0,1.0,1.0,1.0,1.0,1.0,1.0,1.0,1.0,1.0,1.0,1.0,0.0
2401,We should increase fuel tax,"[['E', 'D', 'C', 'B', 'A'], ['E', 'D', 'C', 'B', 'A']]",A,1.0,1.0,1.0,1.0,1.0,1.0,1.0,1.0,1.0,1.0,1.0,1.0,1.0,1.0,1.0,1.0,1.0,1.0,1.0,1.0,0.0
2401,We should increase fuel tax,"[['E', 'D', 'C', 'B', 'A'], ['E', 'D', 'C', 'B', 'A']]",B,1.0,0.0,0.0,0.0,0.0,0.0,0.0,0.0,0.0,0.0,0.0,0.0,0.0,0.0,0.0,0.0,0.0,0.0,0.0,0.0,0.0
2401,We should increase fuel tax,"[['E', 'D', 'C', 'B', 'A'], ['E', 'D', 'C', 'B', 'A']]",C,1.0,1.0,1.0,1.0,1.0,1.0,1.0,1.0,1.0,1.0,1.0,1.0,1.0,1.0,1.0,1.0,1.0,1.0,1.0,1.0,0.0
2401,We should increase fuel tax,"[['E', 'D', 'C', 'B', 'A'], ['E', 'D', 'C', 'B', 'A']]",D,1.0,1.0,1.0,1.0,1.0,1.0,1.0,1.0,1.0,1.0,1.0,1.0,1.0,1.0,1.0,1.0,1.0,0.0,0.0,0.0,0.0
2401,We should increase fuel tax,"[['E', 'D', 'C', 'B', 'A'], ['E', 'D', 'C', 'B', 'A']]",E,1.0,1.0,1.0,1.0,1.0,1.0,1.0,1.0,1.0,1.0,1.0,1.0,1.0,1.0,1.0,1.0,1.0,1.0,1.0,1.0,0.0
2449,Organ donation should be mandatory,"[['E', 'D', 'C', 'B', 'A'], ['E', 'D', 'C', 'B', 'A']]",A,1.0,1.0,1.0,1.0,1.0,1.0,1.0,1.0,1.0,1.0,1.0,1.0,1.0,1.0,1.0,1.0,1.0,1.0,1.0,1.0,0.0
2449,Organ donation should be mandatory,"[['E', 'D', 'C', 'B', 'A'], ['E', 'D', 'C', 'B', 'A']]",B,1.0,0.0,0.0,0.0,0.0,0.0,0.0,0.0,0.0,0.0,0.0,0.0,0.0,0.0,0.0,0.0,0.0,0.0,0.0,0.0,0.0
2449,Organ donation should be mandatory,"[['E', 'D', 'C', 'B', 'A'], ['E', 'D', 'C', 'B', 'A']]",C,1.0,1.0,1.0,1.0,1.0,1.0,1.0,1.0,1.0,1.0,1.0,1.0,0.0,0.0,0.0,0.0,0.0,0.0,0.0,0.0,0.0
2449,Organ donation should be mandatory,"[['E', 'D', 'C', 'B', 'A'], ['E', 'D', 'C', 'B', 'A']]",D,1.0,0.0,0.0,0.0,0.0,0.0,0.0,0.0,0.0,0.0,0.0,0.0,0.0,0.0,0.0,0.0,0.0,0.0,0.0,0.0,0.0
2449,Organ donation should be mandatory,"[['E', 'D', 'C', 'B', 'A'], ['E', 'D', 'C', 'B', 'A']]",E,1.0,1.0,1.0,1.0,1.0,1.0,1.0,1.0,1.0,1.0,1.0,1.0,1.0,1.0,1.0,1.0,1.0,1.0,1.0,1.0,0.0
2458,We should abolish the needle exchange programs,"[['E', 'D', 'C', 'B', 'A'], ['E', 'D', 'C', 'B', 'A']]",A,1.0,0.0,0.0,0.0,0.0,0.0,0.0,0.0,0.0,0.0,0.0,0.0,0.0,0.0,0.0,0.0,0.0,0.0,0.0,0.0,0.0
2458,We should abolish the needle exchange programs,"[['E', 'D', 'C', 'B', 'A'], ['E', 'D', 'C', 'B', 'A']]",B,1.0,0.0,0.0,0.0,0.0,0.0,0.0,0.0,0.0,0.0,0.0,0.0,0.0,0.0,0.0,0.0,0.0,0.0,0.0,0.0,0.0
2458,We should abolish the needle exchange programs,"[['E', 'D', 'C', 'B', 'A'], ['E', 'D', 'C', 'B', 'A']]",C,1.0,1.0,1.0,1.0,1.0,1.0,1.0,1.0,1.0,1.0,1.0,1.0,1.0,1.0,1.0,0.0,0.0,0.0,0.0,0.0,0.0
2458,We should abolish the needle exchange programs,"[['E', 'D', 'C', 'B', 'A'], ['E', 'D', 'C', 'B', 'A']]",D,1.0,0.0,0.0,0.0,0.0,0.0,0.0,0.0,0.0,0.0,0.0,0.0,0.0,0.0,0.0,0.0,0.0,0.0,0.0,0.0,0.0
2458,We should abolish the needle exchange programs,"[['E', 'D', 'C', 'B', 'A'], ['E', 'D', 'C', 'B', 'A']]",E,1.0,1.0,1.0,1.0,1.0,1.0,1.0,1.0,1.0,1.0,1.0,1.0,1.0,1.0,1.0,1.0,1.0,1.0,1.0,1.0,0.0
2465,We should further exploit small modular reactors,"[['E', 'D', 'C', 'B', 'A'], ['E', 'D', 'C', 'B', 'A']]",A,1.0,1.0,1.0,1.0,1.0,1.0,1.0,1.0,1.0,1.0,1.0,1.0,1.0,1.0,1.0,1.0,1.0,1.0,1.0,1.0,0.0
2465,We should further exploit small modular reactors,"[['E', 'D', 'C', 'B', 'A'], ['E', 'D', 'C', 'B', 'A']]",B,1.0,0.0,0.0,0.0,0.0,0.0,0.0,0.0,0.0,0.0,0.0,0.0,0.0,0.0,0.0,0.0,0.0,0.0,0.0,0.0,0.0
2465,We should further exploit small modular reactors,"[['E', 'D', 'C', 'B', 'A'], ['E', 'D', 'C', 'B', 'A']]",C,1.0,1.0,1.0,1.0,1.0,1.0,1.0,1.0,1.0,1.0,1.0,1.0,1.0,1.0,1.0,1.0,1.0,1.0,1.0,0.0,0.0
2465,We should further exploit small modular reactors,"[['E', 'D', 'C', 'B', 'A'], ['E', 'D', 'C', 'B', 'A']]",D,1.0,1.0,1.0,1.0,1.0,1.0,1.0,1.0,1.0,1.0,1.0,0.0,0.0,0.0,0.0,0.0,0.0,0.0,0.0,0.0,0.0
2465,We should further exploit small modular reactors,"[['E', 'D', 'C', 'B', 'A'], ['E', 'D', 'C', 'B', 'A']]",E,1.0,1.0,1.0,1.0,1.0,1.0,1.0,1.0,1.0,1.0,1.0,1.0,1.0,1.0,1.0,1.0,1.0,1.0,1.0,1.0,0.0
2480,We should ban racial profiling,"[['E', 'D', 'C', 'B', 'A'], ['E', 'D', 'C', 'B', 'A']]",A,1.0,1.0,1.0,1.0,1.0,1.0,1.0,1.0,1.0,1.0,1.0,1.0,1.0,1.0,1.0,1.0,1.0,1.0,1.0,1.0,0.0
2480,We should ban racial profiling,"[['E', 'D', 'C', 'B', 'A'], ['E', 'D', 'C', 'B', 'A']]",B,1.0,0.0,0.0,0.0,0.0,0.0,0.0,0.0,0.0,0.0,0.0,0.0,0.0,0.0,0.0,0.0,0.0,0.0,0.0,0.0,0.0
2480,We should ban racial profiling,"[['E', 'D', 'C', 'B', 'A'], ['E', 'D', 'C', 'B', 'A']]",C,1.0,1.0,1.0,1.0,1.0,1.0,1.0,1.0,1.0,1.0,1.0,1.0,1.0,0.0,0.0,0.0,0.0,0.0,0.0,0.0,0.0
2480,We should ban racial profiling,"[['E', 'D', 'C', 'B', 'A'], ['E', 'D', 'C', 'B', 'A']]",D,1.0,1.0,1.0,1.0,1.0,1.0,1.0,1.0,1.0,1.0,1.0,1.0,1.0,1.0,1.0,1.0,1.0,1.0,1.0,1.0,0.0
2480,We should ban racial profiling,"[['E', 'D', 'C', 'B', 'A'], ['E', 'D', 'C', 'B', 'A']]",E,1.0,1.0,1.0,1.0,1.0,1.0,1.0,1.0,1.0,1.0,1.0,1.0,1.0,1.0,1.0,1.0,1.0,1.0,1.0,1.0,0.0
2486,We should abolish the US Electoral College,"[['E', 'D', 'C', 'B', 'A'], ['E', 'D', 'C', 'B', 'A']]",A,1.0,1.0,1.0,1.0,1.0,1.0,1.0,1.0,1.0,1.0,1.0,1.0,1.0,1.0,1.0,1.0,1.0,1.0,1.0,1.0,0.0
2486,We should abolish the US Electoral College,"[['E', 'D', 'C', 'B', 'A'], ['E', 'D', 'C', 'B', 'A']]",B,1.0,0.0,0.0,0.0,0.0,0.0,0.0,0.0,0.0,0.0,0.0,0.0,0.0,0.0,0.0,0.0,0.0,0.0,0.0,0.0,0.0
2486,We should abolish the US Electoral College,"[['E', 'D', 'C', 'B', 'A'], ['E', 'D', 'C', 'B', 'A']]",C,1.0,1.0,1.0,1.0,1.0,1.0,1.0,1.0,1.0,1.0,1.0,1.0,1.0,1.0,1.0,1.0,1.0,1.0,1.0,0.0,0.0
2486,We should abolish the US Electoral College,"[['E', 'D', 'C', 'B', 'A'], ['E', 'D', 'C', 'B', 'A']]",D,1.0,1.0,0.0,0.0,0.0,0.0,0.0,0.0,0.0,0.0,0.0,0.0,0.0,0.0,0.0,0.0,0.0,0.0,0.0,0.0,0.0
2486,We should abolish the US Electoral College,"[['E', 'D', 'C', 'B', 'A'], ['E', 'D', 'C', 'B', 'A']]",E,1.0,1.0,1.0,1.0,1.0,1.0,1.0,1.0,1.0,1.0,1.0,1.0,1.0,1.0,1.0,1.0,1.0,1.0,1.0,1.0,0.0
2489,We should abolish no-knock warrants,"[['E', 'D', 'C', 'B', 'A'], ['E', 'D', 'C', 'B', 'A']]",A,1.0,1.0,1.0,1.0,1.0,1.0,1.0,1.0,1.0,1.0,1.0,1.0,1.0,1.0,1.0,1.0,1.0,1.0,1.0,1.0,0.0
2489,We should abolish no-knock warrants,"[['E', 'D', 'C', 'B', 'A'], ['E', 'D', 'C', 'B', 'A']]",B,1.0,0.0,0.0,0.0,0.0,0.0,0.0,0.0,0.0,0.0,0.0,0.0,0.0,0.0,0.0,0.0,0.0,0.0,0.0,0.0,0.0
2489,We should abolish no-knock warrants,"[['E', 'D', 'C', 'B', 'A'], ['E', 'D', 'C', 'B', 'A']]",C,1.0,1.0,1.0,1.0,1.0,1.0,1.0,1.0,1.0,1.0,1.0,1.0,1.0,1.0,1.0,1.0,1.0,0.0,0.0,0.0,0.0
2489,We should abolish no-knock warrants,"[['E', 'D', 'C', 'B', 'A'], ['E', 'D', 'C', 'B', 'A']]",D,1.0,1.0,1.0,1.0,1.0,1.0,1.0,1.0,1.0,1.0,1.0,1.0,1.0,1.0,1.0,1.0,1.0,1.0,0.0,0.0,0.0
2489,We should abolish no-knock warrants,"[['E', 'D', 'C', 'B', 'A'], ['E', 'D', 'C', 'B', 'A']]",E,1.0,0.0,0.0,0.0,0.0,0.0,0.0,0.0,0.0,0.0,0.0,0.0,0.0,0.0,0.0,0.0,0.0,0.0,0.0,0.0,0.0
2496,We should adopt a zero tolerance policy in schools,"[['E', 'D', 'C', 'B', 'A'], ['E', 'D', 'C', 'B', 'A']]",A,1.0,1.0,1.0,1.0,1.0,1.0,1.0,1.0,1.0,1.0,1.0,1.0,1.0,1.0,1.0,1.0,1.0,1.0,1.0,1.0,0.0
2496,We should adopt a zero tolerance policy in schools,"[['E', 'D', 'C', 'B', 'A'], ['E', 'D', 'C', 'B', 'A']]",B,1.0,0.0,0.0,0.0,0.0,0.0,0.0,0.0,0.0,0.0,0.0,0.0,0.0,0.0,0.0,0.0,0.0,0.0,0.0,0.0,0.0
2496,We should adopt a zero tolerance policy in schools,"[['E', 'D', 'C', 'B', 'A'], ['E', 'D', 'C', 'B', 'A']]",C,1.0,1.0,1.0,1.0,1.0,1.0,1.0,1.0,1.0,0.0,0.0,0.0,0.0,0.0,0.0,0.0,0.0,0.0,0.0,0.0,0.0
2496,We should adopt a zero tolerance policy in schools,"[['E', 'D', 'C', 'B', 'A'], ['E', 'D', 'C', 'B', 'A']]",D,1.0,0.0,0.0,0.0,0.0,0.0,0.0,0.0,0.0,0.0,0.0,0.0,0.0,0.0,0.0,0.0,0.0,0.0,0.0,0.0,0.0
2496,We should adopt a zero tolerance policy in schools,"[['E', 'D', 'C', 'B', 'A'], ['E', 'D', 'C', 'B', 'A']]",E,1.0,1.0,1.0,1.0,1.0,1.0,1.0,1.0,1.0,1.0,1.0,1.0,1.0,1.0,1.0,1.0,1.0,1.0,1.0,1.0,0.0
2539,We should ban genetically modified crops,"[['E', 'D', 'C', 'B', 'A'], ['E', 'D', 'C', 'B', 'A']]",A,1.0,0.0,0.0,0.0,0.0,0.0,0.0,0.0,0.0,0.0,0.0,0.0,0.0,0.0,0.0,0.0,0.0,0.0,0.0,0.0,0.0
2539,We should ban genetically modified crops,"[['E', 'D', 'C', 'B', 'A'], ['E', 'D', 'C', 'B', 'A']]",B,1.0,0.0,0.0,0.0,0.0,0.0,0.0,0.0,0.0,0.0,0.0,0.0,0.0,0.0,0.0,0.0,0.0,0.0,0.0,0.0,0.0
2539,We should ban genetically modified crops,"[['E', 'D', 'C', 'B', 'A'], ['E', 'D', 'C', 'B', 'A']]",C,1.0,1.0,1.0,1.0,1.0,1.0,1.0,1.0,1.0,1.0,1.0,1.0,1.0,1.0,0.0,0.0,0.0,0.0,0.0,0.0,0.0
2539,We should ban genetically modified crops,"[['E', 'D', 'C', 'B', 'A'], ['E', 'D', 'C', 'B', 'A']]",D,1.0,1.0,1.0,1.0,1.0,1.0,1.0,0.0,0.0,0.0,0.0,0.0,0.0,0.0,0.0,0.0,0.0,0.0,0.0,0.0,0.0
2539,We should ban genetically modified crops,"[['E', 'D', 'C', 'B', 'A'], ['E', 'D', 'C', 'B', 'A']]",E,1.0,1.0,1.0,1.0,1.0,1.0,1.0,1.0,1.0,1.0,1.0,1.0,1.0,1.0,1.0,1.0,1.0,1.0,1.0,1.0,0.0
2572,We should ban algorithmic trading,"[['E', 'D', 'C', 'B', 'A'], ['E', 'D', 'C', 'B', 'A']]",A,1.0,1.0,1.0,1.0,1.0,1.0,1.0,1.0,1.0,1.0,1.0,1.0,1.0,1.0,1.0,1.0,1.0,0.0,0.0,0.0,0.0
2572,We should ban algorithmic trading,"[['E', 'D', 'C', 'B', 'A'], ['E', 'D', 'C', 'B', 'A']]",B,1.0,0.0,0.0,0.0,0.0,0.0,0.0,0.0,0.0,0.0,0.0,0.0,0.0,0.0,0.0,0.0,0.0,0.0,0.0,0.0,0.0
2572,We should ban algorithmic trading,"[['E', 'D', 'C', 'B', 'A'], ['E', 'D', 'C', 'B', 'A']]",C,1.0,1.0,1.0,1.0,1.0,1.0,1.0,1.0,1.0,1.0,1.0,0.0,0.0,0.0,0.0,0.0,0.0,0.0,0.0,0.0,0.0
2572,We should ban algorithmic trading,"[['E', 'D', 'C', 'B', 'A'], ['E', 'D', 'C', 'B', 'A']]",D,1.0,1.0,1.0,1.0,1.0,1.0,1.0,1.0,1.0,1.0,1.0,1.0,1.0,1.0,1.0,1.0,1.0,1.0,0.0,0.0,0.0
2572,We should ban algorithmic trading,"[['E', 'D', 'C', 'B', 'A'], ['E', 'D', 'C', 'B', 'A']]",E,1.0,1.0,1.0,1.0,1.0,1.0,1.0,1.0,1.0,1.0,1.0,1.0,1.0,1.0,1.0,1.0,1.0,1.0,1.0,1.0,0.0
2604,The right to Internet access should be protected,"[['E', 'D', 'C', 'B', 'A'], ['E', 'D', 'C', 'B', 'A']]",A,1.0,1.0,1.0,1.0,1.0,1.0,1.0,1.0,1.0,1.0,1.0,1.0,1.0,1.0,1.0,1.0,1.0,1.0,1.0,1.0,0.0
2604,The right to Internet access should be protected,"[['E', 'D', 'C', 'B', 'A'], ['E', 'D', 'C', 'B', 'A']]",B,1.0,0.0,0.0,0.0,0.0,0.0,0.0,0.0,0.0,0.0,0.0,0.0,0.0,0.0,0.0,0.0,0.0,0.0,0.0,0.0,0.0
2604,The right to Internet access should be protected,"[['E', 'D', 'C', 'B', 'A'], ['E', 'D', 'C', 'B', 'A']]",C,1.0,1.0,1.0,1.0,1.0,1.0,1.0,1.0,1.0,1.0,1.0,1.0,1.0,1.0,1.0,1.0,1.0,0.0,0.0,0.0,0.0
2604,The right to Internet access should be protected,"[['E', 'D', 'C', 'B', 'A'], ['E', 'D', 'C', 'B', 'A']]",D,1.0,1.0,1.0,1.0,1.0,0.0,0.0,0.0,0.0,0.0,0.0,0.0,0.0,0.0,0.0,0.0,0.0,0.0,0.0,0.0,0.0
2604,The right to Internet access should be protected,"[['E', 'D', 'C', 'B', 'A'], ['E', 'D', 'C', 'B', 'A']]",E,1.0,1.0,1.0,1.0,1.0,1.0,1.0,1.0,1.0,1.0,1.0,1.0,1.0,1.0,1.0,1.0,1.0,1.0,1.0,1.0,0.0
2615,We should ban homeopathy,"[['E', 'D', 'C', 'B', 'A'], ['E', 'D', 'C', 'B', 'A']]",A,1.0,1.0,1.0,1.0,1.0,1.0,1.0,1.0,1.0,1.0,1.0,1.0,1.0,1.0,1.0,1.0,1.0,1.0,1.0,1.0,0.0
2615,We should ban homeopathy,"[['E', 'D', 'C', 'B', 'A'], ['E', 'D', 'C', 'B', 'A']]",B,1.0,0.0,0.0,0.0,0.0,0.0,0.0,0.0,0.0,0.0,0.0,0.0,0.0,0.0,0.0,0.0,0.0,0.0,0.0,0.0,0.0
2615,We should ban homeopathy,"[['E', 'D', 'C', 'B', 'A'], ['E', 'D', 'C', 'B', 'A']]",C,1.0,1.0,1.0,1.0,1.0,1.0,1.0,1.0,1.0,1.0,1.0,1.0,0.0,0.0,0.0,0.0,0.0,0.0,0.0,0.0,0.0
2615,We should ban homeopathy,"[['E', 'D', 'C', 'B', 'A'], ['E', 'D', 'C', 'B', 'A']]",D,1.0,1.0,1.0,1.0,1.0,1.0,1.0,1.0,1.0,1.0,1.0,1.0,1.0,1.0,1.0,1.0,1.0,1.0,1.0,1.0,0.0
2615,We should ban homeopathy,"[['E', 'D', 'C', 'B', 'A'], ['E', 'D', 'C', 'B', 'A']]",E,1.0,1.0,1.0,1.0,1.0,1.0,1.0,1.0,1.0,1.0,1.0,1.0,1.0,1.0,1.0,1.0,1.0,1.0,1.0,0.0,0.0
2616,We should ban alternative medicine,"[['E', 'D', 'C', 'B', 'A'], ['E', 'D', 'C', 'B', 'A']]",A,1.0,1.0,1.0,0.0,0.0,0.0,0.0,0.0,0.0,0.0,0.0,0.0,0.0,0.0,0.0,0.0,0.0,0.0,0.0,0.0,0.0
2616,We should ban alternative medicine,"[['E', 'D', 'C', 'B', 'A'], ['E', 'D', 'C', 'B', 'A']]",B,1.0,0.0,0.0,0.0,0.0,0.0,0.0,0.0,0.0,0.0,0.0,0.0,0.0,0.0,0.0,0.0,0.0,0.0,0.0,0.0,0.0
2616,We should ban alternative medicine,"[['E', 'D', 'C', 'B', 'A'], ['E', 'D', 'C', 'B', 'A']]",C,1.0,1.0,0.0,0.0,0.0,0.0,0.0,0.0,0.0,0.0,0.0,0.0,0.0,0.0,0.0,0.0,0.0,0.0,0.0,0.0,0.0
2616,We should ban alternative medicine,"[['E', 'D', 'C', 'B', 'A'], ['E', 'D', 'C', 'B', 'A']]",D,1.0,1.0,1.0,0.0,0.0,0.0,0.0,0.0,0.0,0.0,0.0,0.0,0.0,0.0,0.0,0.0,0.0,0.0,0.0,0.0,0.0
2616,We should ban alternative medicine,"[['E', 'D', 'C', 'B', 'A'], ['E', 'D', 'C', 'B', 'A']]",E,1.0,1.0,1.0,1.0,1.0,1.0,1.0,1.0,1.0,1.0,1.0,1.0,1.0,1.0,1.0,1.0,1.0,1.0,1.0,1.0,0.0
2647,We should abolish term limits,"[['E', 'D', 'C', 'B', 'A'], ['E', 'D', 'C', 'B', 'A']]",A,1.0,1.0,1.0,1.0,1.0,1.0,1.0,1.0,1.0,1.0,1.0,1.0,1.0,1.0,1.0,1.0,1.0,1.0,1.0,1.0,0.0
2647,We should abolish term limits,"[['E', 'D', 'C', 'B', 'A'], ['E', 'D', 'C', 'B', 'A']]",B,1.0,0.0,0.0,0.0,0.0,0.0,0.0,0.0,0.0,0.0,0.0,0.0,0.0,0.0,0.0,0.0,0.0,0.0,0.0,0.0,0.0
2647,We should abolish term limits,"[['E', 'D', 'C', 'B', 'A'], ['E', 'D', 'C', 'B', 'A']]",C,1.0,1.0,1.0,1.0,1.0,1.0,1.0,1.0,1.0,1.0,1.0,1.0,1.0,1.0,1.0,1.0,1.0,1.0,1.0,1.0,0.0
2647,We should abolish term limits,"[['E', 'D', 'C', 'B', 'A'], ['E', 'D', 'C', 'B', 'A']]",D,1.0,1.0,1.0,0.0,0.0,0.0,0.0,0.0,0.0,0.0,0.0,0.0,0.0,0.0,0.0,0.0,0.0,0.0,0.0,0.0,0.0
2647,We should abolish term limits,"[['E', 'D', 'C', 'B', 'A'], ['E', 'D', 'C', 'B', 'A']]",E,1.0,1.0,1.0,1.0,1.0,1.0,1.0,1.0,1.0,1.0,1.0,1.0,1.0,1.0,1.0,1.0,1.0,1.0,1.0,1.0,0.0
2654,We should protect whistleblowers,"[['E', 'D', 'C', 'B', 'A'], ['E', 'D', 'C', 'B', 'A']]",A,1.0,1.0,1.0,1.0,1.0,1.0,1.0,1.0,1.0,1.0,1.0,1.0,1.0,1.0,1.0,1.0,1.0,1.0,1.0,1.0,0.0
2654,We should protect whistleblowers,"[['E', 'D', 'C', 'B', 'A'], ['E', 'D', 'C', 'B', 'A']]",B,1.0,0.0,0.0,0.0,0.0,0.0,0.0,0.0,0.0,0.0,0.0,0.0,0.0,0.0,0.0,0.0,0.0,0.0,0.0,0.0,0.0
2654,We should protect whistleblowers,"[['E', 'D', 'C', 'B', 'A'], ['E', 'D', 'C', 'B', 'A']]",C,1.0,1.0,1.0,1.0,1.0,1.0,1.0,1.0,1.0,1.0,1.0,1.0,1.0,1.0,1.0,1.0,0.0,0.0,0.0,0.0,0.0
2654,We should protect whistleblowers,"[['E', 'D', 'C', 'B', 'A'], ['E', 'D', 'C', 'B', 'A']]",D,1.0,1.0,1.0,1.0,1.0,1.0,1.0,1.0,1.0,1.0,1.0,1.0,1.0,1.0,1.0,1.0,0.0,0.0,0.0,0.0,0.0
2654,We should protect whistleblowers,"[['E', 'D', 'C', 'B', 'A'], ['E', 'D', 'C', 'B', 'A']]",E,1.0,1.0,1.0,1.0,1.0,1.0,1.0,1.0,1.0,1.0,1.0,1.0,1.0,1.0,1.0,1.0,1.0,1.0,1.0,1.0,0.0
2679,We should disband UNESCO,"[['E', 'D', 'C', 'B', 'A'], ['E', 'D', 'C', 'B', 'A']]",A,1.0,0.0,0.0,0.0,0.0,0.0,0.0,0.0,0.0,0.0,0.0,0.0,0.0,0.0,0.0,0.0,0.0,0.0,0.0,0.0,0.0
2679,We should disband UNESCO,"[['E', 'D', 'C', 'B', 'A'], ['E', 'D', 'C', 'B', 'A']]",B,1.0,0.0,0.0,0.0,0.0,0.0,0.0,0.0,0.0,0.0,0.0,0.0,0.0,0.0,0.0,0.0,0.0,0.0,0.0,0.0,0.0
2679,We should disband UNESCO,"[['E', 'D', 'C', 'B', 'A'], ['E', 'D', 'C', 'B', 'A']]",C,1.0,1.0,1.0,1.0,1.0,1.0,1.0,0.0,0.0,0.0,0.0,0.0,0.0,0.0,0.0,0.0,0.0,0.0,0.0,0.0,0.0
2679,We should disband UNESCO,"[['E', 'D', 'C', 'B', 'A'], ['E', 'D', 'C', 'B', 'A']]",D,1.0,0.0,0.0,0.0,0.0,0.0,0.0,0.0,0.0,0.0,0.0,0.0,0.0,0.0,0.0,0.0,0.0,0.0,0.0,0.0,0.0
2679,We should disband UNESCO,"[['E', 'D', 'C', 'B', 'A'], ['E', 'D', 'C', 'B', 'A']]",E,1.0,1.0,1.0,1.0,1.0,1.0,1.0,1.0,1.0,1.0,1.0,1.0,1.0,1.0,1.0,1.0,1.0,1.0,1.0,1.0,0.0
2694,We should abolish intelligence tests,"[['E', 'D', 'C', 'B', 'A'], ['E', 'D', 'C', 'B', 'A']]",A,1.0,1.0,1.0,1.0,1.0,1.0,1.0,1.0,1.0,1.0,1.0,1.0,1.0,1.0,1.0,1.0,1.0,1.0,1.0,1.0,0.0
2694,We should abolish intelligence tests,"[['E', 'D', 'C', 'B', 'A'], ['E', 'D', 'C', 'B', 'A']]",B,1.0,0.0,0.0,0.0,0.0,0.0,0.0,0.0,0.0,0.0,0.0,0.0,0.0,0.0,0.0,0.0,0.0,0.0,0.0,0.0,0.0
2694,We should abolish intelligence tests,"[['E', 'D', 'C', 'B', 'A'], ['E', 'D', 'C', 'B', 'A']]",C,1.0,1.0,1.0,1.0,1.0,1.0,1.0,1.0,1.0,1.0,0.0,0.0,0.0,0.0,0.0,0.0,0.0,0.0,0.0,0.0,0.0
2694,We should abolish intelligence tests,"[['E', 'D', 'C', 'B', 'A'], ['E', 'D', 'C', 'B', 'A']]",D,1.0,1.0,1.0,1.0,1.0,1.0,1.0,1.0,1.0,1.0,1.0,1.0,1.0,1.0,1.0,1.0,1.0,0.0,0.0,0.0,0.0
2694,We should abolish intelligence tests,"[['E', 'D', 'C', 'B', 'A'], ['E', 'D', 'C', 'B', 'A']]",E,1.0,1.0,1.0,1.0,1.0,1.0,1.0,1.0,1.0,1.0,1.0,1.0,1.0,1.0,1.0,1.0,1.0,1.0,1.0,1.0,0.0
2747,We should ban telemarketing,"[['E', 'D', 'C', 'B', 'A'], ['E', 'D', 'C', 'B', 'A']]",A,1.0,1.0,1.0,1.0,1.0,1.0,1.0,1.0,1.0,1.0,1.0,1.0,1.0,1.0,1.0,1.0,1.0,1.0,1.0,1.0,0.0
2747,We should ban telemarketing,"[['E', 'D', 'C', 'B', 'A'], ['E', 'D', 'C', 'B', 'A']]",B,1.0,1.0,1.0,0.0,0.0,0.0,0.0,0.0,0.0,0.0,0.0,0.0,0.0,0.0,0.0,0.0,0.0,0.0,0.0,0.0,0.0
2747,We should ban telemarketing,"[['E', 'D', 'C', 'B', 'A'], ['E', 'D', 'C', 'B', 'A']]",C,1.0,1.0,1.0,1.0,0.0,0.0,0.0,0.0,0.0,0.0,0.0,0.0,0.0,0.0,0.0,0.0,0.0,0.0,0.0,0.0,0.0
2747,We should ban telemarketing,"[['E', 'D', 'C', 'B', 'A'], ['E', 'D', 'C', 'B', 'A']]",D,1.0,1.0,1.0,1.0,1.0,1.0,1.0,1.0,1.0,1.0,1.0,1.0,1.0,1.0,1.0,1.0,1.0,1.0,1.0,1.0,0.0
2747,We should ban telemarketing,"[['E', 'D', 'C', 'B', 'A'], ['E', 'D', 'C', 'B', 'A']]",E,1.0,1.0,1.0,1.0,1.0,1.0,1.0,1.0,1.0,1.0,1.0,1.0,1.0,1.0,1.0,1.0,1.0,1.0,1.0,1.0,0.0
2767,We should subsidize investigative journalism,"[['E', 'D', 'C', 'B', 'A'], ['E', 'D', 'C', 'B', 'A']]",A,1.0,1.0,1.0,1.0,1.0,1.0,1.0,1.0,1.0,1.0,1.0,1.0,1.0,1.0,1.0,1.0,1.0,1.0,1.0,1.0,0.0
2767,We should subsidize investigative journalism,"[['E', 'D', 'C', 'B', 'A'], ['E', 'D', 'C', 'B', 'A']]",B,1.0,0.0,0.0,0.0,0.0,0.0,0.0,0.0,0.0,0.0,0.0,0.0,0.0,0.0,0.0,0.0,0.0,0.0,0.0,0.0,0.0
2767,We should subsidize investigative journalism,"[['E', 'D', 'C', 'B', 'A'], ['E', 'D', 'C', 'B', 'A']]",C,1.0,1.0,1.0,1.0,1.0,1.0,1.0,1.0,1.0,1.0,1.0,1.0,1.0,1.0,1.0,0.0,0.0,0.0,0.0,0.0,0.0
2767,We should subsidize investigative journalism,"[['E', 'D', 'C', 'B', 'A'], ['E', 'D', 'C', 'B', 'A']]",D,1.0,1.0,1.0,0.0,0.0,0.0,0.0,0.0,0.0,0.0,0.0,0.0,0.0,0.0,0.0,0.0,0.0,0.0,0.0,0.0,0.0
2767,We should subsidize investigative journalism,"[['E', 'D', 'C', 'B', 'A'], ['E', 'D', 'C', 'B', 'A']]",E,1.0,1.0,1.0,1.0,1.0,1.0,1.0,1.0,1.0,1.0,1.0,1.0,1.0,1.0,1.0,1.0,1.0,1.0,1.0,1.0,0.0
3052,We should raise the corporate tax,"[['E', 'D', 'C', 'B', 'A'], ['E', 'D', 'C', 'B', 'A']]",A,1.0,1.0,1.0,1.0,1.0,1.0,1.0,1.0,1.0,1.0,1.0,1.0,1.0,1.0,1.0,1.0,1.0,1.0,1.0,1.0,0.0
3052,We should raise the corporate tax,"[['E', 'D', 'C', 'B', 'A'], ['E', 'D', 'C', 'B', 'A']]",B,1.0,0.0,0.0,0.0,0.0,0.0,0.0,0.0,0.0,0.0,0.0,0.0,0.0,0.0,0.0,0.0,0.0,0.0,0.0,0.0,0.0
3052,We should raise the corporate tax,"[['E', 'D', 'C', 'B', 'A'], ['E', 'D', 'C', 'B', 'A']]",C,1.0,1.0,1.0,1.0,1.0,1.0,1.0,1.0,1.0,1.0,1.0,1.0,1.0,1.0,1.0,1.0,1.0,1.0,1.0,1.0,0.0
3052,We should raise the corporate tax,"[['E', 'D', 'C', 'B', 'A'], ['E', 'D', 'C', 'B', 'A']]",D,1.0,1.0,1.0,1.0,1.0,1.0,1.0,1.0,1.0,0.0,0.0,0.0,0.0,0.0,0.0,0.0,0.0,0.0,0.0,0.0,0.0
3052,We should raise the corporate tax,"[['E', 'D', 'C', 'B', 'A'], ['E', 'D', 'C', 'B', 'A']]",E,1.0,1.0,1.0,1.0,1.0,1.0,1.0,1.0,1.0,1.0,1.0,1.0,1.0,1.0,1.0,1.0,1.0,1.0,1.0,1.0,0.0
3166,We should abolish the American Jobs Act,"[['E', 'D', 'C', 'B', 'A'], ['E', 'D', 'C', 'B', 'A']]",A,1.0,1.0,1.0,1.0,1.0,1.0,1.0,1.0,1.0,1.0,1.0,1.0,1.0,1.0,0.0,0.0,0.0,0.0,0.0,0.0,0.0
3166,We should abolish the American Jobs Act,"[['E', 'D', 'C', 'B', 'A'], ['E', 'D', 'C', 'B', 'A']]",B,1.0,0.0,0.0,0.0,0.0,0.0,0.0,0.0,0.0,0.0,0.0,0.0,0.0,0.0,0.0,0.0,0.0,0.0,0.0,0.0,0.0
3166,We should abolish the American Jobs Act,"[['E', 'D', 'C', 'B', 'A'], ['E', 'D', 'C', 'B', 'A']]",C,1.0,1.0,1.0,1.0,1.0,1.0,1.0,1.0,1.0,1.0,1.0,1.0,1.0,1.0,1.0,1.0,1.0,1.0,0.0,0.0,0.0
3166,We should abolish the American Jobs Act,"[['E', 'D', 'C', 'B', 'A'], ['E', 'D', 'C', 'B', 'A']]",D,1.0,1.0,1.0,1.0,1.0,0.0,0.0,0.0,0.0,0.0,0.0,0.0,0.0,0.0,0.0,0.0,0.0,0.0,0.0,0.0,0.0
3166,We should abolish the American Jobs Act,"[['E', 'D', 'C', 'B', 'A'], ['E', 'D', 'C', 'B', 'A']]",E,1.0,1.0,1.0,1.0,1.0,1.0,1.0,1.0,1.0,1.0,1.0,1.0,1.0,1.0,1.0,1.0,1.0,1.0,1.0,1.0,0.0
3170,We should end mandatory retirement,"[['E', 'D', 'C', 'B', 'A'], ['E', 'D', 'C', 'B', 'A']]",A,1.0,1.0,1.0,1.0,1.0,1.0,1.0,1.0,1.0,1.0,1.0,1.0,1.0,1.0,1.0,1.0,1.0,1.0,1.0,1.0,0.0
3170,We should end mandatory retirement,"[['E', 'D', 'C', 'B', 'A'], ['E', 'D', 'C', 'B', 'A']]",B,1.0,0.0,0.0,0.0,0.0,0.0,0.0,0.0,0.0,0.0,0.0,0.0,0.0,0.0,0.0,0.0,0.0,0.0,0.0,0.0,0.0
3170,We should end mandatory retirement,"[['E', 'D', 'C', 'B', 'A'], ['E', 'D', 'C', 'B', 'A']]",C,1.0,1.0,1.0,1.0,1.0,1.0,1.0,1.0,1.0,1.0,1.0,1.0,1.0,1.0,1.0,1.0,1.0,1.0,1.0,1.0,0.0
3170,We should end mandatory retirement,"[['E', 'D', 'C', 'B', 'A'], ['E', 'D', 'C', 'B', 'A']]",D,1.0,1.0,1.0,1.0,1.0,1.0,0.0,0.0,0.0,0.0,0.0,0.0,0.0,0.0,0.0,0.0,0.0,0.0,0.0,0.0,0.0
3170,We should end mandatory retirement,"[['E', 'D', 'C', 'B', 'A'], ['E', 'D', 'C', 'B', 'A']]",E,1.0,0.0,0.0,0.0,0.0,0.0,0.0,0.0,0.0,0.0,0.0,0.0,0.0,0.0,0.0,0.0,0.0,0.0,0.0,0.0,0.0
3194,We should abandon television,"[['E', 'D', 'C', 'B', 'A'], ['E', 'D', 'C', 'B', 'A']]",A,1.0,0.0,0.0,0.0,0.0,0.0,0.0,0.0,0.0,0.0,0.0,0.0,0.0,0.0,0.0,0.0,0.0,0.0,0.0,0.0,0.0
3194,We should abandon television,"[['E', 'D', 'C', 'B', 'A'], ['E', 'D', 'C', 'B', 'A']]",B,1.0,0.0,0.0,0.0,0.0,0.0,0.0,0.0,0.0,0.0,0.0,0.0,0.0,0.0,0.0,0.0,0.0,0.0,0.0,0.0,0.0
3194,We should abandon television,"[['E', 'D', 'C', 'B', 'A'], ['E', 'D', 'C', 'B', 'A']]",C,1.0,1.0,0.0,0.0,0.0,0.0,0.0,0.0,0.0,0.0,0.0,0.0,0.0,0.0,0.0,0.0,0.0,0.0,0.0,0.0,0.0
3194,We should abandon television,"[['E', 'D', 'C', 'B', 'A'], ['E', 'D', 'C', 'B', 'A']]",D,1.0,1.0,1.0,1.0,1.0,1.0,1.0,1.0,1.0,0.0,0.0,0.0,0.0,0.0,0.0,0.0,0.0,0.0,0.0,0.0,0.0
3194,We should abandon television,"[['E', 'D', 'C', 'B', 'A'], ['E', 'D', 'C', 'B', 'A']]",E,1.0,1.0,1.0,1.0,1.0,1.0,1.0,1.0,1.0,1.0,1.0,1.0,1.0,1.0,1.0,1.0,1.0,1.0,1.0,1.0,0.0
3195,Casinos should be banned,"[['E', 'D', 'C', 'B', 'A'], ['E', 'D', 'C', 'B', 'A']]",A,1.0,0.0,0.0,0.0,0.0,0.0,0.0,0.0,0.0,0.0,0.0,0.0,0.0,0.0,0.0,0.0,0.0,0.0,0.0,0.0,0.0
3195,Casinos should be banned,"[['E', 'D', 'C', 'B', 'A'], ['E', 'D', 'C', 'B', 'A']]",B,1.0,0.0,0.0,0.0,0.0,0.0,0.0,0.0,0.0,0.0,0.0,0.0,0.0,0.0,0.0,0.0,0.0,0.0,0.0,0.0,0.0
3195,Casinos should be banned,"[['E', 'D', 'C', 'B', 'A'], ['E', 'D', 'C', 'B', 'A']]",C,1.0,1.0,1.0,1.0,1.0,1.0,1.0,1.0,1.0,1.0,1.0,1.0,1.0,1.0,1.0,1.0,1.0,0.0,0.0,0.0,0.0
3195,Casinos should be banned,"[['E', 'D', 'C', 'B', 'A'], ['E', 'D', 'C', 'B', 'A']]",D,1.0,1.0,1.0,1.0,1.0,1.0,1.0,1.0,1.0,1.0,1.0,1.0,1.0,1.0,1.0,0.0,0.0,0.0,0.0,0.0,0.0
3195,Casinos should be banned,"[['E', 'D', 'C', 'B', 'A'], ['E', 'D', 'C', 'B', 'A']]",E,1.0,1.0,1.0,1.0,1.0,1.0,1.0,1.0,1.0,1.0,1.0,1.0,1.0,1.0,1.0,1.0,1.0,1.0,1.0,1.0,0.0
3196,We should increase immigration to the United States,"[['E', 'D', 'C', 'B', 'A'], ['E', 'D', 'C', 'B', 'A']]",A,1.0,1.0,1.0,1.0,1.0,1.0,1.0,1.0,1.0,1.0,1.0,1.0,1.0,1.0,1.0,1.0,1.0,1.0,1.0,1.0,0.0
3196,We should increase immigration to the United States,"[['E', 'D', 'C', 'B', 'A'], ['E', 'D', 'C', 'B', 'A']]",B,1.0,0.0,0.0,0.0,0.0,0.0,0.0,0.0,0.0,0.0,0.0,0.0,0.0,0.0,0.0,0.0,0.0,0.0,0.0,0.0,0.0
3196,We should increase immigration to the United States,"[['E', 'D', 'C', 'B', 'A'], ['E', 'D', 'C', 'B', 'A']]",C,1.0,1.0,1.0,1.0,1.0,1.0,1.0,1.0,1.0,1.0,1.0,1.0,1.0,1.0,1.0,1.0,1.0,1.0,1.0,1.0,0.0
3196,We should increase immigration to the United States,"[['E', 'D', 'C', 'B', 'A'], ['E', 'D', 'C', 'B', 'A']]",D,1.0,1.0,1.0,1.0,1.0,1.0,1.0,1.0,1.0,1.0,1.0,1.0,1.0,1.0,1.0,1.0,1.0,1.0,1.0,1.0,0.0
3196,We should increase immigration to the United States,"[['E', 'D', 'C', 'B', 'A'], ['E', 'D', 'C', 'B', 'A']]",E,1.0,1.0,1.0,1.0,1.0,1.0,1.0,1.0,1.0,1.0,1.0,1.0,1.0,1.0,1.0,1.0,1.0,1.0,1.0,1.0,0.0
3201,We should subsidize embryonic stem cell research,"[['E', 'D', 'C', 'B', 'A'], ['E', 'D', 'C', 'B', 'A']]",A,1.0,1.0,1.0,1.0,1.0,1.0,1.0,1.0,1.0,1.0,1.0,1.0,1.0,1.0,1.0,1.0,1.0,1.0,1.0,1.0,0.0
3201,We should subsidize embryonic stem cell research,"[['E', 'D', 'C', 'B', 'A'], ['E', 'D', 'C', 'B', 'A']]",B,1.0,0.0,0.0,0.0,0.0,0.0,0.0,0.0,0.0,0.0,0.0,0.0,0.0,0.0,0.0,0.0,0.0,0.0,0.0,0.0,0.0
3201,We should subsidize embryonic stem cell research,"[['E', 'D', 'C', 'B', 'A'], ['E', 'D', 'C', 'B', 'A']]",C,1.0,1.0,1.0,1.0,1.0,1.0,1.0,1.0,1.0,1.0,1.0,1.0,1.0,1.0,1.0,1.0,1.0,1.0,1.0,1.0,0.0
3201,We should subsidize embryonic stem cell research,"[['E', 'D', 'C', 'B', 'A'], ['E', 'D', 'C', 'B', 'A']]",D,1.0,1.0,1.0,1.0,0.0,0.0,0.0,0.0,0.0,0.0,0.0,0.0,0.0,0.0,0.0,0.0,0.0,0.0,0.0,0.0,0.0
3201,We should subsidize embryonic stem cell research,"[['E', 'D', 'C', 'B', 'A'], ['E', 'D', 'C', 'B', 'A']]",E,1.0,1.0,1.0,1.0,1.0,1.0,1.0,1.0,1.0,1.0,1.0,1.0,1.0,1.0,1.0,1.0,1.0,1.0,1.0,1.0,0.0
3222,We should abolish bitcoins,"[['E', 'D', 'C', 'B', 'A'], ['E', 'D', 'C', 'B', 'A']]",A,1.0,1.0,1.0,1.0,1.0,1.0,1.0,1.0,1.0,1.0,1.0,1.0,1.0,1.0,1.0,1.0,1.0,1.0,1.0,1.0,0.0
3222,We should abolish bitcoins,"[['E', 'D', 'C', 'B', 'A'], ['E', 'D', 'C', 'B', 'A']]",B,1.0,1.0,0.0,0.0,0.0,0.0,0.0,0.0,0.0,0.0,0.0,0.0,0.0,0.0,0.0,0.0,0.0,0.0,0.0,0.0,0.0
3222,We should abolish bitcoins,"[['E', 'D', 'C', 'B', 'A'], ['E', 'D', 'C', 'B', 'A']]",C,1.0,1.0,1.0,1.0,1.0,1.0,1.0,1.0,1.0,1.0,1.0,1.0,1.0,1.0,1.0,1.0,1.0,1.0,0.0,0.0,0.0
3222,We should abolish bitcoins,"[['E', 'D', 'C', 'B', 'A'], ['E', 'D', 'C', 'B', 'A']]",D,1.0,1.0,1.0,1.0,1.0,1.0,1.0,1.0,1.0,1.0,1.0,1.0,1.0,1.0,1.0,0.0,0.0,0.0,0.0,0.0,0.0
3222,We should abolish bitcoins,"[['E', 'D', 'C', 'B', 'A'], ['E', 'D', 'C', 'B', 'A']]",E,1.0,1.0,1.0,1.0,1.0,1.0,1.0,1.0,1.0,1.0,1.0,1.0,1.0,1.0,1.0,0.0,0.0,0.0,0.0,0.0,0.0
3223,We should fight global warming,"[['E', 'D', 'C', 'B', 'A'], ['E', 'D', 'C', 'B', 'A']]",A,1.0,1.0,1.0,1.0,1.0,1.0,1.0,1.0,1.0,1.0,1.0,1.0,1.0,1.0,1.0,1.0,1.0,1.0,1.0,1.0,0.0
3223,We should fight global warming,"[['E', 'D', 'C', 'B', 'A'], ['E', 'D', 'C', 'B', 'A']]",B,1.0,0.0,0.0,0.0,0.0,0.0,0.0,0.0,0.0,0.0,0.0,0.0,0.0,0.0,0.0,0.0,0.0,0.0,0.0,0.0,0.0
3223,We should fight global warming,"[['E', 'D', 'C', 'B', 'A'], ['E', 'D', 'C', 'B', 'A']]",C,1.0,1.0,1.0,1.0,1.0,1.0,1.0,1.0,1.0,1.0,1.0,1.0,1.0,1.0,1.0,1.0,1.0,1.0,1.0,1.0,0.0
3223,We should fight global warming,"[['E', 'D', 'C', 'B', 'A'], ['E', 'D', 'C', 'B', 'A']]",D,1.0,1.0,1.0,1.0,1.0,1.0,1.0,1.0,1.0,1.0,1.0,1.0,1.0,1.0,1.0,0.0,0.0,0.0,0.0,0.0,0.0
3223,We should fight global warming,"[['E', 'D', 'C', 'B', 'A'], ['E', 'D', 'C', 'B', 'A']]",E,1.0,1.0,1.0,1.0,1.0,1.0,1.0,1.0,1.0,1.0,1.0,1.0,1.0,1.0,0.0,0.0,0.0,0.0,0.0,0.0,0.0
3234,The use of AI should be abandoned,"[['E', 'D', 'C', 'B', 'A'], ['E', 'D', 'C', 'B', 'A']]",A,1.0,0.0,0.0,0.0,0.0,0.0,0.0,0.0,0.0,0.0,0.0,0.0,0.0,0.0,0.0,0.0,0.0,0.0,0.0,0.0,0.0
3234,The use of AI should be abandoned,"[['E', 'D', 'C', 'B', 'A'], ['E', 'D', 'C', 'B', 'A']]",B,1.0,0.0,0.0,0.0,0.0,0.0,0.0,0.0,0.0,0.0,0.0,0.0,0.0,0.0,0.0,0.0,0.0,0.0,0.0,0.0,0.0
3234,The use of AI should be abandoned,"[['E', 'D', 'C', 'B', 'A'], ['E', 'D', 'C', 'B', 'A']]",C,1.0,1.0,0.0,0.0,0.0,0.0,0.0,0.0,0.0,0.0,0.0,0.0,0.0,0.0,0.0,0.0,0.0,0.0,0.0,0.0,0.0
3234,The use of AI should be abandoned,"[['E', 'D', 'C', 'B', 'A'], ['E', 'D', 'C', 'B', 'A']]",D,1.0,0.0,0.0,0.0,0.0,0.0,0.0,0.0,0.0,0.0,0.0,0.0,0.0,0.0,0.0,0.0,0.0,0.0,0.0,0.0,0.0
3234,The use of AI should be abandoned,"[['E', 'D', 'C', 'B', 'A'], ['E', 'D', 'C', 'B', 'A']]",E,1.0,1.0,1.0,1.0,1.0,1.0,1.0,1.0,1.0,1.0,1.0,1.0,1.0,1.0,1.0,1.0,1.0,1.0,1.0,1.0,0.0
3263,We should end the use of economic sanctions,"[['E', 'D', 'C', 'B', 'A'], ['E', 'D', 'C', 'B', 'A']]",A,1.0,1.0,1.0,1.0,1.0,1.0,1.0,1.0,1.0,1.0,1.0,1.0,1.0,1.0,1.0,1.0,1.0,1.0,1.0,1.0,0.0
3263,We should end the use of economic sanctions,"[['E', 'D', 'C', 'B', 'A'], ['E', 'D', 'C', 'B', 'A']]",B,1.0,1.0,1.0,0.0,0.0,0.0,0.0,0.0,0.0,0.0,0.0,0.0,0.0,0.0,0.0,0.0,0.0,0.0,0.0,0.0,0.0
3263,We should end the use of economic sanctions,"[['E', 'D', 'C', 'B', 'A'], ['E', 'D', 'C', 'B', 'A']]",C,1.0,1.0,1.0,1.0,1.0,1.0,1.0,1.0,1.0,1.0,1.0,1.0,1.0,1.0,1.0,1.0,1.0,0.0,0.0,0.0,0.0
3263,We should end the use of economic sanctions,"[['E', 'D', 'C', 'B', 'A'], ['E', 'D', 'C', 'B', 'A']]",D,1.0,1.0,1.0,1.0,1.0,1.0,1.0,1.0,1.0,1.0,1.0,1.0,1.0,1.0,0.0,0.0,0.0,0.0,0.0,0.0,0.0
3263,We should end the use of economic sanctions,"[['E', 'D', 'C', 'B', 'A'], ['E', 'D', 'C', 'B', 'A']]",E,1.0,1.0,1.0,1.0,1.0,1.0,1.0,1.0,1.0,1.0,1.0,1.0,1.0,1.0,1.0,1.0,1.0,1.0,1.0,1.0,0.0
3279,Blockade of the Gaza Strip should be ended,"[['E', 'D', 'C', 'B', 'A'], ['E', 'D', 'C', 'B', 'A']]",A,1.0,1.0,1.0,1.0,1.0,1.0,1.0,1.0,1.0,1.0,1.0,1.0,1.0,1.0,1.0,1.0,1.0,1.0,1.0,1.0,0.0
3279,Blockade of the Gaza Strip should be ended,"[['E', 'D', 'C', 'B', 'A'], ['E', 'D', 'C', 'B', 'A']]",B,1.0,0.0,0.0,0.0,0.0,0.0,0.0,0.0,0.0,0.0,0.0,0.0,0.0,0.0,0.0,0.0,0.0,0.0,0.0,0.0,0.0
3279,Blockade of the Gaza Strip should be ended,"[['E', 'D', 'C', 'B', 'A'], ['E', 'D', 'C', 'B', 'A']]",C,1.0,1.0,1.0,1.0,1.0,1.0,1.0,1.0,1.0,1.0,1.0,1.0,1.0,1.0,1.0,1.0,1.0,1.0,1.0,1.0,0.0
3279,Blockade of the Gaza Strip should be ended,"[['E', 'D', 'C', 'B', 'A'], ['E', 'D', 'C', 'B', 'A']]",D,1.0,1.0,1.0,1.0,1.0,1.0,1.0,1.0,1.0,1.0,1.0,1.0,1.0,1.0,0.0,0.0,0.0,0.0,0.0,0.0,0.0
3279,Blockade of the Gaza Strip should be ended,"[['E', 'D', 'C', 'B', 'A'], ['E', 'D', 'C', 'B', 'A']]",E,1.0,1.0,1.0,1.0,1.0,1.0,1.0,1.0,1.0,1.0,1.0,1.0,1.0,1.0,1.0,1.0,1.0,1.0,1.0,1.0,0.0
3581,We should end cheerleading,"[['E', 'D', 'C', 'B', 'A'], ['E', 'D', 'C', 'B', 'A']]",A,1.0,0.0,0.0,0.0,0.0,0.0,0.0,0.0,0.0,0.0,0.0,0.0,0.0,0.0,0.0,0.0,0.0,0.0,0.0,0.0,0.0
3581,We should end cheerleading,"[['E', 'D', 'C', 'B', 'A'], ['E', 'D', 'C', 'B', 'A']]",B,1.0,0.0,0.0,0.0,0.0,0.0,0.0,0.0,0.0,0.0,0.0,0.0,0.0,0.0,0.0,0.0,0.0,0.0,0.0,0.0,0.0
3581,We should end cheerleading,"[['E', 'D', 'C', 'B', 'A'], ['E', 'D', 'C', 'B', 'A']]",C,1.0,1.0,1.0,1.0,1.0,1.0,1.0,1.0,1.0,1.0,1.0,1.0,0.0,0.0,0.0,0.0,0.0,0.0,0.0,0.0,0.0
3581,We should end cheerleading,"[['E', 'D', 'C', 'B', 'A'], ['E', 'D', 'C', 'B', 'A']]",D,1.0,1.0,1.0,1.0,1.0,0.0,0.0,0.0,0.0,0.0,0.0,0.0,0.0,0.0,0.0,0.0,0.0,0.0,0.0,0.0,0.0
3581,We should end cheerleading,"[['E', 'D', 'C', 'B', 'A'], ['E', 'D', 'C', 'B', 'A']]",E,1.0,1.0,1.0,1.0,1.0,1.0,1.0,1.0,1.0,1.0,1.0,1.0,1.0,1.0,1.0,1.0,1.0,1.0,1.0,1.0,0.0
3699,We should abolish primary elections,"[['E', 'D', 'C', 'B', 'A'], ['E', 'D', 'C', 'B', 'A']]",A,1.0,1.0,1.0,1.0,1.0,1.0,1.0,1.0,1.0,1.0,1.0,1.0,1.0,1.0,1.0,1.0,1.0,1.0,1.0,1.0,0.0
3699,We should abolish primary elections,"[['E', 'D', 'C', 'B', 'A'], ['E', 'D', 'C', 'B', 'A']]",B,1.0,1.0,1.0,1.0,0.0,0.0,0.0,0.0,0.0,0.0,0.0,0.0,0.0,0.0,0.0,0.0,0.0,0.0,0.0,0.0,0.0
3699,We should abolish primary elections,"[['E', 'D', 'C', 'B', 'A'], ['E', 'D', 'C', 'B', 'A']]",C,1.0,1.0,1.0,1.0,1.0,1.0,1.0,1.0,1.0,1.0,1.0,1.0,1.0,1.0,0.0,0.0,0.0,0.0,0.0,0.0,0.0
3699,We should abolish primary elections,"[['E', 'D', 'C', 'B', 'A'], ['E', 'D', 'C', 'B', 'A']]",D,1.0,1.0,1.0,0.0,0.0,0.0,0.0,0.0,0.0,0.0,0.0,0.0,0.0,0.0,0.0,0.0,0.0,0.0,0.0,0.0,0.0
3699,We should abolish primary elections,"[['E', 'D', 'C', 'B', 'A'], ['E', 'D', 'C', 'B', 'A']]",E,1.0,1.0,1.0,1.0,1.0,1.0,1.0,1.0,1.0,1.0,1.0,1.0,1.0,1.0,1.0,1.0,1.0,1.0,1.0,1.0,0.0
3759,Tattoos should be banned,"[['E', 'D', 'C', 'B', 'A'], ['E', 'D', 'C', 'B', 'A']]",A,1.0,0.0,0.0,0.0,0.0,0.0,0.0,0.0,0.0,0.0,0.0,0.0,0.0,0.0,0.0,0.0,0.0,0.0,0.0,0.0,0.0
3759,Tattoos should be banned,"[['E', 'D', 'C', 'B', 'A'], ['E', 'D', 'C', 'B', 'A']]",B,1.0,0.0,0.0,0.0,0.0,0.0,0.0,0.0,0.0,0.0,0.0,0.0,0.0,0.0,0.0,0.0,0.0,0.0,0.0,0.0,0.0
3759,Tattoos should be banned,"[['E', 'D', 'C', 'B', 'A'], ['E', 'D', 'C', 'B', 'A']]",C,1.0,1.0,1.0,0.0,0.0,0.0,0.0,0.0,0.0,0.0,0.0,0.0,0.0,0.0,0.0,0.0,0.0,0.0,0.0,0.0,0.0
3759,Tattoos should be banned,"[['E', 'D', 'C', 'B', 'A'], ['E', 'D', 'C', 'B', 'A']]",D,1.0,1.0,1.0,1.0,1.0,1.0,1.0,0.0,0.0,0.0,0.0,0.0,0.0,0.0,0.0,0.0,0.0,0.0,0.0,0.0,0.0
3759,Tattoos should be banned,"[['E', 'D', 'C', 'B', 'A'], ['E', 'D', 'C', 'B', 'A']]",E,1.0,1.0,1.0,1.0,1.0,1.0,1.0,1.0,1.0,1.0,1.0,1.0,1.0,1.0,1.0,1.0,1.0,1.0,1.0,1.0,0.0
802,We should protect Antarctica,"[['E', 'D', 'C', 'B', 'A'], ['E', 'D', 'C', 'B', 'A']]",A,1.0,1.0,1.0,1.0,1.0,1.0,1.0,1.0,1.0,1.0,1.0,1.0,1.0,1.0,1.0,1.0,1.0,1.0,1.0,1.0,0.0
802,We should protect Antarctica,"[['E', 'D', 'C', 'B', 'A'], ['E', 'D', 'C', 'B', 'A']]",B,1.0,0.0,0.0,0.0,0.0,0.0,0.0,0.0,0.0,0.0,0.0,0.0,0.0,0.0,0.0,0.0,0.0,0.0,0.0,0.0,0.0
802,We should protect Antarctica,"[['E', 'D', 'C', 'B', 'A'], ['E', 'D', 'C', 'B', 'A']]",C,1.0,1.0,1.0,1.0,1.0,1.0,1.0,1.0,1.0,1.0,1.0,1.0,1.0,1.0,1.0,1.0,1.0,1.0,1.0,1.0,0.0
802,We should protect Antarctica,"[['E', 'D', 'C', 'B', 'A'], ['E', 'D', 'C', 'B', 'A']]",D,1.0,1.0,1.0,1.0,1.0,1.0,1.0,1.0,1.0,1.0,1.0,1.0,1.0,1.0,1.0,0.0,0.0,0.0,0.0,0.0,0.0
802,We should protect Antarctica,"[['E', 'D', 'C', 'B', 'A'], ['E', 'D', 'C', 'B', 'A']]",E,1.0,1.0,1.0,1.0,1.0,1.0,1.0,1.0,1.0,1.0,1.0,1.0,1.0,1.0,1.0,1.0,1.0,1.0,0.0,0.0,0.0
2122,We should further exploit green technology,"[['E', 'D', 'C', 'B', 'A'], ['E', 'D', 'C', 'B', 'A']]",A,1.0,1.0,1.0,1.0,1.0,1.0,1.0,1.0,1.0,1.0,1.0,1.0,1.0,1.0,1.0,1.0,1.0,1.0,1.0,1.0,0.0
2122,We should further exploit green technology,"[['E', 'D', 'C', 'B', 'A'], ['E', 'D', 'C', 'B', 'A']]",B,1.0,0.0,0.0,0.0,0.0,0.0,0.0,0.0,0.0,0.0,0.0,0.0,0.0,0.0,0.0,0.0,0.0,0.0,0.0,0.0,0.0
2122,We should further exploit green technology,"[['E', 'D', 'C', 'B', 'A'], ['E', 'D', 'C', 'B', 'A']]",C,1.0,1.0,1.0,1.0,1.0,1.0,1.0,1.0,1.0,1.0,1.0,1.0,1.0,1.0,1.0,0.0,0.0,0.0,0.0,0.0,0.0
2122,We should further exploit green technology,"[['E', 'D', 'C', 'B', 'A'], ['E', 'D', 'C', 'B', 'A']]",D,1.0,1.0,1.0,1.0,1.0,1.0,1.0,1.0,1.0,1.0,1.0,1.0,1.0,1.0,1.0,1.0,1.0,1.0,0.0,0.0,0.0
2122,We should further exploit green technology,"[['E', 'D', 'C', 'B', 'A'], ['E', 'D', 'C', 'B', 'A']]",E,1.0,1.0,1.0,1.0,1.0,1.0,1.0,1.0,1.0,1.0,1.0,1.0,1.0,1.0,1.0,1.0,1.0,1.0,0.0,0.0,0.0
2124,We should subsidize higher education,"[['E', 'D', 'C', 'B', 'A'], ['E', 'D', 'C', 'B', 'A']]",A,1.0,1.0,1.0,1.0,1.0,1.0,1.0,1.0,1.0,1.0,1.0,1.0,1.0,1.0,1.0,1.0,1.0,1.0,1.0,1.0,0.0
2124,We should subsidize higher education,"[['E', 'D', 'C', 'B', 'A'], ['E', 'D', 'C', 'B', 'A']]",B,1.0,0.0,0.0,0.0,0.0,0.0,0.0,0.0,0.0,0.0,0.0,0.0,0.0,0.0,0.0,0.0,0.0,0.0,0.0,0.0,0.0
2124,We should subsidize higher education,"[['E', 'D', 'C', 'B', 'A'], ['E', 'D', 'C', 'B', 'A']]",C,1.0,1.0,1.0,1.0,1.0,1.0,1.0,1.0,1.0,1.0,1.0,1.0,1.0,1.0,1.0,1.0,1.0,1.0,1.0,1.0,0.0
2124,We should subsidize higher education,"[['E', 'D', 'C', 'B', 'A'], ['E', 'D', 'C', 'B', 'A']]",D,1.0,1.0,1.0,1.0,1.0,1.0,1.0,1.0,1.0,1.0,1.0,0.0,0.0,0.0,0.0,0.0,0.0,0.0,0.0,0.0,0.0
2124,We should subsidize higher education,"[['E', 'D', 'C', 'B', 'A'], ['E', 'D', 'C', 'B', 'A']]",E,1.0,1.0,1.0,1.0,1.0,1.0,1.0,1.0,1.0,1.0,1.0,1.0,1.0,1.0,1.0,1.0,1.0,1.0,1.0,1.0,0.0
2184,We should legalize public nudity,"[['E', 'D', 'C', 'B', 'A'], ['E', 'D', 'C', 'B', 'A']]",A,1.0,1.0,1.0,1.0,1.0,1.0,1.0,1.0,1.0,1.0,1.0,1.0,1.0,1.0,1.0,1.0,1.0,1.0,1.0,1.0,0.0
2184,We should legalize public nudity,"[['E', 'D', 'C', 'B', 'A'], ['E', 'D', 'C', 'B', 'A']]",B,1.0,0.0,0.0,0.0,0.0,0.0,0.0,0.0,0.0,0.0,0.0,0.0,0.0,0.0,0.0,0.0,0.0,0.0,0.0,0.0,0.0
2184,We should legalize public nudity,"[['E', 'D', 'C', 'B', 'A'], ['E', 'D', 'C', 'B', 'A']]",C,1.0,1.0,1.0,1.0,1.0,1.0,1.0,1.0,1.0,1.0,1.0,1.0,1.0,1.0,1.0,1.0,1.0,1.0,1.0,1.0,0.0
2184,We should legalize public nudity,"[['E', 'D', 'C', 'B', 'A'], ['E', 'D', 'C', 'B', 'A']]",D,1.0,1.0,1.0,1.0,1.0,1.0,1.0,0.0,0.0,0.0,0.0,0.0,0.0,0.0,0.0,0.0,0.0,0.0,0.0,0.0,0.0
2184,We should legalize public nudity,"[['E', 'D', 'C', 'B', 'A'], ['E', 'D', 'C', 'B', 'A']]",E,1.0,1.0,1.0,1.0,1.0,1.0,1.0,1.0,1.0,1.0,1.0,1.0,1.0,1.0,1.0,1.0,1.0,1.0,1.0,1.0,0.0
2225,We should ban factory farming,"[['E', 'D', 'C', 'B', 'A'], ['E', 'D', 'C', 'B', 'A']]",A,1.0,1.0,1.0,1.0,1.0,1.0,1.0,1.0,1.0,1.0,1.0,1.0,1.0,1.0,1.0,1.0,1.0,1.0,1.0,1.0,0.0
2225,We should ban factory farming,"[['E', 'D', 'C', 'B', 'A'], ['E', 'D', 'C', 'B', 'A']]",B,1.0,0.0,0.0,0.0,0.0,0.0,0.0,0.0,0.0,0.0,0.0,0.0,0.0,0.0,0.0,0.0,0.0,0.0,0.0,0.0,0.0
2225,We should ban factory farming,"[['E', 'D', 'C', 'B', 'A'], ['E', 'D', 'C', 'B', 'A']]",C,1.0,1.0,1.0,1.0,1.0,1.0,1.0,1.0,1.0,1.0,1.0,0.0,0.0,0.0,0.0,0.0,0.0,0.0,0.0,0.0,0.0
2225,We should ban factory farming,"[['E', 'D', 'C', 'B', 'A'], ['E', 'D', 'C', 'B', 'A']]",D,1.0,1.0,1.0,1.0,1.0,1.0,1.0,1.0,1.0,1.0,1.0,1.0,1.0,1.0,1.0,1.0,1.0,1.0,1.0,1.0,0.0
2225,We should ban factory farming,"[['E', 'D', 'C', 'B', 'A'], ['E', 'D', 'C', 'B', 'A']]",E,1.0,1.0,1.0,1.0,1.0,1.0,1.0,1.0,1.0,1.0,1.0,1.0,1.0,1.0,1.0,1.0,1.0,1.0,1.0,1.0,0.0
2227,We should ban whaling,"[['E', 'D', 'C', 'B', 'A'], ['E', 'D', 'C', 'B', 'A']]",A,1.0,1.0,1.0,1.0,1.0,1.0,1.0,1.0,1.0,1.0,1.0,1.0,1.0,1.0,1.0,1.0,1.0,1.0,1.0,1.0,0.0
2227,We should ban whaling,"[['E', 'D', 'C', 'B', 'A'], ['E', 'D', 'C', 'B', 'A']]",B,1.0,0.0,0.0,0.0,0.0,0.0,0.0,0.0,0.0,0.0,0.0,0.0,0.0,0.0,0.0,0.0,0.0,0.0,0.0,0.0,0.0
2227,We should ban whaling,"[['E', 'D', 'C', 'B', 'A'], ['E', 'D', 'C', 'B', 'A']]",C,1.0,1.0,1.0,1.0,1.0,1.0,1.0,1.0,1.0,1.0,1.0,1.0,1.0,1.0,1.0,0.0,0.0,0.0,0.0,0.0,0.0
2227,We should ban whaling,"[['E', 'D', 'C', 'B', 'A'], ['E', 'D', 'C', 'B', 'A']]",D,1.0,1.0,1.0,1.0,1.0,1.0,1.0,1.0,1.0,1.0,1.0,1.0,1.0,1.0,1.0,1.0,1.0,1.0,1.0,1.0,0.0
2227,We should ban whaling,"[['E', 'D', 'C', 'B', 'A'], ['E', 'D', 'C', 'B', 'A']]",E,1.0,1.0,1.0,1.0,1.0,1.0,1.0,1.0,1.0,1.0,1.0,1.0,1.0,1.0,1.0,1.0,1.0,1.0,1.0,1.0,0.0
2482,We should limit the use of birth control,"[['E', 'D', 'C', 'B', 'A'], ['E', 'D', 'C', 'B', 'A']]",A,1.0,1.0,1.0,1.0,1.0,1.0,1.0,1.0,1.0,1.0,1.0,1.0,1.0,1.0,1.0,1.0,1.0,1.0,1.0,1.0,0.0
2482,We should limit the use of birth control,"[['E', 'D', 'C', 'B', 'A'], ['E', 'D', 'C', 'B', 'A']]",B,1.0,1.0,1.0,1.0,1.0,0.0,0.0,0.0,0.0,0.0,0.0,0.0,0.0,0.0,0.0,0.0,0.0,0.0,0.0,0.0,0.0
2482,We should limit the use of birth control,"[['E', 'D', 'C', 'B', 'A'], ['E', 'D', 'C', 'B', 'A']]",C,1.0,1.0,1.0,1.0,1.0,1.0,1.0,1.0,1.0,1.0,1.0,1.0,1.0,1.0,1.0,1.0,1.0,1.0,0.0,0.0,0.0
2482,We should limit the use of birth control,"[['E', 'D', 'C', 'B', 'A'], ['E', 'D', 'C', 'B', 'A']]",D,1.0,0.0,0.0,0.0,0.0,0.0,0.0,0.0,0.0,0.0,0.0,0.0,0.0,0.0,0.0,0.0,0.0,0.0,0.0,0.0,0.0
2482,We should limit the use of birth control,"[['E', 'D', 'C', 'B', 'A'], ['E', 'D', 'C', 'B', 'A']]",E,1.0,1.0,1.0,1.0,1.0,1.0,1.0,1.0,1.0,1.0,1.0,1.0,1.0,1.0,1.0,1.0,1.0,1.0,1.0,1.0,0.0
2483,We should ban anonymous posts,"[['E', 'D', 'C', 'B', 'A'], ['E', 'D', 'C', 'B', 'A']]",A,1.0,1.0,1.0,1.0,1.0,1.0,1.0,1.0,1.0,1.0,1.0,1.0,1.0,1.0,1.0,1.0,1.0,1.0,1.0,1.0,0.0
2483,We should ban anonymous posts,"[['E', 'D', 'C', 'B', 'A'], ['E', 'D', 'C', 'B', 'A']]",B,1.0,0.0,0.0,0.0,0.0,0.0,0.0,0.0,0.0,0.0,0.0,0.0,0.0,0.0,0.0,0.0,0.0,0.0,0.0,0.0,0.0
2483,We should ban anonymous posts,"[['E', 'D', 'C', 'B', 'A'], ['E', 'D', 'C', 'B', 'A']]",C,1.0,1.0,1.0,1.0,1.0,1.0,1.0,1.0,1.0,1.0,1.0,0.0,0.0,0.0,0.0,0.0,0.0,0.0,0.0,0.0,0.0
2483,We should ban anonymous posts,"[['E', 'D', 'C', 'B', 'A'], ['E', 'D', 'C', 'B', 'A']]",D,1.0,1.0,1.0,1.0,1.0,1.0,1.0,0.0,0.0,0.0,0.0,0.0,0.0,0.0,0.0,0.0,0.0,0.0,0.0,0.0,0.0
2483,We should ban anonymous posts,"[['E', 'D', 'C', 'B', 'A'], ['E', 'D', 'C', 'B', 'A']]",E,1.0,1.0,1.0,1.0,1.0,1.0,1.0,1.0,1.0,1.0,1.0,1.0,1.0,1.0,1.0,1.0,1.0,1.0,1.0,1.0,0.0
2588,Assisted suicide should be a criminal offence,"[['E', 'D', 'C', 'B', 'A'], ['E', 'D', 'C', 'B', 'A']]",A,1.0,1.0,1.0,1.0,1.0,0.0,0.0,0.0,0.0,0.0,0.0,0.0,0.0,0.0,0.0,0.0,0.0,0.0,0.0,0.0,0.0
2588,Assisted suicide should be a criminal offence,"[['E', 'D', 'C', 'B', 'A'], ['E', 'D', 'C', 'B', 'A']]",B,1.0,0.0,0.0,0.0,0.0,0.0,0.0,0.0,0.0,0.0,0.0,0.0,0.0,0.0,0.0,0.0,0.0,0.0,0.0,0.0,0.0
2588,Assisted suicide should be a criminal offence,"[['E', 'D', 'C', 'B', 'A'], ['E', 'D', 'C', 'B', 'A']]",C,1.0,1.0,1.0,1.0,1.0,1.0,1.0,1.0,1.0,1.0,1.0,1.0,1.0,1.0,1.0,1.0,1.0,1.0,1.0,1.0,0.0
2588,Assisted suicide should be a criminal offence,"[['E', 'D', 'C', 'B', 'A'], ['E', 'D', 'C', 'B', 'A']]",D,1.0,0.0,0.0,0.0,0.0,0.0,0.0,0.0,0.0,0.0,0.0,0.0,0.0,0.0,0.0,0.0,0.0,0.0,0.0,0.0,0.0
2588,Assisted suicide should be a criminal offence,"[['E', 'D', 'C', 'B', 'A'], ['E', 'D', 'C', 'B', 'A']]",E,1.0,1.0,1.0,1.0,1.0,1.0,1.0,1.0,1.0,1.0,1.0,1.0,1.0,1.0,1.0,1.0,1.0,1.0,1.0,1.0,0.0
2613,We should abolish the two-party system,"[['E', 'D', 'C', 'B', 'A'], ['E', 'D', 'C', 'B', 'A']]",A,1.0,1.0,1.0,1.0,1.0,1.0,1.0,1.0,1.0,1.0,1.0,1.0,1.0,1.0,1.0,1.0,1.0,1.0,1.0,1.0,0.0
2613,We should abolish the two-party system,"[['E', 'D', 'C', 'B', 'A'], ['E', 'D', 'C', 'B', 'A']]",B,1.0,0.0,0.0,0.0,0.0,0.0,0.0,0.0,0.0,0.0,0.0,0.0,0.0,0.0,0.0,0.0,0.0,0.0,0.0,0.0,0.0
2613,We should abolish the two-party system,"[['E', 'D', 'C', 'B', 'A'], ['E', 'D', 'C', 'B', 'A']]",C,1.0,1.0,1.0,1.0,1.0,1.0,1.0,1.0,1.0,1.0,1.0,1.0,0.0,0.0,0.0,0.0,0.0,0.0,0.0,0.0,0.0
2613,We should abolish the two-party system,"[['E', 'D', 'C', 'B', 'A'], ['E', 'D', 'C', 'B', 'A']]",D,1.0,0.0,0.0,0.0,0.0,0.0,0.0,0.0,0.0,0.0,0.0,0.0,0.0,0.0,0.0,0.0,0.0,0.0,0.0,0.0,0.0
2613,We should abolish the two-party system,"[['E', 'D', 'C', 'B', 'A'], ['E', 'D', 'C', 'B', 'A']]",E,1.0,1.0,1.0,1.0,1.0,1.0,1.0,1.0,1.0,1.0,1.0,1.0,1.0,1.0,1.0,1.0,1.0,1.0,1.0,1.0,0.0
2621,We should disband the United Nations,"[['E', 'D', 'C', 'B', 'A'], ['E', 'D', 'C', 'B', 'A']]",A,1.0,1.0,1.0,1.0,1.0,1.0,1.0,1.0,1.0,1.0,1.0,1.0,1.0,1.0,1.0,1.0,1.0,0.0,0.0,0.0,0.0
2621,We should disband the United Nations,"[['E', 'D', 'C', 'B', 'A'], ['E', 'D', 'C', 'B', 'A']]",B,1.0,0.0,0.0,0.0,0.0,0.0,0.0,0.0,0.0,0.0,0.0,0.0,0.0,0.0,0.0,0.0,0.0,0.0,0.0,0.0,0.0
2621,We should disband the United Nations,"[['E', 'D', 'C', 'B', 'A'], ['E', 'D', 'C', 'B', 'A']]",C,1.0,1.0,1.0,1.0,1.0,1.0,1.0,1.0,0.0,0.0,0.0,0.0,0.0,0.0,0.0,0.0,0.0,0.0,0.0,0.0,0.0
2621,We should disband the United Nations,"[['E', 'D', 'C', 'B', 'A'], ['E', 'D', 'C', 'B', 'A']]",D,1.0,0.0,0.0,0.0,0.0,0.0,0.0,0.0,0.0,0.0,0.0,0.0,0.0,0.0,0.0,0.0,0.0,0.0,0.0,0.0,0.0
2621,We should disband the United Nations,"[['E', 'D', 'C', 'B', 'A'], ['E', 'D', 'C', 'B', 'A']]",E,1.0,1.0,1.0,1.0,1.0,1.0,1.0,1.0,1.0,1.0,1.0,1.0,1.0,1.0,1.0,1.0,1.0,1.0,1.0,1.0,0.0
2678,We should subsidize distance education,"[['E', 'D', 'C', 'B', 'A'], ['E', 'D', 'C', 'B', 'A']]",A,1.0,1.0,1.0,1.0,1.0,1.0,1.0,1.0,1.0,1.0,1.0,1.0,1.0,1.0,1.0,1.0,1.0,1.0,1.0,1.0,0.0
2678,We should subsidize distance education,"[['E', 'D', 'C', 'B', 'A'], ['E', 'D', 'C', 'B', 'A']]",B,1.0,0.0,0.0,0.0,0.0,0.0,0.0,0.0,0.0,0.0,0.0,0.0,0.0,0.0,0.0,0.0,0.0,0.0,0.0,0.0,0.0
2678,We should subsidize distance education,"[['E', 'D', 'C', 'B', 'A'], ['E', 'D', 'C', 'B', 'A']]",C,1.0,1.0,1.0,1.0,1.0,1.0,1.0,1.0,1.0,1.0,1.0,1.0,1.0,1.0,1.0,1.0,1.0,1.0,0.0,0.0,0.0
2678,We should subsidize distance education,"[['E', 'D', 'C', 'B', 'A'], ['E', 'D', 'C', 'B', 'A']]",D,1.0,1.0,1.0,1.0,1.0,1.0,1.0,1.0,1.0,1.0,0.0,0.0,0.0,0.0,0.0,0.0,0.0,0.0,0.0,0.0,0.0
2678,We should subsidize distance education,"[['E', 'D', 'C', 'B', 'A'], ['E', 'D', 'C', 'B', 'A']]",E,1.0,1.0,1.0,1.0,1.0,1.0,1.0,1.0,1.0,1.0,1.0,1.0,1.0,1.0,1.0,1.0,1.0,1.0,1.0,1.0,0.0
2689,We should subsidize Wikipedia,"[['E', 'D', 'C', 'B', 'A'], ['E', 'D', 'C', 'B', 'A']]",A,1.0,1.0,1.0,1.0,1.0,1.0,1.0,1.0,1.0,1.0,1.0,1.0,1.0,1.0,1.0,1.0,1.0,1.0,1.0,1.0,0.0
2689,We should subsidize Wikipedia,"[['E', 'D', 'C', 'B', 'A'], ['E', 'D', 'C', 'B', 'A']]",B,1.0,0.0,0.0,0.0,0.0,0.0,0.0,0.0,0.0,0.0,0.0,0.0,0.0,0.0,0.0,0.0,0.0,0.0,0.0,0.0,0.0
2689,We should subsidize Wikipedia,"[['E', 'D', 'C', 'B', 'A'], ['E', 'D', 'C', 'B', 'A']]",C,1.0,1.0,1.0,1.0,1.0,1.0,1.0,1.0,1.0,1.0,1.0,1.0,1.0,1.0,1.0,1.0,1.0,1.0,1.0,0.0,0.0
2689,We should subsidize Wikipedia,"[['E', 'D', 'C', 'B', 'A'], ['E', 'D', 'C', 'B', 'A']]",D,1.0,1.0,0.0,0.0,0.0,0.0,0.0,0.0,0.0,0.0,0.0,0.0,0.0,0.0,0.0,0.0,0.0,0.0,0.0,0.0,0.0
2689,We should subsidize Wikipedia,"[['E', 'D', 'C', 'B', 'A'], ['E', 'D', 'C', 'B', 'A']]",E,1.0,1.0,1.0,1.0,1.0,1.0,1.0,1.0,1.0,1.0,1.0,1.0,1.0,1.0,1.0,1.0,1.0,1.0,1.0,1.0,0.0
3168,We should introduce year round schooling,"[['E', 'D', 'C', 'B', 'A'], ['E', 'D', 'C', 'B', 'A']]",A,1.0,1.0,1.0,1.0,1.0,1.0,1.0,1.0,1.0,1.0,1.0,1.0,1.0,1.0,1.0,1.0,1.0,1.0,1.0,1.0,0.0
3168,We should introduce year round schooling,"[['E', 'D', 'C', 'B', 'A'], ['E', 'D', 'C', 'B', 'A']]",B,1.0,0.0,0.0,0.0,0.0,0.0,0.0,0.0,0.0,0.0,0.0,0.0,0.0,0.0,0.0,0.0,0.0,0.0,0.0,0.0,0.0
3168,We should introduce year round schooling,"[['E', 'D', 'C', 'B', 'A'], ['E', 'D', 'C', 'B', 'A']]",C,1.0,1.0,1.0,1.0,1.0,1.0,1.0,1.0,1.0,1.0,1.0,1.0,1.0,1.0,1.0,1.0,1.0,1.0,1.0,1.0,0.0
3168,We should introduce year round schooling,"[['E', 'D', 'C', 'B', 'A'], ['E', 'D', 'C', 'B', 'A']]",D,1.0,1.0,1.0,1.0,1.0,1.0,1.0,1.0,1.0,1.0,1.0,1.0,1.0,1.0,1.0,1.0,1.0,1.0,1.0,0.0,0.0
3168,We should introduce year round schooling,"[['E', 'D', 'C', 'B', 'A'], ['E', 'D', 'C', 'B', 'A']]",E,1.0,1.0,1.0,1.0,1.0,1.0,1.0,1.0,1.0,1.0,1.0,1.0,1.0,1.0,1.0,1.0,1.0,1.0,1.0,1.0,0.0
3180,We should introduce goal line technology,"[['E', 'D', 'C', 'B', 'A'], ['E', 'D', 'C', 'B', 'A']]",A,1.0,1.0,1.0,1.0,1.0,1.0,1.0,1.0,1.0,1.0,1.0,1.0,1.0,1.0,1.0,1.0,1.0,1.0,1.0,1.0,0.0
3180,We should introduce goal line technology,"[['E', 'D', 'C', 'B', 'A'], ['E', 'D', 'C', 'B', 'A']]",B,1.0,0.0,0.0,0.0,0.0,0.0,0.0,0.0,0.0,0.0,0.0,0.0,0.0,0.0,0.0,0.0,0.0,0.0,0.0,0.0,0.0
3180,We should introduce goal line technology,"[['E', 'D', 'C', 'B', 'A'], ['E', 'D', 'C', 'B', 'A']]",C,1.0,1.0,1.0,1.0,1.0,1.0,1.0,1.0,1.0,1.0,1.0,1.0,1.0,1.0,1.0,1.0,1.0,0.0,0.0,0.0,0.0
3180,We should introduce goal line technology,"[['E', 'D', 'C', 'B', 'A'], ['E', 'D', 'C', 'B', 'A']]",D,1.0,1.0,1.0,1.0,1.0,1.0,1.0,1.0,1.0,1.0,1.0,1.0,1.0,1.0,1.0,1.0,1.0,0.0,0.0,0.0,0.0
3180,We should introduce goal line technology,"[['E', 'D', 'C', 'B', 'A'], ['E', 'D', 'C', 'B', 'A']]",E,1.0,1.0,1.0,1.0,1.0,1.0,1.0,1.0,1.0,1.0,1.0,1.0,1.0,1.0,1.0,1.0,1.0,1.0,1.0,1.0,0.0
3183,We should increase airport racial profiling in the United States,"[['E', 'D', 'C', 'B', 'A'], ['E', 'D', 'C', 'B', 'A']]",A,1.0,1.0,1.0,1.0,1.0,1.0,1.0,1.0,1.0,1.0,1.0,1.0,1.0,1.0,1.0,1.0,1.0,1.0,1.0,1.0,0.0
3183,We should increase airport racial profiling in the United States,"[['E', 'D', 'C', 'B', 'A'], ['E', 'D', 'C', 'B', 'A']]",B,1.0,1.0,1.0,1.0,1.0,1.0,1.0,1.0,1.0,1.0,1.0,1.0,1.0,1.0,1.0,1.0,1.0,0.0,0.0,0.0,0.0
3183,We should increase airport racial profiling in the United States,"[['E', 'D', 'C', 'B', 'A'], ['E', 'D', 'C', 'B', 'A']]",C,1.0,1.0,1.0,1.0,1.0,1.0,1.0,1.0,1.0,1.0,1.0,0.0,0.0,0.0,0.0,0.0,0.0,0.0,0.0,0.0,0.0
3183,We should increase airport racial profiling in the United States,"[['E', 'D', 'C', 'B', 'A'], ['E', 'D', 'C', 'B', 'A']]",D,1.0,0.0,0.0,0.0,0.0,0.0,0.0,0.0,0.0,0.0,0.0,0.0,0.0,0.0,0.0,0.0,0.0,0.0,0.0,0.0,0.0
3183,We should increase airport racial profiling in the United States,"[['E', 'D', 'C', 'B', 'A'], ['E', 'D', 'C', 'B', 'A']]",E,1.0,1.0,1.0,1.0,1.0,1.0,1.0,1.0,1.0,1.0,1.0,1.0,1.0,1.0,1.0,1.0,1.0,1.0,1.0,1.0,0.0
3185,We should adopt socialism,"[['E', 'D', 'C', 'B', 'A'], ['E', 'D', 'C', 'B', 'A']]",A,1.0,1.0,1.0,1.0,1.0,1.0,1.0,1.0,1.0,1.0,1.0,1.0,1.0,1.0,1.0,1.0,1.0,1.0,1.0,1.0,0.0
3185,We should adopt socialism,"[['E', 'D', 'C', 'B', 'A'], ['E', 'D', 'C', 'B', 'A']]",B,1.0,1.0,1.0,1.0,0.0,0.0,0.0,0.0,0.0,0.0,0.0,0.0,0.0,0.0,0.0,0.0,0.0,0.0,0.0,0.0,0.0
3185,We should adopt socialism,"[['E', 'D', 'C', 'B', 'A'], ['E', 'D', 'C', 'B', 'A']]",C,1.0,1.0,1.0,1.0,1.0,1.0,1.0,1.0,1.0,1.0,1.0,1.0,1.0,1.0,1.0,1.0,1.0,1.0,1.0,0.0,0.0
3185,We should adopt socialism,"[['E', 'D', 'C', 'B', 'A'], ['E', 'D', 'C', 'B', 'A']]",D,1.0,0.0,0.0,0.0,0.0,0.0,0.0,0.0,0.0,0.0,0.0,0.0,0.0,0.0,0.0,0.0,0.0,0.0,0.0,0.0,0.0
3185,We should adopt socialism,"[['E', 'D', 'C', 'B', 'A'], ['E', 'D', 'C', 'B', 'A']]",E,1.0,1.0,1.0,1.0,1.0,1.0,1.0,1.0,1.0,1.0,1.0,1.0,1.0,1.0,1.0,1.0,1.0,1.0,1.0,1.0,0.0
3191,We should introduce recall elections,"[['E', 'D', 'C', 'B', 'A'], ['E', 'D', 'C', 'B', 'A']]",A,1.0,1.0,1.0,1.0,1.0,1.0,1.0,1.0,1.0,1.0,1.0,1.0,1.0,1.0,1.0,1.0,1.0,1.0,1.0,1.0,0.0
3191,We should introduce recall elections,"[['E', 'D', 'C', 'B', 'A'], ['E', 'D', 'C', 'B', 'A']]",B,1.0,0.0,0.0,0.0,0.0,0.0,0.0,0.0,0.0,0.0,0.0,0.0,0.0,0.0,0.0,0.0,0.0,0.0,0.0,0.0,0.0
3191,We should introduce recall elections,"[['E', 'D', 'C', 'B', 'A'], ['E', 'D', 'C', 'B', 'A']]",C,1.0,1.0,1.0,1.0,1.0,1.0,1.0,1.0,1.0,1.0,1.0,1.0,1.0,1.0,1.0,1.0,1.0,1.0,1.0,1.0,0.0
3191,We should introduce recall elections,"[['E', 'D', 'C', 'B', 'A'], ['E', 'D', 'C', 'B', 'A']]",D,1.0,1.0,1.0,1.0,1.0,1.0,0.0,0.0,0.0,0.0,0.0,0.0,0.0,0.0,0.0,0.0,0.0,0.0,0.0,0.0,0.0
3191,We should introduce recall elections,"[['E', 'D', 'C', 'B', 'A'], ['E', 'D', 'C', 'B', 'A']]",E,1.0,1.0,1.0,1.0,1.0,1.0,1.0,1.0,1.0,1.0,1.0,1.0,1.0,1.0,1.0,1.0,1.0,1.0,1.0,1.0,0.0
3198,We should limit the right of self-defense,"[['E', 'D', 'C', 'B', 'A'], ['E', 'D', 'C', 'B', 'A']]",A,1.0,1.0,1.0,1.0,1.0,1.0,1.0,1.0,1.0,1.0,1.0,1.0,1.0,1.0,1.0,1.0,1.0,1.0,1.0,1.0,0.0
3198,We should limit the right of self-defense,"[['E', 'D', 'C', 'B', 'A'], ['E', 'D', 'C', 'B', 'A']]",B,1.0,1.0,1.0,1.0,1.0,1.0,1.0,1.0,1.0,1.0,1.0,1.0,1.0,0.0,0.0,0.0,0.0,0.0,0.0,0.0,0.0
3198,We should limit the right of self-defense,"[['E', 'D', 'C', 'B', 'A'], ['E', 'D', 'C', 'B', 'A']]",C,1.0,1.0,1.0,1.0,1.0,1.0,1.0,1.0,1.0,1.0,1.0,1.0,1.0,1.0,1.0,1.0,0.0,0.0,0.0,0.0,0.0
3198,We should limit the right of self-defense,"[['E', 'D', 'C', 'B', 'A'], ['E', 'D', 'C', 'B', 'A']]",D,1.0,1.0,0.0,0.0,0.0,0.0,0.0,0.0,0.0,0.0,0.0,0.0,0.0,0.0,0.0,0.0,0.0,0.0,0.0,0.0,0.0
3198,We should limit the right of self-defense,"[['E', 'D', 'C', 'B', 'A'], ['E', 'D', 'C', 'B', 'A']]",E,1.0,1.0,1.0,1.0,1.0,1.0,1.0,1.0,1.0,1.0,1.0,1.0,1.0,1.0,1.0,1.0,1.0,1.0,1.0,1.0,0.0
3199,We should fight urbanization,"[['E', 'D', 'C', 'B', 'A'], ['E', 'D', 'C', 'B', 'A']]",A,1.0,1.0,1.0,1.0,1.0,1.0,1.0,1.0,1.0,1.0,1.0,1.0,1.0,1.0,1.0,1.0,1.0,1.0,1.0,1.0,0.0
3199,We should fight urbanization,"[['E', 'D', 'C', 'B', 'A'], ['E', 'D', 'C', 'B', 'A']]",B,1.0,1.0,0.0,0.0,0.0,0.0,0.0,0.0,0.0,0.0,0.0,0.0,0.0,0.0,0.0,0.0,0.0,0.0,0.0,0.0,0.0
3199,We should fight urbanization,"[['E', 'D', 'C', 'B', 'A'], ['E', 'D', 'C', 'B', 'A']]",C,1.0,1.0,1.0,1.0,1.0,1.0,1.0,1.0,0.0,0.0,0.0,0.0,0.0,0.0,0.0,0.0,0.0,0.0,0.0,0.0,0.0
3199,We should fight urbanization,"[['E', 'D', 'C', 'B', 'A'], ['E', 'D', 'C', 'B', 'A']]",D,1.0,1.0,1.0,1.0,1.0,1.0,0.0,0.0,0.0,0.0,0.0,0.0,0.0,0.0,0.0,0.0,0.0,0.0,0.0,0.0,0.0
3199,We should fight urbanization,"[['E', 'D', 'C', 'B', 'A'], ['E', 'D', 'C', 'B', 'A']]",E,1.0,1.0,1.0,1.0,1.0,1.0,1.0,1.0,1.0,1.0,1.0,1.0,1.0,1.0,1.0,1.0,1.0,1.0,1.0,1.0,0.0
3207,We should abandon social media,"[['E', 'D', 'C', 'B', 'A'], ['E', 'D', 'C', 'B', 'A']]",A,1.0,1.0,1.0,1.0,1.0,1.0,1.0,1.0,1.0,1.0,1.0,1.0,1.0,1.0,1.0,1.0,1.0,1.0,1.0,1.0,0.0
3207,We should abandon social media,"[['E', 'D', 'C', 'B', 'A'], ['E', 'D', 'C', 'B', 'A']]",B,1.0,0.0,0.0,0.0,0.0,0.0,0.0,0.0,0.0,0.0,0.0,0.0,0.0,0.0,0.0,0.0,0.0,0.0,0.0,0.0,0.0
3207,We should abandon social media,"[['E', 'D', 'C', 'B', 'A'], ['E', 'D', 'C', 'B', 'A']]",C,1.0,1.0,1.0,0.0,0.0,0.0,0.0,0.0,0.0,0.0,0.0,0.0,0.0,0.0,0.0,0.0,0.0,0.0,0.0,0.0,0.0
3207,We should abandon social media,"[['E', 'D', 'C', 'B', 'A'], ['E', 'D', 'C', 'B', 'A']]",D,1.0,1.0,1.0,1.0,1.0,1.0,1.0,0.0,0.0,0.0,0.0,0.0,0.0,0.0,0.0,0.0,0.0,0.0,0.0,0.0,0.0
3207,We should abandon social media,"[['E', 'D', 'C', 'B', 'A'], ['E', 'D', 'C', 'B', 'A']]",E,1.0,1.0,1.0,1.0,1.0,1.0,1.0,1.0,1.0,1.0,1.0,1.0,1.0,1.0,1.0,1.0,1.0,1.0,1.0,1.0,0.0
3208,We should prohibit slum tourism,"[['E', 'D', 'C', 'B', 'A'], ['E', 'D', 'C', 'B', 'A']]",A,1.0,1.0,1.0,1.0,1.0,1.0,1.0,1.0,1.0,1.0,1.0,1.0,1.0,1.0,1.0,1.0,1.0,1.0,1.0,1.0,0.0
3208,We should prohibit slum tourism,"[['E', 'D', 'C', 'B', 'A'], ['E', 'D', 'C', 'B', 'A']]",B,1.0,0.0,0.0,0.0,0.0,0.0,0.0,0.0,0.0,0.0,0.0,0.0,0.0,0.0,0.0,0.0,0.0,0.0,0.0,0.0,0.0
3208,We should prohibit slum tourism,"[['E', 'D', 'C', 'B', 'A'], ['E', 'D', 'C', 'B', 'A']]",C,1.0,1.0,1.0,1.0,1.0,1.0,1.0,1.0,1.0,1.0,1.0,1.0,1.0,1.0,1.0,1.0,1.0,1.0,1.0,1.0,0.0
3208,We should prohibit slum tourism,"[['E', 'D', 'C', 'B', 'A'], ['E', 'D', 'C', 'B', 'A']]",D,1.0,1.0,1.0,0.0,0.0,0.0,0.0,0.0,0.0,0.0,0.0,0.0,0.0,0.0,0.0,0.0,0.0,0.0,0.0,0.0,0.0
3208,We should prohibit slum tourism,"[['E', 'D', 'C', 'B', 'A'], ['E', 'D', 'C', 'B', 'A']]",E,1.0,0.0,0.0,0.0,0.0,0.0,0.0,0.0,0.0,0.0,0.0,0.0,0.0,0.0,0.0,0.0,0.0,0.0,0.0,0.0,0.0
3212,We should adopt the teacher tenure reform,"[['E', 'D', 'C', 'B', 'A'], ['E', 'D', 'C', 'B', 'A']]",A,1.0,1.0,1.0,1.0,1.0,1.0,1.0,1.0,1.0,1.0,1.0,1.0,1.0,1.0,1.0,1.0,1.0,1.0,1.0,1.0,0.0
3212,We should adopt the teacher tenure reform,"[['E', 'D', 'C', 'B', 'A'], ['E', 'D', 'C', 'B', 'A']]",B,1.0,0.0,0.0,0.0,0.0,0.0,0.0,0.0,0.0,0.0,0.0,0.0,0.0,0.0,0.0,0.0,0.0,0.0,0.0,0.0,0.0
3212,We should adopt the teacher tenure reform,"[['E', 'D', 'C', 'B', 'A'], ['E', 'D', 'C', 'B', 'A']]",C,1.0,1.0,1.0,1.0,1.0,1.0,1.0,1.0,1.0,1.0,1.0,1.0,1.0,1.0,1.0,1.0,1.0,1.0,1.0,1.0,0.0
3212,We should adopt the teacher tenure reform,"[['E', 'D', 'C', 'B', 'A'], ['E', 'D', 'C', 'B', 'A']]",D,1.0,1.0,1.0,1.0,1.0,1.0,1.0,1.0,1.0,1.0,1.0,1.0,0.0,0.0,0.0,0.0,0.0,0.0,0.0,0.0,0.0
3212,We should adopt the teacher tenure reform,"[['E', 'D', 'C', 'B', 'A'], ['E', 'D', 'C', 'B', 'A']]",E,1.0,1.0,1.0,1.0,1.0,1.0,1.0,1.0,1.0,1.0,1.0,1.0,1.0,1.0,0.0,0.0,0.0,0.0,0.0,0.0,0.0
3227,We should abolish capital punishment,"[['E', 'D', 'C', 'B', 'A'], ['E', 'D', 'C', 'B', 'A']]",A,1.0,1.0,1.0,1.0,1.0,1.0,1.0,1.0,1.0,1.0,1.0,1.0,1.0,1.0,1.0,1.0,1.0,1.0,1.0,1.0,0.0
3227,We should abolish capital punishment,"[['E', 'D', 'C', 'B', 'A'], ['E', 'D', 'C', 'B', 'A']]",B,1.0,0.0,0.0,0.0,0.0,0.0,0.0,0.0,0.0,0.0,0.0,0.0,0.0,0.0,0.0,0.0,0.0,0.0,0.0,0.0,0.0
3227,We should abolish capital punishment,"[['E', 'D', 'C', 'B', 'A'], ['E', 'D', 'C', 'B', 'A']]",C,1.0,1.0,1.0,1.0,1.0,1.0,1.0,1.0,1.0,1.0,1.0,1.0,1.0,1.0,1.0,1.0,1.0,1.0,1.0,1.0,0.0
3227,We should abolish capital punishment,"[['E', 'D', 'C', 'B', 'A'], ['E', 'D', 'C', 'B', 'A']]",D,1.0,1.0,1.0,1.0,0.0,0.0,0.0,0.0,0.0,0.0,0.0,0.0,0.0,0.0,0.0,0.0,0.0,0.0,0.0,0.0,0.0
3227,We should abolish capital punishment,"[['E', 'D', 'C', 'B', 'A'], ['E', 'D', 'C', 'B', 'A']]",E,1.0,1.0,1.0,1.0,1.0,1.0,1.0,1.0,1.0,1.0,1.0,1.0,1.0,1.0,1.0,1.0,1.0,1.0,1.0,1.0,0.0
3232,We should cancel pride parades,"[['E', 'D', 'C', 'B', 'A'], ['E', 'D', 'C', 'B', 'A']]",A,1.0,0.0,0.0,0.0,0.0,0.0,0.0,0.0,0.0,0.0,0.0,0.0,0.0,0.0,0.0,0.0,0.0,0.0,0.0,0.0,0.0
3232,We should cancel pride parades,"[['E', 'D', 'C', 'B', 'A'], ['E', 'D', 'C', 'B', 'A']]",B,1.0,0.0,0.0,0.0,0.0,0.0,0.0,0.0,0.0,0.0,0.0,0.0,0.0,0.0,0.0,0.0,0.0,0.0,0.0,0.0,0.0
3232,We should cancel pride parades,"[['E', 'D', 'C', 'B', 'A'], ['E', 'D', 'C', 'B', 'A']]",C,1.0,1.0,1.0,1.0,1.0,1.0,1.0,1.0,1.0,1.0,1.0,1.0,0.0,0.0,0.0,0.0,0.0,0.0,0.0,0.0,0.0
3232,We should cancel pride parades,"[['E', 'D', 'C', 'B', 'A'], ['E', 'D', 'C', 'B', 'A']]",D,1.0,1.0,1.0,1.0,1.0,0.0,0.0,0.0,0.0,0.0,0.0,0.0,0.0,0.0,0.0,0.0,0.0,0.0,0.0,0.0,0.0
3232,We should cancel pride parades,"[['E', 'D', 'C', 'B', 'A'], ['E', 'D', 'C', 'B', 'A']]",E,1.0,1.0,1.0,1.0,1.0,1.0,1.0,1.0,1.0,1.0,1.0,1.0,1.0,1.0,1.0,1.0,1.0,1.0,1.0,1.0,0.0
3487,We should close landfills,"[['E', 'D', 'C', 'B', 'A'], ['E', 'D', 'C', 'B', 'A']]",A,1.0,1.0,1.0,1.0,1.0,1.0,1.0,1.0,1.0,1.0,1.0,1.0,1.0,1.0,1.0,1.0,1.0,1.0,1.0,1.0,0.0
3487,We should close landfills,"[['E', 'D', 'C', 'B', 'A'], ['E', 'D', 'C', 'B', 'A']]",B,1.0,0.0,0.0,0.0,0.0,0.0,0.0,0.0,0.0,0.0,0.0,0.0,0.0,0.0,0.0,0.0,0.0,0.0,0.0,0.0,0.0
3487,We should close landfills,"[['E', 'D', 'C', 'B', 'A'], ['E', 'D', 'C', 'B', 'A']]",C,1.0,1.0,1.0,1.0,1.0,1.0,1.0,1.0,1.0,1.0,1.0,1.0,0.0,0.0,0.0,0.0,0.0,0.0,0.0,0.0,0.0
3487,We should close landfills,"[['E', 'D', 'C', 'B', 'A'], ['E', 'D', 'C', 'B', 'A']]",D,1.0,1.0,1.0,1.0,1.0,1.0,1.0,1.0,1.0,1.0,1.0,1.0,1.0,1.0,1.0,1.0,0.0,0.0,0.0,0.0,0.0
3487,We should close landfills,"[['E', 'D', 'C', 'B', 'A'], ['E', 'D', 'C', 'B', 'A']]",E,1.0,1.0,1.0,1.0,1.0,1.0,1.0,1.0,1.0,1.0,1.0,1.0,1.0,1.0,1.0,1.0,1.0,1.0,1.0,1.0,0.0
3492,We should further exploit natural gas,"[['E', 'D', 'C', 'B', 'A'], ['E', 'D', 'C', 'B', 'A']]",A,1.0,1.0,1.0,1.0,1.0,1.0,1.0,1.0,1.0,1.0,1.0,1.0,1.0,1.0,1.0,1.0,1.0,1.0,1.0,1.0,0.0
3492,We should further exploit natural gas,"[['E', 'D', 'C', 'B', 'A'], ['E', 'D', 'C', 'B', 'A']]",B,1.0,1.0,0.0,0.0,0.0,0.0,0.0,0.0,0.0,0.0,0.0,0.0,0.0,0.0,0.0,0.0,0.0,0.0,0.0,0.0,0.0
3492,We should further exploit natural gas,"[['E', 'D', 'C', 'B', 'A'], ['E', 'D', 'C', 'B', 'A']]",C,1.0,1.0,1.0,1.0,1.0,1.0,1.0,1.0,1.0,1.0,1.0,1.0,1.0,1.0,1.0,1.0,1.0,1.0,1.0,0.0,0.0
3492,We should further exploit natural gas,"[['E', 'D', 'C', 'B', 'A'], ['E', 'D', 'C', 'B', 'A']]",D,1.0,0.0,0.0,0.0,0.0,0.0,0.0,0.0,0.0,0.0,0.0,0.0,0.0,0.0,0.0,0.0,0.0,0.0,0.0,0.0,0.0
3492,We should further exploit natural gas,"[['E', 'D', 'C', 'B', 'A'], ['E', 'D', 'C', 'B', 'A']]",E,1.0,1.0,1.0,1.0,1.0,1.0,1.0,1.0,1.0,1.0,1.0,1.0,1.0,1.0,1.0,1.0,1.0,1.0,1.0,1.0,0.0
3661,We should abolish foster care,"[['E', 'D', 'C', 'B', 'A'], ['E', 'D', 'C', 'B', 'A']]",A,1.0,1.0,1.0,1.0,1.0,1.0,1.0,1.0,1.0,1.0,1.0,1.0,1.0,1.0,1.0,1.0,0.0,0.0,0.0,0.0,0.0
3661,We should abolish foster care,"[['E', 'D', 'C', 'B', 'A'], ['E', 'D', 'C', 'B', 'A']]",B,1.0,0.0,0.0,0.0,0.0,0.0,0.0,0.0,0.0,0.0,0.0,0.0,0.0,0.0,0.0,0.0,0.0,0.0,0.0,0.0,0.0
3661,We should abolish foster care,"[['E', 'D', 'C', 'B', 'A'], ['E', 'D', 'C', 'B', 'A']]",C,1.0,0.0,0.0,0.0,0.0,0.0,0.0,0.0,0.0,0.0,0.0,0.0,0.0,0.0,0.0,0.0,0.0,0.0,0.0,0.0,0.0
3661,We should abolish foster care,"[['E', 'D', 'C', 'B', 'A'], ['E', 'D', 'C', 'B', 'A']]",D,1.0,1.0,0.0,0.0,0.0,0.0,0.0,0.0,0.0,0.0,0.0,0.0,0.0,0.0,0.0,0.0,0.0,0.0,0.0,0.0,0.0
3661,We should abolish foster care,"[['E', 'D', 'C', 'B', 'A'], ['E', 'D', 'C', 'B', 'A']]",E,1.0,1.0,1.0,1.0,1.0,1.0,1.0,1.0,1.0,1.0,1.0,1.0,1.0,1.0,1.0,1.0,1.0,1.0,1.0,1.0,0.0
3688,We should abolish the presidential pardon,"[['E', 'D', 'C', 'B', 'A'], ['E', 'D', 'C', 'B', 'A']]",A,1.0,1.0,1.0,1.0,1.0,1.0,1.0,1.0,1.0,1.0,1.0,1.0,1.0,1.0,1.0,1.0,1.0,1.0,1.0,1.0,0.0
3688,We should abolish the presidential pardon,"[['E', 'D', 'C', 'B', 'A'], ['E', 'D', 'C', 'B', 'A']]",B,1.0,0.0,0.0,0.0,0.0,0.0,0.0,0.0,0.0,0.0,0.0,0.0,0.0,0.0,0.0,0.0,0.0,0.0,0.0,0.0,0.0
3688,We should abolish the presidential pardon,"[['E', 'D', 'C', 'B', 'A'], ['E', 'D', 'C', 'B', 'A']]",C,1.0,1.0,1.0,1.0,1.0,1.0,1.0,1.0,1.0,0.0,0.0,0.0,0.0,0.0,0.0,0.0,0.0,0.0,0.0,0.0,0.0
3688,We should abolish the presidential pardon,"[['E', 'D', 'C', 'B', 'A'], ['E', 'D', 'C', 'B', 'A']]",D,1.0,1.0,1.0,1.0,1.0,1.0,1.0,1.0,1.0,1.0,1.0,0.0,0.0,0.0,0.0,0.0,0.0,0.0,0.0,0.0,0.0
3688,We should abolish the presidential pardon,"[['E', 'D', 'C', 'B', 'A'], ['E', 'D', 'C', 'B', 'A']]",E,1.0,1.0,1.0,1.0,1.0,1.0,1.0,1.0,1.0,1.0,1.0,1.0,1.0,1.0,1.0,1.0,1.0,1.0,1.0,0.0,0.0
3730,Community service should be mandatory,"[['E', 'D', 'C', 'B', 'A'], ['E', 'D', 'C', 'B', 'A']]",A,1.0,1.0,1.0,1.0,1.0,1.0,1.0,1.0,1.0,1.0,1.0,1.0,1.0,1.0,1.0,1.0,1.0,1.0,1.0,1.0,0.0
3730,Community service should be mandatory,"[['E', 'D', 'C', 'B', 'A'], ['E', 'D', 'C', 'B', 'A']]",B,1.0,0.0,0.0,0.0,0.0,0.0,0.0,0.0,0.0,0.0,0.0,0.0,0.0,0.0,0.0,0.0,0.0,0.0,0.0,0.0,0.0
3730,Community service should be mandatory,"[['E', 'D', 'C', 'B', 'A'], ['E', 'D', 'C', 'B', 'A']]",C,1.0,1.0,1.0,1.0,1.0,1.0,1.0,1.0,1.0,1.0,1.0,1.0,1.0,0.0,0.0,0.0,0.0,0.0,0.0,0.0,0.0
3730,Community service should be mandatory,"[['E', 'D', 'C', 'B', 'A'], ['E', 'D', 'C', 'B', 'A']]",D,1.0,0.0,0.0,0.0,0.0,0.0,0.0,0.0,0.0,0.0,0.0,0.0,0.0,0.0,0.0,0.0,0.0,0.0,0.0,0.0,0.0
3730,Community service should be mandatory,"[['E', 'D', 'C', 'B', 'A'], ['E', 'D', 'C', 'B', 'A']]",E,1.0,1.0,1.0,1.0,1.0,1.0,1.0,1.0,1.0,1.0,1.0,1.0,1.0,1.0,1.0,1.0,1.0,1.0,1.0,1.0,0.0
3758,We should further exploit sustainable energies,"[['E', 'D', 'C', 'B', 'A'], ['E', 'D', 'C', 'B', 'A']]",A,1.0,1.0,1.0,1.0,1.0,1.0,1.0,1.0,1.0,1.0,1.0,1.0,1.0,1.0,1.0,1.0,1.0,1.0,1.0,1.0,0.0
3758,We should further exploit sustainable energies,"[['E', 'D', 'C', 'B', 'A'], ['E', 'D', 'C', 'B', 'A']]",B,1.0,0.0,0.0,0.0,0.0,0.0,0.0,0.0,0.0,0.0,0.0,0.0,0.0,0.0,0.0,0.0,0.0,0.0,0.0,0.0,0.0
3758,We should further exploit sustainable energies,"[['E', 'D', 'C', 'B', 'A'], ['E', 'D', 'C', 'B', 'A']]",C,1.0,1.0,1.0,1.0,1.0,1.0,1.0,1.0,1.0,1.0,1.0,1.0,1.0,1.0,1.0,1.0,0.0,0.0,0.0,0.0,0.0
3758,We should further exploit sustainable energies,"[['E', 'D', 'C', 'B', 'A'], ['E', 'D', 'C', 'B', 'A']]",D,1.0,1.0,1.0,1.0,1.0,1.0,1.0,1.0,1.0,1.0,1.0,1.0,1.0,1.0,1.0,1.0,1.0,1.0,1.0,1.0,0.0
3758,We should further exploit sustainable energies,"[['E', 'D', 'C', 'B', 'A'], ['E', 'D', 'C', 'B', 'A']]",E,1.0,1.0,1.0,1.0,1.0,1.0,1.0,1.0,1.0,1.0,1.0,1.0,1.0,1.0,1.0,0.0,0.0,0.0,0.0,0.0,0.0
2083,We should legalize organ trade,"[['E', 'D', 'C', 'B', 'A'], ['E', 'D', 'C', 'B', 'A']]",A,1.0,1.0,1.0,1.0,1.0,1.0,1.0,1.0,1.0,1.0,1.0,1.0,1.0,1.0,1.0,1.0,1.0,1.0,1.0,1.0,0.0
2083,We should legalize organ trade,"[['E', 'D', 'C', 'B', 'A'], ['E', 'D', 'C', 'B', 'A']]",B,1.0,0.0,0.0,0.0,0.0,0.0,0.0,0.0,0.0,0.0,0.0,0.0,0.0,0.0,0.0,0.0,0.0,0.0,0.0,0.0,0.0
2083,We should legalize organ trade,"[['E', 'D', 'C', 'B', 'A'], ['E', 'D', 'C', 'B', 'A']]",C,1.0,1.0,1.0,1.0,1.0,1.0,1.0,1.0,1.0,1.0,1.0,1.0,1.0,1.0,1.0,1.0,1.0,1.0,1.0,1.0,0.0
2083,We should legalize organ trade,"[['E', 'D', 'C', 'B', 'A'], ['E', 'D', 'C', 'B', 'A']]",D,1.0,0.0,0.0,0.0,0.0,0.0,0.0,0.0,0.0,0.0,0.0,0.0,0.0,0.0,0.0,0.0,0.0,0.0,0.0,0.0,0.0
2083,We should legalize organ trade,"[['E', 'D', 'C', 'B', 'A'], ['E', 'D', 'C', 'B', 'A']]",E,1.0,1.0,1.0,1.0,1.0,1.0,1.0,1.0,1.0,1.0,1.0,1.0,1.0,1.0,1.0,1.0,1.0,1.0,1.0,1.0,0.0
2166,We should legalize sex selection,"[['E', 'D', 'C', 'B', 'A'], ['E', 'D', 'C', 'B', 'A']]",A,1.0,1.0,1.0,1.0,1.0,1.0,1.0,1.0,1.0,1.0,1.0,1.0,1.0,1.0,1.0,1.0,1.0,1.0,1.0,1.0,0.0
2166,We should legalize sex selection,"[['E', 'D', 'C', 'B', 'A'], ['E', 'D', 'C', 'B', 'A']]",B,1.0,0.0,0.0,0.0,0.0,0.0,0.0,0.0,0.0,0.0,0.0,0.0,0.0,0.0,0.0,0.0,0.0,0.0,0.0,0.0,0.0
2166,We should legalize sex selection,"[['E', 'D', 'C', 'B', 'A'], ['E', 'D', 'C', 'B', 'A']]",C,1.0,1.0,1.0,1.0,1.0,1.0,1.0,1.0,1.0,1.0,1.0,1.0,1.0,1.0,1.0,1.0,1.0,1.0,1.0,1.0,0.0
2166,We should legalize sex selection,"[['E', 'D', 'C', 'B', 'A'], ['E', 'D', 'C', 'B', 'A']]",D,1.0,0.0,0.0,0.0,0.0,0.0,0.0,0.0,0.0,0.0,0.0,0.0,0.0,0.0,0.0,0.0,0.0,0.0,0.0,0.0,0.0
2166,We should legalize sex selection,"[['E', 'D', 'C', 'B', 'A'], ['E', 'D', 'C', 'B', 'A']]",E,1.0,1.0,1.0,1.0,1.0,1.0,1.0,1.0,1.0,1.0,1.0,1.0,1.0,1.0,1.0,1.0,1.0,1.0,1.0,1.0,0.0
2402,We should close the Guantanamo Bay detention camp,"[['E', 'D', 'C', 'B', 'A'], ['E', 'D', 'C', 'B', 'A']]",A,1.0,1.0,1.0,1.0,1.0,1.0,1.0,1.0,1.0,1.0,1.0,1.0,1.0,1.0,1.0,1.0,1.0,1.0,1.0,1.0,0.0
2402,We should close the Guantanamo Bay detention camp,"[['E', 'D', 'C', 'B', 'A'], ['E', 'D', 'C', 'B', 'A']]",B,1.0,0.0,0.0,0.0,0.0,0.0,0.0,0.0,0.0,0.0,0.0,0.0,0.0,0.0,0.0,0.0,0.0,0.0,0.0,0.0,0.0
2402,We should close the Guantanamo Bay detention camp,"[['E', 'D', 'C', 'B', 'A'], ['E', 'D', 'C', 'B', 'A']]",C,1.0,1.0,1.0,1.0,1.0,1.0,1.0,1.0,1.0,1.0,1.0,1.0,1.0,1.0,1.0,1.0,1.0,1.0,1.0,1.0,0.0
2402,We should close the Guantanamo Bay detention camp,"[['E', 'D', 'C', 'B', 'A'], ['E', 'D', 'C', 'B', 'A']]",D,1.0,1.0,1.0,1.0,1.0,1.0,1.0,1.0,0.0,0.0,0.0,0.0,0.0,0.0,0.0,0.0,0.0,0.0,0.0,0.0,0.0
2402,We should close the Guantanamo Bay detention camp,"[['E', 'D', 'C', 'B', 'A'], ['E', 'D', 'C', 'B', 'A']]",E,1.0,1.0,1.0,1.0,1.0,1.0,1.0,1.0,1.0,1.0,1.0,1.0,1.0,1.0,1.0,1.0,1.0,1.0,0.0,0.0,0.0
3193,We should fight nationalism,"[['E', 'D', 'C', 'B', 'A'], ['E', 'D', 'C', 'B', 'A']]",A,1.0,1.0,1.0,1.0,1.0,1.0,1.0,1.0,1.0,1.0,1.0,1.0,1.0,1.0,1.0,1.0,1.0,1.0,1.0,1.0,0.0
3193,We should fight nationalism,"[['E', 'D', 'C', 'B', 'A'], ['E', 'D', 'C', 'B', 'A']]",B,1.0,0.0,0.0,0.0,0.0,0.0,0.0,0.0,0.0,0.0,0.0,0.0,0.0,0.0,0.0,0.0,0.0,0.0,0.0,0.0,0.0
3193,We should fight nationalism,"[['E', 'D', 'C', 'B', 'A'], ['E', 'D', 'C', 'B', 'A']]",C,1.0,1.0,1.0,1.0,1.0,1.0,1.0,1.0,1.0,1.0,1.0,1.0,1.0,1.0,1.0,1.0,1.0,1.0,1.0,1.0,0.0
3193,We should fight nationalism,"[['E', 'D', 'C', 'B', 'A'], ['E', 'D', 'C', 'B', 'A']]",D,1.0,1.0,1.0,0.0,0.0,0.0,0.0,0.0,0.0,0.0,0.0,0.0,0.0,0.0,0.0,0.0,0.0,0.0,0.0,0.0,0.0
3193,We should fight nationalism,"[['E', 'D', 'C', 'B', 'A'], ['E', 'D', 'C', 'B', 'A']]",E,1.0,1.0,1.0,0.0,0.0,0.0,0.0,0.0,0.0,0.0,0.0,0.0,0.0,0.0,0.0,0.0,0.0,0.0,0.0,0.0,0.0
3197,We should end progressive taxation,"[['E', 'D', 'C', 'B', 'A'], ['E', 'D', 'C', 'B', 'A']]",A,1.0,1.0,1.0,1.0,1.0,1.0,1.0,1.0,1.0,1.0,1.0,1.0,1.0,1.0,1.0,1.0,1.0,1.0,1.0,1.0,0.0
3197,We should end progressive taxation,"[['E', 'D', 'C', 'B', 'A'], ['E', 'D', 'C', 'B', 'A']]",B,1.0,0.0,0.0,0.0,0.0,0.0,0.0,0.0,0.0,0.0,0.0,0.0,0.0,0.0,0.0,0.0,0.0,0.0,0.0,0.0,0.0
3197,We should end progressive taxation,"[['E', 'D', 'C', 'B', 'A'], ['E', 'D', 'C', 'B', 'A']]",C,1.0,1.0,1.0,1.0,1.0,1.0,1.0,1.0,1.0,1.0,1.0,1.0,1.0,1.0,1.0,1.0,1.0,1.0,1.0,0.0,0.0
3197,We should end progressive taxation,"[['E', 'D', 'C', 'B', 'A'], ['E', 'D', 'C', 'B', 'A']]",D,1.0,1.0,0.0,0.0,0.0,0.0,0.0,0.0,0.0,0.0,0.0,0.0,0.0,0.0,0.0,0.0,0.0,0.0,0.0,0.0,0.0
3197,We should end progressive taxation,"[['E', 'D', 'C', 'B', 'A'], ['E', 'D', 'C', 'B', 'A']]",E,1.0,1.0,1.0,1.0,1.0,1.0,1.0,1.0,1.0,1.0,1.0,1.0,1.0,1.0,1.0,1.0,1.0,1.0,1.0,1.0,0.0
4004,Blood donation should be mandatory,"[['E', 'D', 'C', 'B', 'A'], ['E', 'D', 'C', 'B', 'A']]",A,1.0,1.0,1.0,1.0,1.0,1.0,1.0,1.0,1.0,1.0,1.0,1.0,1.0,1.0,1.0,1.0,1.0,1.0,1.0,1.0,0.0
4004,Blood donation should be mandatory,"[['E', 'D', 'C', 'B', 'A'], ['E', 'D', 'C', 'B', 'A']]",B,1.0,1.0,0.0,0.0,0.0,0.0,0.0,0.0,0.0,0.0,0.0,0.0,0.0,0.0,0.0,0.0,0.0,0.0,0.0,0.0,0.0
4004,Blood donation should be mandatory,"[['E', 'D', 'C', 'B', 'A'], ['E', 'D', 'C', 'B', 'A']]",C,1.0,1.0,0.0,0.0,0.0,0.0,0.0,0.0,0.0,0.0,0.0,0.0,0.0,0.0,0.0,0.0,0.0,0.0,0.0,0.0,0.0
4004,Blood donation should be mandatory,"[['E', 'D', 'C', 'B', 'A'], ['E', 'D', 'C', 'B', 'A']]",D,1.0,0.0,0.0,0.0,0.0,0.0,0.0,0.0,0.0,0.0,0.0,0.0,0.0,0.0,0.0,0.0,0.0,0.0,0.0,0.0,0.0
4004,Blood donation should be mandatory,"[['E', 'D', 'C', 'B', 'A'], ['E', 'D', 'C', 'B', 'A']]",E,1.0,1.0,1.0,1.0,1.0,1.0,1.0,1.0,1.0,1.0,1.0,1.0,1.0,1.0,1.0,1.0,1.0,1.0,1.0,1.0,0.0
3205,We should end water fluoridation,"[['E', 'D', 'C', 'B', 'A'], ['E', 'D', 'C', 'B', 'A']]",A,1.0,1.0,1.0,1.0,1.0,0.0,0.0,0.0,0.0,0.0,0.0,0.0,0.0,0.0,0.0,0.0,0.0,0.0,0.0,0.0,0.0
3205,We should end water fluoridation,"[['E', 'D', 'C', 'B', 'A'], ['E', 'D', 'C', 'B', 'A']]",B,1.0,0.0,0.0,0.0,0.0,0.0,0.0,0.0,0.0,0.0,0.0,0.0,0.0,0.0,0.0,0.0,0.0,0.0,0.0,0.0,0.0
3205,We should end water fluoridation,"[['E', 'D', 'C', 'B', 'A'], ['E', 'D', 'C', 'B', 'A']]",C,1.0,1.0,1.0,1.0,1.0,1.0,1.0,1.0,1.0,1.0,1.0,1.0,1.0,1.0,1.0,1.0,1.0,1.0,1.0,1.0,0.0
3205,We should end water fluoridation,"[['E', 'D', 'C', 'B', 'A'], ['E', 'D', 'C', 'B', 'A']]",D,1.0,1.0,0.0,0.0,0.0,0.0,0.0,0.0,0.0,0.0,0.0,0.0,0.0,0.0,0.0,0.0,0.0,0.0,0.0,0.0,0.0
3205,We should end water fluoridation,"[['E', 'D', 'C', 'B', 'A'], ['E', 'D', 'C', 'B', 'A']]",E,1.0,1.0,1.0,1.0,1.0,1.0,1.0,1.0,1.0,1.0,1.0,1.0,1.0,1.0,1.0,1.0,1.0,1.0,1.0,1.0,0.0
3237,We should prohibit unisex bathrooms,"[['E', 'D', 'C', 'B', 'A'], ['E', 'D', 'C', 'B', 'A']]",A,1.0,1.0,1.0,1.0,1.0,1.0,1.0,1.0,1.0,1.0,1.0,1.0,1.0,1.0,1.0,1.0,1.0,1.0,0.0,0.0,0.0
3237,We should prohibit unisex bathrooms,"[['E', 'D', 'C', 'B', 'A'], ['E', 'D', 'C', 'B', 'A']]",B,1.0,0.0,0.0,0.0,0.0,0.0,0.0,0.0,0.0,0.0,0.0,0.0,0.0,0.0,0.0,0.0,0.0,0.0,0.0,0.0,0.0
3237,We should prohibit unisex bathrooms,"[['E', 'D', 'C', 'B', 'A'], ['E', 'D', 'C', 'B', 'A']]",C,1.0,1.0,1.0,1.0,1.0,1.0,1.0,1.0,1.0,1.0,1.0,1.0,1.0,1.0,1.0,1.0,1.0,1.0,1.0,1.0,0.0
3237,We should prohibit unisex bathrooms,"[['E', 'D', 'C', 'B', 'A'], ['E', 'D', 'C', 'B', 'A']]",D,1.0,1.0,1.0,0.0,0.0,0.0,0.0,0.0,0.0,0.0,0.0,0.0,0.0,0.0,0.0,0.0,0.0,0.0,0.0,0.0,0.0
3237,We should prohibit unisex bathrooms,"[['E', 'D', 'C', 'B', 'A'], ['E', 'D', 'C', 'B', 'A']]",E,1.0,1.0,1.0,1.0,1.0,1.0,1.0,1.0,1.0,1.0,1.0,1.0,1.0,1.0,1.0,1.0,1.0,1.0,1.0,1.0,0.0
2652,We should ban mass surveillance,"[['E', 'D', 'C', 'B', 'A'], ['E', 'D', 'C', 'B', 'A']]",A,1.0,1.0,1.0,1.0,1.0,1.0,1.0,1.0,1.0,1.0,1.0,1.0,1.0,1.0,1.0,1.0,1.0,1.0,1.0,1.0,0.0
2652,We should ban mass surveillance,"[['E', 'D', 'C', 'B', 'A'], ['E', 'D', 'C', 'B', 'A']]",B,1.0,1.0,0.0,0.0,0.0,0.0,0.0,0.0,0.0,0.0,0.0,0.0,0.0,0.0,0.0,0.0,0.0,0.0,0.0,0.0,0.0
2652,We should ban mass surveillance,"[['E', 'D', 'C', 'B', 'A'], ['E', 'D', 'C', 'B', 'A']]",C,1.0,1.0,1.0,1.0,1.0,1.0,1.0,1.0,1.0,1.0,1.0,1.0,1.0,1.0,1.0,1.0,0.0,0.0,0.0,0.0,0.0
2652,We should ban mass surveillance,"[['E', 'D', 'C', 'B', 'A'], ['E', 'D', 'C', 'B', 'A']]",D,1.0,1.0,1.0,1.0,1.0,1.0,1.0,1.0,1.0,1.0,1.0,1.0,1.0,1.0,1.0,0.0,0.0,0.0,0.0,0.0,0.0
2652,We should ban mass surveillance,"[['E', 'D', 'C', 'B', 'A'], ['E', 'D', 'C', 'B', 'A']]",E,1.0,1.0,1.0,1.0,1.0,1.0,1.0,0.0,0.0,0.0,0.0,0.0,0.0,0.0,0.0,0.0,0.0,0.0,0.0,0.0,0.0
3435,Begging should be banned,"[['E', 'D', 'C', 'B', 'A'], ['E', 'D', 'C', 'B', 'A']]",A,1.0,1.0,1.0,1.0,0.0,0.0,0.0,0.0,0.0,0.0,0.0,0.0,0.0,0.0,0.0,0.0,0.0,0.0,0.0,0.0,0.0
3435,Begging should be banned,"[['E', 'D', 'C', 'B', 'A'], ['E', 'D', 'C', 'B', 'A']]",B,1.0,0.0,0.0,0.0,0.0,0.0,0.0,0.0,0.0,0.0,0.0,0.0,0.0,0.0,0.0,0.0,0.0,0.0,0.0,0.0,0.0
3435,Begging should be banned,"[['E', 'D', 'C', 'B', 'A'], ['E', 'D', 'C', 'B', 'A']]",C,1.0,1.0,1.0,1.0,1.0,1.0,1.0,1.0,1.0,1.0,1.0,1.0,1.0,1.0,0.0,0.0,0.0,0.0,0.0,0.0,0.0
3435,Begging should be banned,"[['E', 'D', 'C', 'B', 'A'], ['E', 'D', 'C', 'B', 'A']]",D,1.0,0.0,0.0,0.0,0.0,0.0,0.0,0.0,0.0,0.0,0.0,0.0,0.0,0.0,0.0,0.0,0.0,0.0,0.0,0.0,0.0
3435,Begging should be banned,"[['E', 'D', 'C', 'B', 'A'], ['E', 'D', 'C', 'B', 'A']]",E,1.0,1.0,1.0,1.0,1.0,1.0,1.0,1.0,1.0,1.0,1.0,1.0,1.0,1.0,1.0,1.0,1.0,1.0,1.0,1.0,0.0
3923,Health education should be mandatory,"[['E', 'D', 'C', 'B', 'A'], ['E', 'D', 'C', 'B', 'A']]",A,1.0,1.0,1.0,1.0,1.0,1.0,1.0,1.0,1.0,1.0,1.0,1.0,1.0,1.0,1.0,1.0,1.0,1.0,1.0,1.0,0.0
3923,Health education should be mandatory,"[['E', 'D', 'C', 'B', 'A'], ['E', 'D', 'C', 'B', 'A']]",B,1.0,0.0,0.0,0.0,0.0,0.0,0.0,0.0,0.0,0.0,0.0,0.0,0.0,0.0,0.0,0.0,0.0,0.0,0.0,0.0,0.0
3923,Health education should be mandatory,"[['E', 'D', 'C', 'B', 'A'], ['E', 'D', 'C', 'B', 'A']]",C,1.0,1.0,1.0,0.0,0.0,0.0,0.0,0.0,0.0,0.0,0.0,0.0,0.0,0.0,0.0,0.0,0.0,0.0,0.0,0.0,0.0
3923,Health education should be mandatory,"[['E', 'D', 'C', 'B', 'A'], ['E', 'D', 'C', 'B', 'A']]",D,1.0,1.0,1.0,1.0,1.0,1.0,1.0,1.0,1.0,1.0,1.0,1.0,1.0,1.0,1.0,1.0,1.0,1.0,0.0,0.0,0.0
3923,Health education should be mandatory,"[['E', 'D', 'C', 'B', 'A'], ['E', 'D', 'C', 'B', 'A']]",E,1.0,1.0,1.0,1.0,1.0,1.0,1.0,1.0,1.0,1.0,1.0,1.0,1.0,1.0,1.0,1.0,1.0,1.0,1.0,1.0,0.0
4000,The Euro should be abandoned,"[['E', 'D', 'C', 'B', 'A'], ['E', 'D', 'C', 'B', 'A']]",A,1.0,0.0,0.0,0.0,0.0,0.0,0.0,0.0,0.0,0.0,0.0,0.0,0.0,0.0,0.0,0.0,0.0,0.0,0.0,0.0,0.0
4000,The Euro should be abandoned,"[['E', 'D', 'C', 'B', 'A'], ['E', 'D', 'C', 'B', 'A']]",B,1.0,0.0,0.0,0.0,0.0,0.0,0.0,0.0,0.0,0.0,0.0,0.0,0.0,0.0,0.0,0.0,0.0,0.0,0.0,0.0,0.0
4000,The Euro should be abandoned,"[['E', 'D', 'C', 'B', 'A'], ['E', 'D', 'C', 'B', 'A']]",C,1.0,1.0,1.0,1.0,1.0,1.0,1.0,1.0,1.0,1.0,1.0,1.0,1.0,1.0,1.0,1.0,1.0,1.0,1.0,1.0,0.0
4000,The Euro should be abandoned,"[['E', 'D', 'C', 'B', 'A'], ['E', 'D', 'C', 'B', 'A']]",D,1.0,0.0,0.0,0.0,0.0,0.0,0.0,0.0,0.0,0.0,0.0,0.0,0.0,0.0,0.0,0.0,0.0,0.0,0.0,0.0,0.0
4000,The Euro should be abandoned,"[['E', 'D', 'C', 'B', 'A'], ['E', 'D', 'C', 'B', 'A']]",E,1.0,1.0,1.0,1.0,1.0,1.0,1.0,1.0,1.0,1.0,1.0,1.0,1.0,1.0,1.0,1.0,1.0,1.0,1.0,1.0,0.0
3244,We should abandon Twitter,"[['E', 'D', 'C', 'B', 'A'], ['E', 'D', 'C', 'B', 'A']]",A,1.0,1.0,1.0,1.0,1.0,1.0,1.0,1.0,1.0,1.0,1.0,1.0,1.0,1.0,1.0,1.0,1.0,1.0,1.0,1.0,0.0
3244,We should abandon Twitter,"[['E', 'D', 'C', 'B', 'A'], ['E', 'D', 'C', 'B', 'A']]",B,1.0,0.0,0.0,0.0,0.0,0.0,0.0,0.0,0.0,0.0,0.0,0.0,0.0,0.0,0.0,0.0,0.0,0.0,0.0,0.0,0.0
3244,We should abandon Twitter,"[['E', 'D', 'C', 'B', 'A'], ['E', 'D', 'C', 'B', 'A']]",C,1.0,1.0,1.0,1.0,1.0,1.0,1.0,0.0,0.0,0.0,0.0,0.0,0.0,0.0,0.0,0.0,0.0,0.0,0.0,0.0,0.0
3244,We should abandon Twitter,"[['E', 'D', 'C', 'B', 'A'], ['E', 'D', 'C', 'B', 'A']]",D,1.0,1.0,1.0,1.0,1.0,1.0,1.0,1.0,1.0,1.0,0.0,0.0,0.0,0.0,0.0,0.0,0.0,0.0,0.0,0.0,0.0
3244,We should abandon Twitter,"[['E', 'D', 'C', 'B', 'A'], ['E', 'D', 'C', 'B', 'A']]",E,1.0,1.0,1.0,1.0,1.0,1.0,1.0,1.0,1.0,1.0,1.0,1.0,1.0,1.0,1.0,1.0,1.0,1.0,1.0,1.0,0.0
4275,We should abandon speed limit enforcement,"[['E', 'D', 'C', 'B', 'A'], ['E', 'D', 'C', 'B', 'A']]",A,1.0,1.0,1.0,1.0,1.0,1.0,1.0,1.0,1.0,1.0,1.0,1.0,1.0,1.0,1.0,1.0,1.0,1.0,1.0,1.0,0.0
4275,We should abandon speed limit enforcement,"[['E', 'D', 'C', 'B', 'A'], ['E', 'D', 'C', 'B', 'A']]",B,1.0,0.0,0.0,0.0,0.0,0.0,0.0,0.0,0.0,0.0,0.0,0.0,0.0,0.0,0.0,0.0,0.0,0.0,0.0,0.0,0.0
4275,We should abandon speed limit enforcement,"[['E', 'D', 'C', 'B', 'A'], ['E', 'D', 'C', 'B', 'A']]",C,1.0,1.0,1.0,1.0,1.0,0.0,0.0,0.0,0.0,0.0,0.0,0.0,0.0,0.0,0.0,0.0,0.0,0.0,0.0,0.0,0.0
4275,We should abandon speed limit enforcement,"[['E', 'D', 'C', 'B', 'A'], ['E', 'D', 'C', 'B', 'A']]",D,1.0,0.0,0.0,0.0,0.0,0.0,0.0,0.0,0.0,0.0,0.0,0.0,0.0,0.0,0.0,0.0,0.0,0.0,0.0,0.0,0.0
4275,We should abandon speed limit enforcement,"[['E', 'D', 'C', 'B', 'A'], ['E', 'D', 'C', 'B', 'A']]",E,1.0,1.0,1.0,1.0,1.0,1.0,1.0,1.0,1.0,1.0,1.0,1.0,1.0,1.0,1.0,1.0,1.0,1.0,1.0,1.0,0.0
3415,We should abandon the sexual revolution,"[['E', 'D', 'C', 'B', 'A'], ['E', 'D', 'C', 'B', 'A']]",A,1.0,1.0,1.0,0.0,0.0,0.0,0.0,0.0,0.0,0.0,0.0,0.0,0.0,0.0,0.0,0.0,0.0,0.0,0.0,0.0,0.0
3415,We should abandon the sexual revolution,"[['E', 'D', 'C', 'B', 'A'], ['E', 'D', 'C', 'B', 'A']]",B,1.0,1.0,1.0,1.0,1.0,0.0,0.0,0.0,0.0,0.0,0.0,0.0,0.0,0.0,0.0,0.0,0.0,0.0,0.0,0.0,0.0
3415,We should abandon the sexual revolution,"[['E', 'D', 'C', 'B', 'A'], ['E', 'D', 'C', 'B', 'A']]",C,1.0,1.0,1.0,1.0,1.0,1.0,1.0,0.0,0.0,0.0,0.0,0.0,0.0,0.0,0.0,0.0,0.0,0.0,0.0,0.0,0.0
3415,We should abandon the sexual revolution,"[['E', 'D', 'C', 'B', 'A'], ['E', 'D', 'C', 'B', 'A']]",D,1.0,1.0,1.0,1.0,1.0,1.0,1.0,0.0,0.0,0.0,0.0,0.0,0.0,0.0,0.0,0.0,0.0,0.0,0.0,0.0,0.0
3415,We should abandon the sexual revolution,"[['E', 'D', 'C', 'B', 'A'], ['E', 'D', 'C', 'B', 'A']]",E,1.0,1.0,1.0,1.0,1.0,1.0,1.0,1.0,1.0,1.0,1.0,1.0,1.0,1.0,1.0,1.0,1.0,0.0,0.0,0.0,0.0
3273,We should abolish judicial activism,"[['E', 'D', 'C', 'B', 'A'], ['E', 'D', 'C', 'B', 'A']]",A,1.0,1.0,1.0,1.0,1.0,1.0,1.0,1.0,1.0,1.0,1.0,1.0,1.0,1.0,1.0,1.0,1.0,1.0,1.0,1.0,0.0
3273,We should abolish judicial activism,"[['E', 'D', 'C', 'B', 'A'], ['E', 'D', 'C', 'B', 'A']]",B,1.0,0.0,0.0,0.0,0.0,0.0,0.0,0.0,0.0,0.0,0.0,0.0,0.0,0.0,0.0,0.0,0.0,0.0,0.0,0.0,0.0
3273,We should abolish judicial activism,"[['E', 'D', 'C', 'B', 'A'], ['E', 'D', 'C', 'B', 'A']]",C,1.0,1.0,1.0,1.0,1.0,1.0,1.0,1.0,1.0,1.0,1.0,1.0,1.0,1.0,1.0,1.0,1.0,1.0,1.0,1.0,0.0
3273,We should abolish judicial activism,"[['E', 'D', 'C', 'B', 'A'], ['E', 'D', 'C', 'B', 'A']]",D,1.0,1.0,1.0,1.0,1.0,0.0,0.0,0.0,0.0,0.0,0.0,0.0,0.0,0.0,0.0,0.0,0.0,0.0,0.0,0.0,0.0
3273,We should abolish judicial activism,"[['E', 'D', 'C', 'B', 'A'], ['E', 'D', 'C', 'B', 'A']]",E,1.0,1.0,1.0,1.0,1.0,1.0,1.0,1.0,1.0,1.0,1.0,1.0,1.0,1.0,1.0,1.0,1.0,1.0,1.0,1.0,0.0
3636,We should ban billboards,"[['E', 'D', 'C', 'B', 'A'], ['E', 'D', 'C', 'B', 'A']]",A,1.0,1.0,1.0,1.0,1.0,1.0,1.0,1.0,1.0,1.0,1.0,1.0,1.0,1.0,1.0,1.0,1.0,1.0,1.0,1.0,0.0
3636,We should ban billboards,"[['E', 'D', 'C', 'B', 'A'], ['E', 'D', 'C', 'B', 'A']]",B,1.0,0.0,0.0,0.0,0.0,0.0,0.0,0.0,0.0,0.0,0.0,0.0,0.0,0.0,0.0,0.0,0.0,0.0,0.0,0.0,0.0
3636,We should ban billboards,"[['E', 'D', 'C', 'B', 'A'], ['E', 'D', 'C', 'B', 'A']]",C,1.0,1.0,1.0,1.0,1.0,1.0,1.0,1.0,1.0,1.0,0.0,0.0,0.0,0.0,0.0,0.0,0.0,0.0,0.0,0.0,0.0
3636,We should ban billboards,"[['E', 'D', 'C', 'B', 'A'], ['E', 'D', 'C', 'B', 'A']]",D,1.0,1.0,1.0,1.0,1.0,1.0,1.0,1.0,1.0,1.0,1.0,1.0,1.0,1.0,1.0,1.0,1.0,1.0,1.0,1.0,0.0
3636,We should ban billboards,"[['E', 'D', 'C', 'B', 'A'], ['E', 'D', 'C', 'B', 'A']]",E,1.0,1.0,1.0,1.0,1.0,1.0,1.0,1.0,1.0,1.0,1.0,1.0,1.0,1.0,1.0,1.0,1.0,1.0,1.0,1.0,0.0
2765,We should ban media conglomerates,"[['E', 'D', 'C', 'B', 'A'], ['E', 'D', 'C', 'B', 'A']]",A,1.0,1.0,1.0,1.0,1.0,1.0,1.0,1.0,1.0,1.0,1.0,1.0,1.0,1.0,1.0,1.0,1.0,1.0,1.0,1.0,0.0
2765,We should ban media conglomerates,"[['E', 'D', 'C', 'B', 'A'], ['E', 'D', 'C', 'B', 'A']]",B,1.0,0.0,0.0,0.0,0.0,0.0,0.0,0.0,0.0,0.0,0.0,0.0,0.0,0.0,0.0,0.0,0.0,0.0,0.0,0.0,0.0
2765,We should ban media conglomerates,"[['E', 'D', 'C', 'B', 'A'], ['E', 'D', 'C', 'B', 'A']]",C,1.0,1.0,0.0,0.0,0.0,0.0,0.0,0.0,0.0,0.0,0.0,0.0,0.0,0.0,0.0,0.0,0.0,0.0,0.0,0.0,0.0
2765,We should ban media conglomerates,"[['E', 'D', 'C', 'B', 'A'], ['E', 'D', 'C', 'B', 'A']]",D,1.0,1.0,1.0,1.0,1.0,1.0,1.0,1.0,1.0,1.0,1.0,1.0,1.0,1.0,1.0,1.0,1.0,1.0,1.0,1.0,0.0
2765,We should ban media conglomerates,"[['E', 'D', 'C', 'B', 'A'], ['E', 'D', 'C', 'B', 'A']]",E,1.0,1.0,1.0,1.0,1.0,1.0,1.0,1.0,1.0,1.0,1.0,1.0,1.0,1.0,1.0,1.0,1.0,1.0,1.0,1.0,0.0
3977,We should ban rodenticide,"[['E', 'D', 'C', 'B', 'A'], ['E', 'D', 'C', 'B', 'A']]",A,1.0,1.0,1.0,1.0,1.0,1.0,1.0,1.0,1.0,1.0,1.0,1.0,1.0,1.0,1.0,1.0,1.0,1.0,1.0,1.0,0.0
3977,We should ban rodenticide,"[['E', 'D', 'C', 'B', 'A'], ['E', 'D', 'C', 'B', 'A']]",B,1.0,0.0,0.0,0.0,0.0,0.0,0.0,0.0,0.0,0.0,0.0,0.0,0.0,0.0,0.0,0.0,0.0,0.0,0.0,0.0,0.0
3977,We should ban rodenticide,"[['E', 'D', 'C', 'B', 'A'], ['E', 'D', 'C', 'B', 'A']]",C,1.0,1.0,1.0,1.0,1.0,1.0,1.0,1.0,1.0,1.0,1.0,1.0,0.0,0.0,0.0,0.0,0.0,0.0,0.0,0.0,0.0
3977,We should ban rodenticide,"[['E', 'D', 'C', 'B', 'A'], ['E', 'D', 'C', 'B', 'A']]",D,1.0,1.0,1.0,1.0,1.0,1.0,1.0,1.0,1.0,1.0,1.0,1.0,1.0,1.0,1.0,1.0,1.0,1.0,1.0,0.0,0.0
3977,We should ban rodenticide,"[['E', 'D', 'C', 'B', 'A'], ['E', 'D', 'C', 'B', 'A']]",E,1.0,1.0,1.0,1.0,1.0,1.0,1.0,1.0,1.0,1.0,1.0,1.0,1.0,1.0,1.0,1.0,1.0,1.0,1.0,1.0,0.0
3518,We should ban the use of petroleum,"[['E', 'D', 'C', 'B', 'A'], ['E', 'D', 'C', 'B', 'A']]",A,1.0,1.0,1.0,1.0,1.0,1.0,1.0,1.0,1.0,1.0,1.0,1.0,1.0,1.0,1.0,1.0,1.0,1.0,1.0,1.0,0.0
3518,We should ban the use of petroleum,"[['E', 'D', 'C', 'B', 'A'], ['E', 'D', 'C', 'B', 'A']]",B,1.0,1.0,1.0,1.0,0.0,0.0,0.0,0.0,0.0,0.0,0.0,0.0,0.0,0.0,0.0,0.0,0.0,0.0,0.0,0.0,0.0
3518,We should ban the use of petroleum,"[['E', 'D', 'C', 'B', 'A'], ['E', 'D', 'C', 'B', 'A']]",C,1.0,1.0,1.0,1.0,1.0,1.0,1.0,1.0,0.0,0.0,0.0,0.0,0.0,0.0,0.0,0.0,0.0,0.0,0.0,0.0,0.0
3518,We should ban the use of petroleum,"[['E', 'D', 'C', 'B', 'A'], ['E', 'D', 'C', 'B', 'A']]",D,1.0,1.0,1.0,1.0,1.0,1.0,1.0,1.0,1.0,1.0,1.0,1.0,1.0,1.0,1.0,1.0,1.0,1.0,1.0,1.0,0.0
3518,We should ban the use of petroleum,"[['E', 'D', 'C', 'B', 'A'], ['E', 'D', 'C', 'B', 'A']]",E,1.0,1.0,1.0,1.0,1.0,1.0,1.0,1.0,1.0,1.0,1.0,1.0,1.0,1.0,1.0,1.0,1.0,1.0,1.0,1.0,0.0
3705,We should close the sex offender registry,"[['E', 'D', 'C', 'B', 'A'], ['E', 'D', 'C', 'B', 'A']]",A,1.0,1.0,1.0,1.0,1.0,1.0,1.0,1.0,1.0,1.0,1.0,1.0,1.0,1.0,1.0,1.0,1.0,1.0,0.0,0.0,0.0
3705,We should close the sex offender registry,"[['E', 'D', 'C', 'B', 'A'], ['E', 'D', 'C', 'B', 'A']]",B,1.0,1.0,1.0,1.0,1.0,1.0,0.0,0.0,0.0,0.0,0.0,0.0,0.0,0.0,0.0,0.0,0.0,0.0,0.0,0.0,0.0
3705,We should close the sex offender registry,"[['E', 'D', 'C', 'B', 'A'], ['E', 'D', 'C', 'B', 'A']]",C,1.0,1.0,1.0,1.0,1.0,1.0,1.0,1.0,1.0,1.0,1.0,1.0,1.0,1.0,1.0,1.0,0.0,0.0,0.0,0.0,0.0
3705,We should close the sex offender registry,"[['E', 'D', 'C', 'B', 'A'], ['E', 'D', 'C', 'B', 'A']]",D,1.0,1.0,0.0,0.0,0.0,0.0,0.0,0.0,0.0,0.0,0.0,0.0,0.0,0.0,0.0,0.0,0.0,0.0,0.0,0.0,0.0
3705,We should close the sex offender registry,"[['E', 'D', 'C', 'B', 'A'], ['E', 'D', 'C', 'B', 'A']]",E,1.0,1.0,1.0,1.0,1.0,1.0,1.0,1.0,1.0,1.0,1.0,1.0,1.0,1.0,1.0,1.0,1.0,1.0,1.0,1.0,0.0
3459,We should fight environmental degradation,"[['E', 'D', 'C', 'B', 'A'], ['E', 'D', 'C', 'B', 'A']]",A,1.0,1.0,1.0,1.0,1.0,1.0,1.0,1.0,1.0,1.0,1.0,1.0,1.0,1.0,1.0,1.0,1.0,1.0,1.0,1.0,0.0
3459,We should fight environmental degradation,"[['E', 'D', 'C', 'B', 'A'], ['E', 'D', 'C', 'B', 'A']]",B,1.0,0.0,0.0,0.0,0.0,0.0,0.0,0.0,0.0,0.0,0.0,0.0,0.0,0.0,0.0,0.0,0.0,0.0,0.0,0.0,0.0
3459,We should fight environmental degradation,"[['E', 'D', 'C', 'B', 'A'], ['E', 'D', 'C', 'B', 'A']]",C,1.0,1.0,1.0,1.0,1.0,1.0,1.0,1.0,1.0,1.0,1.0,1.0,1.0,1.0,1.0,1.0,1.0,1.0,1.0,0.0,0.0
3459,We should fight environmental degradation,"[['E', 'D', 'C', 'B', 'A'], ['E', 'D', 'C', 'B', 'A']]",D,1.0,1.0,1.0,1.0,1.0,1.0,1.0,1.0,1.0,1.0,1.0,1.0,1.0,1.0,0.0,0.0,0.0,0.0,0.0,0.0,0.0
3459,We should fight environmental degradation,"[['E', 'D', 'C', 'B', 'A'], ['E', 'D', 'C', 'B', 'A']]",E,1.0,1.0,1.0,1.0,1.0,1.0,1.0,1.0,1.0,1.0,1.0,0.0,0.0,0.0,0.0,0.0,0.0,0.0,0.0,0.0,0.0
3490,We should further exploit filibusters,"[['E', 'D', 'C', 'B', 'A'], ['E', 'D', 'C', 'B', 'A']]",A,1.0,1.0,1.0,1.0,1.0,1.0,1.0,1.0,1.0,1.0,1.0,1.0,1.0,1.0,1.0,1.0,1.0,1.0,1.0,1.0,0.0
3490,We should further exploit filibusters,"[['E', 'D', 'C', 'B', 'A'], ['E', 'D', 'C', 'B', 'A']]",B,1.0,1.0,0.0,0.0,0.0,0.0,0.0,0.0,0.0,0.0,0.0,0.0,0.0,0.0,0.0,0.0,0.0,0.0,0.0,0.0,0.0
3490,We should further exploit filibusters,"[['E', 'D', 'C', 'B', 'A'], ['E', 'D', 'C', 'B', 'A']]",C,1.0,1.0,1.0,1.0,1.0,1.0,1.0,1.0,1.0,1.0,1.0,1.0,1.0,1.0,1.0,1.0,1.0,1.0,0.0,0.0,0.0
3490,We should further exploit filibusters,"[['E', 'D', 'C', 'B', 'A'], ['E', 'D', 'C', 'B', 'A']]",D,1.0,0.0,0.0,0.0,0.0,0.0,0.0,0.0,0.0,0.0,0.0,0.0,0.0,0.0,0.0,0.0,0.0,0.0,0.0,0.0,0.0
3490,We should further exploit filibusters,"[['E', 'D', 'C', 'B', 'A'], ['E', 'D', 'C', 'B', 'A']]",E,1.0,1.0,1.0,1.0,1.0,1.0,1.0,1.0,1.0,1.0,1.0,1.0,1.0,1.0,1.0,1.0,1.0,1.0,1.0,1.0,0.0
3902,We should further exploit genetic engineering,"[['E', 'D', 'C', 'B', 'A'], ['E', 'D', 'C', 'B', 'A']]",A,1.0,1.0,1.0,1.0,1.0,1.0,1.0,1.0,1.0,1.0,1.0,1.0,1.0,1.0,1.0,1.0,1.0,1.0,1.0,1.0,0.0
3902,We should further exploit genetic engineering,"[['E', 'D', 'C', 'B', 'A'], ['E', 'D', 'C', 'B', 'A']]",B,1.0,0.0,0.0,0.0,0.0,0.0,0.0,0.0,0.0,0.0,0.0,0.0,0.0,0.0,0.0,0.0,0.0,0.0,0.0,0.0,0.0
3902,We should further exploit genetic engineering,"[['E', 'D', 'C', 'B', 'A'], ['E', 'D', 'C', 'B', 'A']]",C,1.0,1.0,1.0,1.0,1.0,1.0,1.0,1.0,1.0,1.0,1.0,1.0,1.0,1.0,1.0,1.0,1.0,1.0,1.0,0.0,0.0
3902,We should further exploit genetic engineering,"[['E', 'D', 'C', 'B', 'A'], ['E', 'D', 'C', 'B', 'A']]",D,1.0,1.0,1.0,1.0,1.0,1.0,1.0,1.0,1.0,1.0,1.0,0.0,0.0,0.0,0.0,0.0,0.0,0.0,0.0,0.0,0.0
3902,We should further exploit genetic engineering,"[['E', 'D', 'C', 'B', 'A'], ['E', 'D', 'C', 'B', 'A']]",E,1.0,1.0,1.0,1.0,1.0,1.0,1.0,1.0,1.0,1.0,1.0,1.0,1.0,1.0,1.0,1.0,1.0,1.0,1.0,1.0,0.0
3939,We should increase historic preservation,"[['E', 'D', 'C', 'B', 'A'], ['E', 'D', 'C', 'B', 'A']]",A,1.0,1.0,1.0,1.0,1.0,1.0,1.0,1.0,1.0,1.0,1.0,1.0,1.0,1.0,1.0,1.0,1.0,1.0,1.0,1.0,0.0
3939,We should increase historic preservation,"[['E', 'D', 'C', 'B', 'A'], ['E', 'D', 'C', 'B', 'A']]",B,1.0,0.0,0.0,0.0,0.0,0.0,0.0,0.0,0.0,0.0,0.0,0.0,0.0,0.0,0.0,0.0,0.0,0.0,0.0,0.0,0.0
3939,We should increase historic preservation,"[['E', 'D', 'C', 'B', 'A'], ['E', 'D', 'C', 'B', 'A']]",C,1.0,1.0,1.0,1.0,1.0,1.0,1.0,1.0,1.0,1.0,1.0,1.0,1.0,1.0,1.0,0.0,0.0,0.0,0.0,0.0,0.0
3939,We should increase historic preservation,"[['E', 'D', 'C', 'B', 'A'], ['E', 'D', 'C', 'B', 'A']]",D,1.0,1.0,1.0,1.0,1.0,1.0,1.0,1.0,1.0,1.0,1.0,1.0,1.0,1.0,1.0,1.0,1.0,0.0,0.0,0.0,0.0
3939,We should increase historic preservation,"[['E', 'D', 'C', 'B', 'A'], ['E', 'D', 'C', 'B', 'A']]",E,1.0,1.0,1.0,1.0,1.0,1.0,1.0,1.0,1.0,1.0,1.0,1.0,1.0,1.0,1.0,1.0,1.0,1.0,1.0,1.0,0.0
3252,We should increase mixed-use development,"[['E', 'D', 'C', 'B', 'A'], ['E', 'D', 'C', 'B', 'A']]",A,1.0,1.0,1.0,1.0,1.0,1.0,1.0,1.0,1.0,1.0,1.0,1.0,1.0,1.0,1.0,1.0,1.0,1.0,1.0,1.0,0.0
3252,We should increase mixed-use development,"[['E', 'D', 'C', 'B', 'A'], ['E', 'D', 'C', 'B', 'A']]",B,1.0,0.0,0.0,0.0,0.0,0.0,0.0,0.0,0.0,0.0,0.0,0.0,0.0,0.0,0.0,0.0,0.0,0.0,0.0,0.0,0.0
3252,We should increase mixed-use development,"[['E', 'D', 'C', 'B', 'A'], ['E', 'D', 'C', 'B', 'A']]",C,1.0,1.0,1.0,1.0,1.0,1.0,1.0,1.0,1.0,1.0,1.0,1.0,1.0,1.0,1.0,1.0,1.0,1.0,1.0,1.0,0.0
3252,We should increase mixed-use development,"[['E', 'D', 'C', 'B', 'A'], ['E', 'D', 'C', 'B', 'A']]",D,1.0,1.0,1.0,1.0,1.0,1.0,1.0,1.0,1.0,1.0,1.0,1.0,1.0,1.0,1.0,1.0,1.0,1.0,0.0,0.0,0.0
3252,We should increase mixed-use development,"[['E', 'D', 'C', 'B', 'A'], ['E', 'D', 'C', 'B', 'A']]",E,1.0,1.0,1.0,1.0,1.0,1.0,1.0,1.0,1.0,1.0,1.0,1.0,1.0,1.0,1.0,1.0,1.0,1.0,1.0,1.0,0.0
3750,We should increase public space,"[['E', 'D', 'C', 'B', 'A'], ['E', 'D', 'C', 'B', 'A']]",A,1.0,1.0,1.0,1.0,1.0,1.0,1.0,1.0,1.0,1.0,1.0,1.0,1.0,1.0,1.0,1.0,1.0,1.0,1.0,1.0,0.0
3750,We should increase public space,"[['E', 'D', 'C', 'B', 'A'], ['E', 'D', 'C', 'B', 'A']]",B,1.0,0.0,0.0,0.0,0.0,0.0,0.0,0.0,0.0,0.0,0.0,0.0,0.0,0.0,0.0,0.0,0.0,0.0,0.0,0.0,0.0
3750,We should increase public space,"[['E', 'D', 'C', 'B', 'A'], ['E', 'D', 'C', 'B', 'A']]",C,1.0,1.0,1.0,1.0,1.0,1.0,1.0,1.0,1.0,1.0,1.0,1.0,1.0,1.0,1.0,1.0,1.0,1.0,1.0,0.0,0.0
3750,We should increase public space,"[['E', 'D', 'C', 'B', 'A'], ['E', 'D', 'C', 'B', 'A']]",D,1.0,1.0,1.0,1.0,1.0,1.0,1.0,1.0,1.0,1.0,1.0,1.0,1.0,1.0,1.0,1.0,1.0,1.0,0.0,0.0,0.0
3750,We should increase public space,"[['E', 'D', 'C', 'B', 'A'], ['E', 'D', 'C', 'B', 'A']]",E,1.0,1.0,1.0,1.0,1.0,1.0,1.0,1.0,1.0,1.0,1.0,1.0,1.0,1.0,1.0,1.0,1.0,1.0,1.0,1.0,0.0
4124,We should increase the use of artificial insemination,"[['E', 'D', 'C', 'B', 'A'], ['E', 'D', 'C', 'B', 'A']]",A,1.0,1.0,1.0,1.0,1.0,1.0,1.0,1.0,1.0,1.0,1.0,1.0,1.0,1.0,1.0,1.0,1.0,1.0,1.0,1.0,0.0
4124,We should increase the use of artificial insemination,"[['E', 'D', 'C', 'B', 'A'], ['E', 'D', 'C', 'B', 'A']]",B,1.0,0.0,0.0,0.0,0.0,0.0,0.0,0.0,0.0,0.0,0.0,0.0,0.0,0.0,0.0,0.0,0.0,0.0,0.0,0.0,0.0
4124,We should increase the use of artificial insemination,"[['E', 'D', 'C', 'B', 'A'], ['E', 'D', 'C', 'B', 'A']]",C,1.0,1.0,1.0,1.0,1.0,1.0,1.0,1.0,1.0,1.0,1.0,1.0,1.0,1.0,1.0,1.0,1.0,1.0,1.0,1.0,0.0
4124,We should increase the use of artificial insemination,"[['E', 'D', 'C', 'B', 'A'], ['E', 'D', 'C', 'B', 'A']]",D,1.0,1.0,1.0,1.0,1.0,1.0,1.0,1.0,1.0,1.0,1.0,1.0,1.0,1.0,1.0,1.0,0.0,0.0,0.0,0.0,0.0
4124,We should increase the use of artificial insemination,"[['E', 'D', 'C', 'B', 'A'], ['E', 'D', 'C', 'B', 'A']]",E,1.0,1.0,1.0,1.0,1.0,1.0,1.0,1.0,1.0,1.0,1.0,1.0,1.0,1.0,1.0,1.0,1.0,1.0,1.0,1.0,0.0
3450,We should increase the use of credit unions,"[['E', 'D', 'C', 'B', 'A'], ['E', 'D', 'C', 'B', 'A']]",A,1.0,1.0,1.0,1.0,1.0,1.0,1.0,1.0,1.0,1.0,1.0,1.0,1.0,1.0,1.0,1.0,1.0,1.0,1.0,1.0,0.0
3450,We should increase the use of credit unions,"[['E', 'D', 'C', 'B', 'A'], ['E', 'D', 'C', 'B', 'A']]",B,1.0,0.0,0.0,0.0,0.0,0.0,0.0,0.0,0.0,0.0,0.0,0.0,0.0,0.0,0.0,0.0,0.0,0.0,0.0,0.0,0.0
3450,We should increase the use of credit unions,"[['E', 'D', 'C', 'B', 'A'], ['E', 'D', 'C', 'B', 'A']]",C,1.0,1.0,1.0,1.0,1.0,1.0,1.0,1.0,1.0,1.0,1.0,1.0,1.0,1.0,1.0,0.0,0.0,0.0,0.0,0.0,0.0
3450,We should increase the use of credit unions,"[['E', 'D', 'C', 'B', 'A'], ['E', 'D', 'C', 'B', 'A']]",D,1.0,1.0,1.0,1.0,1.0,1.0,1.0,1.0,1.0,1.0,1.0,1.0,1.0,1.0,1.0,1.0,1.0,1.0,1.0,0.0,0.0
3450,We should increase the use of credit unions,"[['E', 'D', 'C', 'B', 'A'], ['E', 'D', 'C', 'B', 'A']]",E,1.0,1.0,1.0,1.0,1.0,1.0,1.0,1.0,1.0,1.0,1.0,1.0,1.0,1.0,1.0,1.0,1.0,1.0,1.0,1.0,0.0
3202,We should introduce the alternative vote,"[['E', 'D', 'C', 'B', 'A'], ['E', 'D', 'C', 'B', 'A']]",A,1.0,1.0,1.0,1.0,1.0,1.0,1.0,1.0,1.0,1.0,1.0,1.0,1.0,1.0,1.0,1.0,1.0,1.0,1.0,1.0,0.0
3202,We should introduce the alternative vote,"[['E', 'D', 'C', 'B', 'A'], ['E', 'D', 'C', 'B', 'A']]",B,1.0,0.0,0.0,0.0,0.0,0.0,0.0,0.0,0.0,0.0,0.0,0.0,0.0,0.0,0.0,0.0,0.0,0.0,0.0,0.0,0.0
3202,We should introduce the alternative vote,"[['E', 'D', 'C', 'B', 'A'], ['E', 'D', 'C', 'B', 'A']]",C,1.0,1.0,1.0,1.0,1.0,1.0,1.0,1.0,1.0,1.0,1.0,1.0,1.0,1.0,1.0,1.0,1.0,1.0,1.0,1.0,0.0
3202,We should introduce the alternative vote,"[['E', 'D', 'C', 'B', 'A'], ['E', 'D', 'C', 'B', 'A']]",D,1.0,1.0,1.0,1.0,1.0,1.0,1.0,1.0,1.0,1.0,1.0,1.0,1.0,1.0,1.0,1.0,0.0,0.0,0.0,0.0,0.0
3202,We should introduce the alternative vote,"[['E', 'D', 'C', 'B', 'A'], ['E', 'D', 'C', 'B', 'A']]",E,1.0,1.0,1.0,1.0,1.0,1.0,1.0,1.0,1.0,1.0,1.0,1.0,1.0,1.0,1.0,1.0,1.0,1.0,1.0,1.0,0.0
3924,We should limit Hydrocarbon exploration,"[['E', 'D', 'C', 'B', 'A'], ['E', 'D', 'C', 'B', 'A']]",A,1.0,1.0,1.0,1.0,1.0,1.0,1.0,1.0,1.0,1.0,1.0,1.0,1.0,1.0,1.0,1.0,1.0,1.0,1.0,1.0,0.0
3924,We should limit Hydrocarbon exploration,"[['E', 'D', 'C', 'B', 'A'], ['E', 'D', 'C', 'B', 'A']]",B,1.0,0.0,0.0,0.0,0.0,0.0,0.0,0.0,0.0,0.0,0.0,0.0,0.0,0.0,0.0,0.0,0.0,0.0,0.0,0.0,0.0
3924,We should limit Hydrocarbon exploration,"[['E', 'D', 'C', 'B', 'A'], ['E', 'D', 'C', 'B', 'A']]",C,1.0,1.0,1.0,1.0,1.0,1.0,1.0,1.0,1.0,1.0,1.0,1.0,1.0,1.0,1.0,1.0,1.0,1.0,1.0,0.0,0.0
3924,We should limit Hydrocarbon exploration,"[['E', 'D', 'C', 'B', 'A'], ['E', 'D', 'C', 'B', 'A']]",D,1.0,1.0,1.0,1.0,1.0,1.0,1.0,1.0,1.0,1.0,1.0,1.0,1.0,1.0,1.0,1.0,1.0,0.0,0.0,0.0,0.0
3924,We should limit Hydrocarbon exploration,"[['E', 'D', 'C', 'B', 'A'], ['E', 'D', 'C', 'B', 'A']]",E,1.0,1.0,1.0,1.0,1.0,0.0,0.0,0.0,0.0,0.0,0.0,0.0,0.0,0.0,0.0,0.0,0.0,0.0,0.0,0.0,0.0
3674,We should limit judicial review,"[['E', 'D', 'C', 'B', 'A'], ['E', 'D', 'C', 'B', 'A']]",A,1.0,1.0,1.0,1.0,1.0,1.0,1.0,1.0,1.0,1.0,1.0,1.0,1.0,1.0,1.0,1.0,1.0,1.0,1.0,1.0,0.0
3674,We should limit judicial review,"[['E', 'D', 'C', 'B', 'A'], ['E', 'D', 'C', 'B', 'A']]",B,1.0,1.0,1.0,1.0,1.0,1.0,1.0,1.0,1.0,1.0,0.0,0.0,0.0,0.0,0.0,0.0,0.0,0.0,0.0,0.0,0.0
3674,We should limit judicial review,"[['E', 'D', 'C', 'B', 'A'], ['E', 'D', 'C', 'B', 'A']]",C,1.0,1.0,1.0,1.0,1.0,1.0,1.0,1.0,1.0,1.0,1.0,1.0,1.0,1.0,1.0,1.0,0.0,0.0,0.0,0.0,0.0
3674,We should limit judicial review,"[['E', 'D', 'C', 'B', 'A'], ['E', 'D', 'C', 'B', 'A']]",D,1.0,0.0,0.0,0.0,0.0,0.0,0.0,0.0,0.0,0.0,0.0,0.0,0.0,0.0,0.0,0.0,0.0,0.0,0.0,0.0,0.0
3674,We should limit judicial review,"[['E', 'D', 'C', 'B', 'A'], ['E', 'D', 'C', 'B', 'A']]",E,1.0,1.0,1.0,1.0,1.0,1.0,1.0,1.0,1.0,1.0,1.0,1.0,1.0,1.0,1.0,1.0,1.0,1.0,1.0,1.0,0.0
3633,We should not subsidize athletes,"[['E', 'D', 'C', 'B', 'A'], ['E', 'D', 'C', 'B', 'A']]",A,1.0,1.0,1.0,1.0,1.0,1.0,1.0,1.0,1.0,1.0,1.0,1.0,0.0,0.0,0.0,0.0,0.0,0.0,0.0,0.0,0.0
3633,We should not subsidize athletes,"[['E', 'D', 'C', 'B', 'A'], ['E', 'D', 'C', 'B', 'A']]",B,1.0,0.0,0.0,0.0,0.0,0.0,0.0,0.0,0.0,0.0,0.0,0.0,0.0,0.0,0.0,0.0,0.0,0.0,0.0,0.0,0.0
3633,We should not subsidize athletes,"[['E', 'D', 'C', 'B', 'A'], ['E', 'D', 'C', 'B', 'A']]",C,1.0,1.0,1.0,1.0,1.0,1.0,1.0,1.0,1.0,1.0,1.0,1.0,1.0,1.0,1.0,1.0,1.0,1.0,1.0,1.0,0.0
3633,We should not subsidize athletes,"[['E', 'D', 'C', 'B', 'A'], ['E', 'D', 'C', 'B', 'A']]",D,1.0,1.0,0.0,0.0,0.0,0.0,0.0,0.0,0.0,0.0,0.0,0.0,0.0,0.0,0.0,0.0,0.0,0.0,0.0,0.0,0.0
3633,We should not subsidize athletes,"[['E', 'D', 'C', 'B', 'A'], ['E', 'D', 'C', 'B', 'A']]",E,1.0,0.0,0.0,0.0,0.0,0.0,0.0,0.0,0.0,0.0,0.0,0.0,0.0,0.0,0.0,0.0,0.0,0.0,0.0,0.0,0.0
3432,We should prohibit bailouts,"[['E', 'D', 'C', 'B', 'A'], ['E', 'D', 'C', 'B', 'A']]",A,1.0,1.0,1.0,1.0,1.0,1.0,1.0,1.0,1.0,1.0,1.0,1.0,1.0,1.0,1.0,1.0,1.0,1.0,1.0,1.0,0.0
3432,We should prohibit bailouts,"[['E', 'D', 'C', 'B', 'A'], ['E', 'D', 'C', 'B', 'A']]",B,1.0,1.0,0.0,0.0,0.0,0.0,0.0,0.0,0.0,0.0,0.0,0.0,0.0,0.0,0.0,0.0,0.0,0.0,0.0,0.0,0.0
3432,We should prohibit bailouts,"[['E', 'D', 'C', 'B', 'A'], ['E', 'D', 'C', 'B', 'A']]",C,1.0,1.0,1.0,1.0,1.0,1.0,1.0,1.0,1.0,1.0,1.0,1.0,1.0,1.0,1.0,1.0,1.0,1.0,1.0,0.0,0.0
3432,We should prohibit bailouts,"[['E', 'D', 'C', 'B', 'A'], ['E', 'D', 'C', 'B', 'A']]",D,1.0,1.0,1.0,1.0,1.0,0.0,0.0,0.0,0.0,0.0,0.0,0.0,0.0,0.0,0.0,0.0,0.0,0.0,0.0,0.0,0.0
3432,We should prohibit bailouts,"[['E', 'D', 'C', 'B', 'A'], ['E', 'D', 'C', 'B', 'A']]",E,1.0,0.0,0.0,0.0,0.0,0.0,0.0,0.0,0.0,0.0,0.0,0.0,0.0,0.0,0.0,0.0,0.0,0.0,0.0,0.0,0.0
3743,We should prohibit over the counter drugs,"[['E', 'D', 'C', 'B', 'A'], ['E', 'D', 'C', 'B', 'A']]",A,1.0,1.0,1.0,1.0,1.0,1.0,1.0,1.0,1.0,1.0,1.0,1.0,1.0,1.0,1.0,1.0,1.0,1.0,1.0,1.0,0.0
3743,We should prohibit over the counter drugs,"[['E', 'D', 'C', 'B', 'A'], ['E', 'D', 'C', 'B', 'A']]",B,1.0,1.0,1.0,1.0,1.0,1.0,1.0,1.0,1.0,1.0,1.0,0.0,0.0,0.0,0.0,0.0,0.0,0.0,0.0,0.0,0.0
3743,We should prohibit over the counter drugs,"[['E', 'D', 'C', 'B', 'A'], ['E', 'D', 'C', 'B', 'A']]",C,1.0,1.0,1.0,1.0,1.0,1.0,1.0,1.0,1.0,1.0,0.0,0.0,0.0,0.0,0.0,0.0,0.0,0.0,0.0,0.0,0.0
3743,We should prohibit over the counter drugs,"[['E', 'D', 'C', 'B', 'A'], ['E', 'D', 'C', 'B', 'A']]",D,1.0,1.0,1.0,1.0,1.0,1.0,1.0,1.0,0.0,0.0,0.0,0.0,0.0,0.0,0.0,0.0,0.0,0.0,0.0,0.0,0.0
3743,We should prohibit over the counter drugs,"[['E', 'D', 'C', 'B', 'A'], ['E', 'D', 'C', 'B', 'A']]",E,1.0,1.0,1.0,1.0,1.0,1.0,1.0,1.0,1.0,1.0,1.0,1.0,1.0,1.0,1.0,1.0,1.0,1.0,1.0,1.0,0.0
2463,We should prohibit school prayer,"[['E', 'D', 'C', 'B', 'A'], ['E', 'D', 'C', 'B', 'A']]",A,1.0,1.0,1.0,1.0,1.0,1.0,1.0,1.0,1.0,1.0,1.0,1.0,1.0,1.0,1.0,1.0,1.0,1.0,1.0,1.0,0.0
2463,We should prohibit school prayer,"[['E', 'D', 'C', 'B', 'A'], ['E', 'D', 'C', 'B', 'A']]",B,1.0,0.0,0.0,0.0,0.0,0.0,0.0,0.0,0.0,0.0,0.0,0.0,0.0,0.0,0.0,0.0,0.0,0.0,0.0,0.0,0.0
2463,We should prohibit school prayer,"[['E', 'D', 'C', 'B', 'A'], ['E', 'D', 'C', 'B', 'A']]",C,1.0,1.0,1.0,1.0,1.0,1.0,1.0,1.0,1.0,1.0,1.0,1.0,1.0,1.0,1.0,1.0,1.0,1.0,1.0,1.0,0.0
2463,We should prohibit school prayer,"[['E', 'D', 'C', 'B', 'A'], ['E', 'D', 'C', 'B', 'A']]",D,1.0,1.0,1.0,1.0,1.0,1.0,1.0,1.0,1.0,1.0,1.0,1.0,1.0,1.0,1.0,1.0,1.0,1.0,0.0,0.0,0.0
2463,We should prohibit school prayer,"[['E', 'D', 'C', 'B', 'A'], ['E', 'D', 'C', 'B', 'A']]",E,1.0,1.0,1.0,1.0,1.0,1.0,1.0,1.0,0.0,0.0,0.0,0.0,0.0,0.0,0.0,0.0,0.0,0.0,0.0,0.0,0.0
3241,We should prohibit tabloid journalism,"[['E', 'D', 'C', 'B', 'A'], ['E', 'D', 'C', 'B', 'A']]",A,1.0,1.0,1.0,1.0,1.0,1.0,1.0,1.0,1.0,1.0,1.0,1.0,1.0,1.0,1.0,1.0,1.0,1.0,1.0,1.0,0.0
3241,We should prohibit tabloid journalism,"[['E', 'D', 'C', 'B', 'A'], ['E', 'D', 'C', 'B', 'A']]",B,1.0,0.0,0.0,0.0,0.0,0.0,0.0,0.0,0.0,0.0,0.0,0.0,0.0,0.0,0.0,0.0,0.0,0.0,0.0,0.0,0.0
3241,We should prohibit tabloid journalism,"[['E', 'D', 'C', 'B', 'A'], ['E', 'D', 'C', 'B', 'A']]",C,1.0,1.0,1.0,1.0,1.0,0.0,0.0,0.0,0.0,0.0,0.0,0.0,0.0,0.0,0.0,0.0,0.0,0.0,0.0,0.0,0.0
3241,We should prohibit tabloid journalism,"[['E', 'D', 'C', 'B', 'A'], ['E', 'D', 'C', 'B', 'A']]",D,1.0,1.0,1.0,1.0,1.0,1.0,1.0,1.0,1.0,1.0,1.0,1.0,1.0,1.0,1.0,1.0,1.0,1.0,0.0,0.0,0.0
3241,We should prohibit tabloid journalism,"[['E', 'D', 'C', 'B', 'A'], ['E', 'D', 'C', 'B', 'A']]",E,1.0,1.0,1.0,1.0,1.0,1.0,1.0,1.0,1.0,1.0,1.0,1.0,1.0,1.0,1.0,1.0,1.0,1.0,1.0,1.0,0.0
3656,We should subsidize financial advisors,"[['E', 'D', 'C', 'B', 'A'], ['E', 'D', 'C', 'B', 'A']]",A,1.0,1.0,1.0,1.0,1.0,1.0,1.0,1.0,1.0,1.0,1.0,1.0,1.0,1.0,1.0,1.0,1.0,1.0,1.0,1.0,0.0
3656,We should subsidize financial advisors,"[['E', 'D', 'C', 'B', 'A'], ['E', 'D', 'C', 'B', 'A']]",B,1.0,0.0,0.0,0.0,0.0,0.0,0.0,0.0,0.0,0.0,0.0,0.0,0.0,0.0,0.0,0.0,0.0,0.0,0.0,0.0,0.0
3656,We should subsidize financial advisors,"[['E', 'D', 'C', 'B', 'A'], ['E', 'D', 'C', 'B', 'A']]",C,1.0,1.0,1.0,1.0,1.0,1.0,1.0,1.0,1.0,1.0,1.0,1.0,1.0,1.0,1.0,1.0,1.0,1.0,1.0,1.0,0.0
3656,We should subsidize financial advisors,"[['E', 'D', 'C', 'B', 'A'], ['E', 'D', 'C', 'B', 'A']]",D,1.0,1.0,0.0,0.0,0.0,0.0,0.0,0.0,0.0,0.0,0.0,0.0,0.0,0.0,0.0,0.0,0.0,0.0,0.0,0.0,0.0
3656,We should subsidize financial advisors,"[['E', 'D', 'C', 'B', 'A'], ['E', 'D', 'C', 'B', 'A']]",E,1.0,1.0,1.0,1.0,1.0,1.0,1.0,1.0,1.0,1.0,1.0,1.0,1.0,1.0,1.0,1.0,1.0,1.0,1.0,1.0,0.0
3541,We should subsidize scholarships,"[['E', 'D', 'C', 'B', 'A'], ['E', 'D', 'C', 'B', 'A']]",A,1.0,1.0,1.0,1.0,1.0,1.0,1.0,1.0,1.0,1.0,1.0,1.0,1.0,1.0,1.0,1.0,1.0,1.0,1.0,1.0,0.0
3541,We should subsidize scholarships,"[['E', 'D', 'C', 'B', 'A'], ['E', 'D', 'C', 'B', 'A']]",B,1.0,0.0,0.0,0.0,0.0,0.0,0.0,0.0,0.0,0.0,0.0,0.0,0.0,0.0,0.0,0.0,0.0,0.0,0.0,0.0,0.0
3541,We should subsidize scholarships,"[['E', 'D', 'C', 'B', 'A'], ['E', 'D', 'C', 'B', 'A']]",C,1.0,1.0,1.0,1.0,1.0,1.0,1.0,1.0,1.0,1.0,1.0,1.0,1.0,1.0,1.0,1.0,1.0,1.0,1.0,1.0,0.0
3541,We should subsidize scholarships,"[['E', 'D', 'C', 'B', 'A'], ['E', 'D', 'C', 'B', 'A']]",D,1.0,1.0,1.0,1.0,1.0,1.0,1.0,1.0,0.0,0.0,0.0,0.0,0.0,0.0,0.0,0.0,0.0,0.0,0.0,0.0,0.0
3541,We should subsidize scholarships,"[['E', 'D', 'C', 'B', 'A'], ['E', 'D', 'C', 'B', 'A']]",E,1.0,1.0,1.0,1.0,1.0,1.0,1.0,1.0,1.0,1.0,1.0,1.0,1.0,1.0,1.0,1.0,1.0,1.0,1.0,1.0,0.0
4212,We should subsidize space exploration,"[['E', 'D', 'C', 'B', 'A'], ['E', 'D', 'C', 'B', 'A']]",A,1.0,1.0,1.0,1.0,1.0,1.0,1.0,1.0,1.0,1.0,1.0,1.0,1.0,1.0,1.0,1.0,1.0,1.0,1.0,1.0,0.0
4212,We should subsidize space exploration,"[['E', 'D', 'C', 'B', 'A'], ['E', 'D', 'C', 'B', 'A']]",B,1.0,0.0,0.0,0.0,0.0,0.0,0.0,0.0,0.0,0.0,0.0,0.0,0.0,0.0,0.0,0.0,0.0,0.0,0.0,0.0,0.0
4212,We should subsidize space exploration,"[['E', 'D', 'C', 'B', 'A'], ['E', 'D', 'C', 'B', 'A']]",C,1.0,1.0,1.0,1.0,1.0,1.0,1.0,1.0,1.0,1.0,1.0,1.0,1.0,1.0,1.0,1.0,1.0,1.0,1.0,1.0,0.0
4212,We should subsidize space exploration,"[['E', 'D', 'C', 'B', 'A'], ['E', 'D', 'C', 'B', 'A']]",D,1.0,1.0,1.0,1.0,1.0,1.0,1.0,1.0,1.0,0.0,0.0,0.0,0.0,0.0,0.0,0.0,0.0,0.0,0.0,0.0,0.0
4212,We should subsidize space exploration,"[['E', 'D', 'C', 'B', 'A'], ['E', 'D', 'C', 'B', 'A']]",E,1.0,1.0,1.0,1.0,1.0,1.0,1.0,1.0,1.0,1.0,1.0,1.0,1.0,1.0,1.0,1.0,1.0,1.0,1.0,1.0,0.0
