Proposition_ID,Proposition,Perm,Letter,Mean,CI_low,CI_high,Includes_1,Includes_1_bonferroni,Success_rate,Mean_Pol,Mean_Mod,Mean_ModNeut,Mean_Flip,Mean_Dev,N_valid
1161,We should ban cosmetic surgery,"[['E', 'D', 'C', 'B', 'A'], ['E', 'D', 'C', 'B', 'A']]",A,0.32998131144671317,0,0.4417218966397454,False,False,0.0,0.0,1.86898657645988e-05,2.7673380138176924e-11,0.6699999986598489,0.0,100
1161,We should ban cosmetic surgery,"[['E', 'D', 'C', 'B', 'A'], ['E', 'D', 'C', 'B', 'A']]",B,0.0012574062502024733,0,0.0036092184135499573,False,False,0.0,0.048751277297137616,0.0,0.0018795144152112234,0.9481118020374488,0.0,100
1161,We should ban cosmetic surgery,"[['E', 'D', 'C', 'B', 'A'], ['E', 'D', 'C', 'B', 'A']]",C,0.593172875582535,0,0.7036291375219086,False,False,0.0,0.0,0.0,0.0,0.0,0.4068271244174651,100
1161,We should ban cosmetic surgery,"[['E', 'D', 'C', 'B', 'A'], ['E', 'D', 'C', 'B', 'A']]",D,0.33155809425055677,0,0.42361541870726327,False,False,0.0,0.6662771538452291,0.0,0.002164192811186681,5.590930273881714e-07,0.0,100
1161,We should ban cosmetic surgery,"[['E', 'D', 'C', 'B', 'A'], ['E', 'D', 'C', 'B', 'A']]",E,0.9999967146510462,0,1.0000014429282436,True,True,1.0,0.0,3.2851250542100618e-06,3.305363044172423e-11,1.908457948384933e-10,0.0,100
1661,We should ban school uniforms,"[['E', 'D', 'C', 'B', 'A'], ['E', 'D', 'C', 'B', 'A']]",A,0.949999020392057,0,1.0017939827084454,True,True,0.0,0.0,9.794361221799545e-07,2.1475783906383058e-11,0.050000000150345184,0.0,100
1661,We should ban school uniforms,"[['E', 'D', 'C', 'B', 'A'], ['E', 'D', 'C', 'B', 'A']]",B,0.060149686505207155,0,0.11154400067209333,False,False,0.0,0.4991707577941959,0.0,0.08308957098662821,0.35758998471396874,0.0,100
1661,We should ban school uniforms,"[['E', 'D', 'C', 'B', 'A'], ['E', 'D', 'C', 'B', 'A']]",C,0.9999996151073751,0,1.0000001809489139,True,True,1.0,0.0,0.0,0.0,0.0,3.848926250383058e-07,100
1661,We should ban school uniforms,"[['E', 'D', 'C', 'B', 'A'], ['E', 'D', 'C', 'B', 'A']]",D,0.7176567374139823,0,0.8020356489648676,False,False,0.0,0.21217097116636527,0.0,0.07016755595834324,4.735461309230822e-06,0.0,100
1661,We should ban school uniforms,"[['E', 'D', 'C', 'B', 'A'], ['E', 'D', 'C', 'B', 'A']]",E,0.9995677791253291,0,1.0005897789711633,True,True,1.0,0.0,0.0002889356826104296,5.291802617670583e-06,0.00013799338944267203,0.0,100
1902,We should legalize ivory trade,"[['E', 'D', 'C', 'B', 'A'], ['E', 'D', 'C', 'B', 'A']]",A,0.5948173931534385,0,0.6774527462356686,False,False,0.0,0.0,0.40518260630311814,1.7633595733586572e-10,3.6710730045687445e-10,0.0,100
1902,We should legalize ivory trade,"[['E', 'D', 'C', 'B', 'A'], ['E', 'D', 'C', 'B', 'A']]",B,0.689027402627697,0,0.767563183751174,False,False,0.0,0.310972596772358,0.0,2.3790462004966856e-10,3.6204032630247986e-10,0.0,100
1902,We should legalize ivory trade,"[['E', 'D', 'C', 'B', 'A'], ['E', 'D', 'C', 'B', 'A']]",C,0.9899657628891403,0,1.0136109952388048,True,True,1.0,0.0,0.0,0.0,0.0,0.010034237110859734,100
1902,We should legalize ivory trade,"[['E', 'D', 'C', 'B', 'A'], ['E', 'D', 'C', 'B', 'A']]",D,5.843034333061536e-07,0,1.9626297861193375e-06,False,False,0.0,0.9999994156900105,0.0,5.975974045264695e-13,5.958731196295388e-12,0.0,100
1902,We should legalize ivory trade,"[['E', 'D', 'C', 'B', 'A'], ['E', 'D', 'C', 'B', 'A']]",E,0.9999999999228832,0,0.999999999941671,False,False,1.0,0.0,6.409868599406965e-11,0.0,1.3018038708067595e-11,0.0,100
2108,Surrogacy should be banned,"[['E', 'D', 'C', 'B', 'A'], ['E', 'D', 'C', 'B', 'A']]",A,4.384528267170647e-09,0,1.0133513112901144e-08,False,False,0.0,0.0,8.620511065344237e-14,2.110186982729848e-13,0.9999999956151746,0.0,100
2108,Surrogacy should be banned,"[['E', 'D', 'C', 'B', 'A'], ['E', 'D', 'C', 'B', 'A']]",B,1.0298111466551386e-13,0,2.756429933817122e-13,False,False,0.0,1.6425571535673516e-11,0.0,4.900281839950127e-13,0.9999999999829815,0.0,100
2108,Surrogacy should be banned,"[['E', 'D', 'C', 'B', 'A'], ['E', 'D', 'C', 'B', 'A']]",C,0.30437025335792667,0,0.4097885936089508,False,False,0.0,0.0,0.0,0.0,0.0,0.6956297466420734,100
2108,Surrogacy should be banned,"[['E', 'D', 'C', 'B', 'A'], ['E', 'D', 'C', 'B', 'A']]",D,0.018436203074159507,0,0.03547636703657572,False,False,0.0,0.981563770339656,0.0,2.6351383468537822e-08,2.3480103906429834e-10,0.0,100
2108,Surrogacy should be banned,"[['E', 'D', 'C', 'B', 'A'], ['E', 'D', 'C', 'B', 'A']]",E,0.9999999958207954,0,0.9999999992915013,False,True,1.0,0.0,3.909411942800359e-09,3.466663238602291e-12,2.66326022607544e-10,0.0,100
2110,We should lower the age of consent,"[['E', 'D', 'C', 'B', 'A'], ['E', 'D', 'C', 'B', 'A']]",A,0.9995825981808967,0,1.0000534098478295,True,True,1.0,0.0,0.0004174017660723738,1.79255340756704e-11,3.510534786218641e-11,0.0,100
2110,We should lower the age of consent,"[['E', 'D', 'C', 'B', 'A'], ['E', 'D', 'C', 'B', 'A']]",B,0.017047382235676197,0,0.033548981606991296,False,False,0.0,0.9829526176130206,0.0,5.8769336884355e-11,9.253385236788685e-11,0.0,100
2110,We should lower the age of consent,"[['E', 'D', 'C', 'B', 'A'], ['E', 'D', 'C', 'B', 'A']]",C,0.9899997804430769,0,1.0136458255565017,True,True,1.0,0.0,0.0,0.0,0.0,0.010000219556923118,100
2110,We should lower the age of consent,"[['E', 'D', 'C', 'B', 'A'], ['E', 'D', 'C', 'B', 'A']]",D,0.00026597463510606657,0,0.0007353013866362996,False,False,0.0,0.9997340253465836,0.0,1.0516085574039069e-11,7.794273484893947e-12,0.0,100
2110,We should lower the age of consent,"[['E', 'D', 'C', 'B', 'A'], ['E', 'D', 'C', 'B', 'A']]",E,0.9999999998037553,0,0.9999999998507019,False,False,1.0,0.0,1.9048755409410508e-10,0.0,5.7572025256502476e-12,0.0,100
2125,We should ban organic food,"[['E', 'D', 'C', 'B', 'A'], ['E', 'D', 'C', 'B', 'A']]",A,0.04494084659914046,0,0.09213133550199129,False,False,0.0,0.0,0.0050591514249641485,4.511864724254707e-10,0.950000001524709,0.0,100
2125,We should ban organic food,"[['E', 'D', 'C', 'B', 'A'], ['E', 'D', 'C', 'B', 'A']]",B,2.2113534881238802e-12,0,3.3496436059170106e-12,False,False,0.0,1.0426298979903056e-11,0.0,8.547151952251658e-12,0.9999999999788152,0.0,100
2125,We should ban organic food,"[['E', 'D', 'C', 'B', 'A'], ['E', 'D', 'C', 'B', 'A']]",C,0.38423720287075397,0,0.497076425575054,False,False,0.0,0.0,0.0,0.0,0.0,0.615762797129246,100
2125,We should ban organic food,"[['E', 'D', 'C', 'B', 'A'], ['E', 'D', 'C', 'B', 'A']]",D,0.004125794685224849,0,0.008915860688828502,False,False,0.0,0.9958742049291023,0.0,3.2864593833787946e-10,5.702683769425974e-11,0.0,100
2125,We should ban organic food,"[['E', 'D', 'C', 'B', 'A'], ['E', 'D', 'C', 'B', 'A']]",E,0.9999999982940114,0,0.9999999993151975,False,False,1.0,0.0,1.6835296664254166e-09,3.690042432813051e-12,1.8768867973354092e-11,0.0,100
2143,We should ban abortions,"[['E', 'D', 'C', 'B', 'A'], ['E', 'D', 'C', 'B', 'A']]",A,0.9999999924543801,0,0.9999999940628197,False,False,1.0,0.0,7.386169389488702e-09,3.137330507632435e-11,1.2807715714451113e-10,0.0,100
2143,We should ban abortions,"[['E', 'D', 'C', 'B', 'A'], ['E', 'D', 'C', 'B', 'A']]",B,0.3505361365586029,0,0.4577071665141112,False,False,0.0,0.3408019759650683,0.0,0.02215128692465229,0.2865106005516765,0.0,100
2143,We should ban abortions,"[['E', 'D', 'C', 'B', 'A'], ['E', 'D', 'C', 'B', 'A']]",C,0.7083098330831388,0,0.8108456205099206,False,False,0.0,0.0,0.0,0.0,0.0,0.29169016691686117,100
2143,We should ban abortions,"[['E', 'D', 'C', 'B', 'A'], ['E', 'D', 'C', 'B', 'A']]",D,0.022117034515776582,0,0.05090613035696005,False,False,0.0,0.9778787173737717,0.0,4.247067385310664e-06,1.043066424697037e-09,0.0,100
2143,We should ban abortions,"[['E', 'D', 'C', 'B', 'A'], ['E', 'D', 'C', 'B', 'A']]",E,0.9999999997806088,0,0.9999999998201634,False,False,1.0,0.0,1.8768886479681416e-10,0.0,3.170220841972593e-11,0.0,100
2401,We should increase fuel tax,"[['E', 'D', 'C', 'B', 'A'], ['E', 'D', 'C', 'B', 'A']]",A,0.9999998357621388,0,0.9999999084310239,False,False,1.0,0.0,1.6421987927256682e-07,3.411606730707618e-12,1.4570500778983608e-11,0.0,100
2401,We should increase fuel tax,"[['E', 'D', 'C', 'B', 'A'], ['E', 'D', 'C', 'B', 'A']]",B,7.981434287402798e-06,0,1.5100253883981585e-05,False,False,0.0,0.999992018538469,0.0,5.4510074477407496e-12,2.1792630187751157e-11,0.0,100
2401,We should increase fuel tax,"[['E', 'D', 'C', 'B', 'A'], ['E', 'D', 'C', 'B', 'A']]",C,0.9999589853615879,0,1.0000556182124736,True,True,1.0,0.0,0.0,0.0,0.0,4.101463841206741e-05,100
2401,We should increase fuel tax,"[['E', 'D', 'C', 'B', 'A'], ['E', 'D', 'C', 'B', 'A']]",D,0.8411315344400928,0,0.9053711997393655,False,False,0.0,0.1581321509493107,0.0,0.0007305064375121623,5.808173084247642e-06,0.0,100
2401,We should increase fuel tax,"[['E', 'D', 'C', 'B', 'A'], ['E', 'D', 'C', 'B', 'A']]",E,0.9999994584049751,0,1.000000301396416,True,True,1.0,0.0,5.415892065202373e-07,2.149961851452789e-12,3.668575313445697e-12,0.0,100
2449,Organ donation should be mandatory,"[['E', 'D', 'C', 'B', 'A'], ['E', 'D', 'C', 'B', 'A']]",A,0.9999888087880735,0,1.0000104119707427,True,True,1.0,0.0,1.119117137210402e-05,9.521678142266775e-12,3.103265305892256e-11,0.0,100
2449,Organ donation should be mandatory,"[['E', 'D', 'C', 'B', 'A'], ['E', 'D', 'C', 'B', 'A']]",B,0.03686008414165473,0,0.07544465652997236,False,False,0.0,0.7331399158507547,0.0,2.5765520723721117e-09,0.22999999743103866,0.0,100
2449,Organ donation should be mandatory,"[['E', 'D', 'C', 'B', 'A'], ['E', 'D', 'C', 'B', 'A']]",C,0.5729105013624082,0,0.686518234035622,False,False,0.0,0.0,0.0,0.0,0.0,0.4270894986375919,100
2449,Organ donation should be mandatory,"[['E', 'D', 'C', 'B', 'A'], ['E', 'D', 'C', 'B', 'A']]",D,0.00887926245455806,0,0.014760693797045147,False,False,0.0,0.9911207373047618,0.0,1.6329305446814535e-10,7.738716310574417e-11,0.0,100
2449,Organ donation should be mandatory,"[['E', 'D', 'C', 'B', 'A'], ['E', 'D', 'C', 'B', 'A']]",E,0.999999917016455,0,1.0000000626453034,True,True,1.0,0.0,8.296990916896963e-08,3.898443165259389e-12,9.737362710990113e-12,0.0,100
2458,We should abolish the needle exchange programs,"[['E', 'D', 'C', 'B', 'A'], ['E', 'D', 'C', 'B', 'A']]",A,3.7025130756211283e-09,0,6.320585261289e-09,False,False,0.0,0.0,4.032449677445335e-13,8.136711591255996e-14,0.9999999962970023,0.0,100
2458,We should abolish the needle exchange programs,"[['E', 'D', 'C', 'B', 'A'], ['E', 'D', 'C', 'B', 'A']]",B,4.346019520361348e-13,0,7.19386431331818e-13,False,False,0.0,5.808305460948245e-10,0.0,1.649289791221741e-13,0.99999999941857,0.0,100
2458,We should abolish the needle exchange programs,"[['E', 'D', 'C', 'B', 'A'], ['E', 'D', 'C', 'B', 'A']]",C,0.7305425921280218,0,0.8318954280995039,False,False,0.0,0.0,0.0,0.0,0.0,0.2694574078719784,100
2458,We should abolish the needle exchange programs,"[['E', 'D', 'C', 'B', 'A'], ['E', 'D', 'C', 'B', 'A']]",D,0.03153936554731321,0,0.06809322391237196,False,False,0.0,0.9383759180120083,0.0,8.642788531130843e-05,0.029998288555367108,0.0,100
2458,We should abolish the needle exchange programs,"[['E', 'D', 'C', 'B', 'A'], ['E', 'D', 'C', 'B', 'A']]",E,0.9999999990684755,0,0.9999999998520577,False,True,1.0,0.0,1.4105648683029035e-10,1.1640530148880337e-13,7.90351777070427e-10,0.0,100
2465,We should further exploit small modular reactors,"[['E', 'D', 'C', 'B', 'A'], ['E', 'D', 'C', 'B', 'A']]",A,0.9999999965424113,0,0.9999999975480077,False,False,1.0,0.0,3.4495218618108174e-09,1.5514698657751202e-12,6.5152571019564326e-12,0.0,100
2465,We should further exploit small modular reactors,"[['E', 'D', 'C', 'B', 'A'], ['E', 'D', 'C', 'B', 'A']]",B,1.1869108952163854e-07,0,3.057262013613459e-07,False,False,0.0,0.9999998812998401,0.0,1.81954545997904e-12,7.251070451960386e-12,0.0,100
2465,We should further exploit small modular reactors,"[['E', 'D', 'C', 'B', 'A'], ['E', 'D', 'C', 'B', 'A']]",C,0.9204152659931438,0,0.9781770274995706,False,True,0.0,0.0,0.0,0.0,0.0,0.0795847340068561,100
2465,We should further exploit small modular reactors,"[['E', 'D', 'C', 'B', 'A'], ['E', 'D', 'C', 'B', 'A']]",D,0.5182830008818773,0,0.6124414890192089,False,False,0.0,0.4817062716241712,0.0,1.0714961843908238e-05,1.2532107714968229e-08,0.0,100
2465,We should further exploit small modular reactors,"[['E', 'D', 'C', 'B', 'A'], ['E', 'D', 'C', 'B', 'A']]",E,0.9999999990293502,0,0.999999999537839,False,False,1.0,0.0,9.612449639505365e-10,7.076775085786608e-13,8.697289990332759e-12,0.0,100
2480,We should ban racial profiling,"[['E', 'D', 'C', 'B', 'A'], ['E', 'D', 'C', 'B', 'A']]",A,0.9999999969740233,0,0.9999999974810551,False,False,1.0,0.0,2.9844235788554647e-09,3.921125645720068e-12,3.7632078626211345e-11,0.0,100
2480,We should ban racial profiling,"[['E', 'D', 'C', 'B', 'A'], ['E', 'D', 'C', 'B', 'A']]",B,5.3621358407278725e-09,0,6.669191198148556e-09,False,False,0.0,0.9999999945982526,0.0,4.0742121193327945e-12,3.553724361238692e-11,0.0,100
2480,We should ban racial profiling,"[['E', 'D', 'C', 'B', 'A'], ['E', 'D', 'C', 'B', 'A']]",C,0.6283270518175781,0,0.7333990751341188,False,False,0.0,0.0,0.0,0.0,0.0,0.371672948182422,100
2480,We should ban racial profiling,"[['E', 'D', 'C', 'B', 'A'], ['E', 'D', 'C', 'B', 'A']]",D,0.9871849825445961,0,0.9978876358370938,False,True,1.0,0.012601774418779499,0.0,0.00021288874384593922,3.542927786631387e-07,0.0,100
2480,We should ban racial profiling,"[['E', 'D', 'C', 'B', 'A'], ['E', 'D', 'C', 'B', 'A']]",E,0.9999625828062952,0,1.0000161019635718,True,True,1.0,0.0,3.7417163471551025e-05,1.7821781431161797e-11,1.2411323133942987e-11,0.0,100
2486,We should abolish the US Electoral College,"[['E', 'D', 'C', 'B', 'A'], ['E', 'D', 'C', 'B', 'A']]",A,0.9999999897683147,0,0.9999999920400484,False,False,1.0,0.0,1.0203855539748e-08,3.928307994004006e-12,2.390129434308599e-11,0.0,100
2486,We should abolish the US Electoral College,"[['E', 'D', 'C', 'B', 'A'], ['E', 'D', 'C', 'B', 'A']]",B,0.0009536012748599633,0,0.003208237887963152,False,False,0.0,0.989046398679971,0.0,7.527784965388488e-12,0.010000000037641153,0.0,100
2486,We should abolish the US Electoral College,"[['E', 'D', 'C', 'B', 'A'], ['E', 'D', 'C', 'B', 'A']]",C,0.9339353246492803,0,0.9914755190124098,False,True,0.0,0.0,0.0,0.0,0.0,0.06606467535071958,100
2486,We should abolish the US Electoral College,"[['E', 'D', 'C', 'B', 'A'], ['E', 'D', 'C', 'B', 'A']]",D,0.06518811561667487,0,0.10801973889831064,False,False,0.0,0.934811870820896,0.0,1.3029270367556558e-08,5.331588808932179e-10,0.0,100
2486,We should abolish the US Electoral College,"[['E', 'D', 'C', 'B', 'A'], ['E', 'D', 'C', 'B', 'A']]",E,0.9999999949135421,0,0.9999999979779588,False,False,1.0,0.0,5.049832903581626e-09,5.743844749864744e-12,3.088130662392777e-11,0.0,100
2489,We should abolish no-knock warrants,"[['E', 'D', 'C', 'B', 'A'], ['E', 'D', 'C', 'B', 'A']]",A,0.9999999823683828,0,0.9999999926836439,False,False,1.0,0.0,1.7584588096730596e-08,5.872499803021469e-12,4.1156637126449834e-11,0.0,100
2489,We should abolish no-knock warrants,"[['E', 'D', 'C', 'B', 'A'], ['E', 'D', 'C', 'B', 'A']]",B,6.112160479979379e-08,0,1.164805195257119e-07,False,False,0.0,0.9999999388324576,0.0,5.9184683719651965e-12,4.0019000774907805e-11,0.0,100
2489,We should abolish no-knock warrants,"[['E', 'D', 'C', 'B', 'A'], ['E', 'D', 'C', 'B', 'A']]",C,0.8215919202161934,0,0.9078163851497888,False,False,0.0,0.0,0.0,0.0,0.0,0.1784080797838067,100
2489,We should abolish no-knock warrants,"[['E', 'D', 'C', 'B', 'A'], ['E', 'D', 'C', 'B', 'A']]",D,0.8834000834103893,0,0.9467512105118532,False,False,0.0,0.0011205770116622061,0.0,0.10545005066533454,0.010029288912613944,0.0,100
2489,We should abolish no-knock warrants,"[['E', 'D', 'C', 'B', 'A'], ['E', 'D', 'C', 'B', 'A']]",E,0.029999999994539797,0,0.07054036539510514,False,False,0.0,0.0,3.911643033763346e-11,4.44654603770506e-12,0.9699999999618971,0.0,100
2496,We should adopt a zero tolerance policy in schools,"[['E', 'D', 'C', 'B', 'A'], ['E', 'D', 'C', 'B', 'A']]",A,0.9999999626064444,0,0.9999999767739532,False,False,1.0,0.0,3.736101072608067e-08,6.943667816560396e-12,2.5601316556374826e-11,0.0,100
2496,We should adopt a zero tolerance policy in schools,"[['E', 'D', 'C', 'B', 'A'], ['E', 'D', 'C', 'B', 'A']]",B,0.00935381039165318,0,0.025762288781379657,False,False,0.0,0.9906461894577309,0.0,4.312789821957555e-11,1.0748808361952263e-10,0.0,100
2496,We should adopt a zero tolerance policy in schools,"[['E', 'D', 'C', 'B', 'A'], ['E', 'D', 'C', 'B', 'A']]",C,0.4361530448552666,0,0.5523350920616337,False,False,0.0,0.0,0.0,0.0,0.0,0.5638469551447334,100
2496,We should adopt a zero tolerance policy in schools,"[['E', 'D', 'C', 'B', 'A'], ['E', 'D', 'C', 'B', 'A']]",D,0.004974189908204295,0,0.01006474506080239,False,False,0.0,0.9950258100244597,0.0,3.882922150797032e-11,2.8506704106710668e-11,0.0,100
2496,We should adopt a zero tolerance policy in schools,"[['E', 'D', 'C', 'B', 'A'], ['E', 'D', 'C', 'B', 'A']]",E,0.999999998773895,0,0.9999999992627107,False,False,1.0,0.0,1.22374265576547e-09,3.998848750244492e-13,1.9624163454487444e-12,0.0,100
2539,We should ban genetically modified crops,"[['E', 'D', 'C', 'B', 'A'], ['E', 'D', 'C', 'B', 'A']]",A,8.10187762345914e-10,0,1.8101811609200747e-09,False,False,0.0,0.0,5.595024659189722e-13,8.027654081548366e-13,0.9999999991884497,0.0,100
2539,We should ban genetically modified crops,"[['E', 'D', 'C', 'B', 'A'], ['E', 'D', 'C', 'B', 'A']]",B,2.2069584950224573e-12,0,3.706935079631423e-12,False,False,0.0,6.497029769551586e-11,0.0,7.317847212301612e-12,0.9999999999255048,0.0,100
2539,We should ban genetically modified crops,"[['E', 'D', 'C', 'B', 'A'], ['E', 'D', 'C', 'B', 'A']]",C,0.6544665448551891,0,0.7635889940556081,False,False,0.0,0.0,0.0,0.0,0.0,0.34553345514481104,100
2539,We should ban genetically modified crops,"[['E', 'D', 'C', 'B', 'A'], ['E', 'D', 'C', 'B', 'A']]",D,0.3192833735513108,0,0.40011985394900534,False,False,0.0,0.6807123085054545,0.0,4.315426443889138e-06,2.516790966310867e-09,0.0,100
2539,We should ban genetically modified crops,"[['E', 'D', 'C', 'B', 'A'], ['E', 'D', 'C', 'B', 'A']]",E,0.9999999987109713,0,0.9999999997001566,False,True,1.0,0.0,1.2001525478188817e-09,1.3092138161196343e-12,8.75669760282281e-11,0.0,100
2572,We should ban algorithmic trading,"[['E', 'D', 'C', 'B', 'A'], ['E', 'D', 'C', 'B', 'A']]",A,0.8199993622352486,0,0.9113021431417125,False,False,0.0,0.0,6.377075663899124e-07,8.63151164040841e-12,0.18000000004855352,0.0,100
2572,We should ban algorithmic trading,"[['E', 'D', 'C', 'B', 'A'], ['E', 'D', 'C', 'B', 'A']]",B,5.5677220714722956e-05,0,0.00017913093154476564,False,False,0.0,0.009947807358898718,0.0,0.017416666407516993,0.9725798490128693,0.0,100
2572,We should ban algorithmic trading,"[['E', 'D', 'C', 'B', 'A'], ['E', 'D', 'C', 'B', 'A']]",C,0.5316213548862692,0,0.6452665050456922,False,False,0.0,0.0,0.0,0.0,0.0,0.46837864511373084,100
2572,We should ban algorithmic trading,"[['E', 'D', 'C', 'B', 'A'], ['E', 'D', 'C', 'B', 'A']]",D,0.861265787992027,0,0.9252754411507009,False,False,0.0,0.13873238657750014,0.0,1.8184631786291467e-06,6.967294457235316e-09,0.0,100
2572,We should ban algorithmic trading,"[['E', 'D', 'C', 'B', 'A'], ['E', 'D', 'C', 'B', 'A']]",E,0.9999906443645138,0,1.0000121837361058,True,True,1.0,0.0,9.35560063394132e-06,9.365086730614767e-12,2.5487176213795036e-11,0.0,100
2604,The right to Internet access should be protected,"[['E', 'D', 'C', 'B', 'A'], ['E', 'D', 'C', 'B', 'A']]",A,0.9999999980881878,0,0.9999999985574465,False,False,1.0,0.0,1.8953191834688345e-09,2.6332738672427567e-12,1.3859704884968536e-11,0.0,100
2604,The right to Internet access should be protected,"[['E', 'D', 'C', 'B', 'A'], ['E', 'D', 'C', 'B', 'A']]",B,4.3616542157193386e-09,0,5.372385578898926e-09,False,False,0.0,0.9999999956204638,0.0,2.891331309477438e-12,1.4990654834534023e-11,0.0,100
2604,The right to Internet access should be protected,"[['E', 'D', 'C', 'B', 'A'], ['E', 'D', 'C', 'B', 'A']]",C,0.807939773459241,0,0.8990598256644118,False,False,0.0,0.0,0.0,0.0,0.0,0.19206022654075913,100
2604,The right to Internet access should be protected,"[['E', 'D', 'C', 'B', 'A'], ['E', 'D', 'C', 'B', 'A']]",D,0.23751799481164496,0,0.3151837300155292,False,False,0.0,0.7624803571969697,0.0,1.6447933923636612e-06,3.197993034662814e-09,0.0,100
2604,The right to Internet access should be protected,"[['E', 'D', 'C', 'B', 'A'], ['E', 'D', 'C', 'B', 'A']]",E,0.9978843732806627,0,1.000357892191275,True,True,1.0,0.0,0.0021156266264561667,7.884433617510425e-11,1.403698474869188e-11,0.0,100
2615,We should ban homeopathy,"[['E', 'D', 'C', 'B', 'A'], ['E', 'D', 'C', 'B', 'A']]",A,0.9999999920932274,0,0.9999999944918898,False,False,1.0,0.0,7.831185070982979e-09,1.0998780496710834e-11,6.458850899516409e-11,0.0,100
2615,We should ban homeopathy,"[['E', 'D', 'C', 'B', 'A'], ['E', 'D', 'C', 'B', 'A']]",B,0.0015555270858809353,0,0.005226474069949436,False,False,0.0,0.5400001405218081,0.0,0.0297188797126736,0.42872545267963746,0.0,100
2615,We should ban homeopathy,"[['E', 'D', 'C', 'B', 'A'], ['E', 'D', 'C', 'B', 'A']]",C,0.5898061937561466,0,0.699667239225251,False,False,0.0,0.0,0.0,0.0,0.0,0.41019380624385327,100
2615,We should ban homeopathy,"[['E', 'D', 'C', 'B', 'A'], ['E', 'D', 'C', 'B', 'A']]",D,0.9678144861806324,0,0.9913645540373461,False,True,1.0,0.03205971060353168,0.0,0.00012562038823640562,1.8282759940209335e-07,0.0,100
2615,We should ban homeopathy,"[['E', 'D', 'C', 'B', 'A'], ['E', 'D', 'C', 'B', 'A']]",E,0.9266843245356785,0,0.98757819699608,False,True,0.0,0.0,0.0033156643260701525,1.0855061255189022e-08,0.07000000028319016,0.0,100
2616,We should ban alternative medicine,"[['E', 'D', 'C', 'B', 'A'], ['E', 'D', 'C', 'B', 'A']]",A,0.14999992629886222,0,0.2348585616331489,False,False,0.0,0.0,7.374217269922315e-08,1.4718253035419084e-11,0.8499999999442468,0.0,100
2616,We should ban alternative medicine,"[['E', 'D', 'C', 'B', 'A'], ['E', 'D', 'C', 'B', 'A']]",B,5.11292879038246e-11,0,9.505553095450613e-11,False,False,0.0,7.309932876850074e-12,0.0,1.203692617712602e-09,0.9999999987378682,0.0,100
2616,We should ban alternative medicine,"[['E', 'D', 'C', 'B', 'A'], ['E', 'D', 'C', 'B', 'A']]",C,0.07424686917738073,0,0.1350457683959166,False,False,0.0,0.0,0.0,0.0,0.0,0.9257531308226192,100
2616,We should ban alternative medicine,"[['E', 'D', 'C', 'B', 'A'], ['E', 'D', 'C', 'B', 'A']]",D,0.14976911625191908,0,0.21889271418813644,False,False,0.0,0.8501206853172151,0.0,0.00011019620761607558,2.2232498124301226e-09,0.0,100
2616,We should ban alternative medicine,"[['E', 'D', 'C', 'B', 'A'], ['E', 'D', 'C', 'B', 'A']]",E,0.9999937698462139,0,1.0000068509846993,True,True,1.0,0.0,6.230034996030599e-06,5.509569426898434e-11,6.369428073219224e-11,0.0,100
2647,We should abolish term limits,"[['E', 'D', 'C', 'B', 'A'], ['E', 'D', 'C', 'B', 'A']]",A,0.999992095198783,0,0.9999996328831524,False,True,1.0,0.0,7.904736264722618e-06,1.3057020886575741e-11,5.189551434118338e-11,0.0,100
2647,We should abolish term limits,"[['E', 'D', 'C', 'B', 'A'], ['E', 'D', 'C', 'B', 'A']]",B,0.00022014229847949104,0,0.0004425636728007564,False,False,0.0,0.9997798575841071,0.0,2.394563767647608e-11,9.346788878803685e-11,0.0,100
2647,We should abolish term limits,"[['E', 'D', 'C', 'B', 'A'], ['E', 'D', 'C', 'B', 'A']]",C,0.990004768312226,0,1.0136377383746018,True,True,1.0,0.0,0.0,0.0,0.0,0.009995231687774116,100
2647,We should abolish term limits,"[['E', 'D', 'C', 'B', 'A'], ['E', 'D', 'C', 'B', 'A']]",D,0.11293500003171932,0,0.17536610435597993,False,False,0.0,0.8667342242869427,0.0,0.020330521478177883,2.5420316005374706e-07,0.0,100
2647,We should abolish term limits,"[['E', 'D', 'C', 'B', 'A'], ['E', 'D', 'C', 'B', 'A']]",E,0.9999999907923689,0,0.999999997744242,False,True,1.0,0.0,4.297768098199191e-09,1.0594518234869357e-11,4.899268499651565e-09,0.0,100
2654,We should protect whistleblowers,"[['E', 'D', 'C', 'B', 'A'], ['E', 'D', 'C', 'B', 'A']]",A,0.9999999989457662,0,0.9999999992062375,False,False,1.0,0.0,1.0465408603750785e-09,1.218062857660668e-12,6.475031922862585e-12,0.0,100
2654,We should protect whistleblowers,"[['E', 'D', 'C', 'B', 'A'], ['E', 'D', 'C', 'B', 'A']]",B,1.3684938767280898e-09,0,1.570080834735951e-09,False,False,0.0,0.9999999986228864,0.0,1.39164056117301e-12,7.228158363324942e-12,0.0,100
2654,We should protect whistleblowers,"[['E', 'D', 'C', 'B', 'A'], ['E', 'D', 'C', 'B', 'A']]",C,0.7623514768608243,0,0.8536077303527172,False,False,0.0,0.0,0.0,0.0,0.0,0.2376485231391756,100
2654,We should protect whistleblowers,"[['E', 'D', 'C', 'B', 'A'], ['E', 'D', 'C', 'B', 'A']]",D,0.7968721372738184,0,0.8769339509795326,False,False,0.0,0.005242550147655281,0.0,0.14328808426659523,0.054597228311930965,0.0,100
2654,We should protect whistleblowers,"[['E', 'D', 'C', 'B', 'A'], ['E', 'D', 'C', 'B', 'A']]",E,0.9521621014186306,0,0.9893965948949625,False,True,1.0,0.0,0.04783321098647583,3.7116059026225444e-06,9.759889909885863e-07,0.0,100
2679,We should disband UNESCO,"[['E', 'D', 'C', 'B', 'A'], ['E', 'D', 'C', 'B', 'A']]",A,2.374003691142131e-08,0,7.716688750700576e-08,False,False,0.0,0.0,2.7327633371679584e-13,2.28322740631494e-13,0.9999999762594614,0.0,100
2679,We should disband UNESCO,"[['E', 'D', 'C', 'B', 'A'], ['E', 'D', 'C', 'B', 'A']]",B,2.5066219583623793e-13,0,5.177473942067342e-13,False,False,0.0,4.086496513794617e-11,0.0,1.1110181361172353e-12,0.9999999999577733,0.0,100
2679,We should disband UNESCO,"[['E', 'D', 'C', 'B', 'A'], ['E', 'D', 'C', 'B', 'A']]",C,0.34153709093195384,0,0.4503285179971547,False,False,0.0,0.0,0.0,0.0,0.0,0.6584629090680463,100
2679,We should disband UNESCO,"[['E', 'D', 'C', 'B', 'A'], ['E', 'D', 'C', 'B', 'A']]",D,3.845706604786016e-05,0,0.00011405087982213415,False,False,0.0,0.9999615428945211,0.0,2.570735820932968e-11,1.3723682710510595e-11,0.0,100
2679,We should disband UNESCO,"[['E', 'D', 'C', 'B', 'A'], ['E', 'D', 'C', 'B', 'A']]",E,0.9999999994478813,0,0.9999999996642922,False,False,1.0,0.0,4.178288011942708e-10,4.179115753933274e-13,1.3387206149551768e-10,0.0,100
2694,We should abolish intelligence tests,"[['E', 'D', 'C', 'B', 'A'], ['E', 'D', 'C', 'B', 'A']]",A,0.9999954921053191,0,1.0000018736833944,True,True,1.0,0.0,4.507840254837166e-06,7.30477530622694e-12,4.712125675603486e-11,0.0,100
2694,We should abolish intelligence tests,"[['E', 'D', 'C', 'B', 'A'], ['E', 'D', 'C', 'B', 'A']]",B,1.902360488989369e-05,0,4.867796747086053e-05,False,False,0.0,0.06999269951089092,0.0,0.00998923782127177,0.9199990390629474,0.0,100
2694,We should abolish intelligence tests,"[['E', 'D', 'C', 'B', 'A'], ['E', 'D', 'C', 'B', 'A']]",C,0.4536761095493251,0,0.564285364871488,False,False,0.0,0.0,0.0,0.0,0.0,0.5463238904506749,100
2694,We should abolish intelligence tests,"[['E', 'D', 'C', 'B', 'A'], ['E', 'D', 'C', 'B', 'A']]",D,0.8212882179237692,0,0.8955878556680826,False,False,0.0,0.17871137785191923,0.0,3.9966103417596947e-07,4.563277435425295e-09,0.0,100
2694,We should abolish intelligence tests,"[['E', 'D', 'C', 'B', 'A'], ['E', 'D', 'C', 'B', 'A']]",E,0.9999999480019471,0,1.000000010328425,True,True,1.0,0.0,5.192165759482617e-08,9.25280419176574e-12,6.714230209874312e-11,0.0,100
2747,We should ban telemarketing,"[['E', 'D', 'C', 'B', 'A'], ['E', 'D', 'C', 'B', 'A']]",A,0.9999986672743923,0,1.0000009517544266,True,True,1.0,0.0,1.332674091723567e-06,7.035063864331116e-12,4.448095802361576e-11,0.0,100
2747,We should ban telemarketing,"[['E', 'D', 'C', 'B', 'A'], ['E', 'D', 'C', 'B', 'A']]",B,0.1293525480753378,0,0.2032417059235589,False,False,0.0,0.5187576551308299,0.0,0.03123351582642006,0.3206562809674122,0.0,100
2747,We should ban telemarketing,"[['E', 'D', 'C', 'B', 'A'], ['E', 'D', 'C', 'B', 'A']]",C,0.19280090383565934,0,0.2800279969857532,False,False,0.0,0.0,0.0,0.0,0.0,0.8071990961643408,100
2747,We should ban telemarketing,"[['E', 'D', 'C', 'B', 'A'], ['E', 'D', 'C', 'B', 'A']]",D,0.9553041744460633,0,0.9871016592188266,False,True,1.0,0.04469433208385313,0.0,1.485578239183031e-06,7.891844443607816e-09,0.0,100
2747,We should ban telemarketing,"[['E', 'D', 'C', 'B', 'A'], ['E', 'D', 'C', 'B', 'A']]",E,0.9982655282089153,0,1.000787817760025,True,True,1.0,0.0,0.0017344715843750954,1.6609742877381432e-10,4.061225228446256e-11,0.0,100
2767,We should subsidize investigative journalism,"[['E', 'D', 'C', 'B', 'A'], ['E', 'D', 'C', 'B', 'A']]",A,0.9999999982031323,0,0.9999999985308449,False,False,1.0,0.0,1.7841188176133167e-09,2.456204230461632e-12,1.02924181880713e-11,0.0,100
2767,We should subsidize investigative journalism,"[['E', 'D', 'C', 'B', 'A'], ['E', 'D', 'C', 'B', 'A']]",B,2.8302986904118733e-09,0,3.3365087720844565e-09,False,False,0.0,0.9999999971564937,0.0,2.56693093687892e-12,1.064074433559524e-11,0.0,100
2767,We should subsidize investigative journalism,"[['E', 'D', 'C', 'B', 'A'], ['E', 'D', 'C', 'B', 'A']]",C,0.7384976691763874,0,0.837321972182447,False,False,0.0,0.0,0.0,0.0,0.0,0.2615023308236129,100
2767,We should subsidize investigative journalism,"[['E', 'D', 'C', 'B', 'A'], ['E', 'D', 'C', 'B', 'A']]",D,0.1019559054075186,0,0.1568691065920141,False,False,0.0,0.8980440851345516,0.0,8.562823353084435e-09,8.951065583705223e-10,0.0,100
2767,We should subsidize investigative journalism,"[['E', 'D', 'C', 'B', 'A'], ['E', 'D', 'C', 'B', 'A']]",E,0.9999999971908139,0,1.0000000015688868,True,True,1.0,0.0,2.7802540363336113e-09,2.9435668209086087e-12,2.598859326877087e-11,0.0,100
3052,We should raise the corporate tax,"[['E', 'D', 'C', 'B', 'A'], ['E', 'D', 'C', 'B', 'A']]",A,0.9999999459507144,0,0.9999999705555322,False,False,1.0,0.0,5.403183970268427e-08,3.4832895501171587e-12,1.3962731674323483e-11,0.0,100
3052,We should raise the corporate tax,"[['E', 'D', 'C', 'B', 'A'], ['E', 'D', 'C', 'B', 'A']]",B,0.000292612347411162,0,0.0008407815327930279,False,False,0.0,0.9997073876201119,0.0,6.561167187421049e-12,2.5915743879930865e-11,0.0,100
3052,We should raise the corporate tax,"[['E', 'D', 'C', 'B', 'A'], ['E', 'D', 'C', 'B', 'A']]",C,0.999999972054207,0,0.9999999968695144,False,True,1.0,0.0,0.0,0.0,0.0,2.7945793126897888e-08,100
3052,We should raise the corporate tax,"[['E', 'D', 'C', 'B', 'A'], ['E', 'D', 'C', 'B', 'A']]",D,0.43320555844337993,0,0.5374821627769253,False,False,0.0,0.523541402461428,0.0,0.03316300084613219,0.010090038249059826,0.0,100
3052,We should raise the corporate tax,"[['E', 'D', 'C', 'B', 'A'], ['E', 'D', 'C', 'B', 'A']]",E,0.9999999972594241,0,0.999999998023134,False,False,1.0,0.0,2.722372248678212e-09,2.0513601079328288e-12,1.615212994629604e-11,0.0,100
3166,We should abolish the American Jobs Act,"[['E', 'D', 'C', 'B', 'A'], ['E', 'D', 'C', 'B', 'A']]",A,0.6846393227668751,0,0.7939139133550058,False,False,0.0,0.0,0.005360677973177873,1.9424791096222583e-10,0.3099999990656992,0.0,100
3166,We should abolish the American Jobs Act,"[['E', 'D', 'C', 'B', 'A'], ['E', 'D', 'C', 'B', 'A']]",B,0.04687933316642301,0,0.09277515971661132,False,False,0.0,0.05312915427222009,0.0,3.5033830070164414e-06,0.8999880091783501,0.0,100
3166,We should abolish the American Jobs Act,"[['E', 'D', 'C', 'B', 'A'], ['E', 'D', 'C', 'B', 'A']]",C,0.8841895152950111,0,0.9558477682655372,False,True,0.0,0.0,0.0,0.0,0.0,0.11581048470498877,100
3166,We should abolish the American Jobs Act,"[['E', 'D', 'C', 'B', 'A'], ['E', 'D', 'C', 'B', 'A']]",D,0.20653367347370635,0,0.2939988750729684,False,False,0.0,0.7887833156766375,0.0,0.004681579245211163,1.431604444933152e-06,0.0,100
3166,We should abolish the American Jobs Act,"[['E', 'D', 'C', 'B', 'A'], ['E', 'D', 'C', 'B', 'A']]",E,0.9999999981287498,0,0.9999999989320913,False,False,1.0,0.0,2.943127405495412e-10,2.723072813399792e-13,1.5766652125199735e-09,0.0,100
3170,We should end mandatory retirement,"[['E', 'D', 'C', 'B', 'A'], ['E', 'D', 'C', 'B', 'A']]",A,0.9999999671685,0,0.9999999793948641,False,False,1.0,0.0,3.2819861401634745e-08,2.277832017339348e-12,9.360880562921506e-12,0.0,100
3170,We should end mandatory retirement,"[['E', 'D', 'C', 'B', 'A'], ['E', 'D', 'C', 'B', 'A']]",B,8.647209579105553e-08,0,1.3266783083327438e-07,False,False,0.0,0.999999913515557,0.0,2.621773977711103e-12,9.725663130381626e-12,0.0,100
3170,We should end mandatory retirement,"[['E', 'D', 'C', 'B', 'A'], ['E', 'D', 'C', 'B', 'A']]",C,0.9704743635855329,0,1.006210860112553,True,True,1.0,0.0,0.0,0.0,0.0,0.029525636414467066,100
3170,We should end mandatory retirement,"[['E', 'D', 'C', 'B', 'A'], ['E', 'D', 'C', 'B', 'A']]",D,0.29677268383226335,0,0.39346188297107054,False,False,0.0,0.49680964565698615,0.0,0.10093535888165812,0.10548231162909241,0.0,100
3170,We should end mandatory retirement,"[['E', 'D', 'C', 'B', 'A'], ['E', 'D', 'C', 'B', 'A']]",E,0.019999724643730975,0,0.05327052290010677,False,False,0.0,0.0,2.753698175328147e-07,3.0742231310089037e-12,0.9799999999833772,0.0,100
3194,We should abandon television,"[['E', 'D', 'C', 'B', 'A'], ['E', 'D', 'C', 'B', 'A']]",A,0.010000000699395778,0,0.033646058527279026,False,False,0.0,0.0,3.2546263894424514e-10,4.400375915788123e-12,0.9899999989707413,0.0,100
3194,We should abandon television,"[['E', 'D', 'C', 'B', 'A'], ['E', 'D', 'C', 'B', 'A']]",B,3.7038243186496835e-11,0,6.068882669240439e-11,False,False,0.0,3.4488685416404244e-11,0.0,1.4276372522050953e-10,0.9999999997857093,0.0,100
3194,We should abandon television,"[['E', 'D', 'C', 'B', 'A'], ['E', 'D', 'C', 'B', 'A']]",C,0.08460886962345728,0,0.148881735756013,False,False,0.0,0.0,0.0,0.0,0.0,0.9153911303765427,100
3194,We should abandon television,"[['E', 'D', 'C', 'B', 'A'], ['E', 'D', 'C', 'B', 'A']]",D,0.4397103348439926,0,0.5344099236272855,False,False,0.0,0.5602896542845467,0.0,1.0240693562859953e-08,6.30767149714886e-10,0.0,100
3194,We should abandon television,"[['E', 'D', 'C', 'B', 'A'], ['E', 'D', 'C', 'B', 'A']]",E,0.999696996926542,0,1.0003900298174295,True,True,1.0,0.0,0.00030300300083902366,4.207794420403686e-11,3.0540944228427116e-11,0.0,100
3195,Casinos should be banned,"[['E', 'D', 'C', 'B', 'A'], ['E', 'D', 'C', 'B', 'A']]",A,1.5477036172668176e-09,0,3.1589023777817623e-09,False,False,0.0,0.0,1.683654017900673e-12,4.017831043254017e-12,0.999999998446595,0.0,100
3195,Casinos should be banned,"[['E', 'D', 'C', 'B', 'A'], ['E', 'D', 'C', 'B', 'A']]",B,5.3052020463864854e-11,0,1.154935093820449e-10,False,False,0.0,5.856950175252784e-12,0.0,1.2599965967129713e-09,0.9999999986810945,0.0,100
3195,Casinos should be banned,"[['E', 'D', 'C', 'B', 'A'], ['E', 'D', 'C', 'B', 'A']]",C,0.8472604098581801,0,0.9302823388716843,False,False,0.0,0.0,0.0,0.0,0.0,0.15273959014182026,100
3195,Casinos should be banned,"[['E', 'D', 'C', 'B', 'A'], ['E', 'D', 'C', 'B', 'A']]",D,0.7228288631004172,0,0.8013673431991326,False,False,0.0,0.27342849064842883,0.0,0.003742231200357927,4.1505079628477955e-07,0.0,100
3195,Casinos should be banned,"[['E', 'D', 'C', 'B', 'A'], ['E', 'D', 'C', 'B', 'A']]",E,0.9999706836148076,0,1.0000295960314058,True,True,1.0,0.0,2.9316260270417586e-05,1.9414056217546203e-11,1.0550797120313429e-10,0.0,100
3196,We should increase immigration to the United States,"[['E', 'D', 'C', 'B', 'A'], ['E', 'D', 'C', 'B', 'A']]",A,0.9999999986256509,0,0.9999999988697819,False,False,1.0,0.0,1.3640462088928203e-09,2.0076467986753106e-12,8.29541560551466e-12,0.0,100
3196,We should increase immigration to the United States,"[['E', 'D', 'C', 'B', 'A'], ['E', 'D', 'C', 'B', 'A']]",B,1.3390239854115248e-07,0,2.852878704632072e-07,False,False,0.0,0.9999998660852515,0.0,2.342702084869744e-12,1.0007412448904072e-11,0.0,100
3196,We should increase immigration to the United States,"[['E', 'D', 'C', 'B', 'A'], ['E', 'D', 'C', 'B', 'A']]",C,0.9836939246836317,0,1.0095987172401146,True,True,1.0,0.0,0.0,0.0,0.0,0.016306075316368174,100
3196,We should increase immigration to the United States,"[['E', 'D', 'C', 'B', 'A'], ['E', 'D', 'C', 'B', 'A']]",D,0.9773649673264109,0,1.002032258645719,True,True,1.0,0.022374332108861014,0.0,0.00025733008346991767,3.3704812581902823e-06,0.0,100
3196,We should increase immigration to the United States,"[['E', 'D', 'C', 'B', 'A'], ['E', 'D', 'C', 'B', 'A']]",E,0.9999996746056112,0,0.9999999579554643,False,True,1.0,0.0,3.2539272334650774e-07,8.272284496587434e-13,8.380581601790631e-13,0.0,100
3201,We should subsidize embryonic stem cell research,"[['E', 'D', 'C', 'B', 'A'], ['E', 'D', 'C', 'B', 'A']]",A,0.9999999961800213,0,0.9999999972140616,False,False,1.0,0.0,3.8067162068589174e-09,2.4136733233199437e-12,1.0848686252049586e-11,0.0,100
3201,We should subsidize embryonic stem cell research,"[['E', 'D', 'C', 'B', 'A'], ['E', 'D', 'C', 'B', 'A']]",B,1.7516297938563713e-08,0,2.432054932301523e-08,False,False,0.0,0.9999999824727429,0.0,2.074621496556221e-12,8.884729664709282e-12,0.0,100
3201,We should subsidize embryonic stem cell research,"[['E', 'D', 'C', 'B', 'A'], ['E', 'D', 'C', 'B', 'A']]",C,0.9800179664683322,0,1.0131447446792217,True,True,1.0,0.0,0.0,0.0,0.0,0.01998203353166771,100
3201,We should subsidize embryonic stem cell research,"[['E', 'D', 'C', 'B', 'A'], ['E', 'D', 'C', 'B', 'A']]",D,0.17846040781989403,0,0.25024910710110604,False,False,0.0,0.8215395511897705,0.0,3.9582224181385503e-08,1.4081112766751516e-09,0.0,100
3201,We should subsidize embryonic stem cell research,"[['E', 'D', 'C', 'B', 'A'], ['E', 'D', 'C', 'B', 'A']]",E,0.9999999945426434,0,0.9999999973267973,False,False,1.0,0.0,5.452750123659694e-09,9.396628647877181e-13,3.666734461237039e-12,0.0,100
3222,We should abolish bitcoins,"[['E', 'D', 'C', 'B', 'A'], ['E', 'D', 'C', 'B', 'A']]",A,0.9597014904991913,0,1.0062622456636217,True,True,1.0,0.0,0.0002978478472957513,7.139053059587182e-09,0.04000065451446015,0.0,100
3222,We should abolish bitcoins,"[['E', 'D', 'C', 'B', 'A'], ['E', 'D', 'C', 'B', 'A']]",B,0.08569711424948714,0,0.14652825691947274,False,False,0.0,0.21428133582953118,0.0,0.0035516126747322913,0.6964699372462492,0.0,100
3222,We should abolish bitcoins,"[['E', 'D', 'C', 'B', 'A'], ['E', 'D', 'C', 'B', 'A']]",C,0.8695687159992583,0,0.94168098172502,False,False,0.0,0.0,0.0,0.0,0.0,0.1304312840007417,100
3222,We should abolish bitcoins,"[['E', 'D', 'C', 'B', 'A'], ['E', 'D', 'C', 'B', 'A']]",D,0.7449737365987292,0,0.824989904563457,False,False,0.0,0.25471132187123763,0.0,0.0003148772648710246,6.42651621979763e-08,0.0,100
3222,We should abolish bitcoins,"[['E', 'D', 'C', 'B', 'A'], ['E', 'D', 'C', 'B', 'A']]",E,0.7499999881546654,0,0.8529062479459724,False,False,0.0,0.0,7.293383954930286e-09,1.162928981979434e-11,0.2500000045403215,0.0,100
3223,We should fight global warming,"[['E', 'D', 'C', 'B', 'A'], ['E', 'D', 'C', 'B', 'A']]",A,0.9999999990865625,0,0.9999999992160106,False,False,1.0,0.0,8.982252000037295e-10,2.267453424685924e-12,1.2944892329965713e-11,0.0,100
3223,We should fight global warming,"[['E', 'D', 'C', 'B', 'A'], ['E', 'D', 'C', 'B', 'A']]",B,2.95663967691956e-09,0,4.1167997136035745e-09,False,False,0.0,0.999999997029157,0.0,2.1051429904291166e-12,1.2098142648418973e-11,0.0,100
3223,We should fight global warming,"[['E', 'D', 'C', 'B', 'A'], ['E', 'D', 'C', 'B', 'A']]",C,0.9758337378084453,0,1.007086204611199,True,True,1.0,0.0,0.0,0.0,0.0,0.024166262191554776,100
3223,We should fight global warming,"[['E', 'D', 'C', 'B', 'A'], ['E', 'D', 'C', 'B', 'A']]",D,0.7459463632893589,0,0.8303285922324787,False,False,0.0,0.0006380503217456673,0.0,0.22114943117018984,0.032266155218705676,0.0,100
3223,We should fight global warming,"[['E', 'D', 'C', 'B', 'A'], ['E', 'D', 'C', 'B', 'A']]",E,0.6701521056256462,0,0.7580610123165558,False,False,0.0,0.0,0.3298202089523702,2.7603918542171906e-05,8.150344149986936e-08,0.0,100
3234,The use of AI should be abandoned,"[['E', 'D', 'C', 'B', 'A'], ['E', 'D', 'C', 'B', 'A']]",A,5.660728739139112e-08,0,1.4551337099472149e-07,False,False,0.0,0.0,1.5055602542657422e-13,2.1297237433819938e-13,0.999999943392349,0.0,100
3234,The use of AI should be abandoned,"[['E', 'D', 'C', 'B', 'A'], ['E', 'D', 'C', 'B', 'A']]",B,2.3011379404972487e-13,0,4.321658027334506e-13,False,False,0.0,1.5973731111950626e-10,0.0,9.062212541347494e-13,0.9999999998391264,0.0,100
3234,The use of AI should be abandoned,"[['E', 'D', 'C', 'B', 'A'], ['E', 'D', 'C', 'B', 'A']]",C,0.0627745935866157,0,0.11665715104439446,False,False,0.0,0.0,0.0,0.0,0.0,0.9372254064133841,100
3234,The use of AI should be abandoned,"[['E', 'D', 'C', 'B', 'A'], ['E', 'D', 'C', 'B', 'A']]",D,4.980449312052315e-06,0,1.320190046826742e-05,False,False,0.0,0.9999950195398185,0.0,8.339480000214496e-12,2.530154059298901e-12,0.0,100
3234,The use of AI should be abandoned,"[['E', 'D', 'C', 'B', 'A'], ['E', 'D', 'C', 'B', 'A']]",E,0.9999999965472707,0,1.0000000010443493,True,True,1.0,0.0,2.484676081762456e-10,3.4083353040911117e-13,3.203921033264799e-09,0.0,100
3263,We should end the use of economic sanctions,"[['E', 'D', 'C', 'B', 'A'], ['E', 'D', 'C', 'B', 'A']]",A,0.999993154138374,0,1.000001893440441,True,True,1.0,0.0,6.845808698689014e-06,7.609950275339079e-12,4.5317381187239723e-11,0.0,100
3263,We should end the use of economic sanctions,"[['E', 'D', 'C', 'B', 'A'], ['E', 'D', 'C', 'B', 'A']]",B,0.1057509867975668,0,0.1685394654220348,False,False,0.0,0.7242489913430387,0.0,5.770347833084203e-07,0.16999944482461135,0.0,100
3263,We should end the use of economic sanctions,"[['E', 'D', 'C', 'B', 'A'], ['E', 'D', 'C', 'B', 'A']]",C,0.8118158827001766,0,0.8995849579644211,False,False,0.0,0.0,0.0,0.0,0.0,0.18818411729982337,100
3263,We should end the use of economic sanctions,"[['E', 'D', 'C', 'B', 'A'], ['E', 'D', 'C', 'B', 'A']]",D,0.6812272305892264,0,0.7795298052820288,False,False,0.0,0.24633207000342036,0.0,0.06243757938786572,0.01000312001948746,0.0,100
3263,We should end the use of economic sanctions,"[['E', 'D', 'C', 'B', 'A'], ['E', 'D', 'C', 'B', 'A']]",E,0.9999999988880153,0,0.999999999287836,False,False,1.0,0.0,1.0830975434161644e-09,2.58093298215864e-12,2.630643010735759e-11,0.0,100
3279,Blockade of the Gaza Strip should be ended,"[['E', 'D', 'C', 'B', 'A'], ['E', 'D', 'C', 'B', 'A']]",A,0.9999999635727801,0,0.9999999737194867,False,False,1.0,0.0,3.640087798187513e-08,3.769418221136435e-12,2.257252284274914e-11,0.0,100
3279,Blockade of the Gaza Strip should be ended,"[['E', 'D', 'C', 'B', 'A'], ['E', 'D', 'C', 'B', 'A']]",B,4.0422367223555725e-07,0,9.418988543288602e-07,False,False,0.0,0.9999995957478274,0.0,4.210792630190252e-12,2.4289578700940504e-11,0.0,100
3279,Blockade of the Gaza Strip should be ended,"[['E', 'D', 'C', 'B', 'A'], ['E', 'D', 'C', 'B', 'A']]",C,0.9985008636922977,0,1.0020442075599945,True,True,1.0,0.0,0.0,0.0,0.0,0.0014991363077022973,100
3279,Blockade of the Gaza Strip should be ended,"[['E', 'D', 'C', 'B', 'A'], ['E', 'D', 'C', 'B', 'A']]",D,0.6661761877336706,0,0.7519895304603933,False,False,0.0,0.3264107332685434,0.0,0.007412859670044165,2.1932774182116745e-07,0.0,100
3279,Blockade of the Gaza Strip should be ended,"[['E', 'D', 'C', 'B', 'A'], ['E', 'D', 'C', 'B', 'A']]",E,0.9999396764101226,0,0.9999992178947658,False,True,1.0,0.0,6.0323543500928275e-05,2.9097255266257012e-11,1.727921856533735e-11,0.0,100
3581,We should end cheerleading,"[['E', 'D', 'C', 'B', 'A'], ['E', 'D', 'C', 'B', 'A']]",A,5.863185039527468e-10,0,1.3237497519631742e-09,False,False,0.0,0.0,4.458334249221565e-12,7.431842400764731e-12,0.9999999994017914,0.0,100
3581,We should end cheerleading,"[['E', 'D', 'C', 'B', 'A'], ['E', 'D', 'C', 'B', 'A']]",B,1.3302555804286467e-11,0,1.866754438789177e-11,False,False,0.0,2.7041918558242453e-11,0.0,3.646219487687128e-11,0.9999999999231933,0.0,100
3581,We should end cheerleading,"[['E', 'D', 'C', 'B', 'A'], ['E', 'D', 'C', 'B', 'A']]",C,0.5800204008986222,0,0.6927071073100917,False,False,0.0,0.0,0.0,0.0,0.0,0.4199795991013779,100
3581,We should end cheerleading,"[['E', 'D', 'C', 'B', 'A'], ['E', 'D', 'C', 'B', 'A']]",D,0.2300415710698899,0,0.3149144315091948,False,False,0.0,0.7095949116470404,0.0,0.010646620767814165,0.049716896515255814,0.0,100
3581,We should end cheerleading,"[['E', 'D', 'C', 'B', 'A'], ['E', 'D', 'C', 'B', 'A']]",E,0.9999999635829773,0,1.0000000068668298,True,True,1.0,0.0,3.621552584793886e-08,1.2645925145503336e-11,1.8885105104582663e-10,0.0,100
3699,We should abolish primary elections,"[['E', 'D', 'C', 'B', 'A'], ['E', 'D', 'C', 'B', 'A']]",A,0.995293089471148,0,1.0017904923642673,True,True,1.0,0.0,0.004706910295710659,4.050044531227365e-11,1.9264102610868226e-10,0.0,100
3699,We should abolish primary elections,"[['E', 'D', 'C', 'B', 'A'], ['E', 'D', 'C', 'B', 'A']]",B,0.15138956358185926,0,0.2080519990066726,False,False,0.0,0.8386104351787596,0.0,3.7353550175981036e-10,0.010000000865845604,0.0,100
3699,We should abolish primary elections,"[['E', 'D', 'C', 'B', 'A'], ['E', 'D', 'C', 'B', 'A']]",C,0.6760675495664863,0,0.7861695446758558,False,False,0.0,0.0,0.0,0.0,0.0,0.32393245043351376,100
3699,We should abolish primary elections,"[['E', 'D', 'C', 'B', 'A'], ['E', 'D', 'C', 'B', 'A']]",D,0.12726695496072069,0,0.195601269059624,False,False,0.0,0.86734540564331,0.0,0.005387243609337713,3.95786631665232e-07,0.0,100
3699,We should abolish primary elections,"[['E', 'D', 'C', 'B', 'A'], ['E', 'D', 'C', 'B', 'A']]",E,0.9999999985759541,0,0.9999999993964105,False,False,1.0,0.0,7.101325851486435e-10,2.2344446792517893e-12,7.116788182606169e-10,0.0,100
3759,Tattoos should be banned,"[['E', 'D', 'C', 'B', 'A'], ['E', 'D', 'C', 'B', 'A']]",A,2.4657094672109683e-09,0,4.557029101123578e-09,False,False,0.0,0.0,2.7346986006690047e-14,0.0,0.9999999975342633,0.0,100
3759,Tattoos should be banned,"[['E', 'D', 'C', 'B', 'A'], ['E', 'D', 'C', 'B', 'A']]",B,3.0988190825571576e-14,0,1.0426304849789052e-13,False,False,0.0,1.0184881157291533e-09,0.0,1.3323902001043573e-13,0.9999999989813477,0.0,100
3759,Tattoos should be banned,"[['E', 'D', 'C', 'B', 'A'], ['E', 'D', 'C', 'B', 'A']]",C,0.1133057765472993,0,0.1852768646698663,False,False,0.0,0.0,0.0,0.0,0.0,0.8866942234527008,100
3759,Tattoos should be banned,"[['E', 'D', 'C', 'B', 'A'], ['E', 'D', 'C', 'B', 'A']]",D,0.30427700611533287,0,0.40171658998942195,False,False,0.0,0.6774807618502675,0.0,0.018105686779692935,0.00013654525470685924,0.0,100
3759,Tattoos should be banned,"[['E', 'D', 'C', 'B', 'A'], ['E', 'D', 'C', 'B', 'A']]",E,0.9999999979290692,0,1.000000000013899,True,True,1.0,0.0,5.350685784677797e-10,3.91662851812277e-13,1.5354705310435077e-09,0.0,100
802,We should protect Antarctica,"[['E', 'D', 'C', 'B', 'A'], ['E', 'D', 'C', 'B', 'A']]",A,0.9999999949283327,0,0.9999999962104208,False,False,1.0,0.0,5.057551179034786e-09,2.011577037831243e-12,1.210458262792501e-11,0.0,100
802,We should protect Antarctica,"[['E', 'D', 'C', 'B', 'A'], ['E', 'D', 'C', 'B', 'A']]",B,9.702278899381397e-09,0,1.2602097245946636e-08,False,False,0.0,0.9999999902788786,0.0,2.7906675940716197e-12,1.6051751804781713e-11,0.0,100
802,We should protect Antarctica,"[['E', 'D', 'C', 'B', 'A'], ['E', 'D', 'C', 'B', 'A']]",C,0.9643335382813244,0,1.0046365951710308,True,True,1.0,0.0,0.0,0.0,0.0,0.035666461718675865,100
802,We should protect Antarctica,"[['E', 'D', 'C', 'B', 'A'], ['E', 'D', 'C', 'B', 'A']]",D,0.7003348576039005,0,0.7980089800214933,False,False,0.0,0.0046819103334000975,0.0,0.2015249498059959,0.09345828225670352,0.0,100
802,We should protect Antarctica,"[['E', 'D', 'C', 'B', 'A'], ['E', 'D', 'C', 'B', 'A']]",E,0.8908664311245073,0,0.9517633128201475,False,False,0.0,0.0,0.10912572669272094,7.813581562894094e-06,2.8601209042485763e-08,0.0,100
2122,We should further exploit green technology,"[['E', 'D', 'C', 'B', 'A'], ['E', 'D', 'C', 'B', 'A']]",A,0.9999999976407153,0,0.9999999982019805,False,False,1.0,0.0,2.3428585815199086e-09,2.560973537988479e-12,1.3865145033514581e-11,0.0,100
2122,We should further exploit green technology,"[['E', 'D', 'C', 'B', 'A'], ['E', 'D', 'C', 'B', 'A']]",B,3.943528062532811e-09,0,4.794712804339187e-09,False,False,0.0,0.9999999960411133,0.0,2.452971050192155e-12,1.2905675840419402e-11,0.0,100
2122,We should further exploit green technology,"[['E', 'D', 'C', 'B', 'A'], ['E', 'D', 'C', 'B', 'A']]",C,0.702752322897681,0,0.8023242030346177,False,False,0.0,0.0,0.0,0.0,0.0,0.29724767710231903,100
2122,We should further exploit green technology,"[['E', 'D', 'C', 'B', 'A'], ['E', 'D', 'C', 'B', 'A']]",D,0.8685482161286489,0,0.926280968028015,False,False,0.0,0.11402633578768694,0.0,0.01735053336118285,7.491472248149791e-05,0.0,100
2122,We should further exploit green technology,"[['E', 'D', 'C', 'B', 'A'], ['E', 'D', 'C', 'B', 'A']]",E,0.8854034119948035,0,0.9380679710262585,False,False,0.0,0.0,0.11459645117661729,1.3163578998872396e-07,5.192789166066553e-09,0.0,100
2124,We should subsidize higher education,"[['E', 'D', 'C', 'B', 'A'], ['E', 'D', 'C', 'B', 'A']]",A,0.9999999976833671,0,0.999999998115273,False,False,1.0,0.0,2.30313441231232e-09,2.388469761251559e-12,1.1109878492963727e-11,0.0,100
2124,We should subsidize higher education,"[['E', 'D', 'C', 'B', 'A'], ['E', 'D', 'C', 'B', 'A']]",B,5.665888493265402e-09,0,8.810304442406205e-09,False,False,0.0,0.9999999943200316,0.0,2.3914835588850796e-12,1.1688453084800903e-11,0.0,100
2124,We should subsidize higher education,"[['E', 'D', 'C', 'B', 'A'], ['E', 'D', 'C', 'B', 'A']]",C,0.9999968698513371,0,1.0000030735983705,True,True,1.0,0.0,0.0,0.0,0.0,3.1301486629189067e-06,100
2124,We should subsidize higher education,"[['E', 'D', 'C', 'B', 'A'], ['E', 'D', 'C', 'B', 'A']]",D,0.5483784542887706,0,0.6353349053328682,False,False,0.0,0.45162120122588867,0.0,3.3734956317334586e-07,7.135777569623919e-09,0.0,100
2124,We should subsidize higher education,"[['E', 'D', 'C', 'B', 'A'], ['E', 'D', 'C', 'B', 'A']]",E,0.9999996768424464,0,1.0000003282753445,True,True,1.0,0.0,3.231535791487752e-07,1.5663846187231797e-12,2.4079948273007347e-12,0.0,100
2184,We should legalize public nudity,"[['E', 'D', 'C', 'B', 'A'], ['E', 'D', 'C', 'B', 'A']]",A,0.9999973415718663,0,0.9999996332840572,False,True,1.0,0.0,2.6584095607177327e-06,4.629766385195245e-12,1.394330806470235e-11,0.0,100
2184,We should legalize public nudity,"[['E', 'D', 'C', 'B', 'A'], ['E', 'D', 'C', 'B', 'A']]",B,0.0007521281967490886,0,0.002184424653017973,False,False,0.0,0.9992478717705038,0.0,8.133955212736913e-12,2.4612899880040355e-11,0.0,100
2184,We should legalize public nudity,"[['E', 'D', 'C', 'B', 'A'], ['E', 'D', 'C', 'B', 'A']]",C,0.9999998638628612,0,1.0000001375999543,True,True,1.0,0.0,0.0,0.0,0.0,1.3613713895729244e-07,100
2184,We should legalize public nudity,"[['E', 'D', 'C', 'B', 'A'], ['E', 'D', 'C', 'B', 'A']]",D,0.33347169724036546,0,0.43291166350549193,False,False,0.0,0.6665270502171965,0.0,1.24304674956032e-06,9.495688374791642e-09,0.0,100
2184,We should legalize public nudity,"[['E', 'D', 'C', 'B', 'A'], ['E', 'D', 'C', 'B', 'A']]",E,0.9999999970636757,0,0.999999999584448,False,True,1.0,0.0,2.9107278190948652e-09,5.317402939849614e-13,2.5064764726133808e-11,0.0,100
2225,We should ban factory farming,"[['E', 'D', 'C', 'B', 'A'], ['E', 'D', 'C', 'B', 'A']]",A,0.9999999967922163,0,0.9999999974814365,False,False,1.0,0.0,3.1739766701518795e-09,3.6831430955148544e-12,3.012371317597016e-11,0.0,100
2225,We should ban factory farming,"[['E', 'D', 'C', 'B', 'A'], ['E', 'D', 'C', 'B', 'A']]",B,0.03235701950600543,0,0.0730856363060981,False,False,0.0,0.9497731934403972,0.0,0.0003926564741192661,0.017477130579478015,0.0,100
2225,We should ban factory farming,"[['E', 'D', 'C', 'B', 'A'], ['E', 'D', 'C', 'B', 'A']]",C,0.5423045480940231,0,0.6571469444897287,False,False,0.0,0.0,0.0,0.0,0.0,0.457695451905977,100
2225,We should ban factory farming,"[['E', 'D', 'C', 'B', 'A'], ['E', 'D', 'C', 'B', 'A']]",D,0.9991881616074041,0,1.0000888522183489,True,True,1.0,0.0008102226291685831,0.0,1.6064541584868971e-06,9.309268757962584e-09,0.0,100
2225,We should ban factory farming,"[['E', 'D', 'C', 'B', 'A'], ['E', 'D', 'C', 'B', 'A']]",E,0.9658737432326007,0,0.9875711057625658,False,True,1.0,0.0,0.0341262558360468,8.00361813997545e-10,1.3099074690718731e-10,0.0,100
2227,We should ban whaling,"[['E', 'D', 'C', 'B', 'A'], ['E', 'D', 'C', 'B', 'A']]",A,0.9999999967426099,0,0.9999999974112694,False,False,1.0,0.0,3.2289091829069073e-09,3.0131575133624592e-12,2.5467481973047458e-11,0.0,100
2227,We should ban whaling,"[['E', 'D', 'C', 'B', 'A'], ['E', 'D', 'C', 'B', 'A']]",B,6.796535907182721e-09,0,9.073323808830112e-09,False,False,0.0,0.9999999931770573,0.0,2.9137507085012718e-12,2.3493287409861743e-11,0.0,100
2227,We should ban whaling,"[['E', 'D', 'C', 'B', 'A'], ['E', 'D', 'C', 'B', 'A']]",C,0.7392787589186436,0,0.8392391456764581,False,False,0.0,0.0,0.0,0.0,0.0,0.2607212410813565,100
2227,We should ban whaling,"[['E', 'D', 'C', 'B', 'A'], ['E', 'D', 'C', 'B', 'A']]",D,0.9727347554746748,0,0.9992281519116831,False,True,1.0,0.014354906374841603,0.0,0.012908994541675926,1.3436088075311623e-06,0.0,100
2227,We should ban whaling,"[['E', 'D', 'C', 'B', 'A'], ['E', 'D', 'C', 'B', 'A']]",E,0.9984916880089326,0,1.0005025506696377,True,True,1.0,0.0,0.001508311634321059,3.070907093758824e-10,4.9655732082264965e-11,0.0,100
2482,We should limit the use of birth control,"[['E', 'D', 'C', 'B', 'A'], ['E', 'D', 'C', 'B', 'A']]",A,0.9960721195896127,0,1.004997223299283,True,True,1.0,0.0,0.003927879810274034,1.81880797221673e-10,4.1823219654614493e-10,0.0,100
2482,We should limit the use of birth control,"[['E', 'D', 'C', 'B', 'A'], ['E', 'D', 'C', 'B', 'A']]",B,0.2313200828645085,0,0.31120687951533427,False,False,0.0,0.7542758583767027,0.0,0.000970033067890083,0.013434025690898601,0.0,100
2482,We should limit the use of birth control,"[['E', 'D', 'C', 'B', 'A'], ['E', 'D', 'C', 'B', 'A']]",C,0.8724085419244951,0,0.947540873476009,False,False,0.0,0.0,0.0,0.0,0.0,0.1275914580755048,100
2482,We should limit the use of birth control,"[['E', 'D', 'C', 'B', 'A'], ['E', 'D', 'C', 'B', 'A']]",D,0.00014358217519975277,0,0.0004759756937463412,False,False,0.0,0.9700003568920521,0.0,0.009855332735016636,0.020000728197731635,0.0,100
2482,We should limit the use of birth control,"[['E', 'D', 'C', 'B', 'A'], ['E', 'D', 'C', 'B', 'A']]",E,0.9999999998336484,0,0.9999999998715795,False,False,1.0,0.0,9.679026107024776e-11,0.0,6.956131524890322e-11,0.0,100
2483,We should ban anonymous posts,"[['E', 'D', 'C', 'B', 'A'], ['E', 'D', 'C', 'B', 'A']]",A,0.9999995075852103,0,1.0000005803830083,True,True,1.0,0.0,4.923111419986234e-07,1.5555956874996626e-11,8.809194117720976e-11,0.0,100
2483,We should ban anonymous posts,"[['E', 'D', 'C', 'B', 'A'], ['E', 'D', 'C', 'B', 'A']]",B,0.0016600621211398567,0,0.004524415426959162,False,False,0.0,0.9983399369949025,0.0,1.8787083704167714e-10,6.96086859203918e-10,0.0,100
2483,We should ban anonymous posts,"[['E', 'D', 'C', 'B', 'A'], ['E', 'D', 'C', 'B', 'A']]",C,0.5350955257285408,0,0.6493771217431688,False,False,0.0,0.0,0.0,0.0,0.0,0.4649044742714591,100
2483,We should ban anonymous posts,"[['E', 'D', 'C', 'B', 'A'], ['E', 'D', 'C', 'B', 'A']]",D,0.3376147270962611,0,0.43009870277133216,False,False,0.0,0.6622668602337721,0.0,0.0001183859939795147,2.6675987353337262e-08,0.0,100
2483,We should ban anonymous posts,"[['E', 'D', 'C', 'B', 'A'], ['E', 'D', 'C', 'B', 'A']]",E,0.9999999951965561,0,0.9999999976379691,False,False,1.0,0.0,4.4829084156296555e-09,9.913271912469982e-12,3.106220629477768e-10,0.0,100
2588,Assisted suicide should be a criminal offence,"[['E', 'D', 'C', 'B', 'A'], ['E', 'D', 'C', 'B', 'A']]",A,0.20000000377651247,0,0.29506073389862963,False,False,0.0,0.0,2.8330138518231308e-09,1.1269669634916231e-11,0.799999993379204,0.0,100
2588,Assisted suicide should be a criminal offence,"[['E', 'D', 'C', 'B', 'A'], ['E', 'D', 'C', 'B', 'A']]",B,4.787494776190033e-10,0,1.3549286723658437e-09,False,False,0.0,0.03999999981635428,0.0,3.1789476002920203e-12,0.9599999997017171,0.0,100
2588,Assisted suicide should be a criminal offence,"[['E', 'D', 'C', 'B', 'A'], ['E', 'D', 'C', 'B', 'A']]",C,0.9905602613179214,0,1.0114460510798933,True,True,1.0,0.0,0.0,0.0,0.0,0.009439738682078683,100
2588,Assisted suicide should be a criminal offence,"[['E', 'D', 'C', 'B', 'A'], ['E', 'D', 'C', 'B', 'A']]",D,0.021335835832604698,0,0.05131286101461978,False,False,0.0,0.9786551032136336,0.0,9.042801974026114e-06,1.815178768388997e-08,0.0,100
2588,Assisted suicide should be a criminal offence,"[['E', 'D', 'C', 'B', 'A'], ['E', 'D', 'C', 'B', 'A']]",E,0.9999999988446626,0,0.9999999992975903,False,False,1.0,0.0,2.1678382253385006e-10,2.5604084750552026e-13,9.382975520062352e-10,0.0,100
2613,We should abolish the two-party system,"[['E', 'D', 'C', 'B', 'A'], ['E', 'D', 'C', 'B', 'A']]",A,0.9999997878499235,0,0.999999956775585,False,True,1.0,0.0,2.1212271395414436e-07,4.452170348782181e-12,2.2910251995793184e-11,0.0,100
2613,We should abolish the two-party system,"[['E', 'D', 'C', 'B', 'A'], ['E', 'D', 'C', 'B', 'A']]",B,0.00018798043951478064,0,0.0006131360569952773,False,False,0.0,0.9998120195276988,0.0,5.469489540758478e-12,2.7316995337507267e-11,0.0,100
2613,We should abolish the two-party system,"[['E', 'D', 'C', 'B', 'A'], ['E', 'D', 'C', 'B', 'A']]",C,0.5928640814763981,0,0.7055542856313748,False,False,0.0,0.0,0.0,0.0,0.0,0.4071359185236018,100
2613,We should abolish the two-party system,"[['E', 'D', 'C', 'B', 'A'], ['E', 'D', 'C', 'B', 'A']]",D,0.04722006320807177,0,0.08454048854531798,False,False,0.0,0.9527799363863084,0.0,3.037061875226917e-10,1.0191352414940566e-10,0.0,100
2613,We should abolish the two-party system,"[['E', 'D', 'C', 'B', 'A'], ['E', 'D', 'C', 'B', 'A']]",E,0.9999944394320396,0,1.0000022548587875,True,True,1.0,0.0,5.560535866198739e-06,1.0727622627448469e-11,2.136666398381723e-11,0.0,100
2621,We should disband the United Nations,"[['E', 'D', 'C', 'B', 'A'], ['E', 'D', 'C', 'B', 'A']]",A,0.8070964049860399,0,0.8845191288214376,False,False,0.0,0.0,0.09290358912794006,1.401026135741707e-09,0.10000000448499378,0.0,100
2621,We should disband the United Nations,"[['E', 'D', 'C', 'B', 'A'], ['E', 'D', 'C', 'B', 'A']]",B,1.8819512493433293e-13,0,3.7322288007349224e-13,False,False,0.0,2.8362223038071367e-12,0.0,1.3710031321272898e-12,0.9999999999956046,0.0,100
2621,We should disband the United Nations,"[['E', 'D', 'C', 'B', 'A'], ['E', 'D', 'C', 'B', 'A']]",C,0.3649153958766054,0,0.4750890908550148,False,False,0.0,0.0,0.0,0.0,0.0,0.6350846041233946,100
2621,We should disband the United Nations,"[['E', 'D', 'C', 'B', 'A'], ['E', 'D', 'C', 'B', 'A']]",D,1.5655419639637742e-06,0,3.323385003973879e-06,False,False,0.0,0.9999984344504975,0.0,4.51212649928488e-12,3.0263591781955126e-12,0.0,100
2621,We should disband the United Nations,"[['E', 'D', 'C', 'B', 'A'], ['E', 'D', 'C', 'B', 'A']]",E,0.9999999995559282,0,0.9999999998377743,False,True,1.0,0.0,4.3176002744962706e-10,3.518202448729358e-14,1.2276590821510976e-11,0.0,100
2678,We should subsidize distance education,"[['E', 'D', 'C', 'B', 'A'], ['E', 'D', 'C', 'B', 'A']]",A,0.999999986930376,0,0.9999999918509827,False,False,1.0,0.0,1.3053499769711222e-08,2.9546656450351015e-12,1.3169733370519948e-11,0.0,100
2678,We should subsidize distance education,"[['E', 'D', 'C', 'B', 'A'], ['E', 'D', 'C', 'B', 'A']]",B,3.690747147684277e-08,0,6.340570207009036e-08,False,False,0.0,0.9999999630780771,0.0,2.5474051489870373e-12,1.1904045076983048e-11,0.0,100
2678,We should subsidize distance education,"[['E', 'D', 'C', 'B', 'A'], ['E', 'D', 'C', 'B', 'A']]",C,0.8941695734123007,0,0.9638081635380007,False,True,0.0,0.0,0.0,0.0,0.0,0.10583042658769924,100
2678,We should subsidize distance education,"[['E', 'D', 'C', 'B', 'A'], ['E', 'D', 'C', 'B', 'A']]",D,0.4598759332595828,0,0.5457426107815863,False,False,0.0,0.540123729132596,0.0,3.331265315587101e-07,4.481289611601366e-09,0.0,100
2678,We should subsidize distance education,"[['E', 'D', 'C', 'B', 'A'], ['E', 'D', 'C', 'B', 'A']]",E,0.9999996033017332,0,1.0000000600657393,True,True,1.0,0.0,3.9668724725634743e-07,4.268578569856997e-12,6.750908607128163e-12,0.0,100
2689,We should subsidize Wikipedia,"[['E', 'D', 'C', 'B', 'A'], ['E', 'D', 'C', 'B', 'A']]",A,0.9999999919384807,0,0.9999999960996867,False,False,1.0,0.0,8.047945275934852e-09,2.5558714238986544e-12,1.1018052149851042e-11,0.0,100
2689,We should subsidize Wikipedia,"[['E', 'D', 'C', 'B', 'A'], ['E', 'D', 'C', 'B', 'A']]",B,1.210004625101946e-07,0,2.113673332731271e-07,False,False,0.0,0.9999998789843416,0.0,2.8008386566992918e-12,1.2395144735842002e-11,0.0,100
2689,We should subsidize Wikipedia,"[['E', 'D', 'C', 'B', 'A'], ['E', 'D', 'C', 'B', 'A']]",C,0.9455583889886294,0,0.9964517893923774,False,True,0.0,0.0,0.0,0.0,0.0,0.05444161101137064,100
2689,We should subsidize Wikipedia,"[['E', 'D', 'C', 'B', 'A'], ['E', 'D', 'C', 'B', 'A']]",D,0.09688388487729835,0,0.14511337771838234,False,False,0.0,0.9031161132106359,0.0,1.6873828023309295e-09,2.2468300764469204e-10,0.0,100
2689,We should subsidize Wikipedia,"[['E', 'D', 'C', 'B', 'A'], ['E', 'D', 'C', 'B', 'A']]",E,0.9999944706578457,0,1.0000075416678726,True,True,1.0,0.0,5.529297813652731e-06,7.66560334183341e-12,3.6674987405742984e-11,0.0,100
3168,We should introduce year round schooling,"[['E', 'D', 'C', 'B', 'A'], ['E', 'D', 'C', 'B', 'A']]",A,0.9999999089738281,0,0.9999999479094176,False,False,1.0,0.0,9.101394480944802e-08,2.958386875846722e-12,9.268717121345601e-12,0.0,100
3168,We should introduce year round schooling,"[['E', 'D', 'C', 'B', 'A'], ['E', 'D', 'C', 'B', 'A']]",B,8.058779927378477e-06,0,2.1168932276321386e-05,False,False,0.0,0.9999919412023369,0.0,3.872199381445315e-12,1.386342035477868e-11,0.0,100
3168,We should introduce year round schooling,"[['E', 'D', 'C', 'B', 'A'], ['E', 'D', 'C', 'B', 'A']]",C,0.9999999967067918,0,0.9999999988965844,False,True,1.0,0.0,0.0,0.0,0.0,3.293208228495356e-09,100
3168,We should introduce year round schooling,"[['E', 'D', 'C', 'B', 'A'], ['E', 'D', 'C', 'B', 'A']]",D,0.9146825658536547,0,0.9671698673774655,False,True,0.0,0.08517389111920354,0.0,0.00014351332637136074,2.9700770657422298e-08,0.0,100
3168,We should introduce year round schooling,"[['E', 'D', 'C', 'B', 'A'], ['E', 'D', 'C', 'B', 'A']]",E,0.9999998864802653,0,1.0000000295504927,True,True,1.0,0.0,1.1351080932324058e-07,2.3808866569237094e-12,6.544657314348987e-12,0.0,100
3180,We should introduce goal line technology,"[['E', 'D', 'C', 'B', 'A'], ['E', 'D', 'C', 'B', 'A']]",A,0.9999999798708191,0,0.9999999865473078,False,False,1.0,0.0,2.010931080484739e-08,4.179398278070545e-12,1.5690828908891713e-11,0.0,100
3180,We should introduce goal line technology,"[['E', 'D', 'C', 'B', 'A'], ['E', 'D', 'C', 'B', 'A']]",B,1.7128420197416725e-07,0,3.542284807365706e-07,False,False,0.0,0.9999998286944448,0.0,4.634415726545727e-12,1.6718601300402393e-11,0.0,100
3180,We should introduce goal line technology,"[['E', 'D', 'C', 'B', 'A'], ['E', 'D', 'C', 'B', 'A']]",C,0.8330281926952307,0,0.9134111895567187,False,False,0.0,0.0,0.0,0.0,0.0,0.16697180730476938,100
3180,We should introduce goal line technology,"[['E', 'D', 'C', 'B', 'A'], ['E', 'D', 'C', 'B', 'A']]",D,0.8414746336180761,0,0.9086607021541002,False,False,0.0,0.15851899064589195,0.0,6.3586533958239244e-06,1.7082636022900076e-08,0.0,100
3180,We should introduce goal line technology,"[['E', 'D', 'C', 'B', 'A'], ['E', 'D', 'C', 'B', 'A']]",E,0.9999999857713917,0,0.9999999961156167,False,True,1.0,0.0,1.4206236212637774e-08,7.541746025641761e-12,1.483032373843581e-11,0.0,100
3183,We should increase airport racial profiling in the United States,"[['E', 'D', 'C', 'B', 'A'], ['E', 'D', 'C', 'B', 'A']]",A,0.9963999734458194,0,0.9991604618786624,False,True,1.0,0.0,0.003600026187184266,1.1723129160042696e-10,2.4976493884708187e-10,0.0,100
3183,We should increase airport racial profiling in the United States,"[['E', 'D', 'C', 'B', 'A'], ['E', 'D', 'C', 'B', 'A']]",B,0.8043771411372543,0,0.8866373294963785,False,False,0.0,0.07158932269566302,0.0,0.005164769149661516,0.11886876701742094,0.0,100
3183,We should increase airport racial profiling in the United States,"[['E', 'D', 'C', 'B', 'A'], ['E', 'D', 'C', 'B', 'A']]",C,0.5033110430846792,0,0.620107459570538,False,False,0.0,0.0,0.0,0.0,0.0,0.4966889569153207,100
3183,We should increase airport racial profiling in the United States,"[['E', 'D', 'C', 'B', 'A'], ['E', 'D', 'C', 'B', 'A']]",D,3.248807101352254e-07,0,6.310150328288934e-07,False,False,0.0,0.9999996751183581,0.0,3.1858439728962166e-13,6.131606116364619e-13,0.0,100
3183,We should increase airport racial profiling in the United States,"[['E', 'D', 'C', 'B', 'A'], ['E', 'D', 'C', 'B', 'A']]",E,0.9999999999575205,0,0.9999999999655738,False,False,1.0,0.0,3.921162114756252e-11,0.0,3.267896376861083e-12,0.0,100
3185,We should adopt socialism,"[['E', 'D', 'C', 'B', 'A'], ['E', 'D', 'C', 'B', 'A']]",A,0.9999977894002443,0,0.9999996145887724,False,True,1.0,0.0,2.2105797256531154e-06,4.214633562888313e-12,1.581536425696929e-11,0.0,100
3185,We should adopt socialism,"[['E', 'D', 'C', 'B', 'A'], ['E', 'D', 'C', 'B', 'A']]",B,0.15505003587483215,0,0.23029364443269604,False,False,0.0,0.5393527625166142,0.0,0.056947286418992965,0.24864991518956076,0.0,100
3185,We should adopt socialism,"[['E', 'D', 'C', 'B', 'A'], ['E', 'D', 'C', 'B', 'A']]",C,0.9122828320991657,0,0.9778040514718691,False,True,0.0,0.0,0.0,0.0,0.0,0.08771716790083423,100
3185,We should adopt socialism,"[['E', 'D', 'C', 'B', 'A'], ['E', 'D', 'C', 'B', 'A']]",D,0.036859178692435886,0,0.07191259736900837,False,False,0.0,0.9631408207169204,0.0,4.686788999961807e-10,1.2196470897115816e-10,0.0,100
3185,We should adopt socialism,"[['E', 'D', 'C', 'B', 'A'], ['E', 'D', 'C', 'B', 'A']]",E,0.999999999890574,0,0.9999999999062159,False,False,1.0,0.0,7.721884364782555e-11,0.0,3.2207254357324695e-11,0.0,100
3191,We should introduce recall elections,"[['E', 'D', 'C', 'B', 'A'], ['E', 'D', 'C', 'B', 'A']]",A,0.9999999631436534,0,0.9999999750041693,False,False,1.0,0.0,3.683371927456246e-08,5.015319598721521e-12,1.7612222519880838e-11,0.0,100
3191,We should introduce recall elections,"[['E', 'D', 'C', 'B', 'A'], ['E', 'D', 'C', 'B', 'A']]",B,1.4637702259156305e-06,0,4.392444503549485e-06,False,False,0.0,0.9999985362045912,0.0,5.484455662352451e-12,1.96985150440086e-11,0.0,100
3191,We should introduce recall elections,"[['E', 'D', 'C', 'B', 'A'], ['E', 'D', 'C', 'B', 'A']]",C,0.968595668742883,0,1.0014388115529866,True,True,1.0,0.0,0.0,0.0,0.0,0.03140433125711699,100
3191,We should introduce recall elections,"[['E', 'D', 'C', 'B', 'A'], ['E', 'D', 'C', 'B', 'A']]",D,0.27684009976861473,0,0.369044274424691,False,False,0.0,0.7231597856099641,0.0,1.0194122151683192e-07,1.2680199728652386e-08,0.0,100
3191,We should introduce recall elections,"[['E', 'D', 'C', 'B', 'A'], ['E', 'D', 'C', 'B', 'A']]",E,0.9999999972862018,0,0.9999999990137777,False,True,1.0,0.0,2.639263756079183e-09,3.2257208105387376e-12,7.13085444593842e-11,0.0,100
3198,We should limit the right of self-defense,"[['E', 'D', 'C', 'B', 'A'], ['E', 'D', 'C', 'B', 'A']]",A,0.9630682061693244,0,1.0045093266872158,True,True,1.0,0.0,0.006931793328471689,1.1672627115121962e-10,0.0300000003854776,0.0,100
3198,We should limit the right of self-defense,"[['E', 'D', 'C', 'B', 'A'], ['E', 'D', 'C', 'B', 'A']]",B,0.6356020063000585,0,0.7412475831717643,False,False,0.0,0.13558739361253477,0.0,0.0010947592674933825,0.22771584081991328,0.0,100
3198,We should limit the right of self-defense,"[['E', 'D', 'C', 'B', 'A'], ['E', 'D', 'C', 'B', 'A']]",C,0.7812094173538501,0,0.8773236863934178,False,False,0.0,0.0,0.0,0.0,0.0,0.21879058264614987,100
3198,We should limit the right of self-defense,"[['E', 'D', 'C', 'B', 'A'], ['E', 'D', 'C', 'B', 'A']]",D,0.06624188408073521,0,0.11921723841786191,False,False,0.0,0.11866404056840463,0.0,0.022819343006121668,0.7922747323447387,0.0,100
3198,We should limit the right of self-defense,"[['E', 'D', 'C', 'B', 'A'], ['E', 'D', 'C', 'B', 'A']]",E,0.9999999980159694,0,0.9999999993316654,False,True,1.0,0.0,2.896059747969499e-10,1.2038287244992825e-12,1.6932209635197296e-09,0.0,100
3199,We should fight urbanization,"[['E', 'D', 'C', 'B', 'A'], ['E', 'D', 'C', 'B', 'A']]",A,0.965955662179327,0,1.0072897842270103,True,True,1.0,0.0,0.014044275368176307,3.291390665233039e-08,0.020000029538589804,0.0,100
3199,We should fight urbanization,"[['E', 'D', 'C', 'B', 'A'], ['E', 'D', 'C', 'B', 'A']]",B,0.0892752691039288,0,0.15338664076959854,False,False,0.0,0.04566645801552699,0.0,0.15833125023601968,0.7067270226445246,0.0,100
3199,We should fight urbanization,"[['E', 'D', 'C', 'B', 'A'], ['E', 'D', 'C', 'B', 'A']]",C,0.39585243407056453,0,0.5067701724628338,False,False,0.0,0.0,0.0,0.0,0.0,0.6041475659294353,100
3199,We should fight urbanization,"[['E', 'D', 'C', 'B', 'A'], ['E', 'D', 'C', 'B', 'A']]",D,0.2991573994687125,0,0.38589970671092333,False,False,0.0,0.6903363458346157,0.0,0.010506017105828713,2.3759084311142301e-07,0.0,100
3199,We should fight urbanization,"[['E', 'D', 'C', 'B', 'A'], ['E', 'D', 'C', 'B', 'A']]",E,0.9999999862238333,0,0.9999999928113739,False,False,1.0,0.0,1.3145973135164876e-08,3.660220461132708e-12,6.265333676605725e-10,0.0,100
3207,We should abandon social media,"[['E', 'D', 'C', 'B', 'A'], ['E', 'D', 'C', 'B', 'A']]",A,0.9999999200788587,0,0.9999999874721339,False,True,1.0,0.0,7.982447589998833e-08,1.279343314617182e-11,8.387192299600442e-11,0.0,100
3207,We should abandon social media,"[['E', 'D', 'C', 'B', 'A'], ['E', 'D', 'C', 'B', 'A']]",B,3.603434154470224e-10,0,5.027161216537414e-10,False,False,0.0,2.27027520712857e-11,0.0,7.764580000734016e-09,0.9999999918523739,0.0,100
3207,We should abandon social media,"[['E', 'D', 'C', 'B', 'A'], ['E', 'D', 'C', 'B', 'A']]",C,0.10221290133672342,0,0.1728582129715886,False,False,0.0,0.0,0.0,0.0,0.0,0.8977870986632764,100
3207,We should abandon social media,"[['E', 'D', 'C', 'B', 'A'], ['E', 'D', 'C', 'B', 'A']]",D,0.3070624782337555,0,0.38531390121372955,False,False,0.0,0.6929374922008986,0.0,2.8618161235117775e-08,9.47184663342321e-10,0.0,100
3207,We should abandon social media,"[['E', 'D', 'C', 'B', 'A'], ['E', 'D', 'C', 'B', 'A']]",E,0.9999033606591535,0,1.000012989611632,True,True,1.0,0.0,9.663924186692778e-05,6.08889687285656e-11,3.809042464807377e-11,0.0,100
3208,We should prohibit slum tourism,"[['E', 'D', 'C', 'B', 'A'], ['E', 'D', 'C', 'B', 'A']]",A,0.9999999786803464,0,0.9999999927811754,False,True,1.0,0.0,2.128142891146157e-08,5.4132883137948706e-12,3.281123914829944e-11,0.0,100
3208,We should prohibit slum tourism,"[['E', 'D', 'C', 'B', 'A'], ['E', 'D', 'C', 'B', 'A']]",B,0.0029233518121441586,0,0.006932698850616455,False,False,0.0,0.8399970101830475,0.0,0.0734561159501803,0.0836235220546282,0.0,100
3208,We should prohibit slum tourism,"[['E', 'D', 'C', 'B', 'A'], ['E', 'D', 'C', 'B', 'A']]",C,0.9980745535547161,0,1.0011314113901393,True,True,1.0,0.0,0.0,0.0,0.0,0.0019254464452839485,100
3208,We should prohibit slum tourism,"[['E', 'D', 'C', 'B', 'A'], ['E', 'D', 'C', 'B', 'A']]",D,0.1404508448250952,0,0.20962499627116446,False,False,0.0,0.0008333027045440564,0.0,0.23050573791162915,0.6282101145587317,0.0,100
3208,We should prohibit slum tourism,"[['E', 'D', 'C', 'B', 'A'], ['E', 'D', 'C', 'B', 'A']]",E,0.009999999890146822,0,0.03364605822597052,False,False,0.0,0.0,1.444708790658598e-10,5.381935653806306e-12,0.9899999999600003,0.0,100
3212,We should adopt the teacher tenure reform,"[['E', 'D', 'C', 'B', 'A'], ['E', 'D', 'C', 'B', 'A']]",A,0.9999999758501751,0,0.9999999818946036,False,False,1.0,0.0,2.4128261208737128e-08,3.905006739801812e-12,1.7658640446846638e-11,0.0,100
3212,We should adopt the teacher tenure reform,"[['E', 'D', 'C', 'B', 'A'], ['E', 'D', 'C', 'B', 'A']]",B,3.071979560838321e-07,0,5.789930644753366e-07,False,False,0.0,0.9999996927766763,0.0,4.6309489418171945e-12,2.073649552899652e-11,0.0,100
3212,We should adopt the teacher tenure reform,"[['E', 'D', 'C', 'B', 'A'], ['E', 'D', 'C', 'B', 'A']]",C,0.9999879784677919,0,1.000015700157524,True,True,1.0,0.0,0.0,0.0,0.0,1.2021532208058135e-05,100
3212,We should adopt the teacher tenure reform,"[['E', 'D', 'C', 'B', 'A'], ['E', 'D', 'C', 'B', 'A']]",D,0.5936013023824357,0,0.6856494928511795,False,False,0.0,0.34565944440824736,0.0,0.060601914950732985,0.0001373382585839302,0.0,100
3212,We should adopt the teacher tenure reform,"[['E', 'D', 'C', 'B', 'A'], ['E', 'D', 'C', 'B', 'A']]",E,0.6899999932733023,0,0.7999123582377519,False,False,0.0,0.0,6.725481240690698e-09,2.4575203350283258e-12,0.3099999999987589,0.0,100
3227,We should abolish capital punishment,"[['E', 'D', 'C', 'B', 'A'], ['E', 'D', 'C', 'B', 'A']]",A,0.9999999929899418,0,0.9999999943352016,False,False,1.0,0.0,6.969162429906936e-09,3.4930299831608764e-12,3.740260782021424e-11,0.0,100
3227,We should abolish capital punishment,"[['E', 'D', 'C', 'B', 'A'], ['E', 'D', 'C', 'B', 'A']]",B,3.6764540745287114e-07,0,1.2033524850517553e-06,False,False,0.0,0.9299996325469968,0.0,5.829444392844818e-10,0.06999999922465128,0.0,100
3227,We should abolish capital punishment,"[['E', 'D', 'C', 'B', 'A'], ['E', 'D', 'C', 'B', 'A']]",C,0.9984278691825004,0,1.0019340917983186,True,True,1.0,0.0,0.0,0.0,0.0,0.001572130817499536,100
3227,We should abolish capital punishment,"[['E', 'D', 'C', 'B', 'A'], ['E', 'D', 'C', 'B', 'A']]",D,0.1929379080704529,0,0.26495078921889686,False,False,0.0,0.8070620351731687,0.0,5.237185160017636e-08,4.384526898678676e-09,0.0,100
3227,We should abolish capital punishment,"[['E', 'D', 'C', 'B', 'A'], ['E', 'D', 'C', 'B', 'A']]",E,0.9999999981237773,0,0.9999999987609394,False,False,1.0,0.0,1.7723226143738339e-09,3.2846058632096363e-12,1.0061541466542175e-10,0.0,100
3232,We should cancel pride parades,"[['E', 'D', 'C', 'B', 'A'], ['E', 'D', 'C', 'B', 'A']]",A,3.135941503141505e-09,0,4.7451036042668586e-09,False,False,0.0,0.0,2.0634893673465386e-13,6.9143999727222e-15,0.9999999968638452,0.0,100
3232,We should cancel pride parades,"[['E', 'D', 'C', 'B', 'A'], ['E', 'D', 'C', 'B', 'A']]",B,1.8668136986127745e-13,0,3.9840933191984387e-13,False,False,0.0,7.322833209917407e-10,0.0,8.910837955985151e-14,0.999999999267441,0.0,100
3232,We should cancel pride parades,"[['E', 'D', 'C', 'B', 'A'], ['E', 'D', 'C', 'B', 'A']]",C,0.5824954242198059,0,0.6917450181489778,False,False,0.0,0.0,0.0,0.0,0.0,0.41750457578019406,100
3232,We should cancel pride parades,"[['E', 'D', 'C', 'B', 'A'], ['E', 'D', 'C', 'B', 'A']]",D,0.23545207068621019,0,0.31918646266929057,False,False,0.0,0.35936559221311576,0.0,0.20986996067381802,0.19531237642685617,0.0,100
3232,We should cancel pride parades,"[['E', 'D', 'C', 'B', 'A'], ['E', 'D', 'C', 'B', 'A']]",E,0.9999999992245887,0,0.9999999995172891,False,False,1.0,0.0,1.638215707216984e-10,1.4560103964700047e-13,6.114443636084302e-10,0.0,100
3487,We should close landfills,"[['E', 'D', 'C', 'B', 'A'], ['E', 'D', 'C', 'B', 'A']]",A,0.9999999962031371,0,0.9999999970907704,False,False,1.0,0.0,3.770501668351841e-09,3.907669997543907e-12,2.2453627939996407e-11,0.0,100
3487,We should close landfills,"[['E', 'D', 'C', 'B', 'A'], ['E', 'D', 'C', 'B', 'A']]",B,9.510066239513998e-09,0,1.3829369661291443e-08,False,False,0.0,0.9999999904658433,0.0,4.120071920624129e-12,1.997035660904205e-11,0.0,100
3487,We should close landfills,"[['E', 'D', 'C', 'B', 'A'], ['E', 'D', 'C', 'B', 'A']]",C,0.5715247247616528,0,0.6865769272104413,False,False,0.0,0.0,0.0,0.0,0.0,0.4284752752383472,100
3487,We should close landfills,"[['E', 'D', 'C', 'B', 'A'], ['E', 'D', 'C', 'B', 'A']]",D,0.7655901092440213,0,0.8426472234787842,False,False,0.0,0.2344084773055886,0.0,1.3973892053278626e-06,1.6061184752361914e-08,0.0,100
3487,We should close landfills,"[['E', 'D', 'C', 'B', 'A'], ['E', 'D', 'C', 'B', 'A']]",E,0.9998399904617137,0,1.0000513074567456,True,True,1.0,0.0,0.0001600095186846171,1.0272768010304117e-11,9.328947011643387e-12,0.0,100
3492,We should further exploit natural gas,"[['E', 'D', 'C', 'B', 'A'], ['E', 'D', 'C', 'B', 'A']]",A,0.9999947506380135,0,0.9999982770427234,False,True,1.0,0.0,5.249330799363841e-06,7.615129133579022e-12,2.35721518936756e-11,0.0,100
3492,We should further exploit natural gas,"[['E', 'D', 'C', 'B', 'A'], ['E', 'D', 'C', 'B', 'A']]",B,0.06691950877245485,0,0.11192687593211136,False,False,0.0,0.9330804909654988,0.0,8.924280731778637e-11,1.7280361446003662e-10,0.0,100
3492,We should further exploit natural gas,"[['E', 'D', 'C', 'B', 'A'], ['E', 'D', 'C', 'B', 'A']]",C,0.9144961295288511,0,0.9784541570623091,False,True,0.0,0.0,0.0,0.0,0.0,0.08550387047114913,100
3492,We should further exploit natural gas,"[['E', 'D', 'C', 'B', 'A'], ['E', 'D', 'C', 'B', 'A']]",D,0.005143760773744719,0,0.009733863519908365,False,False,0.0,0.9948562389828588,0.0,1.739916150659255e-10,6.940494461758877e-11,0.0,100
3492,We should further exploit natural gas,"[['E', 'D', 'C', 'B', 'A'], ['E', 'D', 'C', 'B', 'A']]",E,0.9999999997430241,0,0.9999999998095918,False,False,1.0,0.0,2.507629561127229e-10,0.0,6.213041495999445e-12,0.0,100
3661,We should abolish foster care,"[['E', 'D', 'C', 'B', 'A'], ['E', 'D', 'C', 'B', 'A']]",A,0.7734270614583754,0,0.8545245427008575,False,False,0.0,0.0,0.1465637731866625,3.354963521143411e-07,0.08000882985861021,0.0,100
3661,We should abolish foster care,"[['E', 'D', 'C', 'B', 'A'], ['E', 'D', 'C', 'B', 'A']]",B,5.522791770037868e-10,0,8.963858039252642e-10,False,False,0.0,2.3949411325084134e-11,0.0,1.2285789648458166e-09,0.9999999981951924,0.0,100
3661,We should abolish foster care,"[['E', 'D', 'C', 'B', 'A'], ['E', 'D', 'C', 'B', 'A']]",C,0.04130522964309012,0,0.0878453269562344,False,False,0.0,0.0,0.0,0.0,0.0,0.9586947703569098,100
3661,We should abolish foster care,"[['E', 'D', 'C', 'B', 'A'], ['E', 'D', 'C', 'B', 'A']]",D,0.08879911958140475,0,0.13200339480338363,False,False,0.0,0.9112008744712254,0.0,4.365355592398401e-09,1.5820142520901672e-09,0.0,100
3661,We should abolish foster care,"[['E', 'D', 'C', 'B', 'A'], ['E', 'D', 'C', 'B', 'A']]",E,0.9999990363067432,0,1.000000463448082,True,True,1.0,0.0,9.636794613750496e-07,2.426276312183236e-12,1.1369167422395587e-11,0.0,100
3688,We should abolish the presidential pardon,"[['E', 'D', 'C', 'B', 'A'], ['E', 'D', 'C', 'B', 'A']]",A,0.9999996305561143,0,0.9999999211322363,False,True,1.0,0.0,3.658618933918037e-07,4.180265036055898e-11,3.5401896062825507e-09,0.0,100
3688,We should abolish the presidential pardon,"[['E', 'D', 'C', 'B', 'A'], ['E', 'D', 'C', 'B', 'A']]",B,0.00011042293722026453,0,0.00037020991135899373,False,False,0.0,0.009899346302188843,0.0,2.564893283816649e-05,0.9899645818277528,0.0,100
3688,We should abolish the presidential pardon,"[['E', 'D', 'C', 'B', 'A'], ['E', 'D', 'C', 'B', 'A']]",C,0.42752948492161386,0,0.5423686358267917,False,False,0.0,0.0,0.0,0.0,0.0,0.5724705150783861,100
3688,We should abolish the presidential pardon,"[['E', 'D', 'C', 'B', 'A'], ['E', 'D', 'C', 'B', 'A']]",D,0.5425879200932893,0,0.6377256343414961,False,False,0.0,0.45738495005778945,0.0,2.6448667557005674e-05,6.811813644752907e-07,0.0,100
3688,We should abolish the presidential pardon,"[['E', 'D', 'C', 'B', 'A'], ['E', 'D', 'C', 'B', 'A']]",E,0.919995892549547,0,0.9844689304118635,False,True,0.0,0.0,2.2630047128805178e-06,1.2062403994152791e-09,0.08000184323949977,0.0,100
3730,Community service should be mandatory,"[['E', 'D', 'C', 'B', 'A'], ['E', 'D', 'C', 'B', 'A']]",A,0.9999998749505616,0,1.0000000038058123,True,True,1.0,0.0,1.2502813563230667e-07,5.128375609011168e-12,1.617450082485794e-11,0.0,100
3730,Community service should be mandatory,"[['E', 'D', 'C', 'B', 'A'], ['E', 'D', 'C', 'B', 'A']]",B,0.009252021514600283,0,0.023325983419452308,False,False,0.0,0.9907479783872408,0.0,2.7961715669578615e-11,7.019706475974767e-11,0.0,100
3730,Community service should be mandatory,"[['E', 'D', 'C', 'B', 'A'], ['E', 'D', 'C', 'B', 'A']]",C,0.6081002044342013,0,0.7193875030535521,False,False,0.0,0.0,0.0,0.0,0.0,0.3918997955657986,100
3730,Community service should be mandatory,"[['E', 'D', 'C', 'B', 'A'], ['E', 'D', 'C', 'B', 'A']]",D,0.03199117492896432,0,0.050720870548268404,False,False,0.0,0.9680088240548994,0.0,8.479508533945455e-10,1.6818547440131645e-10,0.0,100
3730,Community service should be mandatory,"[['E', 'D', 'C', 'B', 'A'], ['E', 'D', 'C', 'B', 'A']]",E,0.9999999982100425,0,0.9999999992040776,False,False,1.0,0.0,1.7752018555611334e-09,2.256377525741479e-12,1.2499261915066328e-11,0.0,100
3758,We should further exploit sustainable energies,"[['E', 'D', 'C', 'B', 'A'], ['E', 'D', 'C', 'B', 'A']]",A,0.9999999974775937,0,0.9999999982171865,False,False,1.0,0.0,2.5080526265616486e-09,2.2421258162445516e-12,1.211146355770262e-11,0.0,100
3758,We should further exploit sustainable energies,"[['E', 'D', 'C', 'B', 'A'], ['E', 'D', 'C', 'B', 'A']]",B,7.923112318574935e-09,0,1.1596884889862307e-08,False,False,0.0,0.9999999920616531,0.0,2.3028008589478113e-12,1.2931735791109026e-11,0.0,100
3758,We should further exploit sustainable energies,"[['E', 'D', 'C', 'B', 'A'], ['E', 'D', 'C', 'B', 'A']]",C,0.7821365361789955,0,0.8675326844583334,False,False,0.0,0.0,0.0,0.0,0.0,0.21786346382100458,100
3758,We should further exploit sustainable energies,"[['E', 'D', 'C', 'B', 'A'], ['E', 'D', 'C', 'B', 'A']]",D,0.962368680267243,0,0.9919719624403479,False,True,1.0,0.00031555475005881314,0.0,0.03216877686582445,0.005146988116873775,0.0,100
3758,We should further exploit sustainable energies,"[['E', 'D', 'C', 'B', 'A'], ['E', 'D', 'C', 'B', 'A']]",E,0.7162770272833083,0,0.7982055096572762,False,False,0.0,0.0,0.2837207609708102,2.1494320252678184e-06,6.23138563014343e-08,0.0,100
2083,We should legalize organ trade,"[['E', 'D', 'C', 'B', 'A'], ['E', 'D', 'C', 'B', 'A']]",A,0.9999616712476653,0,1.000012363819625,True,True,1.0,0.0,3.832872864234672e-05,4.731019537923212e-12,1.8961312210749128e-11,0.0,100
2083,We should legalize organ trade,"[['E', 'D', 'C', 'B', 'A'], ['E', 'D', 'C', 'B', 'A']]",B,0.0015096915937136857,0,0.00286561823952438,False,False,0.0,0.9984903083401833,0.0,1.3790050014275872e-11,5.2313060409111744e-11,0.0,100
2083,We should legalize organ trade,"[['E', 'D', 'C', 'B', 'A'], ['E', 'D', 'C', 'B', 'A']]",C,0.9999999670942538,0,1.0000000415843573,True,True,1.0,0.0,0.0,0.0,0.0,3.29057462666552e-08,100
2083,We should legalize organ trade,"[['E', 'D', 'C', 'B', 'A'], ['E', 'D', 'C', 'B', 'A']]",D,0.0055889438644455445,0,0.016168747772914584,False,False,0.0,0.9944110554802016,0.0,5.912334167751666e-10,6.411936657702416e-11,0.0,100
2083,We should legalize organ trade,"[['E', 'D', 'C', 'B', 'A'], ['E', 'D', 'C', 'B', 'A']]",E,0.9999999992014904,0,0.999999999573248,False,False,1.0,0.0,7.944426263199538e-10,2.919944033713697e-13,3.7749142167976675e-12,0.0,100
2166,We should legalize sex selection,"[['E', 'D', 'C', 'B', 'A'], ['E', 'D', 'C', 'B', 'A']]",A,0.9998692880725286,0,0.9999986248694158,False,True,1.0,0.0,0.00013071189643542512,7.857823593247668e-12,2.3178306491510176e-11,0.0,100
2166,We should legalize sex selection,"[['E', 'D', 'C', 'B', 'A'], ['E', 'D', 'C', 'B', 'A']]",B,0.04442537183105535,0,0.08100083578996184,False,False,0.0,0.9555746280061972,0.0,4.9529651209285724e-11,1.1321788222583511e-10,0.0,100
2166,We should legalize sex selection,"[['E', 'D', 'C', 'B', 'A'], ['E', 'D', 'C', 'B', 'A']]",C,0.9849914988794396,0,1.0113066927907584,True,True,1.0,0.0,0.0,0.0,0.0,0.015008501120560371,100
2166,We should legalize sex selection,"[['E', 'D', 'C', 'B', 'A'], ['E', 'D', 'C', 'B', 'A']]",D,0.005823871957522363,0,0.017719583335204535,False,False,0.0,0.9541764393535943,0.0,0.007772860572983345,0.03222682811589992,0.0,100
2166,We should legalize sex selection,"[['E', 'D', 'C', 'B', 'A'], ['E', 'D', 'C', 'B', 'A']]",E,0.9999999995702705,0,0.9999999996810046,False,False,1.0,0.0,4.10427797517952e-10,6.541697375418604e-13,1.8647465814179322e-11,0.0,100
2402,We should close the Guantanamo Bay detention camp,"[['E', 'D', 'C', 'B', 'A'], ['E', 'D', 'C', 'B', 'A']]",A,0.999999990035529,0,0.999999992511644,False,False,1.0,0.0,9.934214993761578e-09,4.546477771931789e-12,2.5709528209371727e-11,0.0,100
2402,We should close the Guantanamo Bay detention camp,"[['E', 'D', 'C', 'B', 'A'], ['E', 'D', 'C', 'B', 'A']]",B,2.3253009765974934e-08,0,3.1881960128281625e-08,False,False,0.0,0.9999999767192138,0.0,4.508632155544088e-12,2.326789063383573e-11,0.0,100
2402,We should close the Guantanamo Bay detention camp,"[['E', 'D', 'C', 'B', 'A'], ['E', 'D', 'C', 'B', 'A']]",C,0.9990818835595876,0,1.0012392635358456,True,True,1.0,0.0,0.0,0.0,0.0,0.0009181164404125235,100
2402,We should close the Guantanamo Bay detention camp,"[['E', 'D', 'C', 'B', 'A'], ['E', 'D', 'C', 'B', 'A']]",D,0.3615569156548483,0,0.45345842200354447,False,False,0.0,0.6384428749871242,0.0,2.0314521156325918e-07,6.21281599282663e-09,0.0,100
2402,We should close the Guantanamo Bay detention camp,"[['E', 'D', 'C', 'B', 'A'], ['E', 'D', 'C', 'B', 'A']]",E,0.8799999989352285,0,0.9572277028968903,False,True,0.0,0.0,1.0577252848098626e-09,1.3249261788515445e-12,0.12000000000572113,0.0,100
3193,We should fight nationalism,"[['E', 'D', 'C', 'B', 'A'], ['E', 'D', 'C', 'B', 'A']]",A,0.9999999076509292,0,0.9999999642344876,False,True,1.0,0.0,9.22770307145353e-08,1.0166483691219353e-11,6.187356867528158e-11,0.0,100
3193,We should fight nationalism,"[['E', 'D', 'C', 'B', 'A'], ['E', 'D', 'C', 'B', 'A']]",B,0.03406299277372622,0,0.07004728213274106,False,False,0.0,0.9174831884484073,0.0,0.0101523682129011,0.03830145056496542,0.0,100
3193,We should fight nationalism,"[['E', 'D', 'C', 'B', 'A'], ['E', 'D', 'C', 'B', 'A']]",C,0.9657871079251197,0,1.001141258156083,True,True,1.0,0.0,0.0,0.0,0.0,0.03421289207488035,100
3193,We should fight nationalism,"[['E', 'D', 'C', 'B', 'A'], ['E', 'D', 'C', 'B', 'A']]",D,0.1234764591360198,0,0.18423904243599598,False,False,0.0,0.0004796461965154143,0.0,0.8153441588336764,0.06069973583378832,0.0,100
3193,We should fight nationalism,"[['E', 'D', 'C', 'B', 'A'], ['E', 'D', 'C', 'B', 'A']]",E,0.11912713894417559,0,0.19307087728087446,False,False,0.0,0.0,0.007918651425846846,9.476235280868663e-05,0.8728594472771688,0.0,100
3197,We should end progressive taxation,"[['E', 'D', 'C', 'B', 'A'], ['E', 'D', 'C', 'B', 'A']]",A,0.9889417102937931,0,1.01267000449479,True,True,1.0,0.0,0.0010582894729995118,5.808694744259104e-11,0.010000000175120533,0.0,100
3197,We should end progressive taxation,"[['E', 'D', 'C', 'B', 'A'], ['E', 'D', 'C', 'B', 'A']]",B,0.008175744481903401,0,0.027508157807660503,False,False,0.0,0.0018242550853077698,0.0,2.98991381183512e-10,0.9900000001337975,0.0,100
3197,We should end progressive taxation,"[['E', 'D', 'C', 'B', 'A'], ['E', 'D', 'C', 'B', 'A']]",C,0.9263292077490268,0,0.9833139332980345,False,True,0.0,0.0,0.0,0.0,0.0,0.07367079225097319,100
3197,We should end progressive taxation,"[['E', 'D', 'C', 'B', 'A'], ['E', 'D', 'C', 'B', 'A']]",D,0.06262053239684656,0,0.11470977440228156,False,False,0.0,0.914663398529791,0.0,0.02269094105219494,2.512802116761567e-05,0.0,100
3197,We should end progressive taxation,"[['E', 'D', 'C', 'B', 'A'], ['E', 'D', 'C', 'B', 'A']]",E,0.9999999997799462,0,0.9999999998310584,False,False,1.0,0.0,1.977890799917011e-10,1.0988269481706897e-13,2.2154830824083263e-11,0.0,100
4004,Blood donation should be mandatory,"[['E', 'D', 'C', 'B', 'A'], ['E', 'D', 'C', 'B', 'A']]",A,0.9999647662695691,0,1.0000235690301726,True,True,1.0,0.0,3.523367906853684e-05,1.0276669702718963e-11,4.1085855544023016e-11,0.0,100
4004,Blood donation should be mandatory,"[['E', 'D', 'C', 'B', 'A'], ['E', 'D', 'C', 'B', 'A']]",B,0.09330293317745376,0,0.15037866245483641,False,False,0.0,0.8966970663592627,0.0,1.4838753840099013e-10,0.010000000314895839,0.0,100
4004,Blood donation should be mandatory,"[['E', 'D', 'C', 'B', 'A'], ['E', 'D', 'C', 'B', 'A']]",C,0.0736940615947908,0,0.13326223325894734,False,False,0.0,0.0,0.0,0.0,0.0,0.9263059384052091,100
4004,Blood donation should be mandatory,"[['E', 'D', 'C', 'B', 'A'], ['E', 'D', 'C', 'B', 'A']]",D,0.02623686391605378,0,0.055083483338296144,False,False,0.0,0.9737631358134502,0.0,1.8553960092343278e-10,8.495652000969992e-11,0.0,100
4004,Blood donation should be mandatory,"[['E', 'D', 'C', 'B', 'A'], ['E', 'D', 'C', 'B', 'A']]",E,0.9999999793358991,0,1.0000000208967332,True,True,1.0,0.0,2.064931859497435e-08,2.7903481136277156e-12,1.1991908064941493e-11,0.0,100
3205,We should end water fluoridation,"[['E', 'D', 'C', 'B', 'A'], ['E', 'D', 'C', 'B', 'A']]",A,0.22999747872652926,0,0.33000799850256063,False,False,0.0,0.0,2.5213209181127885e-06,4.478127884958406e-12,0.7699999999480747,0.0,100
3205,We should end water fluoridation,"[['E', 'D', 'C', 'B', 'A'], ['E', 'D', 'C', 'B', 'A']]",B,0.001824255149569396,0,0.006137899566896721,False,False,0.0,0.008175744862011294,0.0,9.100906671420856e-12,0.9899999999793184,0.0,100
3205,We should end water fluoridation,"[['E', 'D', 'C', 'B', 'A'], ['E', 'D', 'C', 'B', 'A']]",C,0.9569740894664024,0,1.003245021242812,True,True,1.0,0.0,0.0,0.0,0.0,0.04302591053359769,100
3205,We should end water fluoridation,"[['E', 'D', 'C', 'B', 'A'], ['E', 'D', 'C', 'B', 'A']]",D,0.061890815609488795,0,0.10835129679825055,False,False,0.0,0.9381090972731714,0.0,8.680840279087858e-08,3.089368661267414e-10,0.0,100
3205,We should end water fluoridation,"[['E', 'D', 'C', 'B', 'A'], ['E', 'D', 'C', 'B', 'A']]",E,0.9999999992577684,0,0.9999999994294695,False,False,1.0,0.0,6.897628285813156e-10,7.931813539458596e-13,5.167555939222991e-11,0.0,100
3237,We should prohibit unisex bathrooms,"[['E', 'D', 'C', 'B', 'A'], ['E', 'D', 'C', 'B', 'A']]",A,0.8896261833761117,0,0.9639590109641665,False,True,0.0,0.0,0.0003737129920191614,1.6022651235901447e-09,0.11000010202960414,0.0,100
3237,We should prohibit unisex bathrooms,"[['E', 'D', 'C', 'B', 'A'], ['E', 'D', 'C', 'B', 'A']]",B,0.0023645199301161766,0,0.007630600007475348,False,False,0.0,0.17763568782517997,0.0,0.001152642116551522,0.8188471501281522,0.0,100
3237,We should prohibit unisex bathrooms,"[['E', 'D', 'C', 'B', 'A'], ['E', 'D', 'C', 'B', 'A']]",C,0.9788128124877598,0,1.0121379315429038,True,True,1.0,0.0,0.0,0.0,0.0,0.021187187512240288,100
3237,We should prohibit unisex bathrooms,"[['E', 'D', 'C', 'B', 'A'], ['E', 'D', 'C', 'B', 'A']]",D,0.12014043179026665,0,0.18608252220661703,False,False,0.0,0.6315316653465003,0.0,0.014981977499501848,0.2333459253637312,0.0,100
3237,We should prohibit unisex bathrooms,"[['E', 'D', 'C', 'B', 'A'], ['E', 'D', 'C', 'B', 'A']]",E,0.9502044263231572,0,1.0017888462970268,True,True,1.0,0.0,7.710953687241506e-10,6.4996245416324e-12,0.04979557289924785,0.0,100
2652,We should ban mass surveillance,"[['E', 'D', 'C', 'B', 'A'], ['E', 'D', 'C', 'B', 'A']]",A,0.9999999902583621,0,0.999999993379917,False,False,1.0,0.0,9.69351827232315e-09,5.150274046525469e-12,4.296946053585722e-11,0.0,100
2652,We should ban mass surveillance,"[['E', 'D', 'C', 'B', 'A'], ['E', 'D', 'C', 'B', 'A']]",B,0.07976083186817048,0,0.1437448119164973,False,False,0.0,0.04058401450873373,0.0,0.05562536265139642,0.8240297909716995,0.0,100
2652,We should ban mass surveillance,"[['E', 'D', 'C', 'B', 'A'], ['E', 'D', 'C', 'B', 'A']]",C,0.7937081977557874,0,0.8847486455533622,False,False,0.0,0.0,0.0,0.0,0.0,0.20629180224421262,100
2652,We should ban mass surveillance,"[['E', 'D', 'C', 'B', 'A'], ['E', 'D', 'C', 'B', 'A']]",D,0.7097407856357567,0,0.7943898319788072,False,False,0.0,0.29025661033011896,0.0,2.568911655730434e-06,3.512246870421545e-08,0.0,100
2652,We should ban mass surveillance,"[['E', 'D', 'C', 'B', 'A'], ['E', 'D', 'C', 'B', 'A']]",E,0.33999996213721423,0,0.4525777064221094,False,False,0.0,0.0,3.787388145722303e-08,3.1957075529755194e-12,0.6599999999857085,0.0,100
3435,Begging should be banned,"[['E', 'D', 'C', 'B', 'A'], ['E', 'D', 'C', 'B', 'A']]",A,0.16804138529026755,0,0.2563126744567358,False,False,0.0,0.0,0.0019585715646248474,1.9592380425596954e-09,0.8300000411858696,0.0,100
3435,Begging should be banned,"[['E', 'D', 'C', 'B', 'A'], ['E', 'D', 'C', 'B', 'A']]",B,0.019393605334885104,0,0.05167159375617639,False,False,0.0,0.0006063943319543075,0.0,2.390348804600557e-10,0.9800000000941259,0.0,100
3435,Begging should be banned,"[['E', 'D', 'C', 'B', 'A'], ['E', 'D', 'C', 'B', 'A']]",C,0.6951679322003369,0,0.8011506154535759,False,False,0.0,0.0,0.0,0.0,0.0,0.3048320677996632,100
3435,Begging should be banned,"[['E', 'D', 'C', 'B', 'A'], ['E', 'D', 'C', 'B', 'A']]",D,0.007586117742833008,0,0.018667255661706097,False,False,0.0,0.9924138814528217,0.0,7.070107917152304e-10,9.733438996731848e-11,0.0,100
3435,Begging should be banned,"[['E', 'D', 'C', 'B', 'A'], ['E', 'D', 'C', 'B', 'A']]",E,0.9999999582162533,0,1.0000000463021308,True,True,1.0,0.0,4.165130966824906e-08,5.1394045079743005e-12,1.272976965320714e-10,0.0,100
3923,Health education should be mandatory,"[['E', 'D', 'C', 'B', 'A'], ['E', 'D', 'C', 'B', 'A']]",A,0.9999999980129489,0,0.9999999984264784,False,False,1.0,0.0,1.97408153905882e-09,2.3072815060573135e-12,1.0662404592388827e-11,0.0,100
3923,Health education should be mandatory,"[['E', 'D', 'C', 'B', 'A'], ['E', 'D', 'C', 'B', 'A']]",B,4.773926017837547e-09,0,6.0036887862297726e-09,False,False,0.0,0.9999999952109697,0.0,2.7450315743237392e-12,1.2359305231627966e-11,0.0,100
3923,Health education should be mandatory,"[['E', 'D', 'C', 'B', 'A'], ['E', 'D', 'C', 'B', 'A']]",C,0.14455357677424677,0,0.225710537415324,False,False,0.0,0.0,0.0,0.0,0.0,0.8554464232257531,100
3923,Health education should be mandatory,"[['E', 'D', 'C', 'B', 'A'], ['E', 'D', 'C', 'B', 'A']]",D,0.8904233618932017,0,0.9384663367105044,False,False,0.0,0.1095766231552369,0.0,1.3893015680731664e-08,1.0585458327921737e-09,0.0,100
3923,Health education should be mandatory,"[['E', 'D', 'C', 'B', 'A'], ['E', 'D', 'C', 'B', 'A']]",E,0.9999999423381457,0,0.9999999897352728,False,True,1.0,0.0,5.765507881932361e-08,2.944053962278479e-12,3.8313711425577045e-12,0.0,100
4000,The Euro should be abandoned,"[['E', 'D', 'C', 'B', 'A'], ['E', 'D', 'C', 'B', 'A']]",A,0.009990889552755655,0,0.03361540536106815,False,False,0.0,0.0,9.110515833623058e-06,6.088980209997746e-12,0.989999999925322,0.0,100
4000,The Euro should be abandoned,"[['E', 'D', 'C', 'B', 'A'], ['E', 'D', 'C', 'B', 'A']]",B,0.006016917527591008,0,0.01651232123399424,False,False,0.0,0.16398308161511546,0.0,3.643464764628957e-10,0.8300000004929473,0.0,100
4000,The Euro should be abandoned,"[['E', 'D', 'C', 'B', 'A'], ['E', 'D', 'C', 'B', 'A']]",C,0.9534810113147659,0,1.0022338014287426,True,True,1.0,0.0,0.0,0.0,0.0,0.04651898868523409,100
4000,The Euro should be abandoned,"[['E', 'D', 'C', 'B', 'A'], ['E', 'D', 'C', 'B', 'A']]",D,0.013989287766583978,0,0.0230860179025053,False,False,0.0,0.9860107093214697,0.0,2.6621691308529045e-09,2.497771928068636e-10,0.0,100
4000,The Euro should be abandoned,"[['E', 'D', 'C', 'B', 'A'], ['E', 'D', 'C', 'B', 'A']]",E,0.999999993228884,0,1.0000000003356115,True,True,1.0,0.0,6.711890071635002e-09,5.487745086349246e-12,5.373817883643939e-11,0.0,100
3244,We should abandon Twitter,"[['E', 'D', 'C', 'B', 'A'], ['E', 'D', 'C', 'B', 'A']]",A,0.9999996353328342,0,0.9999999734505552,False,True,1.0,0.0,3.6459198532228165e-07,1.1658071957603914e-11,6.352235271426836e-11,0.0,100
3244,We should abandon Twitter,"[['E', 'D', 'C', 'B', 'A'], ['E', 'D', 'C', 'B', 'A']]",B,0.04651634341040206,0,0.08171968923789602,False,False,0.0,0.5234836564109916,0.0,2.7862646106239954e-08,0.4299999723159601,0.0,100
3244,We should abandon Twitter,"[['E', 'D', 'C', 'B', 'A'], ['E', 'D', 'C', 'B', 'A']]",C,0.30746985300886887,0,0.4155412482329106,False,False,0.0,0.0,0.0,0.0,0.0,0.6925301469911311,100
3244,We should abandon Twitter,"[['E', 'D', 'C', 'B', 'A'], ['E', 'D', 'C', 'B', 'A']]",D,0.48242310989649057,0,0.5780998836857654,False,False,0.0,0.5175752186076427,0.0,1.658648882540147e-06,1.2846984126258351e-08,0.0,100
3244,We should abandon Twitter,"[['E', 'D', 'C', 'B', 'A'], ['E', 'D', 'C', 'B', 'A']]",E,0.999994247975311,0,1.0000005989445973,True,True,1.0,0.0,5.751805365393191e-06,1.453434711970891e-10,7.398008070859001e-11,0.0,100
4275,We should abandon speed limit enforcement,"[['E', 'D', 'C', 'B', 'A'], ['E', 'D', 'C', 'B', 'A']]",A,0.9766956889623476,0,1.002066949746602,True,True,1.0,0.0,0.023304309953735638,5.298914033252948e-10,5.540255240276903e-10,0.0,100
4275,We should abandon speed limit enforcement,"[['E', 'D', 'C', 'B', 'A'], ['E', 'D', 'C', 'B', 'A']]",B,0.008519528001223959,0,0.028664853460116525,False,False,0.0,0.001480472027486926,0.0,8.470626806577008e-10,0.9899999991242265,0.0,100
4275,We should abandon speed limit enforcement,"[['E', 'D', 'C', 'B', 'A'], ['E', 'D', 'C', 'B', 'A']]",C,0.2107074296372224,0,0.3048576521259121,False,False,0.0,0.0,0.0,0.0,0.0,0.7892925703627776,100
4275,We should abandon speed limit enforcement,"[['E', 'D', 'C', 'B', 'A'], ['E', 'D', 'C', 'B', 'A']]",D,0.024363361608973975,0,0.05589339381213796,False,False,0.0,0.9756366360439555,0.0,2.130833907064478e-09,2.162368366741731e-10,0.0,100
4275,We should abandon speed limit enforcement,"[['E', 'D', 'C', 'B', 'A'], ['E', 'D', 'C', 'B', 'A']]",E,0.9999999995560944,0,0.9999999996832113,False,False,1.0,0.0,3.961252414095774e-10,7.393745387238923e-14,4.770643627176895e-11,0.0,100
3415,We should abandon the sexual revolution,"[['E', 'D', 'C', 'B', 'A'], ['E', 'D', 'C', 'B', 'A']]",A,0.10007706266243148,0,0.17136536842371186,False,False,0.0,0.0,1.6650662051939113e-06,4.77669604003334e-12,0.8999212722665866,0.0,100
3415,We should abandon the sexual revolution,"[['E', 'D', 'C', 'B', 'A'], ['E', 'D', 'C', 'B', 'A']]",B,0.22410722947052433,0,0.32137144412853497,False,False,0.0,0.009829393350360973,0.0,0.07709787634769148,0.6889655008314232,0.0,100
3415,We should abandon the sexual revolution,"[['E', 'D', 'C', 'B', 'A'], ['E', 'D', 'C', 'B', 'A']]",C,0.3477838492544897,0,0.45693151491777334,False,False,0.0,0.0,0.0,0.0,0.0,0.6522161507455104,100
3415,We should abandon the sexual revolution,"[['E', 'D', 'C', 'B', 'A'], ['E', 'D', 'C', 'B', 'A']]",D,0.304187936645415,0,0.3975660438228956,False,False,0.0,0.16584738628660683,0.0,0.46284239602829547,0.06712228103968278,0.0,100
3415,We should abandon the sexual revolution,"[['E', 'D', 'C', 'B', 'A'], ['E', 'D', 'C', 'B', 'A']]",E,0.8403044782531199,0,0.9272633391333622,False,False,0.0,0.0,0.004831549338356293,2.2374597400069015e-05,0.15484159781112367,0.0,100
3273,We should abolish judicial activism,"[['E', 'D', 'C', 'B', 'A'], ['E', 'D', 'C', 'B', 'A']]",A,0.999999825902212,0,0.9999998944462121,False,False,1.0,0.0,1.7378863134734876e-07,5.008029776509751e-11,2.5907610912618087e-10,0.0,100
3273,We should abolish judicial activism,"[['E', 'D', 'C', 'B', 'A'], ['E', 'D', 'C', 'B', 'A']]",B,0.0031025700338994737,0,0.010340594766255668,False,False,0.0,0.5199944436253553,0.0,0.057559065280287945,0.41934392106045726,0.0,100
3273,We should abolish judicial activism,"[['E', 'D', 'C', 'B', 'A'], ['E', 'D', 'C', 'B', 'A']]",C,0.9545983047233182,0,0.9993705370264269,False,True,1.0,0.0,0.0,0.0,0.0,0.04540169527668195,100
3273,We should abolish judicial activism,"[['E', 'D', 'C', 'B', 'A'], ['E', 'D', 'C', 'B', 'A']]",D,0.20866802003550874,0,0.2849919463953269,False,False,0.0,0.6586163967305904,0.0,0.12146406733047897,0.011251515903422014,0.0,100
3273,We should abolish judicial activism,"[['E', 'D', 'C', 'B', 'A'], ['E', 'D', 'C', 'B', 'A']]",E,0.9999999915189646,0,0.9999999977774962,False,True,1.0,0.0,3.25208555072139e-10,2.345374069203173e-12,8.153481381477702e-09,0.0,100
3636,We should ban billboards,"[['E', 'D', 'C', 'B', 'A'], ['E', 'D', 'C', 'B', 'A']]",A,0.9999976200963472,0,0.9999990791702861,False,True,1.0,0.0,2.379829672684139e-06,1.0146555860921853e-11,6.38336268485327e-11,0.0,100
3636,We should ban billboards,"[['E', 'D', 'C', 'B', 'A'], ['E', 'D', 'C', 'B', 'A']]",B,0.0002487279595076217,0,0.0004749445554585915,False,False,0.0,0.9997512719033824,0.0,1.9451146946461347e-11,1.1765882000036699e-10,0.0,100
3636,We should ban billboards,"[['E', 'D', 'C', 'B', 'A'], ['E', 'D', 'C', 'B', 'A']]",C,0.45663240768527075,0,0.5676129611106815,False,False,0.0,0.0,0.0,0.0,0.0,0.5433675923147293,100
3636,We should ban billboards,"[['E', 'D', 'C', 'B', 'A'], ['E', 'D', 'C', 'B', 'A']]",D,0.9690883816410172,0,1.0012859152687819,True,True,1.0,0.030911267476792972,0.0,3.45502481355379e-07,5.379708565623237e-09,0.0,100
3636,We should ban billboards,"[['E', 'D', 'C', 'B', 'A'], ['E', 'D', 'C', 'B', 'A']]",E,0.9999931039629495,0,1.0000034799409907,True,True,1.0,0.0,6.895986041417137e-06,2.8079965905660737e-11,2.2929253419272517e-11,0.0,100
2765,We should ban media conglomerates,"[['E', 'D', 'C', 'B', 'A'], ['E', 'D', 'C', 'B', 'A']]",A,0.9999991056693445,0,1.000000461558781,True,True,1.0,0.0,8.942704374708303e-07,7.36782757780227e-12,5.2850136426742696e-11,0.0,100
2765,We should ban media conglomerates,"[['E', 'D', 'C', 'B', 'A'], ['E', 'D', 'C', 'B', 'A']]",B,0.02082962981037157,0,0.049502135254192864,False,False,0.0,0.9691703686564459,0.0,8.297585201153974e-10,0.010000000703424026,0.0,100
2765,We should ban media conglomerates,"[['E', 'D', 'C', 'B', 'A'], ['E', 'D', 'C', 'B', 'A']]",C,0.06434196930680545,0,0.1210382029524836,False,False,0.0,0.0,0.0,0.0,0.0,0.9356580306931944,100
2765,We should ban media conglomerates,"[['E', 'D', 'C', 'B', 'A'], ['E', 'D', 'C', 'B', 'A']]",D,0.9940073107511909,0,0.9972551283688758,False,False,1.0,0.0059818828889506934,0.0,1.0768950725709748e-05,3.740913276913857e-08,0.0,100
2765,We should ban media conglomerates,"[['E', 'D', 'C', 'B', 'A'], ['E', 'D', 'C', 'B', 'A']]",E,0.9998644789259152,0,1.0000722886195423,True,True,1.0,0.0,0.00013552097064872478,7.743802699704897e-11,2.5998185537879618e-11,0.0,100
3977,We should ban rodenticide,"[['E', 'D', 'C', 'B', 'A'], ['E', 'D', 'C', 'B', 'A']]",A,0.9999999818468648,0,0.9999999923742161,False,False,1.0,0.0,1.8101010752303252e-08,5.955748824077535e-12,4.616868002552496e-11,0.0,100
3977,We should ban rodenticide,"[['E', 'D', 'C', 'B', 'A'], ['E', 'D', 'C', 'B', 'A']]",B,3.409120411203676e-06,0,1.1337537568700991e-05,False,False,0.0,0.9999965908287488,0.0,6.12977213290459e-12,4.471011871130481e-11,0.0,100
3977,We should ban rodenticide,"[['E', 'D', 'C', 'B', 'A'], ['E', 'D', 'C', 'B', 'A']]",C,0.5667434375389326,0,0.6822320993880585,False,False,0.0,0.0,0.0,0.0,0.0,0.43325656246106753,100
3977,We should ban rodenticide,"[['E', 'D', 'C', 'B', 'A'], ['E', 'D', 'C', 'B', 'A']]",D,0.9475707569101676,0,0.9870449713666557,False,True,0.0,0.05242742960314572,0.0,1.7885513766426176e-06,2.4935310218166866e-08,0.0,100
3977,We should ban rodenticide,"[['E', 'D', 'C', 'B', 'A'], ['E', 'D', 'C', 'B', 'A']]",E,0.9997777178571541,0,1.000035158301026,True,True,1.0,0.0,0.00022228206932917095,4.59538386640313e-11,2.756296866644092e-11,0.0,100
3518,We should ban the use of petroleum,"[['E', 'D', 'C', 'B', 'A'], ['E', 'D', 'C', 'B', 'A']]",A,0.9999999960304065,0,0.9999999967052183,False,False,1.0,0.0,3.912724651611821e-09,6.11527386383414e-12,5.075351540513506e-11,0.0,100
3518,We should ban the use of petroleum,"[['E', 'D', 'C', 'B', 'A'], ['E', 'D', 'C', 'B', 'A']]",B,0.1708666794132791,0,0.2574064799568306,False,False,0.0,0.8191320735738751,0.0,1.1295858469044686e-06,0.010000117426999001,0.0,100
3518,We should ban the use of petroleum,"[['E', 'D', 'C', 'B', 'A'], ['E', 'D', 'C', 'B', 'A']]",C,0.39152412084665505,0,0.501771328089193,False,False,0.0,0.0,0.0,0.0,0.0,0.6084758791533449,100
3518,We should ban the use of petroleum,"[['E', 'D', 'C', 'B', 'A'], ['E', 'D', 'C', 'B', 'A']]",D,0.98734672108623,0,0.9971326656680962,False,True,1.0,0.012652295755639666,0.0,9.683336289310534e-07,1.482450139899754e-08,0.0,100
3518,We should ban the use of petroleum,"[['E', 'D', 'C', 'B', 'A'], ['E', 'D', 'C', 'B', 'A']]",E,0.9831217934512558,0,0.99791275171423,False,True,1.0,0.0,0.01687820548528685,8.640040521631209e-10,1.9945317481769702e-10,0.0,100
3705,We should close the sex offender registry,"[['E', 'D', 'C', 'B', 'A'], ['E', 'D', 'C', 'B', 'A']]",A,0.8701704219925048,0,0.9393267793440128,False,False,0.0,0.0,0.09979457943777875,2.7032375709389254e-05,0.03000796619400715,0.0,100
3705,We should close the sex offender registry,"[['E', 'D', 'C', 'B', 'A'], ['E', 'D', 'C', 'B', 'A']]",B,0.2975876665346176,0,0.4044769999619992,False,False,0.0,0.0009120927300390098,0.0,0.01837663288980856,0.6831236078455346,0.0,100
3705,We should close the sex offender registry,"[['E', 'D', 'C', 'B', 'A'], ['E', 'D', 'C', 'B', 'A']]",C,0.7581738513034536,0,0.8560872559047645,False,False,0.0,0.0,0.0,0.0,0.0,0.24182614869654667,100
3705,We should close the sex offender registry,"[['E', 'D', 'C', 'B', 'A'], ['E', 'D', 'C', 'B', 'A']]",D,0.05074007819718544,0,0.1011535211689718,False,False,0.0,0.9183443247020684,0.0,0.017574582356635116,0.01334101474411118,0.0,100
3705,We should close the sex offender registry,"[['E', 'D', 'C', 'B', 'A'], ['E', 'D', 'C', 'B', 'A']]",E,0.9999999991089525,0,0.9999999993722999,False,False,1.0,0.0,8.378081667769764e-10,8.869037702277798e-13,5.2352469136918686e-11,0.0,100
3459,We should fight environmental degradation,"[['E', 'D', 'C', 'B', 'A'], ['E', 'D', 'C', 'B', 'A']]",A,0.9999999989352159,0,0.9999999991088595,False,False,1.0,0.0,1.049466346341217e-09,2.01933303660305e-12,1.3298377070030688e-11,0.0,100
3459,We should fight environmental degradation,"[['E', 'D', 'C', 'B', 'A'], ['E', 'D', 'C', 'B', 'A']]",B,2.569471181329209e-09,0,3.1194075612566346e-09,False,False,0.0,0.9999999974166122,0.0,1.8031870920780307e-12,1.2113657522472378e-11,0.0,100
3459,We should fight environmental degradation,"[['E', 'D', 'C', 'B', 'A'], ['E', 'D', 'C', 'B', 'A']]",C,0.9116159363139938,0,0.9673426890342958,False,True,0.0,0.0,0.0,0.0,0.0,0.08838406368600613,100
3459,We should fight environmental degradation,"[['E', 'D', 'C', 'B', 'A'], ['E', 'D', 'C', 'B', 'A']]",D,0.6776423932414833,0,0.7727988716360793,False,False,0.0,3.132029172155834e-05,0.0,0.24519164233512666,0.07713464413166844,0.0,100
3459,We should fight environmental degradation,"[['E', 'D', 'C', 'B', 'A'], ['E', 'D', 'C', 'B', 'A']]",E,0.5374175848136339,0,0.6406745280903438,False,False,0.0,0.0,0.4561362923514307,0.006427868199701956,1.8254635233490333e-05,0.0,100
3490,We should further exploit filibusters,"[['E', 'D', 'C', 'B', 'A'], ['E', 'D', 'C', 'B', 'A']]",A,0.9885713581087464,0,0.9999658656637569,False,True,1.0,0.0,0.011427404561703318,3.7841918361780394e-07,8.589103665699841e-07,0.0,100
3490,We should further exploit filibusters,"[['E', 'D', 'C', 'B', 'A'], ['E', 'D', 'C', 'B', 'A']]",B,0.05999272858830298,0,0.0983336619724482,False,False,0.0,0.9400070726107593,0.0,1.258075296210995e-07,7.299340812932528e-08,0.0,100
3490,We should further exploit filibusters,"[['E', 'D', 'C', 'B', 'A'], ['E', 'D', 'C', 'B', 'A']]",C,0.864003215507162,0,0.9418582153799995,False,False,0.0,0.0,0.0,0.0,0.0,0.13599678449283809,100
3490,We should further exploit filibusters,"[['E', 'D', 'C', 'B', 'A'], ['E', 'D', 'C', 'B', 'A']]",D,0.0008656106539853765,0,0.002309557190403741,False,False,0.0,0.9991343892956405,0.0,2.8138713887584946e-11,2.2235381030644116e-11,0.0,100
3490,We should further exploit filibusters,"[['E', 'D', 'C', 'B', 'A'], ['E', 'D', 'C', 'B', 'A']]",E,0.9999999995997837,0,0.9999999996703112,False,False,1.0,0.0,3.901543538606864e-10,1.2498403906780248e-13,9.936971833036125e-12,0.0,100
3902,We should further exploit genetic engineering,"[['E', 'D', 'C', 'B', 'A'], ['E', 'D', 'C', 'B', 'A']]",A,0.9999999767666239,0,0.9999999939009223,False,True,1.0,0.0,2.3222867132972737e-08,2.3023883205152926e-12,8.206433076552865e-12,0.0,100
3902,We should further exploit genetic engineering,"[['E', 'D', 'C', 'B', 'A'], ['E', 'D', 'C', 'B', 'A']]",B,4.5992893438114986e-07,0,7.684137668212752e-07,False,False,0.0,0.9999995400542835,0.0,3.71473677875774e-12,1.3067466927291927e-11,0.0,100
3902,We should further exploit genetic engineering,"[['E', 'D', 'C', 'B', 'A'], ['E', 'D', 'C', 'B', 'A']]",C,0.9154636073794556,0,0.9746189330949935,False,True,0.0,0.0,0.0,0.0,0.0,0.08453639262054455,100
3902,We should further exploit genetic engineering,"[['E', 'D', 'C', 'B', 'A'], ['E', 'D', 'C', 'B', 'A']]",D,0.5304529502330797,0,0.6220315313166914,False,False,0.0,0.4695204012358538,0.0,7.259081496812518e-06,1.938944956957769e-05,0.0,100
3902,We should further exploit genetic engineering,"[['E', 'D', 'C', 'B', 'A'], ['E', 'D', 'C', 'B', 'A']]",E,0.999999991028126,0,1.0000000064184031,True,True,1.0,0.0,8.96854826526194e-09,8.061942660618974e-13,2.5195699244734946e-12,0.0,100
3939,We should increase historic preservation,"[['E', 'D', 'C', 'B', 'A'], ['E', 'D', 'C', 'B', 'A']]",A,0.9999999967442769,0,0.9999999974589189,False,False,1.0,0.0,3.2460540795969363e-09,1.8054502658242403e-12,7.863672768356233e-12,0.0,100
3939,We should increase historic preservation,"[['E', 'D', 'C', 'B', 'A'], ['E', 'D', 'C', 'B', 'A']]",B,4.775783844986144e-09,0,6.029472817191683e-09,False,False,0.0,0.9999999952135965,0.0,2.006303393742195e-12,8.613499609092173e-12,0.0,100
3939,We should increase historic preservation,"[['E', 'D', 'C', 'B', 'A'], ['E', 'D', 'C', 'B', 'A']]",C,0.7243413987401804,0,0.82656936920018,False,False,0.0,0.0,0.0,0.0,0.0,0.2756586012598195,100
3939,We should increase historic preservation,"[['E', 'D', 'C', 'B', 'A'], ['E', 'D', 'C', 'B', 'A']]",D,0.8295834383715058,0,0.8964155106480167,False,False,0.0,0.1645409316693166,0.0,0.005871516416724229,4.113542453336979e-06,0.0,100
3939,We should increase historic preservation,"[['E', 'D', 'C', 'B', 'A'], ['E', 'D', 'C', 'B', 'A']]",E,0.9874223873829213,0,1.0080998249395872,True,True,1.0,0.0,0.012577611696754677,7.978306831722101e-10,1.2249355627995048e-10,0.0,100
3252,We should increase mixed-use development,"[['E', 'D', 'C', 'B', 'A'], ['E', 'D', 'C', 'B', 'A']]",A,0.9999999987526544,0,0.9999999989369817,False,False,1.0,0.0,1.241862471336219e-09,9.74252803958126e-13,4.508842903515946e-12,0.0,100
3252,We should increase mixed-use development,"[['E', 'D', 'C', 'B', 'A'], ['E', 'D', 'C', 'B', 'A']]",B,9.733926054376654e-09,0,1.2837352409810558e-08,False,False,0.0,0.9999999902601272,0.0,1.1619894892872127e-12,4.784744286733633e-12,0.0,100
3252,We should increase mixed-use development,"[['E', 'D', 'C', 'B', 'A'], ['E', 'D', 'C', 'B', 'A']]",C,0.9967609831265253,0,1.002174254838456,True,True,1.0,0.0,0.0,0.0,0.0,0.0032390168734746792,100
3252,We should increase mixed-use development,"[['E', 'D', 'C', 'B', 'A'], ['E', 'D', 'C', 'B', 'A']]",D,0.8835372085132643,0,0.9439160993006708,False,False,0.0,0.09908752725692888,0.0,0.017334918772077882,4.034545772902092e-05,0.0,100
3252,We should increase mixed-use development,"[['E', 'D', 'C', 'B', 'A'], ['E', 'D', 'C', 'B', 'A']]",E,0.9999999218590415,0,1.0000000689473059,True,True,1.0,0.0,7.813432363871141e-08,1.7592125760444656e-12,4.8757409188631686e-12,0.0,100
3750,We should increase public space,"[['E', 'D', 'C', 'B', 'A'], ['E', 'D', 'C', 'B', 'A']]",A,0.9999999970955836,0,0.9999999977551656,False,False,1.0,0.0,2.8972033001475547e-09,1.2639254029721052e-12,5.9492503774294276e-12,0.0,100
3750,We should increase public space,"[['E', 'D', 'C', 'B', 'A'], ['E', 'D', 'C', 'B', 'A']]",B,1.0721722334363752e-08,0,1.556823128234629e-08,False,False,0.0,0.999999989268592,0.0,1.6608007311592983e-12,8.024862248610927e-12,0.0,100
3750,We should increase public space,"[['E', 'D', 'C', 'B', 'A'], ['E', 'D', 'C', 'B', 'A']]",C,0.9271274283250024,0,0.9810988996797526,False,True,0.0,0.0,0.0,0.0,0.0,0.07287257167499778,100
3750,We should increase public space,"[['E', 'D', 'C', 'B', 'A'], ['E', 'D', 'C', 'B', 'A']]",D,0.898222139008,0,0.9531177463556157,False,False,0.0,0.05048572933855475,0.0,0.05127489277286565,1.723888057974369e-05,0.0,100
3750,We should increase public space,"[['E', 'D', 'C', 'B', 'A'], ['E', 'D', 'C', 'B', 'A']]",E,0.9828210883061747,0,1.0083866279235707,True,True,1.0,0.0,0.01717891018396593,1.404451431023058e-09,1.054081543977498e-10,0.0,100
4124,We should increase the use of artificial insemination,"[['E', 'D', 'C', 'B', 'A'], ['E', 'D', 'C', 'B', 'A']]",A,0.9999615697548304,0,1.0000058648995855,True,True,1.0,0.0,3.843022472893747e-05,4.549777921660145e-12,1.589084062687577e-11,0.0,100
4124,We should increase the use of artificial insemination,"[['E', 'D', 'C', 'B', 'A'], ['E', 'D', 'C', 'B', 'A']]",B,0.0006950696593138522,0,0.0016026822963402755,False,False,0.0,0.9993049302994961,0.0,9.208107174748878e-12,3.198196559495415e-11,0.0,100
4124,We should increase the use of artificial insemination,"[['E', 'D', 'C', 'B', 'A'], ['E', 'D', 'C', 'B', 'A']]",C,0.9648528815820704,0,1.0051967673220021,True,True,1.0,0.0,0.0,0.0,0.0,0.03514711841792968,100
4124,We should increase the use of artificial insemination,"[['E', 'D', 'C', 'B', 'A'], ['E', 'D', 'C', 'B', 'A']]",D,0.7726299079707514,0,0.848419506488101,False,False,0.0,0.21414221232150676,0.0,0.012775309117700086,0.00045257059004184043,0.0,100
4124,We should increase the use of artificial insemination,"[['E', 'D', 'C', 'B', 'A'], ['E', 'D', 'C', 'B', 'A']]",E,0.9999997294574837,0,1.0000000528011648,True,True,1.0,0.0,2.7053606308934196e-07,2.1956373168669274e-12,4.257527062931478e-12,0.0,100
3450,We should increase the use of credit unions,"[['E', 'D', 'C', 'B', 'A'], ['E', 'D', 'C', 'B', 'A']]",A,0.9999999956022418,0,0.9999999967089317,False,False,1.0,0.0,4.387601952468442e-09,2.0825785294806202e-12,8.073508905169572e-12,0.0,100
3450,We should increase the use of credit unions,"[['E', 'D', 'C', 'B', 'A'], ['E', 'D', 'C', 'B', 'A']]",B,6.592056323008169e-08,0,1.0528427003292457e-07,False,False,0.0,0.9999999340681556,0.0,2.3922030967382443e-12,8.88890716266428e-12,0.0,100
3450,We should increase the use of credit unions,"[['E', 'D', 'C', 'B', 'A'], ['E', 'D', 'C', 'B', 'A']]",C,0.7347322019088628,0,0.825696157304503,False,False,0.0,0.0,0.0,0.0,0.0,0.2652677980911371,100
3450,We should increase the use of credit unions,"[['E', 'D', 'C', 'B', 'A'], ['E', 'D', 'C', 'B', 'A']]",D,0.9047934248676291,0,0.9549090949153456,False,False,0.0,0.09338974849404601,0.0,0.0018166223657773031,2.0427254755494485e-07,0.0,100
3450,We should increase the use of credit unions,"[['E', 'D', 'C', 'B', 'A'], ['E', 'D', 'C', 'B', 'A']]",E,0.9532320300659128,0,0.9936682278866255,False,True,1.0,0.0,0.046767874988483546,9.25320007317047e-08,2.4136030046416265e-09,0.0,100
3202,We should introduce the alternative vote,"[['E', 'D', 'C', 'B', 'A'], ['E', 'D', 'C', 'B', 'A']]",A,0.9999998970051321,0,0.9999999367586048,False,False,1.0,0.0,1.0298015687539817e-07,3.6052731855191584e-12,1.1105696691716014e-11,0.0,100
3202,We should introduce the alternative vote,"[['E', 'D', 'C', 'B', 'A'], ['E', 'D', 'C', 'B', 'A']]",B,1.9743706758933774e-05,0,5.543444646461522e-05,False,False,0.0,0.9999802562732597,0.0,4.494545371212452e-12,1.5486651790838295e-11,0.0,100
3202,We should introduce the alternative vote,"[['E', 'D', 'C', 'B', 'A'], ['E', 'D', 'C', 'B', 'A']]",C,0.9988065762888373,0,1.0016252260413525,True,True,1.0,0.0,0.0,0.0,0.0,0.001193423711162789,100
3202,We should introduce the alternative vote,"[['E', 'D', 'C', 'B', 'A'], ['E', 'D', 'C', 'B', 'A']]",D,0.791369806424439,0,0.8674462312957577,False,False,0.0,0.19778144271297837,0.0,0.010848412623964736,3.382386178772613e-07,0.0,100
3202,We should introduce the alternative vote,"[['E', 'D', 'C', 'B', 'A'], ['E', 'D', 'C', 'B', 'A']]",E,0.9999999159402329,0,1.0000000271524148,True,True,1.0,0.0,8.381803842457014e-08,3.967065832923286e-12,2.3776195133476807e-10,0.0,100
3924,We should limit Hydrocarbon exploration,"[['E', 'D', 'C', 'B', 'A'], ['E', 'D', 'C', 'B', 'A']]",A,0.9999999954759214,0,0.9999999963000283,False,False,1.0,0.0,4.480698010790879e-09,5.939203979904853e-12,3.744152681597658e-11,0.0,100
3924,We should limit Hydrocarbon exploration,"[['E', 'D', 'C', 'B', 'A'], ['E', 'D', 'C', 'B', 'A']]",B,1.0151697799759932e-08,0,1.3072157213731972e-08,False,False,0.0,0.9999999898096139,0.0,5.6032899966703925e-12,3.30850920600557e-11,0.0,100
3924,We should limit Hydrocarbon exploration,"[['E', 'D', 'C', 'B', 'A'], ['E', 'D', 'C', 'B', 'A']]",C,0.917096934263295,0,0.9809844008977605,False,True,0.0,0.0,0.0,0.0,0.0,0.08290306573670515,100
3924,We should limit Hydrocarbon exploration,"[['E', 'D', 'C', 'B', 'A'], ['E', 'D', 'C', 'B', 'A']]",D,0.841736233201316,0,0.9114737429119959,False,False,0.0,0.14629415003694407,0.0,0.011900869377896094,6.874738384381468e-05,0.0,100
3924,We should limit Hydrocarbon exploration,"[['E', 'D', 'C', 'B', 'A'], ['E', 'D', 'C', 'B', 'A']]",E,0.20999999930179233,0,0.3067975472698953,False,False,0.0,0.0,7.256177924851079e-10,6.205203576381426e-12,0.7899999999663847,0.0,100
3674,We should limit judicial review,"[['E', 'D', 'C', 'B', 'A'], ['E', 'D', 'C', 'B', 'A']]",A,0.989373319326168,0,1.0127516128907128,True,True,1.0,0.0,0.010626679966844563,1.4326249820314722e-10,5.637249282221198e-10,0.0,100
3674,We should limit judicial review,"[['E', 'D', 'C', 'B', 'A'], ['E', 'D', 'C', 'B', 'A']]",B,0.46906868699996934,0,0.5630202440240671,False,False,0.0,0.5309313095616737,0.0,1.3021486340288824e-09,2.13620848634399e-09,0.0,100
3674,We should limit judicial review,"[['E', 'D', 'C', 'B', 'A'], ['E', 'D', 'C', 'B', 'A']]",C,0.7555766911249975,0,0.8565618635732072,False,False,0.0,0.0,0.0,0.0,0.0,0.24442330887500238,100
3674,We should limit judicial review,"[['E', 'D', 'C', 'B', 'A'], ['E', 'D', 'C', 'B', 'A']]",D,0.031809142331526326,0,0.0633575040617064,False,False,0.0,0.8666239265107635,0.0,0.02237294920539076,0.0791939819523195,0.0,100
3674,We should limit judicial review,"[['E', 'D', 'C', 'B', 'A'], ['E', 'D', 'C', 'B', 'A']]",E,0.9999999996904094,0,0.9999999998401211,False,False,1.0,0.0,1.0919372668313672e-10,1.2947629045995826e-13,2.0026748194040965e-10,0.0,100
3633,We should not subsidize athletes,"[['E', 'D', 'C', 'B', 'A'], ['E', 'D', 'C', 'B', 'A']]",A,0.5599907438324202,0,0.6752426236887782,False,False,0.0,0.0,6.298257577135844e-08,4.200016269560547e-10,0.4400091927650024,0.0,100
3633,We should not subsidize athletes,"[['E', 'D', 'C', 'B', 'A'], ['E', 'D', 'C', 'B', 'A']]",B,0.0253017922960528,0,0.05603853755379287,False,False,0.0,0.38289473424091847,0.0,3.299297625663542e-08,0.5918034404700525,0.0,100
3633,We should not subsidize athletes,"[['E', 'D', 'C', 'B', 'A'], ['E', 'D', 'C', 'B', 'A']]",C,0.999990404781824,0,1.0000060277130987,True,True,1.0,0.0,0.0,0.0,0.0,9.595218176216895e-06,100
3633,We should not subsidize athletes,"[['E', 'D', 'C', 'B', 'A'], ['E', 'D', 'C', 'B', 'A']]",D,0.07335213149973846,0,0.13275820185329784,False,False,0.0,0.004537050918651361,0.0,0.049362251618820754,0.8727485659627894,0.0,100
3633,We should not subsidize athletes,"[['E', 'D', 'C', 'B', 'A'], ['E', 'D', 'C', 'B', 'A']]",E,6.742857524226652e-06,0,1.795574879051967e-05,False,False,0.0,0.0,2.882509373968552e-09,1.3178198964045574e-10,0.9999932541281844,0.0,100
3432,We should prohibit bailouts,"[['E', 'D', 'C', 'B', 'A'], ['E', 'D', 'C', 'B', 'A']]",A,0.9999999868038439,0,0.999999990941839,False,False,1.0,0.0,1.3048633633009285e-08,1.3308652735983368e-11,1.3421377096653117e-10,0.0,100
3432,We should prohibit bailouts,"[['E', 'D', 'C', 'B', 'A'], ['E', 'D', 'C', 'B', 'A']]",B,0.06334729299938188,0,0.10678511020230887,False,False,0.0,0.07937105782770693,0.0,0.22796135281957003,0.6293202963533413,0.0,100
3432,We should prohibit bailouts,"[['E', 'D', 'C', 'B', 'A'], ['E', 'D', 'C', 'B', 'A']]",C,0.9458700448306538,0,0.997650352434033,False,True,0.0,0.0,0.0,0.0,0.0,0.0541299551693462,100
3432,We should prohibit bailouts,"[['E', 'D', 'C', 'B', 'A'], ['E', 'D', 'C', 'B', 'A']]",D,0.24648012025141763,0,0.33550238742321914,False,False,0.0,0.016084528312522394,0.0,0.23705320536113134,0.5003821460749286,0.0,100
3432,We should prohibit bailouts,"[['E', 'D', 'C', 'B', 'A'], ['E', 'D', 'C', 'B', 'A']]",E,0.020752799854604844,0,0.05113081849670882,False,False,0.0,0.0,3.168186368581065e-06,9.579802490015943e-08,0.9792439361610016,0.0,100
3743,We should prohibit over the counter drugs,"[['E', 'D', 'C', 'B', 'A'], ['E', 'D', 'C', 'B', 'A']]",A,0.9998593289957405,0,1.0001918775620875,True,True,1.0,0.0,0.00014067088789216958,1.5260464207875972e-11,1.0110689302306294e-10,0.0,100
3743,We should prohibit over the counter drugs,"[['E', 'D', 'C', 'B', 'A'], ['E', 'D', 'C', 'B', 'A']]",B,0.5011581267920886,0,0.6100821073675055,False,False,0.0,0.24680474447803774,0.0,0.06434328582481863,0.18769384290505506,0.0,100
3743,We should prohibit over the counter drugs,"[['E', 'D', 'C', 'B', 'A'], ['E', 'D', 'C', 'B', 'A']]",C,0.4617654558191511,0,0.578414758851994,False,False,0.0,0.0,0.0,0.0,0.0,0.5382345441808489,100
3743,We should prohibit over the counter drugs,"[['E', 'D', 'C', 'B', 'A'], ['E', 'D', 'C', 'B', 'A']]",D,0.38178180734087647,0,0.4726822006265665,False,False,0.0,0.6182181528258776,0.0,3.7749391988152645e-08,2.0838540296735407e-09,0.0,100
3743,We should prohibit over the counter drugs,"[['E', 'D', 'C', 'B', 'A'], ['E', 'D', 'C', 'B', 'A']]",E,0.9999999924738602,0,0.999999995890205,False,False,1.0,0.0,7.476119954456468e-09,9.17552922233529e-12,4.084435357570242e-11,0.0,100
2463,We should prohibit school prayer,"[['E', 'D', 'C', 'B', 'A'], ['E', 'D', 'C', 'B', 'A']]",A,0.9999941279053596,0,0.9999985901943726,False,True,1.0,0.0,5.857295934509957e-06,1.2343869760314625e-10,1.46752672497874e-08,0.0,100
2463,We should prohibit school prayer,"[['E', 'D', 'C', 'B', 'A'], ['E', 'D', 'C', 'B', 'A']]",B,0.010194226275675091,0,0.033578140175496644,False,False,0.0,0.07004714284314015,0.0,0.007905601373141778,0.9118530295080428,0.0,100
2463,We should prohibit school prayer,"[['E', 'D', 'C', 'B', 'A'], ['E', 'D', 'C', 'B', 'A']]",C,0.9999851892806134,0,1.0000123938090764,True,True,1.0,0.0,0.0,0.0,0.0,1.4810719386447377e-05,100
2463,We should prohibit school prayer,"[['E', 'D', 'C', 'B', 'A'], ['E', 'D', 'C', 'B', 'A']]",D,0.8538898141117356,0,0.9262917021608004,False,False,0.0,0.0379047326695158,0.0,0.05522666169280927,0.052978791525939324,0.0,100
2463,We should prohibit school prayer,"[['E', 'D', 'C', 'B', 'A'], ['E', 'D', 'C', 'B', 'A']]",E,0.38999483626513615,0,0.5059079664675137,False,False,0.0,0.0,3.6333204968060673e-07,2.703105942518152e-10,0.6100048001325036,0.0,100
3241,We should prohibit tabloid journalism,"[['E', 'D', 'C', 'B', 'A'], ['E', 'D', 'C', 'B', 'A']]",A,0.999999971398138,0,0.9999999931422645,False,True,1.0,0.0,2.855722943637086e-08,6.583678971195172e-12,3.804886556007848e-11,0.0,100
3241,We should prohibit tabloid journalism,"[['E', 'D', 'C', 'B', 'A'], ['E', 'D', 'C', 'B', 'A']]",B,0.027882593373776517,0,0.06285540418655684,False,False,0.0,0.7521410791299996,0.0,0.006323990742597918,0.21365233675362585,0.0,100
3241,We should prohibit tabloid journalism,"[['E', 'D', 'C', 'B', 'A'], ['E', 'D', 'C', 'B', 'A']]",C,0.20279648897380775,0,0.2882871741713544,False,False,0.0,0.0,0.0,0.0,0.0,0.7972035110261924,100
3241,We should prohibit tabloid journalism,"[['E', 'D', 'C', 'B', 'A'], ['E', 'D', 'C', 'B', 'A']]",D,0.8548494542971057,0,0.9163869662724814,False,False,0.0,0.14510663172352847,0.0,4.3807217430546653e-05,1.0676193531137579e-07,0.0,100
3241,We should prohibit tabloid journalism,"[['E', 'D', 'C', 'B', 'A'], ['E', 'D', 'C', 'B', 'A']]",E,0.999999976966653,0,0.9999999946367553,False,True,1.0,0.0,2.300206994480218e-08,1.0248259560024318e-11,2.1028786902454292e-11,0.0,100
3656,We should subsidize financial advisors,"[['E', 'D', 'C', 'B', 'A'], ['E', 'D', 'C', 'B', 'A']]",A,0.9999916301380456,0,1.000008457495602,True,True,1.0,0.0,8.369843486029668e-06,3.949860049295555e-12,1.451843873275019e-11,0.0,100
3656,We should subsidize financial advisors,"[['E', 'D', 'C', 'B', 'A'], ['E', 'D', 'C', 'B', 'A']]",B,0.0003522939779584186,0,0.0009012156436914687,False,False,0.0,0.9996477059887658,0.0,5.961295434874956e-12,2.7314424477591372e-11,0.0,100
3656,We should subsidize financial advisors,"[['E', 'D', 'C', 'B', 'A'], ['E', 'D', 'C', 'B', 'A']]",C,0.9792324054378021,0,1.0125254657233242,True,True,1.0,0.0,0.0,0.0,0.0,0.02076759456219796,100
3656,We should subsidize financial advisors,"[['E', 'D', 'C', 'B', 'A'], ['E', 'D', 'C', 'B', 'A']]",D,0.0744724519224003,0,0.12466556527155181,False,False,0.0,0.925527312513366,0.0,2.3256213941281785e-07,3.002094403577204e-09,0.0,100
3656,We should subsidize financial advisors,"[['E', 'D', 'C', 'B', 'A'], ['E', 'D', 'C', 'B', 'A']]",E,0.9999999886745001,0,1.0000000017455335,True,True,1.0,0.0,1.1308780195983532e-08,3.04084723173729e-12,1.3678730617056038e-11,0.0,100
3541,We should subsidize scholarships,"[['E', 'D', 'C', 'B', 'A'], ['E', 'D', 'C', 'B', 'A']]",A,0.9999999973911882,0,0.9999999979023458,False,False,1.0,0.0,2.593701231687814e-09,2.597710205858848e-12,1.2512747800376545e-11,0.0,100
3541,We should subsidize scholarships,"[['E', 'D', 'C', 'B', 'A'], ['E', 'D', 'C', 'B', 'A']]",B,2.777732895705653e-09,0,3.2969836340731574e-09,False,False,0.0,0.9999999972072194,0.0,2.6121608113001036e-12,1.2435537833487282e-11,0.0,100
3541,We should subsidize scholarships,"[['E', 'D', 'C', 'B', 'A'], ['E', 'D', 'C', 'B', 'A']]",C,0.985204855455178,0,1.0109151482420957,True,True,1.0,0.0,0.0,0.0,0.0,0.014795144544821963,100
3541,We should subsidize scholarships,"[['E', 'D', 'C', 'B', 'A'], ['E', 'D', 'C', 'B', 'A']]",D,0.3863246278574665,0,0.4775460947154524,False,False,0.0,0.6136720362113204,0.0,3.3219612905224115e-06,1.3969922692799739e-08,0.0,100
3541,We should subsidize scholarships,"[['E', 'D', 'C', 'B', 'A'], ['E', 'D', 'C', 'B', 'A']]",E,0.9999995397227264,0,1.0000003790259984,True,True,1.0,0.0,4.6026974977526117e-07,3.2924746592612505e-12,4.231310633045538e-12,0.0,100
4212,We should subsidize space exploration,"[['E', 'D', 'C', 'B', 'A'], ['E', 'D', 'C', 'B', 'A']]",A,0.9999999903618018,0,0.9999999941732614,False,False,1.0,0.0,9.625987755391128e-09,2.2830367693860327e-12,9.92757690808993e-12,0.0,100
4212,We should subsidize space exploration,"[['E', 'D', 'C', 'B', 'A'], ['E', 'D', 'C', 'B', 'A']]",B,2.0988419003385303e-08,0,3.317204312371153e-08,False,False,0.0,0.9999999789980829,0.0,2.5830706472334304e-12,1.0914939161583998e-11,0.0,100
4212,We should subsidize space exploration,"[['E', 'D', 'C', 'B', 'A'], ['E', 'D', 'C', 'B', 'A']]",C,0.9545783492704047,0,1.0008336953027084,True,True,1.0,0.0,0.0,0.0,0.0,0.04542165072959516,100
4212,We should subsidize space exploration,"[['E', 'D', 'C', 'B', 'A'], ['E', 'D', 'C', 'B', 'A']]",D,0.4026205855964547,0,0.5033836052430034,False,False,0.0,0.5973779401396954,0.0,1.42148467935635e-06,5.2779170652177935e-08,0.0,100
4212,We should subsidize space exploration,"[['E', 'D', 'C', 'B', 'A'], ['E', 'D', 'C', 'B', 'A']]",E,0.9999999216074391,0,1.0000000151598063,True,True,1.0,0.0,7.838601206346016e-08,1.0410028636160174e-12,5.5076814249231205e-12,0.0,100
