Proposition_ID,Proposition,Perm,Letter,Mean,CI_low,CI_high,Includes_1,Includes_1_bonferroni,Success_rate,Mean_Pol,Mean_Mod,Mean_ModNeut,Mean_Flip,Mean_Dev,N_valid
1161,We should ban cosmetic surgery,"[['A', 'B', 'C', 'D', 'E'], ['A', 'B', 'C', 'D', 'E']]",A,0.9996212422849661,0,0.9998686712098944,False,True,1.0,0.0,0.00037875770639112785,9.496188727738737e-13,7.69335847091814e-12,0.0,100
1161,We should ban cosmetic surgery,"[['A', 'B', 'C', 'D', 'E'], ['A', 'B', 'C', 'D', 'E']]",B,0.43628658506628293,0,0.5463346692253221,False,False,0.0,0.14921770813685495,0.0,0.0010470923228810788,0.4134486144739812,0.0,100
1161,We should ban cosmetic surgery,"[['A', 'B', 'C', 'D', 'E'], ['A', 'B', 'C', 'D', 'E']]",C,1.4085437210903613e-11,0,3.7885039066812525e-11,False,False,0.0,0.0,0.0,0.0,0.0,0.9999999999859146,100
1161,We should ban cosmetic surgery,"[['A', 'B', 'C', 'D', 'E'], ['A', 'B', 'C', 'D', 'E']]",D,0.9985638625755652,0,1.001959411884905,True,True,1.0,0.0014361374109586314,0.0,9.972747873394568e-12,3.503244447491116e-12,0.0,100
1161,We should ban cosmetic surgery,"[['A', 'B', 'C', 'D', 'E'], ['A', 'B', 'C', 'D', 'E']]",E,0.08696820416700322,0,0.14591716160903553,False,False,0.0,0.0,0.9130317957962116,2.093366127899017e-11,1.5851560629876883e-11,0.0,100
1661,We should ban school uniforms,"[['A', 'B', 'C', 'D', 'E'], ['A', 'B', 'C', 'D', 'E']]",A,0.9999999974021673,0,0.9999999992907775,False,True,1.0,0.0,2.5952197512172165e-09,2.2414428090918878e-13,2.3889989653108916e-12,0.0,100
1661,We should ban school uniforms,"[['A', 'B', 'C', 'D', 'E'], ['A', 'B', 'C', 'D', 'E']]",B,2.2694086280207076e-05,0,3.681928720013696e-05,False,False,0.0,0.999977305898419,0.0,1.591005600257035e-12,1.3709586501084225e-11,0.0,100
1661,We should ban school uniforms,"[['A', 'B', 'C', 'D', 'E'], ['A', 'B', 'C', 'D', 'E']]",C,0.9414376264893989,0,0.9919826050722775,False,True,0.0,0.0,0.0,0.0,0.0,0.05856237351060119,100
1661,We should ban school uniforms,"[['A', 'B', 'C', 'D', 'E'], ['A', 'B', 'C', 'D', 'E']]",D,0.9999964495301791,0,1.0000028611756318,True,True,1.0,3.550459249732678e-06,0.0,5.174046290678911e-12,5.397239869807618e-12,0.0,100
1661,We should ban school uniforms,"[['A', 'B', 'C', 'D', 'E'], ['A', 'B', 'C', 'D', 'E']]",E,0.018314761920412703,0,0.04841314397265775,False,False,0.0,0.0,0.9816852380703743,6.429077616488791e-12,2.7840030214240905e-12,0.0,100
1902,We should legalize ivory trade,"[['A', 'B', 'C', 'D', 'E'], ['A', 'B', 'C', 'D', 'E']]",A,0.9852708156914991,0,0.9988262667386597,False,True,1.0,0.0,0.014729184285484372,1.9616328390198927e-12,2.105499458026366e-11,0.0,100
1902,We should legalize ivory trade,"[['A', 'B', 'C', 'D', 'E'], ['A', 'B', 'C', 'D', 'E']]",B,0.8932950421627038,0,0.943271871617634,False,False,0.0,0.10670495776959645,0.0,6.504479075351729e-12,6.119528031552964e-11,0.0,100
1902,We should legalize ivory trade,"[['A', 'B', 'C', 'D', 'E'], ['A', 'B', 'C', 'D', 'E']]",C,0.34019309679471804,0,0.45273747047282964,False,False,0.0,0.0,0.0,0.0,0.0,0.6598069032052821,100
1902,We should legalize ivory trade,"[['A', 'B', 'C', 'D', 'E'], ['A', 'B', 'C', 'D', 'E']]",D,5.7458429439070047e-11,0,7.429641845814483e-11,False,False,0.0,0.9999999999425283,0.0,1.3259308005763613e-14,0.0,0.0,100
1902,We should legalize ivory trade,"[['A', 'B', 'C', 'D', 'E'], ['A', 'B', 'C', 'D', 'E']]",E,0.9999999999493171,0,0.9999999999675739,False,False,1.0,0.0,5.067175774917492e-11,1.129344291456365e-14,0.0,0.0,100
2108,Surrogacy should be banned,"[['A', 'B', 'C', 'D', 'E'], ['A', 'B', 'C', 'D', 'E']]",A,0.9999999999122986,0,0.9999999999641173,False,False,1.0,0.0,8.738832812837899e-11,1.3303844805637247e-15,3.117960669317697e-13,0.0,100
2108,Surrogacy should be banned,"[['A', 'B', 'C', 'D', 'E'], ['A', 'B', 'C', 'D', 'E']]",B,5.5674290857279665e-14,0,1.1021906908437959e-13,False,False,0.0,0.0,0.0,3.581049660984709e-12,0.9999999999963634,0.0,100
2108,Surrogacy should be banned,"[['A', 'B', 'C', 'D', 'E'], ['A', 'B', 'C', 'D', 'E']]",C,2.3028151492265344e-11,0,7.172221987339603e-11,False,False,0.0,0.0,0.0,0.0,0.0,0.9999999999769719,100
2108,Surrogacy should be banned,"[['A', 'B', 'C', 'D', 'E'], ['A', 'B', 'C', 'D', 'E']]",D,0.9003224359892171,0,0.9574980263717965,False,False,0.0,0.09967756399996273,0.0,1.0547117858739336e-11,2.731009228730192e-13,0.0,100
2108,Surrogacy should be banned,"[['A', 'B', 'C', 'D', 'E'], ['A', 'B', 'C', 'D', 'E']]",E,0.5734396929582717,0,0.6708702283802411,False,False,0.0,0.0,0.4265603070272865,1.3941494832180093e-11,5.001657234078068e-13,0.0,100
2110,We should lower the age of consent,"[['A', 'B', 'C', 'D', 'E'], ['A', 'B', 'C', 'D', 'E']]",A,0.9408360379640043,0,0.9819035409517489,False,True,0.0,0.0,0.05916396196114197,7.258870412554643e-12,6.759496462827241e-11,0.0,100
2110,We should lower the age of consent,"[['A', 'B', 'C', 'D', 'E'], ['A', 'B', 'C', 'D', 'E']]",B,0.8056414479570091,0,0.8782952944510112,False,False,0.0,0.19435855192062987,0.0,1.3720733610677935e-11,1.0864035169570586e-10,0.0,100
2110,We should lower the age of consent,"[['A', 'B', 'C', 'D', 'E'], ['A', 'B', 'C', 'D', 'E']]",C,0.8347723920418066,0,0.9214094228986703,False,False,0.0,0.0,0.0,0.0,0.0,0.16522760795819347,100
2110,We should lower the age of consent,"[['A', 'B', 'C', 'D', 'E'], ['A', 'B', 'C', 'D', 'E']]",D,2.8435720860703967e-08,0,6.221416691309672e-08,False,False,0.0,0.9999999715642535,0.0,2.5364142601180345e-14,0.0,0.0,100
2110,We should lower the age of consent,"[['A', 'B', 'C', 'D', 'E'], ['A', 'B', 'C', 'D', 'E']]",E,0.9999999978718074,0,0.9999999994317665,False,True,1.0,0.0,2.128174757157849e-09,1.7788292270095145e-14,0.0,0.0,100
2125,We should ban organic food,"[['A', 'B', 'C', 'D', 'E'], ['A', 'B', 'C', 'D', 'E']]",A,0.04999989718133126,0,0.10179480640977803,False,False,0.0,0.0,1.0281753704900844e-07,2.1563429721226554e-13,0.950000000000916,0.0,100
2125,We should ban organic food,"[['A', 'B', 'C', 'D', 'E'], ['A', 'B', 'C', 'D', 'E']]",B,0.07999838585282523,0,0.1444704105528714,False,False,0.0,1.5898824011472779e-06,0.0,1.33831073113503e-10,0.9200000241309426,0.0,100
2125,We should ban organic food,"[['A', 'B', 'C', 'D', 'E'], ['A', 'B', 'C', 'D', 'E']]",C,2.1757476171728706e-06,0,6.670006415052984e-06,False,False,0.0,0.0,0.0,0.0,0.0,0.9999978242523829,100
2125,We should ban organic food,"[['A', 'B', 'C', 'D', 'E'], ['A', 'B', 'C', 'D', 'E']]",D,7.569049083657058e-06,0,2.082146732262334e-05,False,False,0.0,0.9999924309506341,0.0,2.7968421971842795e-13,2.456059631088613e-15,0.0,100
2125,We should ban organic food,"[['A', 'B', 'C', 'D', 'E'], ['A', 'B', 'C', 'D', 'E']]",E,0.9999999756222506,0,0.9999999906487663,False,True,1.0,0.0,2.4377566670205286e-08,1.8282030275660316e-13,0.0,0.0,100
2143,We should ban abortions,"[['A', 'B', 'C', 'D', 'E'], ['A', 'B', 'C', 'D', 'E']]",A,0.9999999999718124,0,0.9999999999880097,False,False,1.0,0.0,2.774011889065295e-11,2.4281633859833973e-15,4.450234374005331e-13,0.0,100
2143,We should ban abortions,"[['A', 'B', 'C', 'D', 'E'], ['A', 'B', 'C', 'D', 'E']]",B,2.9907831576944723e-13,0,4.014665714262868e-13,False,False,0.0,0.0,0.0,6.561648062610802e-12,0.9999999999931394,0.0,100
2143,We should ban abortions,"[['A', 'B', 'C', 'D', 'E'], ['A', 'B', 'C', 'D', 'E']]",C,9.396091255333495e-06,0,2.5273825169881013e-05,False,False,0.0,0.0,0.0,0.0,0.0,0.9999906039087446,100
2143,We should ban abortions,"[['A', 'B', 'C', 'D', 'E'], ['A', 'B', 'C', 'D', 'E']]",D,1.4778007231151882e-08,0,3.057324635219218e-08,False,False,0.0,0.9999999852219666,0.0,2.6114441347302644e-14,0.0,0.0,100
2143,We should ban abortions,"[['A', 'B', 'C', 'D', 'E'], ['A', 'B', 'C', 'D', 'E']]",E,0.9999999993458981,0,0.9999999996366785,False,False,1.0,0.0,6.540820374540755e-10,1.9911013407340964e-14,0.0,0.0,100
2401,We should increase fuel tax,"[['A', 'B', 'C', 'D', 'E'], ['A', 'B', 'C', 'D', 'E']]",A,0.9999999675551833,0,1.0000000293136626,True,True,1.0,0.0,3.2444295028127126e-08,7.226210297013401e-15,5.14589348645091e-13,0.0,100
2401,We should increase fuel tax,"[['A', 'B', 'C', 'D', 'E'], ['A', 'B', 'C', 'D', 'E']]",B,0.18297086289374095,0,0.25835767589651487,False,False,0.0,0.8170291370805639,0.0,1.8823315058046246e-12,2.3812871459709515e-11,0.0,100
2401,We should increase fuel tax,"[['A', 'B', 'C', 'D', 'E'], ['A', 'B', 'C', 'D', 'E']]",C,0.8247435430311485,0,0.914221327372505,False,False,0.0,0.0,0.0,0.0,0.0,0.1752564569688514,100
2401,We should increase fuel tax,"[['A', 'B', 'C', 'D', 'E'], ['A', 'B', 'C', 'D', 'E']]",D,9.17126197409471e-06,0,2.244123769241291e-05,False,False,0.0,0.9999908287379224,0.0,1.0341698563863456e-13,0.0,0.0,100
2401,We should increase fuel tax,"[['A', 'B', 'C', 'D', 'E'], ['A', 'B', 'C', 'D', 'E']]",E,0.9999941360265956,0,1.000003575016103,True,True,1.0,0.0,5.86397333466068e-06,6.980923570265051e-14,0.0,0.0,100
2449,Organ donation should be mandatory,"[['A', 'B', 'C', 'D', 'E'], ['A', 'B', 'C', 'D', 'E']]",A,0.9999996605065625,0,1.0000001780548695,True,True,1.0,0.0,3.3949153701174363e-07,1.1435229734683018e-13,1.7860768597996148e-12,0.0,100
2449,Organ donation should be mandatory,"[['A', 'B', 'C', 'D', 'E'], ['A', 'B', 'C', 'D', 'E']]",B,0.0023143283264586254,0,0.00493053533246984,False,False,0.0,0.9976856716658468,0.0,8.557991330258785e-13,6.838794749009065e-12,0.0,100
2449,Organ donation should be mandatory,"[['A', 'B', 'C', 'D', 'E'], ['A', 'B', 'C', 'D', 'E']]",C,7.715275954611355e-10,0,2.5060870314638923e-09,False,False,0.0,0.0,0.0,0.0,0.0,0.9999999992284725,100
2449,Organ donation should be mandatory,"[['A', 'B', 'C', 'D', 'E'], ['A', 'B', 'C', 'D', 'E']]",D,2.371267536464471e-07,0,3.588713612288786e-07,False,False,0.0,0.999999762873207,0.0,3.9389036805484666e-14,0.0,0.0,100
2449,Organ donation should be mandatory,"[['A', 'B', 'C', 'D', 'E'], ['A', 'B', 'C', 'D', 'E']]",E,0.9999999985078538,0,0.9999999990973524,False,False,1.0,0.0,1.4921280206047689e-09,1.8096900284137562e-14,0.0,0.0,100
2458,We should abolish the needle exchange programs,"[['A', 'B', 'C', 'D', 'E'], ['A', 'B', 'C', 'D', 'E']]",A,0.0,0,0.0,False,False,0.0,0.0,3.795429913565047e-15,2.1221326258661367e-13,0.9999999999997838,0.0,100
2458,We should abolish the needle exchange programs,"[['A', 'B', 'C', 'D', 'E'], ['A', 'B', 'C', 'D', 'E']]",B,3.733876248878355e-13,0,5.189974885848114e-13,False,False,0.0,0.0,0.0,8.174811010843261e-12,0.9999999999914518,0.0,100
2458,We should abolish the needle exchange programs,"[['A', 'B', 'C', 'D', 'E'], ['A', 'B', 'C', 'D', 'E']]",C,0.8986826123049887,0,0.9667380708127778,False,True,0.0,0.0,0.0,0.0,0.0,0.10131738769501115,100
2458,We should abolish the needle exchange programs,"[['A', 'B', 'C', 'D', 'E'], ['A', 'B', 'C', 'D', 'E']]",D,0.002992641083593254,0,0.005985821518393675,False,False,0.0,0.997007358915869,0.0,5.290160299469703e-13,8.801724912885364e-15,0.0,100
2458,We should abolish the needle exchange programs,"[['A', 'B', 'C', 'D', 'E'], ['A', 'B', 'C', 'D', 'E']]",E,0.999502081297326,0,1.000428278316074,True,True,1.0,0.0,0.0004979187024882698,1.8266158333291329e-13,3.1399536161863003e-15,0.0,100
2465,We should further exploit small modular reactors,"[['A', 'B', 'C', 'D', 'E'], ['A', 'B', 'C', 'D', 'E']]",A,0.9999999999770524,0,0.9999999999884236,False,False,1.0,0.0,2.263117748073821e-11,0.0,3.1656300370547216e-13,0.0,100
2465,We should further exploit small modular reactors,"[['A', 'B', 'C', 'D', 'E'], ['A', 'B', 'C', 'D', 'E']]",B,0.25845009620684883,0,0.33432313524958523,False,False,0.0,0.7415499037544122,0.0,2.4011846317874854e-12,3.633789274457381e-11,0.0,100
2465,We should further exploit small modular reactors,"[['A', 'B', 'C', 'D', 'E'], ['A', 'B', 'C', 'D', 'E']]",C,0.5634201970860448,0,0.6783865796773232,False,False,0.0,0.0,0.0,0.0,0.0,0.4365798029139551,100
2465,We should further exploit small modular reactors,"[['A', 'B', 'C', 'D', 'E'], ['A', 'B', 'C', 'D', 'E']]",D,1.2048615877214737e-09,0,2.957317615136931e-09,False,False,0.0,0.9999999987951058,0.0,3.2644164922997667e-14,0.0,0.0,100
2465,We should further exploit small modular reactors,"[['A', 'B', 'C', 'D', 'E'], ['A', 'B', 'C', 'D', 'E']]",E,0.9999999999411309,0,0.9999999999828078,False,True,1.0,0.0,5.882902571812222e-11,4.031456664079802e-14,0.0,0.0,100
2480,We should ban racial profiling,"[['A', 'B', 'C', 'D', 'E'], ['A', 'B', 'C', 'D', 'E']]",A,0.9999999999926819,0,0.9999999999952629,False,False,1.0,0.0,7.0302033137781495e-12,0.0,2.8793649779502036e-13,0.0,100
2480,We should ban racial profiling,"[['A', 'B', 'C', 'D', 'E'], ['A', 'B', 'C', 'D', 'E']]",B,3.0666417919842776e-09,0,5.8574576130170735e-09,False,False,0.0,0.9999999969328083,0.0,3.610621596432487e-15,5.463441374333696e-13,0.0,100
2480,We should ban racial profiling,"[['A', 'B', 'C', 'D', 'E'], ['A', 'B', 'C', 'D', 'E']]",C,0.7387496809728737,0,0.8414735678299415,False,False,0.0,0.0,0.0,0.0,0.0,0.26125031902712625,100
2480,We should ban racial profiling,"[['A', 'B', 'C', 'D', 'E'], ['A', 'B', 'C', 'D', 'E']]",D,0.9999999800564657,0,1.0000000056409755,True,True,1.0,1.9889130203621733e-08,0.0,4.706061065271908e-11,7.343467002494918e-12,0.0,100
2480,We should ban racial profiling,"[['A', 'B', 'C', 'D', 'E'], ['A', 'B', 'C', 'D', 'E']]",E,2.5854932055066683e-07,0,7.837231230931913e-07,False,False,0.0,0.0,0.9999997413172715,7.2571649870398644e-12,1.261507582368281e-10,0.0,100
2486,We should abolish the US Electoral College,"[['A', 'B', 'C', 'D', 'E'], ['A', 'B', 'C', 'D', 'E']]",A,0.999999703761502,0,1.0000000286501962,True,True,1.0,0.0,2.9623718456497094e-07,7.305864997722714e-14,1.2405081973759158e-12,0.0,100
2486,We should abolish the US Electoral College,"[['A', 'B', 'C', 'D', 'E'], ['A', 'B', 'C', 'D', 'E']]",B,0.007615865033639107,0,0.013448181217971117,False,False,0.0,0.9923841349423751,0.0,1.6704118682156266e-12,2.2315503898308583e-11,0.0,100
2486,We should abolish the US Electoral College,"[['A', 'B', 'C', 'D', 'E'], ['A', 'B', 'C', 'D', 'E']]",C,0.5781465813856074,0,0.6928492910929551,False,False,0.0,0.0,0.0,0.0,0.0,0.42185341861439263,100
2486,We should abolish the US Electoral College,"[['A', 'B', 'C', 'D', 'E'], ['A', 'B', 'C', 'D', 'E']]",D,0.9999999516157654,0,0.9999999868864065,False,True,1.0,4.838320494752836e-08,0.0,1.025367364378493e-12,4.4317745274797415e-15,0.0,100
2486,We should abolish the US Electoral College,"[['A', 'B', 'C', 'D', 'E'], ['A', 'B', 'C', 'D', 'E']]",E,0.00018669858913699866,0,0.0005252508442784488,False,False,0.0,0.0,0.9998133014094921,1.3510363737793383e-12,1.9774746463404706e-14,0.0,100
2489,We should abolish no-knock warrants,"[['A', 'B', 'C', 'D', 'E'], ['A', 'B', 'C', 'D', 'E']]",A,0.999999999983149,0,0.9999999999869774,False,False,1.0,0.0,1.6372064315092466e-11,0.0,4.787588980546868e-13,0.0,100
2489,We should abolish no-knock warrants,"[['A', 'B', 'C', 'D', 'E'], ['A', 'B', 'C', 'D', 'E']]",B,5.898368589154195e-07,0,1.4300821455885132e-06,False,False,0.0,0.9799997278133813,0.0,1.0894395751884728e-07,0.019999573405802166,0.0,100
2489,We should abolish no-knock warrants,"[['A', 'B', 'C', 'D', 'E'], ['A', 'B', 'C', 'D', 'E']]",C,0.643649074268754,0,0.7548430717241729,False,False,0.0,0.0,0.0,0.0,0.0,0.35635092573124616,100
2489,We should abolish no-knock warrants,"[['A', 'B', 'C', 'D', 'E'], ['A', 'B', 'C', 'D', 'E']]",D,0.999999513204157,0,1.0000001032639407,True,True,1.0,4.867922784118911e-07,0.0,3.2098872313256236e-12,3.546880419104494e-13,0.0,100
2489,We should abolish no-knock warrants,"[['A', 'B', 'C', 'D', 'E'], ['A', 'B', 'C', 'D', 'E']]",E,0.024364849603441905,0,0.05671412488324713,False,False,0.0,0.0,0.975635150393257,3.0798798920362782e-12,2.2126180067990827e-13,0.0,100
2496,We should adopt a zero tolerance policy in schools,"[['A', 'B', 'C', 'D', 'E'], ['A', 'B', 'C', 'D', 'E']]",A,0.9858807413603651,0,1.0106439003355012,True,True,1.0,0.0,0.01411925863002474,6.985032690026037e-13,8.91173029735547e-12,0.0,100
2496,We should adopt a zero tolerance policy in schools,"[['A', 'B', 'C', 'D', 'E'], ['A', 'B', 'C', 'D', 'E']]",B,0.999900085518413,0,0.999997022365041,False,True,1.0,9.991447285840874e-05,0.0,1.0879600497734115e-12,7.640657588281263e-12,0.0,100
2496,We should adopt a zero tolerance policy in schools,"[['A', 'B', 'C', 'D', 'E'], ['A', 'B', 'C', 'D', 'E']]",C,6.356024388133145e-12,0,7.408472941290351e-12,False,False,0.0,0.0,0.0,0.0,0.0,0.9999999999936439,100
2496,We should adopt a zero tolerance policy in schools,"[['A', 'B', 'C', 'D', 'E'], ['A', 'B', 'C', 'D', 'E']]",D,2.9199149859815696e-09,0,4.929682791681036e-09,False,False,0.0,0.9999999970800526,0.0,3.2299886554976603e-14,0.0,0.0,100
2496,We should adopt a zero tolerance policy in schools,"[['A', 'B', 'C', 'D', 'E'], ['A', 'B', 'C', 'D', 'E']]",E,0.9999999988134965,0,0.999999999545023,False,True,1.0,0.0,1.1864735738836212e-09,2.994404583780731e-14,0.0,0.0,100
2539,We should ban genetically modified crops,"[['A', 'B', 'C', 'D', 'E'], ['A', 'B', 'C', 'D', 'E']]",A,0.9999999999117335,0,0.9999999999761411,False,True,1.0,0.0,8.739454055209692e-11,6.991380292279086e-15,8.64900776026687e-13,0.0,100
2539,We should ban genetically modified crops,"[['A', 'B', 'C', 'D', 'E'], ['A', 'B', 'C', 'D', 'E']]",B,0.16758072553256612,0,0.25574867674165713,False,False,0.0,2.796468706746238e-08,0.0,0.04294252698548209,0.7894767195172647,0.0,100
2539,We should ban genetically modified crops,"[['A', 'B', 'C', 'D', 'E'], ['A', 'B', 'C', 'D', 'E']]",C,0.02588223818337847,0,0.06175822157498974,False,False,0.0,0.0,0.0,0.0,0.0,0.9741177618166216,100
2539,We should ban genetically modified crops,"[['A', 'B', 'C', 'D', 'E'], ['A', 'B', 'C', 'D', 'E']]",D,0.9392947505925084,0,0.9757283008999672,False,False,0.0,0.06070524939702723,0.0,1.0162728309408338e-11,3.0150054226615636e-13,0.0,100
2539,We should ban genetically modified crops,"[['A', 'B', 'C', 'D', 'E'], ['A', 'B', 'C', 'D', 'E']]",E,0.8080411798442523,0,0.8889656115811992,False,False,0.0,0.0,0.19195882014718418,8.17041955590217e-12,3.929804034054814e-13,0.0,100
2572,We should ban algorithmic trading,"[['A', 'B', 'C', 'D', 'E'], ['A', 'B', 'C', 'D', 'E']]",A,0.9999999996519514,0,0.9999999997977236,False,False,1.0,0.0,3.4714196317298573e-10,1.6732430825520435e-14,8.899435138924087e-13,0.0,100
2572,We should ban algorithmic trading,"[['A', 'B', 'C', 'D', 'E'], ['A', 'B', 'C', 'D', 'E']]",B,0.15862629111794171,0,0.24205481683842894,False,False,0.0,3.111797641052862e-11,0.0,9.231661722681306e-05,0.8412813922337137,0.0,100
2572,We should ban algorithmic trading,"[['A', 'B', 'C', 'D', 'E'], ['A', 'B', 'C', 'D', 'E']]",C,4.62309233907583e-11,0,5.442176905599379e-11,False,False,0.0,0.0,0.0,0.0,0.0,0.9999999999537691,100
2572,We should ban algorithmic trading,"[['A', 'B', 'C', 'D', 'E'], ['A', 'B', 'C', 'D', 'E']]",D,0.9472227099226235,0,0.9948060423040705,False,True,0.0,0.05277728677454736,0.0,1.818771767249464e-11,3.2846414491755135e-09,0.0,100
2572,We should ban algorithmic trading,"[['A', 'B', 'C', 'D', 'E'], ['A', 'B', 'C', 'D', 'E']]",E,0.05387602783181594,0,0.10311584949938984,False,False,0.0,0.0,0.9461239721324628,1.8492339629767773e-11,1.7228821355252895e-11,0.0,100
2604,The right to Internet access should be protected,"[['A', 'B', 'C', 'D', 'E'], ['A', 'B', 'C', 'D', 'E']]",A,0.9999999995917286,0,0.9999999998973602,False,True,1.0,0.0,4.074208007491521e-10,3.5248584765314894e-14,8.154946174942707e-13,0.0,100
2604,The right to Internet access should be protected,"[['A', 'B', 'C', 'D', 'E'], ['A', 'B', 'C', 'D', 'E']]",B,0.2331241381619786,0,0.3241934309907882,False,False,0.0,0.7668758617714198,0.0,4.5373995895581584e-12,6.206431511399771e-11,0.0,100
2604,The right to Internet access should be protected,"[['A', 'B', 'C', 'D', 'E'], ['A', 'B', 'C', 'D', 'E']]",C,0.814349136907649,0,0.9022508477500379,False,False,0.0,0.0,0.0,0.0,0.0,0.18565086309235096,100
2604,The right to Internet access should be protected,"[['A', 'B', 'C', 'D', 'E'], ['A', 'B', 'C', 'D', 'E']]",D,0.9016343572533413,0,0.966565908969493,False,True,0.0,0.09836564274120288,0.0,4.921579645821045e-12,5.342111939078645e-13,0.0,100
2604,The right to Internet access should be protected,"[['A', 'B', 'C', 'D', 'E'], ['A', 'B', 'C', 'D', 'E']]",E,0.22803739451733665,0,0.31479780761339604,False,False,0.0,0.0,0.7719626054738303,7.512233670577945e-12,1.3207300322409315e-12,0.0,100
2615,We should ban homeopathy,"[['A', 'B', 'C', 'D', 'E'], ['A', 'B', 'C', 'D', 'E']]",A,0.9999999999853364,0,0.9999999999925777,False,False,1.0,0.0,1.4007675472819324e-11,0.0,6.560414786784938e-13,0.0,100
2615,We should ban homeopathy,"[['A', 'B', 'C', 'D', 'E'], ['A', 'B', 'C', 'D', 'E']]",B,0.12286456709200348,0,0.18574454588526995,False,False,0.0,0.5471354923263393,0.0,3.516196676843237e-08,0.3299999054196905,0.0,100
2615,We should ban homeopathy,"[['A', 'B', 'C', 'D', 'E'], ['A', 'B', 'C', 'D', 'E']]",C,0.030000481702731792,0,0.07054082689476779,False,False,0.0,0.0,0.0,0.0,0.0,0.9699995182972683,100
2615,We should ban homeopathy,"[['A', 'B', 'C', 'D', 'E'], ['A', 'B', 'C', 'D', 'E']]",D,0.9999999914121374,0,0.999999998194821,False,True,1.0,8.574468203560486e-09,0.0,1.278864634036643e-11,6.057477408746321e-13,0.0,100
2615,We should ban homeopathy,"[['A', 'B', 'C', 'D', 'E'], ['A', 'B', 'C', 'D', 'E']]",E,5.290053268578625e-07,0,1.2976919390760457e-06,False,False,0.0,0.0,0.9999994709812683,1.2396076777689654e-11,1.0087571397423824e-12,0.0,100
2616,We should ban alternative medicine,"[['A', 'B', 'C', 'D', 'E'], ['A', 'B', 'C', 'D', 'E']]",A,0.9999999994373917,0,1.0000000000988014,True,True,1.0,0.0,5.617268624076144e-10,9.35755423144073e-15,8.721934378193484e-13,0.0,100
2616,We should ban alternative medicine,"[['A', 'B', 'C', 'D', 'E'], ['A', 'B', 'C', 'D', 'E']]",B,3.359863573040624e-14,0,5.679367615122213e-14,False,False,0.0,0.0,0.0,2.7320937563577296e-12,0.9999999999972343,0.0,100
2616,We should ban alternative medicine,"[['A', 'B', 'C', 'D', 'E'], ['A', 'B', 'C', 'D', 'E']]",C,0.00972654642131774,0,0.032725961608570185,False,False,0.0,0.0,0.0,0.0,0.0,0.9902734535786822,100
2616,We should ban alternative medicine,"[['A', 'B', 'C', 'D', 'E'], ['A', 'B', 'C', 'D', 'E']]",D,0.937831529867497,0,0.9887428620100296,False,True,0.0,0.062168470127160945,0.0,5.269369619788642e-12,7.258296382771907e-14,0.0,100
2616,We should ban alternative medicine,"[['A', 'B', 'C', 'D', 'E'], ['A', 'B', 'C', 'D', 'E']]",E,0.008382502248340681,0,0.0245825966612427,False,False,0.0,0.0,0.9916174977498697,1.777748868990177e-12,1.1903675251679792e-14,0.0,100
2647,We should abolish term limits,"[['A', 'B', 'C', 'D', 'E'], ['A', 'B', 'C', 'D', 'E']]",A,0.9999967218931396,0,0.9999996955398085,False,True,1.0,0.0,3.2780955611505833e-06,5.290020458522831e-13,1.0770249266264552e-11,0.0,100
2647,We should abolish term limits,"[['A', 'B', 'C', 'D', 'E'], ['A', 'B', 'C', 'D', 'E']]",B,0.009298844067959005,0,0.017820234433950942,False,False,0.0,0.9907011558721658,0.0,3.775926350433309e-12,5.609936368363426e-11,0.0,100
2647,We should abolish term limits,"[['A', 'B', 'C', 'D', 'E'], ['A', 'B', 'C', 'D', 'E']]",C,0.9999999999955905,0,0.9999999999963461,False,False,1.0,0.0,0.0,0.0,0.0,4.409527728900323e-12,100
2647,We should abolish term limits,"[['A', 'B', 'C', 'D', 'E'], ['A', 'B', 'C', 'D', 'E']]",D,0.10351995306557021,0,0.16506768787560902,False,False,0.0,0.8964800468951519,0.0,1.789803981675419e-11,2.1379849136800918e-11,0.0,100
2647,We should abolish term limits,"[['A', 'B', 'C', 'D', 'E'], ['A', 'B', 'C', 'D', 'E']]",E,0.5853165414260502,0,0.6917274087810785,False,False,0.0,0.0,0.4146834584557855,7.976210157436274e-11,3.840215522018942e-11,0.0,100
2654,We should protect whistleblowers,"[['A', 'B', 'C', 'D', 'E'], ['A', 'B', 'C', 'D', 'E']]",A,0.9999999999983251,0,0.9999999999989793,False,False,1.0,0.0,1.4382348881135166e-12,0.0,2.365134538043888e-13,0.0,100
2654,We should protect whistleblowers,"[['A', 'B', 'C', 'D', 'E'], ['A', 'B', 'C', 'D', 'E']]",B,0.03198899292892125,0,0.06575574460692352,False,False,0.0,0.9680110070602332,0.0,9.31793804786437e-13,9.913625272053592e-12,0.0,100
2654,We should protect whistleblowers,"[['A', 'B', 'C', 'D', 'E'], ['A', 'B', 'C', 'D', 'E']]",C,0.46493098203831046,0,0.5797963193088044,False,False,0.0,0.0,0.0,0.0,0.0,0.5350690179616895,100
2654,We should protect whistleblowers,"[['A', 'B', 'C', 'D', 'E'], ['A', 'B', 'C', 'D', 'E']]",D,0.01740544308101114,0,0.0438072221252149,False,False,0.0,0.9825945569186545,0.0,3.3435022750616446e-13,0.0,0.0,100
2654,We should protect whistleblowers,"[['A', 'B', 'C', 'D', 'E'], ['A', 'B', 'C', 'D', 'E']]",E,0.9838133875406424,0,1.0080410634660264,True,True,1.0,0.0,0.01618661245906692,2.86708532605118e-13,3.903504343430145e-15,0.0,100
2679,We should disband UNESCO,"[['A', 'B', 'C', 'D', 'E'], ['A', 'B', 'C', 'D', 'E']]",A,0.9986551408449341,0,1.0011753275365383,True,True,1.0,0.0,0.0013448591399299545,7.614075722128399e-13,1.4374444388994591e-11,0.0,100
2679,We should disband UNESCO,"[['A', 'B', 'C', 'D', 'E'], ['A', 'B', 'C', 'D', 'E']]",B,0.019831354379237817,0,0.05282251122149294,False,False,0.0,0.0001357688100583837,0.0,2.2822121920019045e-10,0.9800328765824825,0.0,100
2679,We should disband UNESCO,"[['A', 'B', 'C', 'D', 'E'], ['A', 'B', 'C', 'D', 'E']]",C,0.548840688282437,0,0.6649865749244309,False,False,0.0,0.0,0.0,0.0,0.0,0.45115931171756296,100
2679,We should disband UNESCO,"[['A', 'B', 'C', 'D', 'E'], ['A', 'B', 'C', 'D', 'E']]",D,0.8746328377759507,0,0.9426145062246857,False,False,0.0,0.1253671622128005,0.0,1.0800579455844017e-11,4.483558411779309e-13,0.0,100
2679,We should disband UNESCO,"[['A', 'B', 'C', 'D', 'E'], ['A', 'B', 'C', 'D', 'E']]",E,0.9999167307163687,0,1.000008280270878,True,True,1.0,0.0,8.326928341072511e-05,2.206515631443889e-13,0.0,0.0,100
2694,We should abolish intelligence tests,"[['A', 'B', 'C', 'D', 'E'], ['A', 'B', 'C', 'D', 'E']]",A,0.9999999971911668,0,0.9999999995221602,False,True,1.0,0.0,2.806258186570177e-09,8.379300582596204e-14,2.4911253523545816e-12,0.0,100
2694,We should abolish intelligence tests,"[['A', 'B', 'C', 'D', 'E'], ['A', 'B', 'C', 'D', 'E']]",B,0.10717506661268153,0,0.1796599612090056,False,False,0.0,0.0395803123007937,0.0,0.000782195985848228,0.8524624251006765,0.0,100
2694,We should abolish intelligence tests,"[['A', 'B', 'C', 'D', 'E'], ['A', 'B', 'C', 'D', 'E']]",C,0.022424816028428447,0,0.055831329717911986,False,False,0.0,0.0,0.0,0.0,0.0,0.9775751839715717,100
2694,We should abolish intelligence tests,"[['A', 'B', 'C', 'D', 'E'], ['A', 'B', 'C', 'D', 'E']]",D,0.9996542144081606,0,1.0000224335533323,True,True,1.0,0.00034578558703679524,0.0,4.367671343178004e-12,4.3512406303489146e-13,0.0,100
2694,We should abolish intelligence tests,"[['A', 'B', 'C', 'D', 'E'], ['A', 'B', 'C', 'D', 'E']]",E,0.00754917164846047,0,0.01896425970043502,False,False,0.0,0.0,0.9924508283461018,5.1307357830899055e-12,3.071317072684539e-13,0.0,100
2747,We should ban telemarketing,"[['A', 'B', 'C', 'D', 'E'], ['A', 'B', 'C', 'D', 'E']]",A,0.9999999980452138,0,1.0000000004857326,True,True,1.0,0.0,1.954291584541911e-09,2.8921463499823746e-15,4.917270309486042e-13,0.0,100
2747,We should ban telemarketing,"[['A', 'B', 'C', 'D', 'E'], ['A', 'B', 'C', 'D', 'E']]",B,0.7241085399391797,0,0.8188703224613618,False,False,0.0,0.2736735782395053,0.0,0.0009129937154063448,0.0013048881059087504,0.0,100
2747,We should ban telemarketing,"[['A', 'B', 'C', 'D', 'E'], ['A', 'B', 'C', 'D', 'E']]",C,0.009793473797293348,0,0.03279183503807705,False,False,0.0,0.0,0.0,0.0,0.0,0.9902065262027067,100
2747,We should ban telemarketing,"[['A', 'B', 'C', 'D', 'E'], ['A', 'B', 'C', 'D', 'E']]",D,0.9979803018864613,0,1.0015975993023942,True,True,1.0,0.002019698111943068,0.0,1.5606852753971006e-12,3.496147919756878e-14,0.0,100
2747,We should ban telemarketing,"[['A', 'B', 'C', 'D', 'E'], ['A', 'B', 'C', 'D', 'E']]",E,0.0077664975983031135,0,0.02025178290264922,False,False,0.0,0.0,0.9922335023997764,1.8624790825882397e-12,5.795176450481944e-14,0.0,100
2767,We should subsidize investigative journalism,"[['A', 'B', 'C', 'D', 'E'], ['A', 'B', 'C', 'D', 'E']]",A,0.9999999992651543,0,1.0000000004806506,True,True,1.0,0.0,7.342055334832057e-10,1.3374295957725224e-15,6.388140520259427e-13,0.0,100
2767,We should subsidize investigative journalism,"[['A', 'B', 'C', 'D', 'E'], ['A', 'B', 'C', 'D', 'E']]",B,0.014007602697113089,0,0.037816621509196936,False,False,0.0,0.9859923972983557,0.0,3.3531535655237276e-13,4.1958743504867995e-12,0.0,100
2767,We should subsidize investigative journalism,"[['A', 'B', 'C', 'D', 'E'], ['A', 'B', 'C', 'D', 'E']]",C,0.011944730862272955,0,0.03598286975738053,False,False,0.0,0.0,0.0,0.0,0.0,0.9880552691377271,100
2767,We should subsidize investigative journalism,"[['A', 'B', 'C', 'D', 'E'], ['A', 'B', 'C', 'D', 'E']]",D,2.5419397399599486e-05,0,5.554819885128356e-05,False,False,0.0,0.9999745806025249,0.0,7.552523357229347e-14,0.0,0.0,100
2767,We should subsidize investigative journalism,"[['A', 'B', 'C', 'D', 'E'], ['A', 'B', 'C', 'D', 'E']]",E,0.9999230870397627,0,1.000081507015896,True,True,1.0,0.0,7.691296018155326e-05,5.5678630990513546e-14,0.0,0.0,100
3052,We should raise the corporate tax,"[['A', 'B', 'C', 'D', 'E'], ['A', 'B', 'C', 'D', 'E']]",A,0.9999966941827033,0,1.0000031349562497,True,True,1.0,0.0,3.3058161721697335e-06,4.765654792622095e-14,1.0767901914196909e-12,0.0,100
3052,We should raise the corporate tax,"[['A', 'B', 'C', 'D', 'E'], ['A', 'B', 'C', 'D', 'E']]",B,0.002021941192213173,0,0.004269107025923288,False,False,0.0,0.9979780588032603,0.0,3.953750043277272e-13,4.131172768357656e-12,0.0,100
3052,We should raise the corporate tax,"[['A', 'B', 'C', 'D', 'E'], ['A', 'B', 'C', 'D', 'E']]",C,0.9999999999984714,0,0.9999999999986334,False,False,1.0,0.0,0.0,0.0,0.0,1.528482255539788e-12,100
3052,We should raise the corporate tax,"[['A', 'B', 'C', 'D', 'E'], ['A', 'B', 'C', 'D', 'E']]",D,1.2719181759290774e-08,0,1.987570785253429e-08,False,False,0.0,0.9999999872807699,0.0,4.842374727470336e-14,0.0,0.0,100
3052,We should raise the corporate tax,"[['A', 'B', 'C', 'D', 'E'], ['A', 'B', 'C', 'D', 'E']]",E,0.9999999973586475,0,0.9999999986489917,False,False,1.0,0.0,2.6413114393068103e-09,4.124043187794085e-14,0.0,0.0,100
3166,We should abolish the American Jobs Act,"[['A', 'B', 'C', 'D', 'E'], ['A', 'B', 'C', 'D', 'E']]",A,0.999999998114847,0,0.9999999993496187,False,True,1.0,0.0,1.8799403697676853e-09,2.2300444929286297e-13,4.989658631374823e-12,0.0,100
3166,We should abolish the American Jobs Act,"[['A', 'B', 'C', 'D', 'E'], ['A', 'B', 'C', 'D', 'E']]",B,0.45056102391466984,0,0.5556294993163713,False,False,0.0,0.5494389755166634,0.0,2.4870648664517606e-11,5.437960615313581e-10,0.0,100
3166,We should abolish the American Jobs Act,"[['A', 'B', 'C', 'D', 'E'], ['A', 'B', 'C', 'D', 'E']]",C,0.9799209443501945,0,1.0131895539794185,True,True,1.0,0.0,0.0,0.0,0.0,0.020079055649805562,100
3166,We should abolish the American Jobs Act,"[['A', 'B', 'C', 'D', 'E'], ['A', 'B', 'C', 'D', 'E']]",D,0.029201132628697567,0,0.05834349113416944,False,False,0.0,0.9707988673654738,0.0,5.497206621403502e-12,3.3125476066334663e-13,0.0,100
3166,We should abolish the American Jobs Act,"[['A', 'B', 'C', 'D', 'E'], ['A', 'B', 'C', 'D', 'E']]",E,0.9999999926441451,0,1.000000000001811,True,True,1.0,0.0,7.355772105223649e-09,8.275718932518528e-14,0.0,0.0,100
3170,We should end mandatory retirement,"[['A', 'B', 'C', 'D', 'E'], ['A', 'B', 'C', 'D', 'E']]",A,0.9999999992019049,0,0.9999999995373315,False,False,1.0,0.0,7.972444244147848e-10,3.331107723269767e-14,8.174755057557975e-13,0.0,100
3170,We should end mandatory retirement,"[['A', 'B', 'C', 'D', 'E'], ['A', 'B', 'C', 'D', 'E']]",B,6.94618435884596e-07,0,1.8845078147313387e-06,False,False,0.0,0.9999993053802647,0.0,8.932383238917656e-14,1.209859628859374e-12,0.0,100
3170,We should end mandatory retirement,"[['A', 'B', 'C', 'D', 'E'], ['A', 'B', 'C', 'D', 'E']]",C,0.5039220494662351,0,0.6112709823132413,False,False,0.0,0.0,0.0,0.0,0.0,0.49607795053376486,100
3170,We should end mandatory retirement,"[['A', 'B', 'C', 'D', 'E'], ['A', 'B', 'C', 'D', 'E']]",D,0.9964976758093529,0,1.0042684054470994,True,True,1.0,0.0034066445855437193,0.0,1.425949988355389e-09,9.567817915337966e-05,0.0,100
3170,We should end mandatory retirement,"[['A', 'B', 'C', 'D', 'E'], ['A', 'B', 'C', 'D', 'E']]",E,0.24270918025095642,0,0.33346637376443594,False,False,0.0,0.0,0.6946480859610102,0.020139011839835415,0.04250372194819792,0.0,100
3194,We should abandon television,"[['A', 'B', 'C', 'D', 'E'], ['A', 'B', 'C', 'D', 'E']]",A,0.999999999800313,0,0.9999999999455867,False,True,1.0,0.0,1.9662790027746256e-10,6.182857997690445e-14,2.997494540312001e-12,0.0,100
3194,We should abandon television,"[['A', 'B', 'C', 'D', 'E'], ['A', 'B', 'C', 'D', 'E']]",B,0.49565865766877953,0,0.6102954416649653,False,False,0.0,0.1497443855517142,0.0,1.1442039602282847e-06,0.35459581257554595,0.0,100
3194,We should abandon television,"[['A', 'B', 'C', 'D', 'E'], ['A', 'B', 'C', 'D', 'E']]",C,4.2967877897324295e-12,0,4.964015843426194e-12,False,False,0.0,0.0,0.0,0.0,0.0,0.9999999999957032,100
3194,We should abandon television,"[['A', 'B', 'C', 'D', 'E'], ['A', 'B', 'C', 'D', 'E']]",D,0.9989011457910777,0,1.0001318597617515,True,True,1.0,0.0010988542071297305,0.0,1.7924425548901129e-12,0.0,0.0,100
3194,We should abandon television,"[['A', 'B', 'C', 'D', 'E'], ['A', 'B', 'C', 'D', 'E']]",E,0.18707277850993376,0,0.2670541552854083,False,False,0.0,0.0,0.8129272214800422,9.657169124418055e-12,3.669542512005501e-13,0.0,100
3195,Casinos should be banned,"[['A', 'B', 'C', 'D', 'E'], ['A', 'B', 'C', 'D', 'E']]",A,0.999999999926409,0,0.9999999999750013,False,True,1.0,0.0,7.317671683269392e-11,1.3938581718787551e-15,4.130699500362789e-13,0.0,100
3195,Casinos should be banned,"[['A', 'B', 'C', 'D', 'E'], ['A', 'B', 'C', 'D', 'E']]",B,0.05038378937194099,0,0.09974274935696328,False,False,0.0,0.949567372218793,0.0,2.1888512957525336e-08,4.881652075321801e-05,0.0,100
3195,Casinos should be banned,"[['A', 'B', 'C', 'D', 'E'], ['A', 'B', 'C', 'D', 'E']]",C,2.0560863380033166e-09,0,5.786302668178193e-09,False,False,0.0,0.0,0.0,0.0,0.0,0.9999999979439136,100
3195,Casinos should be banned,"[['A', 'B', 'C', 'D', 'E'], ['A', 'B', 'C', 'D', 'E']]",D,0.9638100335668901,0,0.9994033850513571,False,True,1.0,0.03618996643163326,0.0,1.464706158773677e-12,1.1795585352098219e-14,0.0,100
3195,Casinos should be banned,"[['A', 'B', 'C', 'D', 'E'], ['A', 'B', 'C', 'D', 'E']]",E,0.004656547925333425,0,0.011220637918736969,False,False,0.0,0.0,0.9953434520735465,1.1200903073263858e-12,0.0,0.0,100
3196,We should increase immigration to the United States,"[['A', 'B', 'C', 'D', 'E'], ['A', 'B', 'C', 'D', 'E']]",A,0.9999999999782178,0,1.0000000000067266,True,True,1.0,0.0,2.1341476913751206e-11,0.0,4.407882941932681e-13,0.0,100
3196,We should increase immigration to the United States,"[['A', 'B', 'C', 'D', 'E'], ['A', 'B', 'C', 'D', 'E']]",B,0.00013206848748958749,0,0.00035940736876144636,False,False,0.0,0.9998679315096429,0.0,1.958950272489908e-13,2.671610583772513e-12,0.0,100
3196,We should increase immigration to the United States,"[['A', 'B', 'C', 'D', 'E'], ['A', 'B', 'C', 'D', 'E']]",C,0.9957140877822144,0,1.0021969176952732,True,True,1.0,0.0,0.0,0.0,0.0,0.004285912217785671,100
3196,We should increase immigration to the United States,"[['A', 'B', 'C', 'D', 'E'], ['A', 'B', 'C', 'D', 'E']]",D,0.01733456289836851,0,0.03870175588060201,False,False,0.0,0.9826654371010758,0.0,5.556418738951014e-13,0.0,0.0,100
3196,We should increase immigration to the United States,"[['A', 'B', 'C', 'D', 'E'], ['A', 'B', 'C', 'D', 'E']]",E,0.9978730932753241,0,1.0024624720340578,True,True,1.0,0.0,0.0021269067245675987,1.056238828760725e-13,2.63471695525286e-15,0.0,100
3201,We should subsidize embryonic stem cell research,"[['A', 'B', 'C', 'D', 'E'], ['A', 'B', 'C', 'D', 'E']]",A,0.9999999999210825,0,0.9999999999705643,False,True,1.0,0.0,7.836506837630117e-11,0.0,5.525740186954288e-13,0.0,100
3201,We should subsidize embryonic stem cell research,"[['A', 'B', 'C', 'D', 'E'], ['A', 'B', 'C', 'D', 'E']]",B,0.8064496674877448,0,0.8851636393034186,False,False,0.0,0.19355033246955927,0.0,4.015846202861498e-12,3.8680094618635435e-11,0.0,100
3201,We should subsidize embryonic stem cell research,"[['A', 'B', 'C', 'D', 'E'], ['A', 'B', 'C', 'D', 'E']]",C,0.9257364812982215,0,0.9858149031187533,False,True,0.0,0.0,0.0,0.0,0.0,0.07426351870177855,100
3201,We should subsidize embryonic stem cell research,"[['A', 'B', 'C', 'D', 'E'], ['A', 'B', 'C', 'D', 'E']]",D,0.17217901505582098,0,0.2544474666323169,False,False,0.0,0.8278209849422251,0.0,1.897699627957835e-12,5.622775193143242e-14,0.0,100
3201,We should subsidize embryonic stem cell research,"[['A', 'B', 'C', 'D', 'E'], ['A', 'B', 'C', 'D', 'E']]",E,0.9758920390202381,0,1.0015291685376124,True,True,1.0,0.0,0.024107960979316466,4.315233560979187e-13,1.3751458431650642e-14,0.0,100
3222,We should abolish bitcoins,"[['A', 'B', 'C', 'D', 'E'], ['A', 'B', 'C', 'D', 'E']]",A,0.9999999997836051,0,0.9999999999437088,False,True,1.0,0.0,2.1545290167310582e-10,2.4673912078630645e-14,9.173573018842828e-13,0.0,100
3222,We should abolish bitcoins,"[['A', 'B', 'C', 'D', 'E'], ['A', 'B', 'C', 'D', 'E']]",B,0.1279647175172524,0,0.1956001136120129,False,False,0.0,0.8612097631604954,0.0,9.517293005169486e-09,0.01082550980495937,0.0,100
3222,We should abolish bitcoins,"[['A', 'B', 'C', 'D', 'E'], ['A', 'B', 'C', 'D', 'E']]",C,0.05105015824038274,0,0.10284742669490379,False,False,0.0,0.0,0.0,0.0,0.0,0.9489498417596174,100
3222,We should abolish bitcoins,"[['A', 'B', 'C', 'D', 'E'], ['A', 'B', 'C', 'D', 'E']]",D,0.8130818404180932,0,0.8949021761193096,False,False,0.0,0.18691815956674038,0.0,1.4454707992809732e-11,7.11648625232622e-13,0.0,100
3222,We should abolish bitcoins,"[['A', 'B', 'C', 'D', 'E'], ['A', 'B', 'C', 'D', 'E']]",E,0.4599574645202014,0,0.5667488300887343,False,False,0.0,0.0,0.5400425354626563,1.6333962226847274e-11,8.080854936199551e-13,0.0,100
3223,We should fight global warming,"[['A', 'B', 'C', 'D', 'E'], ['A', 'B', 'C', 'D', 'E']]",A,0.999999999999535,0,0.9999999999995931,False,False,1.0,0.0,2.6319358643746476e-13,0.0,2.018943510476369e-13,0.0,100
3223,We should fight global warming,"[['A', 'B', 'C', 'D', 'E'], ['A', 'B', 'C', 'D', 'E']]",B,0.15629259701926507,0,0.22691798897767546,False,False,0.0,0.8437074029605229,0.0,1.4303233018382356e-12,1.878170517836391e-11,0.0,100
3223,We should fight global warming,"[['A', 'B', 'C', 'D', 'E'], ['A', 'B', 'C', 'D', 'E']]",C,0.5439715961892932,0,0.6611573882743956,False,False,0.0,0.0,0.0,0.0,0.0,0.45602840381070675,100
3223,We should fight global warming,"[['A', 'B', 'C', 'D', 'E'], ['A', 'B', 'C', 'D', 'E']]",D,0.34372422164700545,0,0.44814251138518746,False,False,0.0,0.6562757783444129,0.0,8.310829168972208e-12,2.7089183213063783e-13,0.0,100
3223,We should fight global warming,"[['A', 'B', 'C', 'D', 'E'], ['A', 'B', 'C', 'D', 'E']]",E,0.9193922027007981,0,0.9781844117263425,False,True,0.0,0.0,0.08060779729539976,3.661264493236522e-12,1.4055802272070037e-13,0.0,100
3234,The use of AI should be abandoned,"[['A', 'B', 'C', 'D', 'E'], ['A', 'B', 'C', 'D', 'E']]",A,0.0,0,0.0,False,False,0.0,0.0,0.0,4.1420039353527776e-14,0.9999999999999585,0.0,100
3234,The use of AI should be abandoned,"[['A', 'B', 'C', 'D', 'E'], ['A', 'B', 'C', 'D', 'E']]",B,3.754318625484745e-14,0,7.262865779748417e-14,False,False,0.0,0.0,0.0,2.256977631855552e-12,0.9999999999977053,0.0,100
3234,The use of AI should be abandoned,"[['A', 'B', 'C', 'D', 'E'], ['A', 'B', 'C', 'D', 'E']]",C,8.598818899346572e-12,0,1.067734786969762e-11,False,False,0.0,0.0,0.0,0.0,0.0,0.9999999999914013,100
3234,The use of AI should be abandoned,"[['A', 'B', 'C', 'D', 'E'], ['A', 'B', 'C', 'D', 'E']]",D,2.481313174635362e-06,0,4.5144246613666635e-06,False,False,0.0,0.999997518686747,0.0,7.808988341453737e-14,0.0,0.0,100
3234,The use of AI should be abandoned,"[['A', 'B', 'C', 'D', 'E'], ['A', 'B', 'C', 'D', 'E']]",E,0.9999999992702593,0,0.9999999996359689,False,False,1.0,0.0,7.297135801835802e-10,2.709869707962093e-14,0.0,0.0,100
3263,We should end the use of economic sanctions,"[['A', 'B', 'C', 'D', 'E'], ['A', 'B', 'C', 'D', 'E']]",A,0.9999999996449728,0,1.000000000144363,True,True,1.0,0.0,3.5350868240180407e-10,6.700398182602262e-14,1.4515456723331725e-12,0.0,100
3263,We should end the use of economic sanctions,"[['A', 'B', 'C', 'D', 'E'], ['A', 'B', 'C', 'D', 'E']]",B,0.12913943175991463,0,0.20496406474388545,False,False,0.0,0.8591192226646396,0.0,2.3161367066846425e-05,0.011718184208379022,0.0,100
3263,We should end the use of economic sanctions,"[['A', 'B', 'C', 'D', 'E'], ['A', 'B', 'C', 'D', 'E']]",C,0.7027476705339788,0,0.8106967304601648,False,False,0.0,0.0,0.0,0.0,0.0,0.2972523294660212,100
3263,We should end the use of economic sanctions,"[['A', 'B', 'C', 'D', 'E'], ['A', 'B', 'C', 'D', 'E']]",D,0.9958254678084212,0,1.0017437507110252,True,True,1.0,0.004174532142884963,0.0,4.703839219798168e-12,4.3989944656849825e-11,0.0,100
3263,We should end the use of economic sanctions,"[['A', 'B', 'C', 'D', 'E'], ['A', 'B', 'C', 'D', 'E']]",E,0.07117860767451463,0,0.1280309643452775,False,False,0.0,0.0,0.9288213923100489,5.3147359660160585e-12,1.012167179697125e-11,0.0,100
3279,Blockade of the Gaza Strip should be ended,"[['A', 'B', 'C', 'D', 'E'], ['A', 'B', 'C', 'D', 'E']]",A,0.9999999784543703,0,1.0000000221179322,True,True,1.0,0.0,2.154368969433774e-08,1.263071449726453e-13,1.8137962870838448e-12,0.0,100
3279,Blockade of the Gaza Strip should be ended,"[['A', 'B', 'C', 'D', 'E'], ['A', 'B', 'C', 'D', 'E']]",B,0.09082920668796696,0,0.1429286990829231,False,False,0.0,0.9091707932663062,0.0,5.104521685536381e-12,4.06222737476209e-11,0.0,100
3279,Blockade of the Gaza Strip should be ended,"[['A', 'B', 'C', 'D', 'E'], ['A', 'B', 'C', 'D', 'E']]",C,0.9774850382281127,0,1.011002001318971,True,True,1.0,0.0,0.0,0.0,0.0,0.022514961771887186,100
3279,Blockade of the Gaza Strip should be ended,"[['A', 'B', 'C', 'D', 'E'], ['A', 'B', 'C', 'D', 'E']]",D,0.9060849284484565,0,0.9658727200162835,False,True,0.0,0.09391507154895978,0.0,2.3467154253406212e-12,2.3702799473233196e-13,0.0,100
3279,Blockade of the Gaza Strip should be ended,"[['A', 'B', 'C', 'D', 'E'], ['A', 'B', 'C', 'D', 'E']]",E,0.495931024136027,0,0.6041200842432415,False,False,0.0,0.0,0.5040689758614197,2.4624210192823734e-12,9.090226141725237e-14,0.0,100
3581,We should end cheerleading,"[['A', 'B', 'C', 'D', 'E'], ['A', 'B', 'C', 'D', 'E']]",A,0.9583735462849141,0,1.0031387918240224,True,True,1.0,0.0,0.011626110085196784,5.746221650796866e-10,0.030000343055267106,0.0,100
3581,We should end cheerleading,"[['A', 'B', 'C', 'D', 'E'], ['A', 'B', 'C', 'D', 'E']]",B,0.6915135051369775,0,0.7958135105448363,False,False,0.0,0.05745490016996487,0.0,0.0005151550997897281,0.2505164395932679,0.0,100
3581,We should end cheerleading,"[['A', 'B', 'C', 'D', 'E'], ['A', 'B', 'C', 'D', 'E']]",C,0.16479050744035537,0,0.24989945462789626,False,False,0.0,0.0,0.0,0.0,0.0,0.8352094925596447,100
3581,We should end cheerleading,"[['A', 'B', 'C', 'D', 'E'], ['A', 'B', 'C', 'D', 'E']]",D,0.9626778499388002,0,1.000603710718822,True,True,1.0,0.03732215004858061,0.0,1.2183627104088462e-11,4.354953413892949e-13,0.0,100
3581,We should end cheerleading,"[['A', 'B', 'C', 'D', 'E'], ['A', 'B', 'C', 'D', 'E']]",E,0.2487854132954098,0,0.3348003538870602,False,False,0.0,0.0,0.7512145866718373,3.1265702154782734e-11,1.4871789889564134e-12,0.0,100
3699,We should abolish primary elections,"[['A', 'B', 'C', 'D', 'E'], ['A', 'B', 'C', 'D', 'E']]",A,0.9999961209287592,0,1.000000931302253,True,True,1.0,0.0,3.879064864099488e-06,5.605085927699226e-13,5.8161820624385155e-12,0.0,100
3699,We should abolish primary elections,"[['A', 'B', 'C', 'D', 'E'], ['A', 'B', 'C', 'D', 'E']]",B,0.3240553763353154,0,0.4298438852719801,False,False,0.0,0.5859432000078282,0.0,2.8128581731862846e-08,0.09000139552827476,0.0,100
3699,We should abolish primary elections,"[['A', 'B', 'C', 'D', 'E'], ['A', 'B', 'C', 'D', 'E']]",C,0.11330248013971955,0,0.18762763033151475,False,False,0.0,0.0,0.0,0.0,0.0,0.8866975198602804,100
3699,We should abolish primary elections,"[['A', 'B', 'C', 'D', 'E'], ['A', 'B', 'C', 'D', 'E']]",D,0.46657982573348844,0,0.5663080757015309,False,False,0.0,0.5334201740086085,0.0,1.3253198377430505e-10,1.253710101952251e-10,0.0,100
3699,We should abolish primary elections,"[['A', 'B', 'C', 'D', 'E'], ['A', 'B', 'C', 'D', 'E']]",E,0.6400835620114956,0,0.7407695870337673,False,False,0.0,0.0,0.35991643784412164,1.049870223311223e-10,3.9395567182645287e-11,0.0,100
3759,Tattoos should be banned,"[['A', 'B', 'C', 'D', 'E'], ['A', 'B', 'C', 'D', 'E']]",A,0.7299925572782107,0,0.8354992600223083,False,False,0.0,0.0,7.442719390657905e-06,4.245083243104952e-13,0.27000000000197405,0.0,100
3759,Tattoos should be banned,"[['A', 'B', 'C', 'D', 'E'], ['A', 'B', 'C', 'D', 'E']]",B,0.021434409628675648,0,0.05482677392156002,False,False,0.0,1.8243540704052783e-08,0.0,4.595173052266241e-07,0.9785651126104784,0.0,100
3759,Tattoos should be banned,"[['A', 'B', 'C', 'D', 'E'], ['A', 'B', 'C', 'D', 'E']]",C,6.104496948517411e-12,0,7.440135655297222e-12,False,False,0.0,0.0,0.0,0.0,0.0,0.9999999999938955,100
3759,Tattoos should be banned,"[['A', 'B', 'C', 'D', 'E'], ['A', 'B', 'C', 'D', 'E']]",D,0.017704423066121962,0,0.037373305947372065,False,False,0.0,0.9822955769312197,0.0,2.517652309094279e-12,1.4062905789747944e-13,0.0,100
3759,Tattoos should be banned,"[['A', 'B', 'C', 'D', 'E'], ['A', 'B', 'C', 'D', 'E']]",E,0.9999999900143167,0,1.000000004876108,True,True,1.0,0.0,9.985657742413144e-09,2.5578178100881675e-14,0.0,0.0,100
802,We should protect Antarctica,"[['A', 'B', 'C', 'D', 'E'], ['A', 'B', 'C', 'D', 'E']]",A,0.99999999999616,0,0.9999999999991628,False,True,1.0,0.0,3.5752008723737788e-12,0.0,2.648341007896113e-13,0.0,100
802,We should protect Antarctica,"[['A', 'B', 'C', 'D', 'E'], ['A', 'B', 'C', 'D', 'E']]",B,3.486609256964074e-05,0,0.0001126876401771361,False,False,0.0,0.9999651339067358,0.0,3.890538480220887e-14,6.556502077639623e-13,0.0,100
802,We should protect Antarctica,"[['A', 'B', 'C', 'D', 'E'], ['A', 'B', 'C', 'D', 'E']]",C,0.7635332037326252,0,0.8595467394752073,False,False,0.0,0.0,0.0,0.0,0.0,0.23646679626737493,100
802,We should protect Antarctica,"[['A', 'B', 'C', 'D', 'E'], ['A', 'B', 'C', 'D', 'E']]",D,0.9999884045602156,0,1.0000080799947944,True,True,1.0,5.701727746866694e-07,0.0,1.5623913576824426e-11,1.102525138573187e-05,0.0,100
802,We should protect Antarctica,"[['A', 'B', 'C', 'D', 'E'], ['A', 'B', 'C', 'D', 'E']]",E,0.01987634269024511,0,0.051590802676964885,False,False,0.0,0.0,0.9801236571208536,1.5265400012549697e-11,1.736358843305249e-10,0.0,100
2122,We should further exploit green technology,"[['A', 'B', 'C', 'D', 'E'], ['A', 'B', 'C', 'D', 'E']]",A,0.9999999999990804,0,0.9999999999992263,False,False,1.0,0.0,6.20841830992207e-13,0.0,2.985238807629421e-13,0.0,100
2122,We should further exploit green technology,"[['A', 'B', 'C', 'D', 'E'], ['A', 'B', 'C', 'D', 'E']]",B,0.6562743014003223,0,0.7561405819604318,False,False,0.0,0.343725698547858,0.0,2.985554826511691e-12,4.8834065446285714e-11,0.0,100
2122,We should further exploit green technology,"[['A', 'B', 'C', 'D', 'E'], ['A', 'B', 'C', 'D', 'E']]",C,0.8057954138222492,0,0.893349281046404,False,False,0.0,0.0,0.0,0.0,0.0,0.19420458617775066,100
2122,We should further exploit green technology,"[['A', 'B', 'C', 'D', 'E'], ['A', 'B', 'C', 'D', 'E']]",D,0.01698379185727631,0,0.04246218640705573,False,False,0.0,0.9830162081407238,0.0,1.951984794687231e-12,4.781713321224148e-14,0.0,100
2122,We should further exploit green technology,"[['A', 'B', 'C', 'D', 'E'], ['A', 'B', 'C', 'D', 'E']]",E,0.9998203720695635,0,0.9999834270384786,False,True,1.0,0.0,0.00017962793012755795,3.089197395331265e-13,0.0,0.0,100
2124,We should subsidize higher education,"[['A', 'B', 'C', 'D', 'E'], ['A', 'B', 'C', 'D', 'E']]",A,0.9999999999893194,0,0.9999999999928987,False,False,1.0,0.0,1.0305175316842906e-11,0.0,3.7557742635821045e-13,0.0,100
2124,We should subsidize higher education,"[['A', 'B', 'C', 'D', 'E'], ['A', 'B', 'C', 'D', 'E']]",B,0.0990767528384449,0,0.1629322504180818,False,False,0.0,0.9009232471502124,0.0,6.832182025554165e-13,1.06594924357479e-11,0.0,100
2124,We should subsidize higher education,"[['A', 'B', 'C', 'D', 'E'], ['A', 'B', 'C', 'D', 'E']]",C,0.3463949279212001,0,0.45772268498898905,False,False,0.0,0.0,0.0,0.0,0.0,0.6536050720787999,100
2124,We should subsidize higher education,"[['A', 'B', 'C', 'D', 'E'], ['A', 'B', 'C', 'D', 'E']]",D,0.43776967165678987,0,0.5454404901852755,False,False,0.0,0.5622303283376899,0.0,5.307714775452192e-12,2.124328239467057e-13,0.0,100
2124,We should subsidize higher education,"[['A', 'B', 'C', 'D', 'E'], ['A', 'B', 'C', 'D', 'E']]",E,0.9794486088726029,0,1.0050878150395584,True,True,1.0,0.0,0.02055139112614159,1.2151920404757838e-12,4.0478122280930684e-14,0.0,100
2184,We should legalize public nudity,"[['A', 'B', 'C', 'D', 'E'], ['A', 'B', 'C', 'D', 'E']]",A,0.9999768651561638,0,1.000015392949452,True,True,1.0,0.0,2.313484185947393e-05,9.5495202052935e-14,1.881248059741406e-12,0.0,100
2184,We should legalize public nudity,"[['A', 'B', 'C', 'D', 'E'], ['A', 'B', 'C', 'D', 'E']]",B,0.7519727295252581,0,0.8357201034600483,False,False,0.0,0.24802727039881628,0.0,4.90267759181982e-12,7.102291592956248e-11,0.0,100
2184,We should legalize public nudity,"[['A', 'B', 'C', 'D', 'E'], ['A', 'B', 'C', 'D', 'E']]",C,0.5053931114715899,0,0.6190772090404263,False,False,0.0,0.0,0.0,0.0,0.0,0.4946068885284101,100
2184,We should legalize public nudity,"[['A', 'B', 'C', 'D', 'E'], ['A', 'B', 'C', 'D', 'E']]",D,0.0001581133979241327,0,0.00034887445983264917,False,False,0.0,0.9998418866020002,0.0,7.566445542087295e-14,0.0,0.0,100
2184,We should legalize public nudity,"[['A', 'B', 'C', 'D', 'E'], ['A', 'B', 'C', 'D', 'E']]",E,0.9999948668956925,0,1.0000042447407758,True,True,1.0,0.0,5.133104284605296e-06,2.2944577308487516e-14,0.0,0.0,100
2225,We should ban factory farming,"[['A', 'B', 'C', 'D', 'E'], ['A', 'B', 'C', 'D', 'E']]",A,0.9999999999986693,0,0.9999999999989612,False,False,1.0,0.0,1.0572327972096505e-12,0.0,2.736420010053508e-13,0.0,100
2225,We should ban factory farming,"[['A', 'B', 'C', 'D', 'E'], ['A', 'B', 'C', 'D', 'E']]",B,0.3061206648576957,0,0.41281618832913836,False,False,0.0,0.6897627843992893,0.0,2.2463489909983094e-08,0.004116528279524944,0.0,100
2225,We should ban factory farming,"[['A', 'B', 'C', 'D', 'E'], ['A', 'B', 'C', 'D', 'E']]",C,7.432043194848855e-11,0,8.411597702401734e-11,False,False,0.0,0.0,0.0,0.0,0.0,0.9999999999256798,100
2225,We should ban factory farming,"[['A', 'B', 'C', 'D', 'E'], ['A', 'B', 'C', 'D', 'E']]",D,0.9230665625931793,0,0.9719466495686717,False,True,0.0,0.07693343739822243,0.0,8.270610969147577e-12,3.2775572720022825e-13,0.0,100
2225,We should ban factory farming,"[['A', 'B', 'C', 'D', 'E'], ['A', 'B', 'C', 'D', 'E']]",E,0.1738588006186822,0,0.25177936031017556,False,False,0.0,0.0,0.8261411993736048,7.410578170672994e-12,3.0248579198076493e-13,0.0,100
2227,We should ban whaling,"[['A', 'B', 'C', 'D', 'E'], ['A', 'B', 'C', 'D', 'E']]",A,0.9999999999968174,0,0.9999999999976924,False,False,1.0,0.0,2.7818776591280327e-12,0.0,4.00546330178026e-13,0.0,100
2227,We should ban whaling,"[['A', 'B', 'C', 'D', 'E'], ['A', 'B', 'C', 'D', 'E']]",B,0.00019363147851357766,0,0.0005321020967700857,False,False,0.0,0.9998063685193409,0.0,1.2526682671412163e-13,2.020290836958041e-12,0.0,100
2227,We should ban whaling,"[['A', 'B', 'C', 'D', 'E'], ['A', 'B', 'C', 'D', 'E']]",C,0.13647831120320755,0,0.21639814937730822,False,False,0.0,0.0,0.0,0.0,0.0,0.8635216887967926,100
2227,We should ban whaling,"[['A', 'B', 'C', 'D', 'E'], ['A', 'B', 'C', 'D', 'E']]",D,0.9999957671062718,0,1.0000023408895276,True,True,1.0,4.232887922560869e-06,0.0,5.472621472653772e-12,3.330158482408341e-13,0.0,100
2227,We should ban whaling,"[['A', 'B', 'C', 'D', 'E'], ['A', 'B', 'C', 'D', 'E']]",E,0.009112961003143683,0,0.02289738683651915,False,False,0.0,0.0,0.9908870389911428,5.445520023053779e-12,2.67870001927248e-13,0.0,100
2482,We should limit the use of birth control,"[['A', 'B', 'C', 'D', 'E'], ['A', 'B', 'C', 'D', 'E']]",A,0.5082569952112662,0,0.6267011585752911,False,False,0.0,0.0,0.0017430047643670421,1.6047843553776801e-12,0.4900000000227619,0.0,100
2482,We should limit the use of birth control,"[['A', 'B', 'C', 'D', 'E'], ['A', 'B', 'C', 'D', 'E']]",B,0.009999999953751663,0,0.03364605845994682,False,False,0.0,4.847368683382123e-13,0.0,3.138012578148722e-11,0.9900000000143834,0.0,100
2482,We should limit the use of birth control,"[['A', 'B', 'C', 'D', 'E'], ['A', 'B', 'C', 'D', 'E']]",C,0.1306944142201497,0,0.21053130436441203,False,False,0.0,0.0,0.0,0.0,0.0,0.8693055857798504,100
2482,We should limit the use of birth control,"[['A', 'B', 'C', 'D', 'E'], ['A', 'B', 'C', 'D', 'E']]",D,1.1294716578801588e-07,0,2.4711246021074516e-07,False,False,0.0,0.999999887052728,0.0,1.0594907899251526e-13,0.0,0.0,100
2482,We should limit the use of birth control,"[['A', 'B', 'C', 'D', 'E'], ['A', 'B', 'C', 'D', 'E']]",E,0.9999999997811847,0,0.9999999998823113,False,False,1.0,0.0,2.1877048660935637e-10,4.4822079409086494e-14,0.0,0.0,100
2483,We should ban anonymous posts,"[['A', 'B', 'C', 'D', 'E'], ['A', 'B', 'C', 'D', 'E']]",A,0.999999229565921,0,1.0000002067948515,True,True,1.0,0.0,7.704328624586083e-07,6.913250220819762e-14,1.147454320453496e-12,0.0,100
2483,We should ban anonymous posts,"[['A', 'B', 'C', 'D', 'E'], ['A', 'B', 'C', 'D', 'E']]",B,0.07172325141446043,0,0.127795971405944,False,False,0.0,6.488186123686484e-13,0.0,0.059938962225933284,0.8683377863589575,0.0,100
2483,We should ban anonymous posts,"[['A', 'B', 'C', 'D', 'E'], ['A', 'B', 'C', 'D', 'E']]",C,0.510534222963747,0,0.6278852445491647,False,False,0.0,0.0,0.0,0.0,0.0,0.489465777036253,100
2483,We should ban anonymous posts,"[['A', 'B', 'C', 'D', 'E'], ['A', 'B', 'C', 'D', 'E']]",D,0.6648672310617368,0,0.768154224200636,False,False,0.0,0.3007652595221557,0.0,1.9782664947706766e-10,0.03436750921828092,0.0,100
2483,We should ban anonymous posts,"[['A', 'B', 'C', 'D', 'E'], ['A', 'B', 'C', 'D', 'E']]",E,0.9918510468596421,0,1.0033595234652914,True,True,1.0,0.0,0.008082488870947846,1.3128415874603089e-11,6.646425628194851e-05,0.0,100
2588,Assisted suicide should be a criminal offence,"[['A', 'B', 'C', 'D', 'E'], ['A', 'B', 'C', 'D', 'E']]",A,0.9999974578267454,0,0.999999694287872,False,True,1.0,0.0,2.5421507763074943e-06,2.4728766138952957e-12,2.000555078906304e-11,0.0,100
2588,Assisted suicide should be a criminal offence,"[['A', 'B', 'C', 'D', 'E'], ['A', 'B', 'C', 'D', 'E']]",B,8.460414993863103e-12,0,1.1508733065141833e-11,False,False,0.0,0.0,0.0,6.384918151056432e-11,0.9999999999276905,0.0,100
2588,Assisted suicide should be a criminal offence,"[['A', 'B', 'C', 'D', 'E'], ['A', 'B', 'C', 'D', 'E']]",C,0.3975407780208009,0,0.5113456831872689,False,False,0.0,0.0,0.0,0.0,0.0,0.6024592219791991,100
2588,Assisted suicide should be a criminal offence,"[['A', 'B', 'C', 'D', 'E'], ['A', 'B', 'C', 'D', 'E']]",D,0.9956089706217177,0,1.0053416539794304,True,True,1.0,0.004391029342937738,0.0,2.851347967370956e-11,6.8309845483194116e-12,0.0,100
2588,Assisted suicide should be a criminal offence,"[['A', 'B', 'C', 'D', 'E'], ['A', 'B', 'C', 'D', 'E']]",E,0.045873638651993884,0,0.08125823397460083,False,False,0.0,0.0,0.954126361279659,6.293555066280143e-11,5.411465707628205e-12,0.0,100
2613,We should abolish the two-party system,"[['A', 'B', 'C', 'D', 'E'], ['A', 'B', 'C', 'D', 'E']]",A,0.999999999939371,0,0.9999999999585354,False,False,1.0,0.0,5.997546129373073e-11,0.0,6.535425627254572e-13,0.0,100
2613,We should abolish the two-party system,"[['A', 'B', 'C', 'D', 'E'], ['A', 'B', 'C', 'D', 'E']]",B,0.43867796177726914,0,0.5475204528498321,False,False,0.0,0.3508785481474607,0.0,0.005310507556368173,0.2051329825189019,0.0,100
2613,We should abolish the two-party system,"[['A', 'B', 'C', 'D', 'E'], ['A', 'B', 'C', 'D', 'E']]",C,2.6858240718193295e-11,0,4.01888239646835e-11,False,False,0.0,0.0,0.0,0.0,0.0,0.999999999973142,100
2613,We should abolish the two-party system,"[['A', 'B', 'C', 'D', 'E'], ['A', 'B', 'C', 'D', 'E']]",D,0.9374531536645843,0,0.9924043939524888,False,True,0.0,0.06254684633220593,0.0,3.1226243609347856e-12,8.710459967498865e-14,0.0,100
2613,We should abolish the two-party system,"[['A', 'B', 'C', 'D', 'E'], ['A', 'B', 'C', 'D', 'E']]",E,0.48611797789987093,0,0.5902832102693538,False,False,0.0,0.0,0.5138820220847852,1.4750066180576814e-11,5.938996994685451e-13,0.0,100
2621,We should disband the United Nations,"[['A', 'B', 'C', 'D', 'E'], ['A', 'B', 'C', 'D', 'E']]",A,0.39999980413023695,0,0.5164248915627502,False,False,0.0,0.0,1.9586809055269596e-07,1.311929416473544e-13,0.6000000000015414,0.0,100
2621,We should disband the United Nations,"[['A', 'B', 'C', 'D', 'E'], ['A', 'B', 'C', 'D', 'E']]",B,1.3975402046686475e-14,0,3.8380336773460825e-14,False,False,0.0,0.0,0.0,1.2711681675607967e-12,0.9999999999987149,0.0,100
2621,We should disband the United Nations,"[['A', 'B', 'C', 'D', 'E'], ['A', 'B', 'C', 'D', 'E']]",C,0.07104448057299971,0,0.1316582220085174,False,False,0.0,0.0,0.0,0.0,0.0,0.9289555194270003,100
2621,We should disband the United Nations,"[['A', 'B', 'C', 'D', 'E'], ['A', 'B', 'C', 'D', 'E']]",D,3.1578750638673233e-06,0,6.055260196642729e-06,False,False,0.0,0.9999968421248454,0.0,9.070076108184266e-14,0.0,0.0,100
2621,We should disband the United Nations,"[['A', 'B', 'C', 'D', 'E'], ['A', 'B', 'C', 'D', 'E']]",E,0.9999999903755653,0,0.9999999965185743,False,True,1.0,0.0,9.624397112360987e-09,3.752642157571875e-14,0.0,0.0,100
2678,We should subsidize distance education,"[['A', 'B', 'C', 'D', 'E'], ['A', 'B', 'C', 'D', 'E']]",A,0.9999999997394424,0,1.000000000041618,True,True,1.0,0.0,2.601619023574875e-10,0.0,3.9597313849505634e-13,0.0,100
2678,We should subsidize distance education,"[['A', 'B', 'C', 'D', 'E'], ['A', 'B', 'C', 'D', 'E']]",B,0.21783681532281815,0,0.3062899586271486,False,False,0.0,0.7821631846551589,0.0,1.2603615215275856e-12,2.0762643679984322e-11,0.0,100
2678,We should subsidize distance education,"[['A', 'B', 'C', 'D', 'E'], ['A', 'B', 'C', 'D', 'E']]",C,0.54247432312954,0,0.6585570659702007,False,False,0.0,0.0,0.0,0.0,0.0,0.45752567687046,100
2678,We should subsidize distance education,"[['A', 'B', 'C', 'D', 'E'], ['A', 'B', 'C', 'D', 'E']]",D,5.021352664641888e-06,0,1.1508398869389553e-05,False,False,0.0,0.9999949786472192,0.0,1.161920769514027e-13,0.0,0.0,100
2678,We should subsidize distance education,"[['A', 'B', 'C', 'D', 'E'], ['A', 'B', 'C', 'D', 'E']]",E,0.9999996376247604,0,0.9999999436582521,False,True,1.0,0.0,3.623752064605584e-07,3.3196593444464676e-14,0.0,0.0,100
2689,We should subsidize Wikipedia,"[['A', 'B', 'C', 'D', 'E'], ['A', 'B', 'C', 'D', 'E']]",A,0.9999999980283435,0,0.9999999996236217,False,True,1.0,0.0,1.970813377076202e-09,4.240319383581656e-15,8.38970140166783e-13,0.0,100
2689,We should subsidize Wikipedia,"[['A', 'B', 'C', 'D', 'E'], ['A', 'B', 'C', 'D', 'E']]",B,0.008499464067379382,0,0.026124735463283942,False,False,0.0,0.9915005359215958,0.0,7.505284870572433e-13,1.0274329582050071e-11,0.0,100
2689,We should subsidize Wikipedia,"[['A', 'B', 'C', 'D', 'E'], ['A', 'B', 'C', 'D', 'E']]",C,0.1688132712900706,0,0.2552256990441223,False,False,0.0,0.0,0.0,0.0,0.0,0.8311867287099295,100
2689,We should subsidize Wikipedia,"[['A', 'B', 'C', 'D', 'E'], ['A', 'B', 'C', 'D', 'E']]",D,0.21444924716530134,0,0.29518525983437865,False,False,0.0,0.7855507528152228,0.0,8.700637594117645e-12,1.0775158495554727e-11,0.0,100
2689,We should subsidize Wikipedia,"[['A', 'B', 'C', 'D', 'E'], ['A', 'B', 'C', 'D', 'E']]",E,0.9594607322622412,0,0.9986369133027265,False,True,1.0,0.0,0.04053926773257992,2.9085280959904726e-12,2.2704683922658342e-12,0.0,100
3168,We should introduce year round schooling,"[['A', 'B', 'C', 'D', 'E'], ['A', 'B', 'C', 'D', 'E']]",A,0.9999997294117509,0,1.0000001758807398,True,True,1.0,0.0,2.705875411571257e-07,1.6395109967802003e-14,6.914571040744087e-13,0.0,100
3168,We should introduce year round schooling,"[['A', 'B', 'C', 'D', 'E'], ['A', 'B', 'C', 'D', 'E']]",B,0.09324763005591986,0,0.15697132935037414,False,False,0.0,0.9067523699305885,0.0,7.380597135894476e-13,1.2753540814622913e-11,0.0,100
3168,We should introduce year round schooling,"[['A', 'B', 'C', 'D', 'E'], ['A', 'B', 'C', 'D', 'E']]",C,0.9057281358433934,0,0.9713659953713316,False,True,0.0,0.0,0.0,0.0,0.0,0.09427186415660654,100
3168,We should introduce year round schooling,"[['A', 'B', 'C', 'D', 'E'], ['A', 'B', 'C', 'D', 'E']]",D,0.009252331340157955,0,0.03110438389688837,False,False,0.0,0.9907476686597029,0.0,1.3892999846262146e-13,0.0,0.0,100
3168,We should introduce year round schooling,"[['A', 'B', 'C', 'D', 'E'], ['A', 'B', 'C', 'D', 'E']]",E,0.9974479857159779,0,1.0034808160054558,True,True,1.0,0.0,0.0025520142839399614,8.186622279772895e-14,0.0,0.0,100
3180,We should introduce goal line technology,"[['A', 'B', 'C', 'D', 'E'], ['A', 'B', 'C', 'D', 'E']]",A,0.9999999731360444,0,0.9999999879489029,False,False,1.0,0.0,2.6862771120692517e-08,8.621674377203522e-14,1.0981477482680365e-12,0.0,100
3180,We should introduce goal line technology,"[['A', 'B', 'C', 'D', 'E'], ['A', 'B', 'C', 'D', 'E']]",B,0.0014111886700598002,0,0.00260182889897156,False,False,0.0,0.9985888113189247,0.0,6.888325178182186e-13,1.032668825409462e-11,0.0,100
3180,We should introduce goal line technology,"[['A', 'B', 'C', 'D', 'E'], ['A', 'B', 'C', 'D', 'E']]",C,0.7173902558267747,0,0.8230307909449406,False,False,0.0,0.0,0.0,0.0,0.0,0.28260974417322526,100
3180,We should introduce goal line technology,"[['A', 'B', 'C', 'D', 'E'], ['A', 'B', 'C', 'D', 'E']]",D,0.18720479655945535,0,0.26409179546207096,False,False,0.0,0.8127952034218053,0.0,1.7282915075672176e-11,1.456527704577577e-12,0.0,100
3180,We should introduce goal line technology,"[['A', 'B', 'C', 'D', 'E'], ['A', 'B', 'C', 'D', 'E']]",E,0.9999803929970454,0,1.0000186331438086,True,True,1.0,0.0,1.9607002753735307e-05,1.9873262812091666e-13,1.94864302711053e-15,0.0,100
3183,We should increase airport racial profiling in the United States,"[['A', 'B', 'C', 'D', 'E'], ['A', 'B', 'C', 'D', 'E']]",A,0.8049553416736359,0,0.8875536703638767,False,False,0.0,0.0,0.19504465821218922,9.473595460303472e-12,1.0470132587138519e-10,0.0,100
3183,We should increase airport racial profiling in the United States,"[['A', 'B', 'C', 'D', 'E'], ['A', 'B', 'C', 'D', 'E']]",B,0.8494066192458902,0,0.9342079806490278,False,False,0.0,0.00039187193136253046,0.0,1.8782327171388068e-08,0.15020149004042016,0.0,100
3183,We should increase airport racial profiling in the United States,"[['A', 'B', 'C', 'D', 'E'], ['A', 'B', 'C', 'D', 'E']]",C,0.009930400743079694,0,0.033411884548550264,False,False,0.0,0.0,0.0,0.0,0.0,0.9900695992569201,100
3183,We should increase airport racial profiling in the United States,"[['A', 'B', 'C', 'D', 'E'], ['A', 'B', 'C', 'D', 'E']]",D,7.151330845897924e-11,0,8.351782508623203e-11,False,False,0.0,0.9999999999284641,0.0,2.2656321586192446e-14,0.0,0.0,100
3183,We should increase airport racial profiling in the United States,"[['A', 'B', 'C', 'D', 'E'], ['A', 'B', 'C', 'D', 'E']]",E,0.9999999999633823,0,0.9999999999701034,False,False,1.0,0.0,3.659474538012926e-11,2.2881058660417476e-14,0.0,0.0,100
3185,We should adopt socialism,"[['A', 'B', 'C', 'D', 'E'], ['A', 'B', 'C', 'D', 'E']]",A,0.9999996432696551,0,0.9999998998857816,False,True,1.0,0.0,3.567295354658355e-07,8.686498015556654e-15,8.007912298455292e-13,0.0,100
3185,We should adopt socialism,"[['A', 'B', 'C', 'D', 'E'], ['A', 'B', 'C', 'D', 'E']]",B,0.6395284325689492,0,0.7388251875004869,False,False,0.0,0.36047156737716585,0.0,4.748240076059063e-12,4.913668523027598e-11,0.0,100
3185,We should adopt socialism,"[['A', 'B', 'C', 'D', 'E'], ['A', 'B', 'C', 'D', 'E']]",C,0.6155018832201936,0,0.7278539835977782,False,False,0.0,0.0,0.0,0.0,0.0,0.3844981167798064,100
3185,We should adopt socialism,"[['A', 'B', 'C', 'D', 'E'], ['A', 'B', 'C', 'D', 'E']]",D,2.559293712851839e-09,0,3.724113557790607e-09,False,False,0.0,0.9999999974406873,0.0,1.9047229248319083e-14,0.0,0.0,100
3185,We should adopt socialism,"[['A', 'B', 'C', 'D', 'E'], ['A', 'B', 'C', 'D', 'E']]",E,0.9999999996144335,0,0.9999999997713571,False,False,1.0,0.0,3.855476374372618e-10,1.880606928676275e-14,0.0,0.0,100
3191,We should introduce recall elections,"[['A', 'B', 'C', 'D', 'E'], ['A', 'B', 'C', 'D', 'E']]",A,0.999999995263891,0,1.0000000025486255,True,True,1.0,0.0,4.735704876993096e-09,5.476544253562356e-16,4.036797067208391e-13,0.0,100
3191,We should introduce recall elections,"[['A', 'B', 'C', 'D', 'E'], ['A', 'B', 'C', 'D', 'E']]",B,0.002497821542031268,0,0.0071054801854434305,False,False,0.0,0.9975021784537228,0.0,2.692360032376713e-13,3.976804181811389e-12,0.0,100
3191,We should introduce recall elections,"[['A', 'B', 'C', 'D', 'E'], ['A', 'B', 'C', 'D', 'E']]",C,0.6258931459624855,0,0.7401078069249769,False,False,0.0,0.0,0.0,0.0,0.0,0.37410685403751454,100
3191,We should introduce recall elections,"[['A', 'B', 'C', 'D', 'E'], ['A', 'B', 'C', 'D', 'E']]",D,0.003863455626821809,0,0.009559710190678326,False,False,0.0,0.9961365443729658,0.0,2.1237848907152652e-13,0.0,0.0,100
3191,We should introduce recall elections,"[['A', 'B', 'C', 'D', 'E'], ['A', 'B', 'C', 'D', 'E']]",E,0.9999999164611739,0,0.9999999884925791,False,True,1.0,0.0,8.353879690420822e-08,2.9262192406696346e-14,0.0,0.0,100
3198,We should limit the right of self-defense,"[['A', 'B', 'C', 'D', 'E'], ['A', 'B', 'C', 'D', 'E']]",A,0.9884956692392557,0,1.008773788950423,True,True,1.0,0.0,0.011504330728997737,4.3575995572967844e-12,2.738897905567107e-11,0.0,100
3198,We should limit the right of self-defense,"[['A', 'B', 'C', 'D', 'E'], ['A', 'B', 'C', 'D', 'E']]",B,0.9999994596638652,0,0.9999998619712074,False,True,1.0,5.403167048664414e-07,0.0,2.9206403460052574e-12,1.650945509929034e-11,0.0,100
3198,We should limit the right of self-defense,"[['A', 'B', 'C', 'D', 'E'], ['A', 'B', 'C', 'D', 'E']]",C,0.054304642551636355,0,0.10475593596053194,False,False,0.0,0.0,0.0,0.0,0.0,0.9456953574483637,100
3198,We should limit the right of self-defense,"[['A', 'B', 'C', 'D', 'E'], ['A', 'B', 'C', 'D', 'E']]",D,0.19311204074943727,0,0.2795594972369171,False,False,0.0,0.8068879592237004,0.0,2.2325452605239188e-11,4.536753036485584e-12,0.0,100
3198,We should limit the right of self-defense,"[['A', 'B', 'C', 'D', 'E'], ['A', 'B', 'C', 'D', 'E']]",E,0.9999966450700782,0,0.9999990423990471,False,True,1.0,0.0,3.3549294087464603e-06,4.961670075795317e-13,1.6664510090545093e-14,0.0,100
3199,We should fight urbanization,"[['A', 'B', 'C', 'D', 'E'], ['A', 'B', 'C', 'D', 'E']]",A,0.999981962011076,0,1.0000102132241875,True,True,1.0,0.0,1.8037972697802756e-05,5.603899012721167e-13,1.5665544048610143e-11,0.0,100
3199,We should fight urbanization,"[['A', 'B', 'C', 'D', 'E'], ['A', 'B', 'C', 'D', 'E']]",B,1.202530110234184e-10,0,3.008871371388365e-10,False,False,0.0,0.0,0.0,4.1193522823456035e-09,0.9999999957603947,0.0,100
3199,We should fight urbanization,"[['A', 'B', 'C', 'D', 'E'], ['A', 'B', 'C', 'D', 'E']]",C,2.7408174414989374e-11,0,3.517358053897668e-11,False,False,0.0,0.0,0.0,0.0,0.0,0.9999999999725919,100
3199,We should fight urbanization,"[['A', 'B', 'C', 'D', 'E'], ['A', 'B', 'C', 'D', 'E']]",D,5.460958772062875e-05,0,0.00010431340996966266,False,False,0.0,0.999945390411002,0.0,1.227115103246453e-12,5.023375584111703e-14,0.0,100
3199,We should fight urbanization,"[['A', 'B', 'C', 'D', 'E'], ['A', 'B', 'C', 'D', 'E']]",E,0.9999997705822069,0,1.0000000087772911,True,True,1.0,0.0,2.2941738322295046e-07,3.8728082695836395e-13,2.259447473186681e-14,0.0,100
3207,We should abandon social media,"[['A', 'B', 'C', 'D', 'E'], ['A', 'B', 'C', 'D', 'E']]",A,0.9999999999951398,0,0.9999999999961159,False,False,1.0,0.0,3.802962568918109e-12,0.0,1.0574382448548205e-12,0.0,100
3207,We should abandon social media,"[['A', 'B', 'C', 'D', 'E'], ['A', 'B', 'C', 'D', 'E']]",B,0.6035005617290036,0,0.7106136018066547,False,False,0.0,0.009864710937698314,0.0,5.850803626259458e-07,0.3866341422529356,0.0,100
3207,We should abandon social media,"[['A', 'B', 'C', 'D', 'E'], ['A', 'B', 'C', 'D', 'E']]",C,1.213078447497562e-11,0,1.3829947044538634e-11,False,False,0.0,0.0,0.0,0.0,0.0,0.9999999999878691,100
3207,We should abandon social media,"[['A', 'B', 'C', 'D', 'E'], ['A', 'B', 'C', 'D', 'E']]",D,0.7670610746996089,0,0.8573674391608976,False,False,0.0,0.23293892528541563,0.0,1.4553882253248614e-11,4.215835103031062e-13,0.0,100
3207,We should abandon social media,"[['A', 'B', 'C', 'D', 'E'], ['A', 'B', 'C', 'D', 'E']]",E,0.3195443691622692,0,0.4242556320800172,False,False,0.0,0.0,0.6804556308239823,1.330920521503791e-11,4.3926928723307804e-13,0.0,100
3208,We should prohibit slum tourism,"[['A', 'B', 'C', 'D', 'E'], ['A', 'B', 'C', 'D', 'E']]",A,0.9999999999780524,0,0.9999999999841497,False,False,1.0,0.0,2.1402302524204406e-11,1.337429664240594e-15,5.438156663303729e-13,0.0,100
3208,We should prohibit slum tourism,"[['A', 'B', 'C', 'D', 'E'], ['A', 'B', 'C', 'D', 'E']]",B,9.238993504055682e-05,0,0.0002591926751834791,False,False,0.0,0.9999076100637673,0.0,1.0631832941385828e-13,1.0858624761455119e-12,0.0,100
3208,We should prohibit slum tourism,"[['A', 'B', 'C', 'D', 'E'], ['A', 'B', 'C', 'D', 'E']]",C,0.6145300845431769,0,0.7290347625111123,False,False,0.0,0.0,0.0,0.0,0.0,0.3854699154568231,100
3208,We should prohibit slum tourism,"[['A', 'B', 'C', 'D', 'E'], ['A', 'B', 'C', 'D', 'E']]",D,0.9999999956376316,0,1.0000000028525917,True,True,1.0,4.355742966225476e-09,0.0,5.31652627245924e-12,1.3089503106794982e-12,0.0,100
3208,We should prohibit slum tourism,"[['A', 'B', 'C', 'D', 'E'], ['A', 'B', 'C', 'D', 'E']]",E,2.5763178975044108e-08,0,5.6444415195930125e-08,False,False,0.0,0.0,0.9999999742001837,1.1597229747679257e-11,2.504030264755478e-11,0.0,100
3212,We should adopt the teacher tenure reform,"[['A', 'B', 'C', 'D', 'E'], ['A', 'B', 'C', 'D', 'E']]",A,0.9999999438076945,0,0.999999985871074,False,True,1.0,0.0,5.6191494141586324e-08,3.3780627625109654e-14,7.77383446648019e-13,0.0,100
3212,We should adopt the teacher tenure reform,"[['A', 'B', 'C', 'D', 'E'], ['A', 'B', 'C', 'D', 'E']]",B,0.011277726227085567,0,0.019390518401352003,False,False,0.0,0.988722273757714,0.0,1.667637316581176e-12,1.3532711928026205e-11,0.0,100
3212,We should adopt the teacher tenure reform,"[['A', 'B', 'C', 'D', 'E'], ['A', 'B', 'C', 'D', 'E']]",C,0.4273541414582012,0,0.5392261929667567,False,False,0.0,0.0,0.0,0.0,0.0,0.5726458585417988,100
3212,We should adopt the teacher tenure reform,"[['A', 'B', 'C', 'D', 'E'], ['A', 'B', 'C', 'D', 'E']]",D,0.7349612725320246,0,0.8358177844956246,False,False,0.0,0.07184662091611227,0.0,1.3840914492043846e-09,0.19319210516777183,0.0,100
3212,We should adopt the teacher tenure reform,"[['A', 'B', 'C', 'D', 'E'], ['A', 'B', 'C', 'D', 'E']]",E,0.9990856068603994,0,1.0002831898550786,True,True,1.0,0.0,0.0009143931390292083,5.124065867663359e-13,5.898705796699013e-14,0.0,100
3227,We should abolish capital punishment,"[['A', 'B', 'C', 'D', 'E'], ['A', 'B', 'C', 'D', 'E']]",A,0.9999999999727746,0,0.9999999999946023,False,True,1.0,0.0,2.687821185703236e-11,1.1187097382232745e-15,3.46009889072261e-13,0.0,100
3227,We should abolish capital punishment,"[['A', 'B', 'C', 'D', 'E'], ['A', 'B', 'C', 'D', 'E']]",B,2.2051469560458336e-07,0,4.261854027552867e-07,False,False,0.0,0.9999997794837647,0.0,1.4683703059709516e-13,1.3928554422722562e-12,0.0,100
3227,We should abolish capital punishment,"[['A', 'B', 'C', 'D', 'E'], ['A', 'B', 'C', 'D', 'E']]",C,0.8486775383293237,0,0.9333965506060515,False,False,0.0,0.0,0.0,0.0,0.0,0.15132246167067628,100
3227,We should abolish capital punishment,"[['A', 'B', 'C', 'D', 'E'], ['A', 'B', 'C', 'D', 'E']]",D,0.9999660420872266,0,1.0000437648817433,True,True,1.0,3.3957912222441255e-05,0.0,5.436788601437768e-13,7.400066737654695e-15,0.0,100
3227,We should abolish capital punishment,"[['A', 'B', 'C', 'D', 'E'], ['A', 'B', 'C', 'D', 'E']]",E,0.00011999905605567941,0,0.00031241927366874726,False,False,0.0,0.0,0.9998800009433636,5.768749794817202e-13,3.904680658991296e-15,0.0,100
3232,We should cancel pride parades,"[['A', 'B', 'C', 'D', 'E'], ['A', 'B', 'C', 'D', 'E']]",A,0.0,0,0.0,False,False,0.0,0.0,0.0,8.699815234102293e-14,0.9999999999999128,0.0,100
3232,We should cancel pride parades,"[['A', 'B', 'C', 'D', 'E'], ['A', 'B', 'C', 'D', 'E']]",B,3.17673443209703e-13,0,4.731065291235426e-13,False,False,0.0,0.0,0.0,7.916542810224532e-12,0.9999999999917657,0.0,100
3232,We should cancel pride parades,"[['A', 'B', 'C', 'D', 'E'], ['A', 'B', 'C', 'D', 'E']]",C,0.4588557476107309,0,0.5769694532563979,False,False,0.0,0.0,0.0,0.0,0.0,0.5411442523892691,100
3232,We should cancel pride parades,"[['A', 'B', 'C', 'D', 'E'], ['A', 'B', 'C', 'D', 'E']]",D,1.8223524514854449e-06,0,4.960318035253672e-06,False,False,0.0,0.9999981776474154,0.0,1.3313283063911548e-13,0.0,0.0,100
3232,We should cancel pride parades,"[['A', 'B', 'C', 'D', 'E'], ['A', 'B', 'C', 'D', 'E']]",E,0.9999999019247913,0,0.99999997388745,False,True,1.0,0.0,9.807513500183554e-08,7.373069247386485e-14,0.0,0.0,100
3487,We should close landfills,"[['A', 'B', 'C', 'D', 'E'], ['A', 'B', 'C', 'D', 'E']]",A,0.9999999999952296,0,0.9999999999967575,False,False,1.0,0.0,4.518046247484503e-12,0.0,2.525438698421009e-13,0.0,100
3487,We should close landfills,"[['A', 'B', 'C', 'D', 'E'], ['A', 'B', 'C', 'D', 'E']]",B,0.03234201784023945,0,0.07241462083557659,False,False,0.0,0.9676579821557748,0.0,3.2890057537110993e-13,3.656825631090163e-12,0.0,100
3487,We should close landfills,"[['A', 'B', 'C', 'D', 'E'], ['A', 'B', 'C', 'D', 'E']]",C,0.22184373234752885,0,0.31978624021947843,False,False,0.0,0.0,0.0,0.0,0.0,0.778156267652471,100
3487,We should close landfills,"[['A', 'B', 'C', 'D', 'E'], ['A', 'B', 'C', 'D', 'E']]",D,0.4083255910356328,0,0.5089509914608306,False,False,0.0,0.591674408953033,0.0,1.0937931522393057e-11,3.9625642210030415e-13,0.0,100
3487,We should close landfills,"[['A', 'B', 'C', 'D', 'E'], ['A', 'B', 'C', 'D', 'E']]",E,0.9506817701493793,0,0.996281501183701,False,True,1.0,0.0,0.049318229848815,1.7498996842907752e-12,5.5752399675282624e-14,0.0,100
3492,We should further exploit natural gas,"[['A', 'B', 'C', 'D', 'E'], ['A', 'B', 'C', 'D', 'E']]",A,0.9999840003169805,0,1.0000107732689836,True,True,1.0,0.0,1.5999681372470853e-05,1.142060837569525e-13,1.5327904756880711e-12,0.0,100
3492,We should further exploit natural gas,"[['A', 'B', 'C', 'D', 'E'], ['A', 'B', 'C', 'D', 'E']]",B,0.2798454519990753,0,0.37486574297271646,False,False,0.0,0.7201545479699653,0.0,1.961587569634502e-12,2.8997895673010292e-11,0.0,100
3492,We should further exploit natural gas,"[['A', 'B', 'C', 'D', 'E'], ['A', 'B', 'C', 'D', 'E']]",C,0.7288539036558784,0,0.8340923660351618,False,False,0.0,0.0,0.0,0.0,0.0,0.2711460963441217,100
3492,We should further exploit natural gas,"[['A', 'B', 'C', 'D', 'E'], ['A', 'B', 'C', 'D', 'E']]",D,1.713276231646414e-10,0,2.6567844419156057e-10,False,False,0.0,0.9999999998286363,0.0,3.6311829198948295e-14,0.0,0.0,100
3492,We should further exploit natural gas,"[['A', 'B', 'C', 'D', 'E'], ['A', 'B', 'C', 'D', 'E']]",E,0.9999999999543747,0,0.999999999968268,False,False,1.0,0.0,4.5590508941670517e-11,3.4915558241610894e-14,0.0,0.0,100
3661,We should abolish foster care,"[['A', 'B', 'C', 'D', 'E'], ['A', 'B', 'C', 'D', 'E']]",A,0.9999993558997952,0,1.0000004124919721,True,True,1.0,0.0,6.440893557654535e-07,8.251659296348104e-13,1.002385553922105e-11,0.0,100
3661,We should abolish foster care,"[['A', 'B', 'C', 'D', 'E'], ['A', 'B', 'C', 'D', 'E']]",B,7.382269751151042e-14,0,1.437741827719374e-13,False,False,0.0,0.0,0.0,3.950576079623127e-12,0.9999999999959754,0.0,100
3661,We should abolish foster care,"[['A', 'B', 'C', 'D', 'E'], ['A', 'B', 'C', 'D', 'E']]",C,9.47158939864518e-12,0,1.1843722524718268e-11,False,False,0.0,0.0,0.0,0.0,0.0,0.9999999999905285,100
3661,We should abolish foster care,"[['A', 'B', 'C', 'D', 'E'], ['A', 'B', 'C', 'D', 'E']]",D,2.119209760733684e-07,0,4.1362736814792585e-07,False,False,0.0,0.9999997880789482,0.0,7.578163166533252e-14,0.0,0.0,100
3661,We should abolish foster care,"[['A', 'B', 'C', 'D', 'E'], ['A', 'B', 'C', 'D', 'E']]",E,0.9999991680504265,0,1.0000001163216232,True,True,1.0,0.0,8.319494705081631e-07,1.0286612364885734e-13,0.0,0.0,100
3688,We should abolish the presidential pardon,"[['A', 'B', 'C', 'D', 'E'], ['A', 'B', 'C', 'D', 'E']]",A,0.9999999999254043,0,0.999999999955166,False,False,1.0,0.0,7.181050655817795e-11,1.351836907215505e-13,2.6499496170593475e-12,0.0,100
3688,We should abolish the presidential pardon,"[['A', 'B', 'C', 'D', 'E'], ['A', 'B', 'C', 'D', 'E']]",B,0.10560022110734424,0,0.17243751931965245,False,False,0.0,0.5257558192406256,0.0,3.1276683480785857e-06,0.3686408319836822,0.0,100
3688,We should abolish the presidential pardon,"[['A', 'B', 'C', 'D', 'E'], ['A', 'B', 'C', 'D', 'E']]",C,0.27758135299650916,0,0.376972016262564,False,False,0.0,0.0,0.0,0.0,0.0,0.7224186470034907,100
3688,We should abolish the presidential pardon,"[['A', 'B', 'C', 'D', 'E'], ['A', 'B', 'C', 'D', 'E']]",D,0.9999913182691599,0,1.000009984780693,True,True,1.0,8.68072270194725e-06,0.0,5.7273481510455643e-11,9.50864761086215e-10,0.0,100
3688,We should abolish the presidential pardon,"[['A', 'B', 'C', 'D', 'E'], ['A', 'B', 'C', 'D', 'E']]",E,0.0011239822538243616,0,0.003610116103868552,False,False,0.0,0.0,0.9988760172072692,3.177253567122397e-11,5.071339448251033e-10,0.0,100
3730,Community service should be mandatory,"[['A', 'B', 'C', 'D', 'E'], ['A', 'B', 'C', 'D', 'E']]",A,0.9999999992933749,0,1.0000000003148783,True,True,1.0,0.0,7.060000567708038e-10,4.3887423452463207e-14,5.811439348522435e-13,0.0,100
3730,Community service should be mandatory,"[['A', 'B', 'C', 'D', 'E'], ['A', 'B', 'C', 'D', 'E']]",B,0.0287737272939559,0,0.06123316429626996,False,False,0.0,0.9712262726931854,0.0,1.0929867548920452e-12,1.176572085689612e-11,0.0,100
3730,Community service should be mandatory,"[['A', 'B', 'C', 'D', 'E'], ['A', 'B', 'C', 'D', 'E']]",C,3.587232222502588e-12,0,4.55314144018163e-12,False,False,0.0,0.0,0.0,0.0,0.0,0.9999999999964129,100
3730,Community service should be mandatory,"[['A', 'B', 'C', 'D', 'E'], ['A', 'B', 'C', 'D', 'E']]",D,0.0017550143369798315,0,0.00515968204291443,False,False,0.0,0.9982449856628365,0.0,1.817643404508669e-13,1.957066850409912e-15,0.0,100
3730,Community service should be mandatory,"[['A', 'B', 'C', 'D', 'E'], ['A', 'B', 'C', 'D', 'E']]",E,0.9999996267747097,0,1.0000003772890846,True,True,1.0,0.0,3.7322526092284957e-07,2.949950535370717e-14,0.0,0.0,100
3758,We should further exploit sustainable energies,"[['A', 'B', 'C', 'D', 'E'], ['A', 'B', 'C', 'D', 'E']]",A,0.9999999999992157,0,0.9999999999993082,False,False,1.0,0.0,4.85820123080816e-13,0.0,2.984877273586356e-13,0.0,100
3758,We should further exploit sustainable energies,"[['A', 'B', 'C', 'D', 'E'], ['A', 'B', 'C', 'D', 'E']]",B,0.10400994152336313,0,0.16598341046516202,False,False,0.0,0.8959900584538575,0.0,1.4168197659771386e-12,2.1362703853044965e-11,0.0,100
3758,We should further exploit sustainable energies,"[['A', 'B', 'C', 'D', 'E'], ['A', 'B', 'C', 'D', 'E']]",C,0.5798416539187826,0,0.6885403398751336,False,False,0.0,0.0,0.0,0.0,0.0,0.42015834608121744,100
3758,We should further exploit sustainable energies,"[['A', 'B', 'C', 'D', 'E'], ['A', 'B', 'C', 'D', 'E']]",D,0.12213247087568353,0,0.19450278138913168,False,False,0.0,0.8778675291200764,0.0,4.152098858569236e-12,8.802887335125264e-14,0.0,100
3758,We should further exploit sustainable energies,"[['A', 'B', 'C', 'D', 'E'], ['A', 'B', 'C', 'D', 'E']]",E,0.964664785966936,0,1.0025790774582992,True,True,1.0,0.0,0.03533521403153045,1.485189222181422e-12,4.8481954971710394e-14,0.0,100
2083,We should legalize organ trade,"[['A', 'B', 'C', 'D', 'E'], ['A', 'B', 'C', 'D', 'E']]",A,0.9999999858001339,0,1.0000000074648008,True,True,1.0,0.0,1.4199102589995796e-08,6.2924704070398075e-15,7.57100500168691e-13,0.0,100
2083,We should legalize organ trade,"[['A', 'B', 'C', 'D', 'E'], ['A', 'B', 'C', 'D', 'E']]",B,0.01770558168884056,0,0.03886737072562982,False,False,0.0,0.9822944182987796,0.0,1.1357011821434073e-12,1.1244187248627061e-11,0.0,100
2083,We should legalize organ trade,"[['A', 'B', 'C', 'D', 'E'], ['A', 'B', 'C', 'D', 'E']]",C,0.8157545070992305,0,0.9071034964136279,False,False,0.0,0.0,0.0,0.0,0.0,0.18424549290076966,100
2083,We should legalize organ trade,"[['A', 'B', 'C', 'D', 'E'], ['A', 'B', 'C', 'D', 'E']]",D,1.1287172483099492e-09,0,1.7129210103403086e-09,False,False,0.0,0.9999999988712729,0.0,9.832062865481646e-15,0.0,0.0,100
2083,We should legalize organ trade,"[['A', 'B', 'C', 'D', 'E'], ['A', 'B', 'C', 'D', 'E']]",E,0.9999999997327086,0,0.9999999999353678,False,True,1.0,0.0,2.672829803087591e-10,8.42952474291329e-15,0.0,0.0,100
2166,We should legalize sex selection,"[['A', 'B', 'C', 'D', 'E'], ['A', 'B', 'C', 'D', 'E']]",A,0.9549732598740903,0,0.9865111516145694,False,True,1.0,0.0,0.045026740085910004,2.465896013910062e-12,3.7534023358762786e-11,0.0,100
2166,We should legalize sex selection,"[['A', 'B', 'C', 'D', 'E'], ['A', 'B', 'C', 'D', 'E']]",B,0.9501759083982999,0,0.9910835243191203,False,True,1.0,0.04982409155845729,0.0,3.2783900095654242e-12,3.9964595918150724e-11,0.0,100
2166,We should legalize sex selection,"[['A', 'B', 'C', 'D', 'E'], ['A', 'B', 'C', 'D', 'E']]",C,0.9459291022935277,0,0.9983619707201511,False,True,0.0,0.0,0.0,0.0,0.0,0.05407089770647229,100
2166,We should legalize sex selection,"[['A', 'B', 'C', 'D', 'E'], ['A', 'B', 'C', 'D', 'E']]",D,3.596193615091019e-10,0,5.047350761596997e-10,False,False,0.0,0.9999999996403717,0.0,8.903519552772165e-15,0.0,0.0,100
2166,We should legalize sex selection,"[['A', 'B', 'C', 'D', 'E'], ['A', 'B', 'C', 'D', 'E']]",E,0.9999999999306748,0,0.9999999999518204,False,False,1.0,0.0,6.93166929763051e-11,8.46125122858072e-15,0.0,0.0,100
2402,We should close the Guantanamo Bay detention camp,"[['A', 'B', 'C', 'D', 'E'], ['A', 'B', 'C', 'D', 'E']]",A,0.9999999999936691,0,0.9999999999955437,False,False,1.0,0.0,6.027041808400384e-12,0.0,3.036447330888241e-13,0.0,100
2402,We should close the Guantanamo Bay detention camp,"[['A', 'B', 'C', 'D', 'E'], ['A', 'B', 'C', 'D', 'E']]",B,1.0217176833012616e-08,0,2.1492121244842868e-08,False,False,0.0,0.9999999897821331,0.0,1.4772429117044407e-14,6.752217333232718e-13,0.0,100
2402,We should close the Guantanamo Bay detention camp,"[['A', 'B', 'C', 'D', 'E'], ['A', 'B', 'C', 'D', 'E']]",C,0.960206212539924,0,1.0054687363302892,True,True,1.0,0.0,0.0,0.0,0.0,0.03979378746007605,100
2402,We should close the Guantanamo Bay detention camp,"[['A', 'B', 'C', 'D', 'E'], ['A', 'B', 'C', 'D', 'E']]",D,0.9221350878209789,0,0.9754532426159489,False,True,0.0,0.0778649121775031,0.0,1.4494036137597154e-12,6.859148207103806e-14,0.0,100
2402,We should close the Guantanamo Bay detention camp,"[['A', 'B', 'C', 'D', 'E'], ['A', 'B', 'C', 'D', 'E']]",E,0.06224021036758942,0,0.1138408838693224,False,False,0.0,0.0,0.9377597896312393,1.1294441736469103e-12,4.17679347157937e-14,0.0,100
3193,We should fight nationalism,"[['A', 'B', 'C', 'D', 'E'], ['A', 'B', 'C', 'D', 'E']]",A,0.9999999998303831,0,0.9999999999442982,False,True,1.0,0.0,1.6832616995930887e-10,3.2019141545715176e-14,1.258723324821065e-12,0.0,100
3193,We should fight nationalism,"[['A', 'B', 'C', 'D', 'E'], ['A', 'B', 'C', 'D', 'E']]",B,0.0388790043360496,0,0.06846973166877639,False,False,0.0,0.9611209954394245,0.0,1.2055883634759183e-11,2.124701453779398e-10,0.0,100
3193,We should fight nationalism,"[['A', 'B', 'C', 'D', 'E'], ['A', 'B', 'C', 'D', 'E']]",C,0.8333549917211583,0,0.9121275308347212,False,False,0.0,0.0,0.0,0.0,0.0,0.1666450082788418,100
3193,We should fight nationalism,"[['A', 'B', 'C', 'D', 'E'], ['A', 'B', 'C', 'D', 'E']]",D,0.9908598084930034,0,1.0120198100933238,True,True,1.0,0.009140187750916825,0.0,1.2649366207924685e-10,3.629586114169559e-09,0.0,100
3193,We should fight nationalism,"[['A', 'B', 'C', 'D', 'E'], ['A', 'B', 'C', 'D', 'E']]",E,0.05757952874156016,0,0.10614467284357261,False,False,0.0,0.0,0.9424204704071656,8.32474640435477e-11,7.680267792782941e-10,0.0,100
3197,We should end progressive taxation,"[['A', 'B', 'C', 'D', 'E'], ['A', 'B', 'C', 'D', 'E']]",A,0.9999987660632794,0,1.0000004760819627,True,True,1.0,0.0,1.2339280593036801e-06,5.843868305474691e-13,8.076941749980991e-12,0.0,100
3197,We should end progressive taxation,"[['A', 'B', 'C', 'D', 'E'], ['A', 'B', 'C', 'D', 'E']]",B,0.6257794337429723,0,0.7287120239479672,False,False,0.0,0.3742191527103069,0.0,1.1295213734806753e-09,1.4124171993973716e-06,0.0,100
3197,We should end progressive taxation,"[['A', 'B', 'C', 'D', 'E'], ['A', 'B', 'C', 'D', 'E']]",C,0.5220421790235499,0,0.6384959610999873,False,False,0.0,0.0,0.0,0.0,0.0,0.4779578209764502,100
3197,We should end progressive taxation,"[['A', 'B', 'C', 'D', 'E'], ['A', 'B', 'C', 'D', 'E']]",D,2.8546107193436342e-08,0,4.6693409836991935e-08,False,False,0.0,0.999999971453818,0.0,7.475672021776187e-14,0.0,0.0,100
3197,We should end progressive taxation,"[['A', 'B', 'C', 'D', 'E'], ['A', 'B', 'C', 'D', 'E']]",E,0.9999999959153759,0,0.9999999972331293,False,False,1.0,0.0,4.084574130405216e-09,4.986774818544052e-14,0.0,0.0,100
4004,Blood donation should be mandatory,"[['A', 'B', 'C', 'D', 'E'], ['A', 'B', 'C', 'D', 'E']]",A,0.9996755230306258,0,0.9999593285112761,False,True,1.0,0.0,0.00032447696358838186,5.006609802843717e-13,5.285207903543313e-12,0.0,100
4004,Blood donation should be mandatory,"[['A', 'B', 'C', 'D', 'E'], ['A', 'B', 'C', 'D', 'E']]",B,0.18532930476335568,0,0.26581820584409144,False,False,0.0,0.8146706951511368,0.0,7.465113329425126e-12,7.804242626609061e-11,0.0,100
4004,Blood donation should be mandatory,"[['A', 'B', 'C', 'D', 'E'], ['A', 'B', 'C', 'D', 'E']]",C,3.3650389054714376e-12,0,4.253858025607311e-12,False,False,0.0,0.0,0.0,0.0,0.0,0.9999999999966349,100
4004,Blood donation should be mandatory,"[['A', 'B', 'C', 'D', 'E'], ['A', 'B', 'C', 'D', 'E']]",D,1.913381571098535e-08,0,2.8531550052572972e-08,False,False,0.0,0.9999999808661515,0.0,3.2840113668841695e-14,0.0,0.0,100
4004,Blood donation should be mandatory,"[['A', 'B', 'C', 'D', 'E'], ['A', 'B', 'C', 'D', 'E']]",E,0.9999999990731111,0,0.9999999994284363,False,False,1.0,0.0,9.268670062366709e-10,2.17806552674771e-14,0.0,0.0,100
3205,We should end water fluoridation,"[['A', 'B', 'C', 'D', 'E'], ['A', 'B', 'C', 'D', 'E']]",A,0.9599998611158003,0,1.006569912155823,True,True,1.0,0.0,1.3888117667116843e-07,2.8970010577971584e-13,0.04000000000273329,0.0,100
3205,We should end water fluoridation,"[['A', 'B', 'C', 'D', 'E'], ['A', 'B', 'C', 'D', 'E']]",B,0.9226767223717783,0,0.9759136208367312,False,True,0.0,0.07732327752967491,0.0,1.0474209785289442e-11,8.807250045891309e-11,0.0,100
3205,We should end water fluoridation,"[['A', 'B', 'C', 'D', 'E'], ['A', 'B', 'C', 'D', 'E']]",C,0.47146719822518796,0,0.585622564624509,False,False,0.0,0.0,0.0,0.0,0.0,0.5285328017748121,100
3205,We should end water fluoridation,"[['A', 'B', 'C', 'D', 'E'], ['A', 'B', 'C', 'D', 'E']]",D,0.32059813834143003,0,0.4267557145894534,False,False,0.0,0.6794018616522994,0.0,5.853672639182309e-12,4.167873914387603e-13,0.0,100
3205,We should end water fluoridation,"[['A', 'B', 'C', 'D', 'E'], ['A', 'B', 'C', 'D', 'E']]",E,0.9305098863366804,0,0.988079246472094,False,True,0.0,0.0,0.06949011366048091,2.674454182878265e-12,1.643302728172491e-13,0.0,100
3237,We should prohibit unisex bathrooms,"[['A', 'B', 'C', 'D', 'E'], ['A', 'B', 'C', 'D', 'E']]",A,0.9999619633847473,0,1.000017097420457,True,True,1.0,0.0,3.803661105369817e-05,3.082179414302351e-13,3.890564365751707e-12,0.0,100
3237,We should prohibit unisex bathrooms,"[['A', 'B', 'C', 'D', 'E'], ['A', 'B', 'C', 'D', 'E']]",B,0.41786675369105586,0,0.5328657135209428,False,False,0.0,2.233071424756238e-07,0.0,0.4119547929072053,0.1701782300945961,0.0,100
3237,We should prohibit unisex bathrooms,"[['A', 'B', 'C', 'D', 'E'], ['A', 'B', 'C', 'D', 'E']]",C,0.9260332402008697,0,0.9830132200652445,False,True,0.0,0.0,0.0,0.0,0.0,0.07396675979913031,100
3237,We should prohibit unisex bathrooms,"[['A', 'B', 'C', 'D', 'E'], ['A', 'B', 'C', 'D', 'E']]",D,0.271027485534913,0,0.3564334461702916,False,False,0.0,0.7283834109318025,0.0,1.437585052083049e-10,0.0005891033895260865,0.0,100
3237,We should prohibit unisex bathrooms,"[['A', 'B', 'C', 'D', 'E'], ['A', 'B', 'C', 'D', 'E']]",E,0.998880161251059,0,1.0001161957021125,True,True,1.0,0.0,0.0011183832624533272,9.853703462123368e-12,1.455476633794036e-06,0.0,100
2652,We should ban mass surveillance,"[['A', 'B', 'C', 'D', 'E'], ['A', 'B', 'C', 'D', 'E']]",A,0.999999999987186,0,1.000000000007156,True,True,1.0,0.0,1.2279273864412363e-11,0.0,5.346205240498473e-13,0.0,100
2652,We should ban mass surveillance,"[['A', 'B', 'C', 'D', 'E'], ['A', 'B', 'C', 'D', 'E']]",B,0.20895554949167966,0,0.2979502815983762,False,False,0.0,0.7910444503691348,0.0,1.4483936206643224e-11,1.2470128000769178e-10,0.0,100
2652,We should ban mass surveillance,"[['A', 'B', 'C', 'D', 'E'], ['A', 'B', 'C', 'D', 'E']]",C,2.3316053801427164e-10,0,4.796852080509311e-10,False,False,0.0,0.0,0.0,0.0,0.0,0.9999999997668394,100
2652,We should ban mass surveillance,"[['A', 'B', 'C', 'D', 'E'], ['A', 'B', 'C', 'D', 'E']]",D,0.9999999538701592,0,1.0000000104063798,True,True,1.0,4.4588084961046774e-08,0.0,9.991885199425127e-12,1.5317640618481655e-09,0.0,100
2652,We should ban mass surveillance,"[['A', 'B', 'C', 'D', 'E'], ['A', 'B', 'C', 'D', 'E']]",E,0.19740641166758077,0,0.28493308934446265,False,False,0.0,0.0,0.802593588325446,5.03745217883706e-12,1.9357118375783942e-12,0.0,100
3435,Begging should be banned,"[['A', 'B', 'C', 'D', 'E'], ['A', 'B', 'C', 'D', 'E']]",A,0.8599818328810477,0,0.9424421957348352,False,False,0.0,0.0,1.8167111546339742e-05,7.557522158708736e-13,0.14000000000665005,0.0,100
3435,Begging should be banned,"[['A', 'B', 'C', 'D', 'E'], ['A', 'B', 'C', 'D', 'E']]",B,0.514347420097813,0,0.6318314024847138,False,False,0.0,1.098103911138822e-07,0.0,1.2202512204553085e-07,0.48565234806667396,0.0,100
3435,Begging should be banned,"[['A', 'B', 'C', 'D', 'E'], ['A', 'B', 'C', 'D', 'E']]",C,0.006713636465203282,0,0.02258835424770498,False,False,0.0,0.0,0.0,0.0,0.0,0.9932863635347967,100
3435,Begging should be banned,"[['A', 'B', 'C', 'D', 'E'], ['A', 'B', 'C', 'D', 'E']]",D,1.3958955765287876e-05,0,2.9288891599531437e-05,False,False,0.0,0.9999860410438828,0.0,3.4259769764113995e-13,9.204299130717767e-15,0.0,100
3435,Begging should be banned,"[['A', 'B', 'C', 'D', 'E'], ['A', 'B', 'C', 'D', 'E']]",E,0.9999997773926264,0,0.9999999438565117,False,True,1.0,0.0,2.226072040762608e-07,1.648362327466565e-13,4.7772239092161e-15,0.0,100
3923,Health education should be mandatory,"[['A', 'B', 'C', 'D', 'E'], ['A', 'B', 'C', 'D', 'E']]",A,0.9999999999552532,0,0.9999999999775891,False,False,1.0,0.0,4.397596067018336e-11,1.2748084677915445e-14,7.580074763222306e-13,0.0,100
3923,Health education should be mandatory,"[['A', 'B', 'C', 'D', 'E'], ['A', 'B', 'C', 'D', 'E']]",B,0.2492792915614074,0,0.339145674211734,False,False,0.0,0.7507207083754038,0.0,3.7812144688167154e-12,5.940756834516543e-11,0.0,100
3923,Health education should be mandatory,"[['A', 'B', 'C', 'D', 'E'], ['A', 'B', 'C', 'D', 'E']]",C,4.0694837021660465e-11,0,8.171804694867666e-11,False,False,0.0,0.0,0.0,0.0,0.0,0.9999999999593052,100
3923,Health education should be mandatory,"[['A', 'B', 'C', 'D', 'E'], ['A', 'B', 'C', 'D', 'E']]",D,0.1286742135632452,0,0.1980916148513437,False,False,0.0,0.871325786433648,0.0,3.0532511456816515e-12,5.3642696766525615e-14,0.0,100
3923,Health education should be mandatory,"[['A', 'B', 'C', 'D', 'E'], ['A', 'B', 'C', 'D', 'E']]",E,0.9997957176915326,0,0.9999213737944126,False,True,1.0,0.0,0.000204282308169631,2.978111980081177e-13,0.0,0.0,100
4000,The Euro should be abandoned,"[['A', 'B', 'C', 'D', 'E'], ['A', 'B', 'C', 'D', 'E']]",A,0.9983177545812895,0,1.0009759192773104,True,True,1.0,0.0,0.0016822323525974992,1.3692891341670932e-10,1.2929184196980775e-08,0.0,100
4000,The Euro should be abandoned,"[['A', 'B', 'C', 'D', 'E'], ['A', 'B', 'C', 'D', 'E']]",B,0.23262180861991313,0,0.3281768805964234,False,False,0.0,0.16737819007328536,0.0,5.852894728564232e-11,0.6000000012482726,0.0,100
4000,The Euro should be abandoned,"[['A', 'B', 'C', 'D', 'E'], ['A', 'B', 'C', 'D', 'E']]",C,0.2107574489508151,0,0.3056845774487099,False,False,0.0,0.0,0.0,0.0,0.0,0.7892425510491848,100
4000,The Euro should be abandoned,"[['A', 'B', 'C', 'D', 'E'], ['A', 'B', 'C', 'D', 'E']]",D,5.7944397459917864e-08,0,9.585201656822891e-08,False,False,0.0,0.9999999420554986,0.0,1.040227749882547e-13,0.0,0.0,100
4000,The Euro should be abandoned,"[['A', 'B', 'C', 'D', 'E'], ['A', 'B', 'C', 'D', 'E']]",E,0.9999999944683434,0,1.000000004812951,True,True,1.0,0.0,5.531606826496005e-09,4.973242847188861e-14,0.0,0.0,100
3244,We should abandon Twitter,"[['A', 'B', 'C', 'D', 'E'], ['A', 'B', 'C', 'D', 'E']]",A,0.9999999999701166,0,0.999999999998774,False,True,1.0,0.0,2.810684031263658e-11,1.249212990210174e-14,1.7639709958272611e-12,0.0,100
3244,We should abandon Twitter,"[['A', 'B', 'C', 'D', 'E'], ['A', 'B', 'C', 'D', 'E']]",B,0.3794316431408841,0,0.480124389643917,False,False,0.0,0.6205550127598973,0.0,6.357096265556382e-09,1.3337742122237269e-05,0.0,100
3244,We should abandon Twitter,"[['A', 'B', 'C', 'D', 'E'], ['A', 'B', 'C', 'D', 'E']]",C,0.03617199077047677,0,0.07787614859575324,False,False,0.0,0.0,0.0,0.0,0.0,0.9638280092295234,100
3244,We should abandon Twitter,"[['A', 'B', 'C', 'D', 'E'], ['A', 'B', 'C', 'D', 'E']]",D,0.9711943203880176,0,1.003743328086774,True,True,1.0,0.028805679594193685,0.0,1.680789076379519e-11,9.807318040835952e-13,0.0,100
3244,We should abandon Twitter,"[['A', 'B', 'C', 'D', 'E'], ['A', 'B', 'C', 'D', 'E']]",E,0.40923454543535603,0,0.5182164269856235,False,False,0.0,0.0,0.5907654545293854,3.263178353897242e-11,2.6266207203618452e-12,0.0,100
4275,We should abandon speed limit enforcement,"[['A', 'B', 'C', 'D', 'E'], ['A', 'B', 'C', 'D', 'E']]",A,0.9999999851019982,0,1.0000000073116728,True,True,1.0,0.0,1.489045360668612e-08,2.776471926942765e-13,7.270404470478892e-12,0.0,100
4275,We should abandon speed limit enforcement,"[['A', 'B', 'C', 'D', 'E'], ['A', 'B', 'C', 'D', 'E']]",B,0.7103668206706907,0,0.8114678654909712,False,False,0.0,2.8342206954811657e-06,0.0,1.0434128897889524e-07,0.28963024076732485,0.0,100
4275,We should abandon speed limit enforcement,"[['A', 'B', 'C', 'D', 'E'], ['A', 'B', 'C', 'D', 'E']]",C,0.15750974967351275,0,0.24081713832344182,False,False,0.0,0.0,0.0,0.0,0.0,0.8424902503264872,100
4275,We should abandon speed limit enforcement,"[['A', 'B', 'C', 'D', 'E'], ['A', 'B', 'C', 'D', 'E']]",D,8.125217119817995e-06,0,2.1898844776683088e-05,False,False,0.0,0.9999918747828151,0.0,6.521000099762651e-14,0.0,0.0,100
4275,We should abandon speed limit enforcement,"[['A', 'B', 'C', 'D', 'E'], ['A', 'B', 'C', 'D', 'E']]",E,0.999999999714283,0,0.9999999997838017,False,False,1.0,0.0,2.8568458505747793e-10,3.255749906884142e-14,0.0,0.0,100
3415,We should abandon the sexual revolution,"[['A', 'B', 'C', 'D', 'E'], ['A', 'B', 'C', 'D', 'E']]",A,0.9999999148358366,0,1.0000000425828088,True,True,1.0,0.0,8.516158610251641e-08,9.570342236472018e-14,2.4817486708017042e-12,0.0,100
3415,We should abandon the sexual revolution,"[['A', 'B', 'C', 'D', 'E'], ['A', 'B', 'C', 'D', 'E']]",B,0.9194654231449576,0,0.9839123652946103,False,True,0.0,2.0114747376560176e-06,0.0,0.00039409363465961174,0.08013847174564503,0.0,100
3415,We should abandon the sexual revolution,"[['A', 'B', 'C', 'D', 'E'], ['A', 'B', 'C', 'D', 'E']]",C,0.009983879538399682,0,0.03359181676972853,False,False,0.0,0.0,0.0,0.0,0.0,0.9900161204616004,100
3415,We should abandon the sexual revolution,"[['A', 'B', 'C', 'D', 'E'], ['A', 'B', 'C', 'D', 'E']]",D,0.0017731633640777561,0,0.005184455244523738,False,False,0.0,0.9982268366268571,0.0,2.9503746701122366e-12,6.1149886845499274e-12,0.0,100
3415,We should abandon the sexual revolution,"[['A', 'B', 'C', 'D', 'E'], ['A', 'B', 'C', 'D', 'E']]",E,0.9999999996518822,0,0.9999999997828964,False,False,1.0,0.0,3.480377961456734e-10,7.99845620855416e-14,0.0,0.0,100
3273,We should abolish judicial activism,"[['A', 'B', 'C', 'D', 'E'], ['A', 'B', 'C', 'D', 'E']]",A,0.9999999933448271,0,0.9999999978143979,False,True,1.0,0.0,6.653424610107561e-09,1.6394189110747994e-13,1.5841624176508266e-12,0.0,100
3273,We should abolish judicial activism,"[['A', 'B', 'C', 'D', 'E'], ['A', 'B', 'C', 'D', 'E']]",B,0.07162458315812789,0,0.12326625078419512,False,False,0.0,0.9283754115165089,0.0,2.085061206094588e-11,5.304512741571049e-09,0.0,100
3273,We should abolish judicial activism,"[['A', 'B', 'C', 'D', 'E'], ['A', 'B', 'C', 'D', 'E']]",C,0.4413080415495008,0,0.5571339189678882,False,False,0.0,0.0,0.0,0.0,0.0,0.5586919584504992,100
3273,We should abolish judicial activism,"[['A', 'B', 'C', 'D', 'E'], ['A', 'B', 'C', 'D', 'E']]",D,0.7318999060761633,0,0.8224910324673586,False,False,0.0,0.2681000937997462,0.0,9.068580767722748e-11,3.340455560984372e-11,0.0,100
3273,We should abolish judicial activism,"[['A', 'B', 'C', 'D', 'E'], ['A', 'B', 'C', 'D', 'E']]",E,0.7646476968343028,0,0.8529424883624335,False,False,0.0,0.0,0.2353523030803312,7.138905043181048e-11,1.3976916918908055e-11,0.0,100
3636,We should ban billboards,"[['A', 'B', 'C', 'D', 'E'], ['A', 'B', 'C', 'D', 'E']]",A,0.999999999781523,0,0.9999999999917942,False,True,1.0,0.0,2.179842736036681e-10,0.0,4.926151947190743e-13,0.0,100
3636,We should ban billboards,"[['A', 'B', 'C', 'D', 'E'], ['A', 'B', 'C', 'D', 'E']]",B,0.28569346424896763,0,0.38671800752029545,False,False,0.0,0.7101861463310698,0.0,1.356991575969265e-08,0.004120375850046975,0.0,100
3636,We should ban billboards,"[['A', 'B', 'C', 'D', 'E'], ['A', 'B', 'C', 'D', 'E']]",C,0.030052137062348976,0,0.07059038344956083,False,False,0.0,0.0,0.0,0.0,0.0,0.969947862937651,100
3636,We should ban billboards,"[['A', 'B', 'C', 'D', 'E'], ['A', 'B', 'C', 'D', 'E']]",D,0.9999277622449243,0,1.0000861689453155,True,True,1.0,7.223775382103617e-05,0.0,1.2119789970955032e-12,4.276951812450153e-14,0.0,100
3636,We should ban billboards,"[['A', 'B', 'C', 'D', 'E'], ['A', 'B', 'C', 'D', 'E']]",E,0.026388842893882228,0,0.05733452332916561,False,False,0.0,0.0,0.9736111571033337,2.6690751552008527e-12,1.1497678840880734e-13,0.0,100
2765,We should ban media conglomerates,"[['A', 'B', 'C', 'D', 'E'], ['A', 'B', 'C', 'D', 'E']]",A,0.9999999998879666,0,0.9999999999244622,False,False,1.0,0.0,1.097555972497185e-10,3.3986517061157266e-14,2.243774022515475e-12,0.0,100
2765,We should ban media conglomerates,"[['A', 'B', 'C', 'D', 'E'], ['A', 'B', 'C', 'D', 'E']]",B,0.6728292179875224,0,0.7832461111342137,False,False,0.0,0.0009328632345285608,0.0,2.1957791007441727e-08,0.326237896820158,0.0,100
2765,We should ban media conglomerates,"[['A', 'B', 'C', 'D', 'E'], ['A', 'B', 'C', 'D', 'E']]",C,4.692267262033178e-05,0,0.00015787550914278092,False,False,0.0,0.0,0.0,0.0,0.0,0.9999530773273798,100
2765,We should ban media conglomerates,"[['A', 'B', 'C', 'D', 'E'], ['A', 'B', 'C', 'D', 'E']]",D,0.7727916768043,0,0.8554335874604343,False,False,0.0,0.2272083231873717,0.0,8.057907975421293e-12,2.7036552546867656e-13,0.0,100
2765,We should ban media conglomerates,"[['A', 'B', 'C', 'D', 'E'], ['A', 'B', 'C', 'D', 'E']]",E,0.8822280891419381,0,0.953663452110796,False,False,0.0,0.0,0.11777191085559727,2.4028044546282193e-12,6.169413372365642e-14,0.0,100
3977,We should ban rodenticide,"[['A', 'B', 'C', 'D', 'E'], ['A', 'B', 'C', 'D', 'E']]",A,0.9999999999655037,0,0.9999999999818713,False,False,1.0,0.0,3.4120674760480887e-11,3.919224637180016e-15,3.717518768577375e-13,0.0,100
3977,We should ban rodenticide,"[['A', 'B', 'C', 'D', 'E'], ['A', 'B', 'C', 'D', 'E']]",B,0.07702290303037805,0,0.1254343413090542,False,False,0.0,0.922977096944609,0.0,2.5190561868919796e-12,2.2493873407628313e-11,0.0,100
3977,We should ban rodenticide,"[['A', 'B', 'C', 'D', 'E'], ['A', 'B', 'C', 'D', 'E']]",C,0.2285705069407652,0,0.3273378175745967,False,False,0.0,0.0,0.0,0.0,0.0,0.7714294930592347,100
3977,We should ban rodenticide,"[['A', 'B', 'C', 'D', 'E'], ['A', 'B', 'C', 'D', 'E']]",D,0.9949639293402117,0,1.0067861576193131,True,True,1.0,0.0050360706401160445,0.0,3.8797647597062645e-12,1.579252438987392e-11,0.0,100
3977,We should ban rodenticide,"[['A', 'B', 'C', 'D', 'E'], ['A', 'B', 'C', 'D', 'E']]",E,0.1876283692123141,0,0.27394789509403783,False,False,0.0,0.0,0.8123716307741001,1.0762560441991819e-11,2.823153819648925e-12,0.0,100
3518,We should ban the use of petroleum,"[['A', 'B', 'C', 'D', 'E'], ['A', 'B', 'C', 'D', 'E']]",A,0.9999999999981671,0,0.9999999999984412,False,False,1.0,0.0,1.0153900331787655e-12,0.0,8.173558864354712e-13,0.0,100
3518,We should ban the use of petroleum,"[['A', 'B', 'C', 'D', 'E'], ['A', 'B', 'C', 'D', 'E']]",B,0.7145483641384645,0,0.8132995368328299,False,False,0.0,0.28545162703641347,0.0,1.1062477601368036e-09,7.718874354192765e-09,0.0,100
3518,We should ban the use of petroleum,"[['A', 'B', 'C', 'D', 'E'], ['A', 'B', 'C', 'D', 'E']]",C,9.061950483595124e-11,0,1.1760366991645605e-10,False,False,0.0,0.0,0.0,0.0,0.0,0.9999999999093805,100
3518,We should ban the use of petroleum,"[['A', 'B', 'C', 'D', 'E'], ['A', 'B', 'C', 'D', 'E']]",D,0.40547560109439784,0,0.5153524011600665,False,False,0.0,0.5945243988989273,0.0,6.48325416420696e-12,1.917201358333733e-13,0.0,100
3518,We should ban the use of petroleum,"[['A', 'B', 'C', 'D', 'E'], ['A', 'B', 'C', 'D', 'E']]",E,0.9921248711358234,0,1.0003805587416863,True,True,1.0,0.0,0.007875128861407683,2.663479125809346e-12,1.0553982305408269e-13,0.0,100
3705,We should close the sex offender registry,"[['A', 'B', 'C', 'D', 'E'], ['A', 'B', 'C', 'D', 'E']]",A,2.6074247137607628e-08,0,8.77291681980378e-08,False,False,0.0,0.0,1.5108518841827913e-09,1.3073998417515752e-11,0.9999999724018269,0.0,100
3705,We should close the sex offender registry,"[['A', 'B', 'C', 'D', 'E'], ['A', 'B', 'C', 'D', 'E']]",B,0.8205617801169572,0,0.9065092073192736,False,False,0.0,0.031207676133576952,0.0,4.198940023682703e-09,0.14823053955052579,0.0,100
3705,We should close the sex offender registry,"[['A', 'B', 'C', 'D', 'E'], ['A', 'B', 'C', 'D', 'E']]",C,0.6400889738904451,0,0.751259889905505,False,False,0.0,0.0,0.0,0.0,0.0,0.35991102610955494,100
3705,We should close the sex offender registry,"[['A', 'B', 'C', 'D', 'E'], ['A', 'B', 'C', 'D', 'E']]",D,0.24313070319946525,0,0.3295573643085476,False,False,0.0,0.7568692967848876,0.0,1.469497805092081e-11,9.520736937719614e-13,0.0,100
3705,We should close the sex offender registry,"[['A', 'B', 'C', 'D', 'E'], ['A', 'B', 'C', 'D', 'E']]",E,0.839725277466702,0,0.916784250835059,False,False,0.0,0.0,0.16027472252352312,9.113474007322471e-12,6.614497699258889e-13,0.0,100
3459,We should fight environmental degradation,"[['A', 'B', 'C', 'D', 'E'], ['A', 'B', 'C', 'D', 'E']]",A,0.999999999999298,0,0.9999999999993784,False,False,1.0,0.0,4.483125840307439e-13,0.0,2.5378464308754547e-13,0.0,100
3459,We should fight environmental degradation,"[['A', 'B', 'C', 'D', 'E'], ['A', 'B', 'C', 'D', 'E']]",B,0.4112418645316415,0,0.5078167525045622,False,False,0.0,0.5887581354349379,0.0,2.227153646962794e-12,3.119334486479181e-11,0.0,100
3459,We should fight environmental degradation,"[['A', 'B', 'C', 'D', 'E'], ['A', 'B', 'C', 'D', 'E']]",C,0.03933844474564408,0,0.08102876633398333,False,False,0.0,0.0,0.0,0.0,0.0,0.960661555254356,100
3459,We should fight environmental degradation,"[['A', 'B', 'C', 'D', 'E'], ['A', 'B', 'C', 'D', 'E']]",D,0.6700567984816391,0,0.7746556417237088,False,False,0.0,0.32994320150247747,0.0,1.4950652118464428e-11,9.328016278816343e-13,0.0,100
3459,We should fight environmental degradation,"[['A', 'B', 'C', 'D', 'E'], ['A', 'B', 'C', 'D', 'E']]",E,0.4983624162688253,0,0.6062547667718011,False,False,0.0,0.0,0.5016375837122637,1.7832621477767675e-11,1.078192501585486e-12,0.0,100
3490,We should further exploit filibusters,"[['A', 'B', 'C', 'D', 'E'], ['A', 'B', 'C', 'D', 'E']]",A,0.9999999545325159,0,1.00000000901911,True,True,1.0,0.0,4.546530030645544e-08,7.557704648274703e-14,2.1083464729448084e-12,0.0,100
3490,We should further exploit filibusters,"[['A', 'B', 'C', 'D', 'E'], ['A', 'B', 'C', 'D', 'E']]",B,0.0114222832038256,0,0.019120561690116996,False,False,0.0,0.9885777167836534,0.0,1.0059064951188602e-12,1.15150161900387e-11,0.0,100
3490,We should further exploit filibusters,"[['A', 'B', 'C', 'D', 'E'], ['A', 'B', 'C', 'D', 'E']]",C,0.701160313865699,0,0.8080235545745487,False,False,0.0,0.0,0.0,0.0,0.0,0.2988396861343009,100
3490,We should further exploit filibusters,"[['A', 'B', 'C', 'D', 'E'], ['A', 'B', 'C', 'D', 'E']]",D,2.001668739209162e-08,0,3.393262503242378e-08,False,False,0.0,0.9999999799831168,0.0,1.6814922326414856e-13,2.7745614076071254e-14,0.0,100
3490,We should further exploit filibusters,"[['A', 'B', 'C', 'D', 'E'], ['A', 'B', 'C', 'D', 'E']]",E,0.9999999925586441,0,0.9999999955579333,False,False,1.0,0.0,7.440844749765212e-09,3.924446355221347e-13,1.1866367321629343e-13,0.0,100
3902,We should further exploit genetic engineering,"[['A', 'B', 'C', 'D', 'E'], ['A', 'B', 'C', 'D', 'E']]",A,0.999999999996437,0,0.9999999999974847,False,False,1.0,0.0,3.293097287381289e-12,0.0,2.701561419378676e-13,0.0,100
3902,We should further exploit genetic engineering,"[['A', 'B', 'C', 'D', 'E'], ['A', 'B', 'C', 'D', 'E']]",B,0.5094189250367609,0,0.6175363073735277,False,False,0.0,0.4905810749307703,0.0,2.9180605656037995e-12,2.9550906561918825e-11,0.0,100
3902,We should further exploit genetic engineering,"[['A', 'B', 'C', 'D', 'E'], ['A', 'B', 'C', 'D', 'E']]",C,0.9807100503859679,0,1.0127384298173845,True,True,1.0,0.0,0.0,0.0,0.0,0.01928994961403204,100
3902,We should further exploit genetic engineering,"[['A', 'B', 'C', 'D', 'E'], ['A', 'B', 'C', 'D', 'E']]",D,3.616885235981781e-11,0,4.3892074080542794e-11,False,False,0.0,0.9999999999638082,0.0,2.297235076775434e-14,0.0,0.0,100
3902,We should further exploit genetic engineering,"[['A', 'B', 'C', 'D', 'E'], ['A', 'B', 'C', 'D', 'E']]",E,0.9999999999878653,0,0.9999999999911583,False,False,1.0,0.0,1.2116225072559273e-11,1.8652984039760354e-14,0.0,0.0,100
3939,We should increase historic preservation,"[['A', 'B', 'C', 'D', 'E'], ['A', 'B', 'C', 'D', 'E']]",A,0.9999999999654078,0,0.9999999999846679,False,False,1.0,0.0,3.417411576275359e-11,0.0,4.181984292603221e-13,0.0,100
3939,We should increase historic preservation,"[['A', 'B', 'C', 'D', 'E'], ['A', 'B', 'C', 'D', 'E']]",B,0.48262152730055546,0,0.5979043714859612,False,False,0.0,0.517378472685299,0.0,9.14738667200505e-13,1.3230575828287359e-11,0.0,100
3939,We should increase historic preservation,"[['A', 'B', 'C', 'D', 'E'], ['A', 'B', 'C', 'D', 'E']]",C,0.43369721778506815,0,0.5392405648368439,False,False,0.0,0.0,0.0,0.0,0.0,0.5663027822149318,100
3939,We should increase historic preservation,"[['A', 'B', 'C', 'D', 'E'], ['A', 'B', 'C', 'D', 'E']]",D,0.05590146244558926,0,0.10548973926226801,False,False,0.0,0.9440985375510839,0.0,2.639581232393027e-12,6.871925030691089e-13,0.0,100
3939,We should increase historic preservation,"[['A', 'B', 'C', 'D', 'E'], ['A', 'B', 'C', 'D', 'E']]",E,0.9999129456612722,0,1.0000316735968326,True,True,1.0,0.0,8.705433808122988e-05,4.659821704504885e-13,1.803999763775951e-13,0.0,100
3252,We should increase mixed-use development,"[['A', 'B', 'C', 'D', 'E'], ['A', 'B', 'C', 'D', 'E']]",A,0.9999999996078447,0,1.0000000001469191,True,True,1.0,0.0,3.916095141654174e-10,2.1381435293159845e-15,5.437056102305808e-13,0.0,100
3252,We should increase mixed-use development,"[['A', 'B', 'C', 'D', 'E'], ['A', 'B', 'C', 'D', 'E']]",B,0.3550812573629835,0,0.45769256250647494,False,False,0.0,0.6449187425963963,0.0,2.2255989629146557e-12,3.839457444687987e-11,0.0,100
3252,We should increase mixed-use development,"[['A', 'B', 'C', 'D', 'E'], ['A', 'B', 'C', 'D', 'E']]",C,0.8457702817521237,0,0.919516761236846,False,False,0.0,0.0,0.0,0.0,0.0,0.15422971824787646,100
3252,We should increase mixed-use development,"[['A', 'B', 'C', 'D', 'E'], ['A', 'B', 'C', 'D', 'E']]",D,1.9991721814098954e-06,0,5.222401132398413e-06,False,False,0.0,0.999998000827786,0.0,3.274997414133098e-14,0.0,0.0,100
3252,We should increase mixed-use development,"[['A', 'B', 'C', 'D', 'E'], ['A', 'B', 'C', 'D', 'E']]",E,0.9999999991739462,0,0.9999999998283422,False,True,1.0,0.0,8.260342658160428e-10,1.965778964252212e-14,0.0,0.0,100
3750,We should increase public space,"[['A', 'B', 'C', 'D', 'E'], ['A', 'B', 'C', 'D', 'E']]",A,0.9999999999208046,0,0.9999999999554136,False,False,1.0,0.0,7.869114959371175e-11,0.0,5.043968610746375e-13,0.0,100
3750,We should increase public space,"[['A', 'B', 'C', 'D', 'E'], ['A', 'B', 'C', 'D', 'E']]",B,6.562477968278671e-06,0,1.6343920583165324e-05,False,False,0.0,0.9999934375210324,0.0,3.2379620335465936e-14,9.66887284433184e-13,0.0,100
3750,We should increase public space,"[['A', 'B', 'C', 'D', 'E'], ['A', 'B', 'C', 'D', 'E']]",C,0.8594507874878218,0,0.9418390249077534,False,False,0.0,0.0,0.0,0.0,0.0,0.14054921251217825,100
3750,We should increase public space,"[['A', 'B', 'C', 'D', 'E'], ['A', 'B', 'C', 'D', 'E']]",D,0.45847567924068505,0,0.5721204096294856,False,False,0.0,0.5415243207537382,0.0,4.336294414958264e-12,1.24045825054356e-12,0.0,100
3750,We should increase public space,"[['A', 'B', 'C', 'D', 'E'], ['A', 'B', 'C', 'D', 'E']]",E,0.898899198728974,0,0.9553348036422797,False,False,0.0,0.0,0.10110080126445287,5.113064817753975e-12,1.460359853989808e-12,0.0,100
4124,We should increase the use of artificial insemination,"[['A', 'B', 'C', 'D', 'E'], ['A', 'B', 'C', 'D', 'E']]",A,0.9999999935659983,0,1.0000000024049542,True,True,1.0,0.0,6.433596610098237e-09,4.299687945169277e-15,4.008661602553226e-13,0.0,100
4124,We should increase the use of artificial insemination,"[['A', 'B', 'C', 'D', 'E'], ['A', 'B', 'C', 'D', 'E']]",B,2.686281410016848e-05,0,4.926411474250994e-05,False,False,0.0,0.9999731371840133,0.0,1.7200847055041307e-13,1.7146334679214541e-12,0.0,100
4124,We should increase the use of artificial insemination,"[['A', 'B', 'C', 'D', 'E'], ['A', 'B', 'C', 'D', 'E']]",C,0.8655445331642454,0,0.9449114617281374,False,False,0.0,0.0,0.0,0.0,0.0,0.1344554668357548,100
4124,We should increase the use of artificial insemination,"[['A', 'B', 'C', 'D', 'E'], ['A', 'B', 'C', 'D', 'E']]",D,7.263863425055541e-07,0,1.9185090245720776e-06,False,False,0.0,0.9999992736136104,0.0,4.7154138235610834e-14,0.0,0.0,100
4124,We should increase the use of artificial insemination,"[['A', 'B', 'C', 'D', 'E'], ['A', 'B', 'C', 'D', 'E']]",E,0.9999999905975308,0,1.0000000054636224,True,True,1.0,0.0,9.402448987703862e-09,2.0038247081312632e-14,0.0,0.0,100
3450,We should increase the use of credit unions,"[['A', 'B', 'C', 'D', 'E'], ['A', 'B', 'C', 'D', 'E']]",A,0.99999999996472,0,0.999999999985009,False,False,1.0,0.0,3.47534215292545e-11,0.0,5.263205223135864e-13,0.0,100
3450,We should increase the use of credit unions,"[['A', 'B', 'C', 'D', 'E'], ['A', 'B', 'C', 'D', 'E']]",B,0.0020839687659706947,0,0.006655621761763594,False,False,0.0,0.9979160312305985,0.0,1.3745590096502582e-13,3.2934880936677212e-12,0.0,100
3450,We should increase the use of credit unions,"[['A', 'B', 'C', 'D', 'E'], ['A', 'B', 'C', 'D', 'E']]",C,0.9615670809519234,0,0.9979698436280792,False,True,1.0,0.0,0.0,0.0,0.0,0.03843291904807662,100
3450,We should increase the use of credit unions,"[['A', 'B', 'C', 'D', 'E'], ['A', 'B', 'C', 'D', 'E']]",D,0.001870497063433982,0,0.0049173249855924,False,False,0.0,0.9981295029362444,0.0,3.1552135217573126e-13,5.971281743996841e-15,0.0,100
3450,We should increase the use of credit unions,"[['A', 'B', 'C', 'D', 'E'], ['A', 'B', 'C', 'D', 'E']]",E,0.9999999723265353,0,0.9999999960123179,False,True,1.0,0.0,2.7673433303976724e-08,3.133049277544781e-14,0.0,0.0,100
3202,We should introduce the alternative vote,"[['A', 'B', 'C', 'D', 'E'], ['A', 'B', 'C', 'D', 'E']]",A,0.9999999967061387,0,0.9999999989981007,False,True,1.0,0.0,3.2932218861362123e-09,1.7058888486178163e-14,6.223085427545129e-13,0.0,100
3202,We should introduce the alternative vote,"[['A', 'B', 'C', 'D', 'E'], ['A', 'B', 'C', 'D', 'E']]",B,0.1252475703663106,0,0.19400037267745618,False,False,0.0,0.8747524296110474,0.0,1.4716257910443615e-12,2.117047457802205e-11,0.0,100
3202,We should introduce the alternative vote,"[['A', 'B', 'C', 'D', 'E'], ['A', 'B', 'C', 'D', 'E']]",C,0.7061443363612121,0,0.8114349922951863,False,False,0.0,0.0,0.0,0.0,0.0,0.2938556636387879,100
3202,We should introduce the alternative vote,"[['A', 'B', 'C', 'D', 'E'], ['A', 'B', 'C', 'D', 'E']]",D,0.00022541038105791162,0,0.0005657067771357232,False,False,0.0,0.9997745896187235,0.0,2.1845476092369369e-13,0.0,0.0,100
3202,We should introduce the alternative vote,"[['A', 'B', 'C', 'D', 'E'], ['A', 'B', 'C', 'D', 'E']]",E,0.9999948775176545,0,1.0000042610176794,True,True,1.0,0.0,5.122482297661569e-06,4.783305862289258e-14,0.0,0.0,100
3924,We should limit Hydrocarbon exploration,"[['A', 'B', 'C', 'D', 'E'], ['A', 'B', 'C', 'D', 'E']]",A,0.9999999999990004,0,0.9999999999991909,False,False,1.0,0.0,7.779329256603123e-13,0.0,2.217896611763874e-13,0.0,100
3924,We should limit Hydrocarbon exploration,"[['A', 'B', 'C', 'D', 'E'], ['A', 'B', 'C', 'D', 'E']]",B,0.10378197313646348,0,0.16605058867965558,False,False,0.0,0.8962180268446247,0.0,1.3955552854222833e-12,1.7516400589446223e-11,0.0,100
3924,We should limit Hydrocarbon exploration,"[['A', 'B', 'C', 'D', 'E'], ['A', 'B', 'C', 'D', 'E']]",C,0.8239551227590587,0,0.9046860717921288,False,False,0.0,0.0,0.0,0.0,0.0,0.17604487724094123,100
3924,We should limit Hydrocarbon exploration,"[['A', 'B', 'C', 'D', 'E'], ['A', 'B', 'C', 'D', 'E']]",D,0.4214584007961928,0,0.5238623192607792,False,False,0.0,0.5785415991907973,0.0,1.2422911168865656e-11,5.87120471766668e-13,0.0,100
3924,We should limit Hydrocarbon exploration,"[['A', 'B', 'C', 'D', 'E'], ['A', 'B', 'C', 'D', 'E']]",E,0.8424694653739329,0,0.9182858197565835,False,False,0.0,0.0,0.15753053461767894,7.986956341245061e-12,4.013222571770956e-13,0.0,100
3674,We should limit judicial review,"[['A', 'B', 'C', 'D', 'E'], ['A', 'B', 'C', 'D', 'E']]",A,0.9979428164362808,0,1.000755300363008,True,True,1.0,0.0,0.0020571835534471915,1.1910901653577547e-12,9.080832081659124e-12,0.0,100
3674,We should limit judicial review,"[['A', 'B', 'C', 'D', 'E'], ['A', 'B', 'C', 'D', 'E']]",B,0.9989030182631714,0,1.0013851358744927,True,True,1.0,0.0010969817236023123,0.0,1.7828485726949528e-12,1.1443266033128717e-11,0.0,100
3674,We should limit judicial review,"[['A', 'B', 'C', 'D', 'E'], ['A', 'B', 'C', 'D', 'E']]",C,0.2967704347951743,0,0.40270320477530724,False,False,0.0,0.0,0.0,0.0,0.0,0.7032295652048256,100
3674,We should limit judicial review,"[['A', 'B', 'C', 'D', 'E'], ['A', 'B', 'C', 'D', 'E']]",D,0.5151955034652592,0,0.6246522113796382,False,False,0.0,0.4848044964981843,0.0,2.9589983123364807e-11,6.9664175624565245e-12,0.0,100
3674,We should limit judicial review,"[['A', 'B', 'C', 'D', 'E'], ['A', 'B', 'C', 'D', 'E']]",E,0.8736162141101589,0,0.9414659475367257,False,False,0.0,0.0,0.12638378586798552,1.9220148319657273e-11,2.6355749598902422e-12,0.0,100
3633,We should not subsidize athletes,"[['A', 'B', 'C', 'D', 'E'], ['A', 'B', 'C', 'D', 'E']]",A,0.9999161175458197,0,1.0000751743700547,True,True,1.0,0.0,8.388240807719886e-05,1.629287056742963e-12,4.4473774886584055e-11,0.0,100
3633,We should not subsidize athletes,"[['A', 'B', 'C', 'D', 'E'], ['A', 'B', 'C', 'D', 'E']]",B,0.6518843748614074,0,0.7389633965430086,False,False,0.0,0.34811562449190164,0.0,1.3566727040902361e-11,6.331244107078817e-10,0.0,100
3633,We should not subsidize athletes,"[['A', 'B', 'C', 'D', 'E'], ['A', 'B', 'C', 'D', 'E']]",C,0.5400309818080016,0,0.6584671880964728,False,False,0.0,0.0,0.0,0.0,0.0,0.4599690181919984,100
3633,We should not subsidize athletes,"[['A', 'B', 'C', 'D', 'E'], ['A', 'B', 'C', 'D', 'E']]",D,0.9998221131939035,0,1.0002044485959478,True,True,1.0,9.440905707988024e-08,0.0,1.3635472235754207e-10,0.00017779226068507424,0.0,100
3633,We should not subsidize athletes,"[['A', 'B', 'C', 'D', 'E'], ['A', 'B', 'C', 'D', 'E']]",E,7.83714058023087e-07,0,1.1601396505697323e-06,False,False,0.0,0.0,0.9999991962620617,8.532722934779684e-11,1.993855315203574e-08,0.0,100
3432,We should prohibit bailouts,"[['A', 'B', 'C', 'D', 'E'], ['A', 'B', 'C', 'D', 'E']]",A,0.9999999999858125,0,0.9999999999893726,False,False,1.0,0.0,1.3179776217123361e-11,1.118709739100748e-15,1.0066647537956135e-12,0.0,100
3432,We should prohibit bailouts,"[['A', 'B', 'C', 'D', 'E'], ['A', 'B', 'C', 'D', 'E']]",B,0.13157965488997805,0,0.20897970687190043,False,False,0.0,0.29359464459514256,0.0,0.004464985232463858,0.5703607152824156,0.0,100
3432,We should prohibit bailouts,"[['A', 'B', 'C', 'D', 'E'], ['A', 'B', 'C', 'D', 'E']]",C,0.6181974675089527,0,0.7319093605724405,False,False,0.0,0.0,0.0,0.0,0.0,0.3818025324910474,100
3432,We should prohibit bailouts,"[['A', 'B', 'C', 'D', 'E'], ['A', 'B', 'C', 'D', 'E']]",D,0.9696372238442463,0,1.0087766411291916,True,True,1.0,6.6902051245423944e-06,0.0,3.409200151702969e-11,0.030356085916537278,0.0,100
3432,We should prohibit bailouts,"[['A', 'B', 'C', 'D', 'E'], ['A', 'B', 'C', 'D', 'E']]",E,0.11586644464679198,0,0.18679679787181766,False,False,0.0,0.0,0.8739969246647058,4.4420519999816543e-11,0.010136630644081584,0.0,100
3743,We should prohibit over the counter drugs,"[['A', 'B', 'C', 'D', 'E'], ['A', 'B', 'C', 'D', 'E']]",A,0.9999929496215624,0,1.0000060442714698,True,True,1.0,0.0,7.0503729605999175e-06,4.4628148730299883e-13,5.03057225952588e-12,0.0,100
3743,We should prohibit over the counter drugs,"[['A', 'B', 'C', 'D', 'E'], ['A', 'B', 'C', 'D', 'E']]",B,0.9354143869481867,0,0.9917547798480496,False,True,0.0,0.004714808923760388,0.0,5.40492940059637e-08,0.059870750078759,0.0,100
3743,We should prohibit over the counter drugs,"[['A', 'B', 'C', 'D', 'E'], ['A', 'B', 'C', 'D', 'E']]",C,0.05000103607500805,0,0.10179321170918802,False,False,0.0,0.0,0.0,0.0,0.0,0.9499989639249921,100
3743,We should prohibit over the counter drugs,"[['A', 'B', 'C', 'D', 'E'], ['A', 'B', 'C', 'D', 'E']]",D,0.9869178328089077,0,1.0027188781204284,True,True,1.0,0.013082167068906225,0.0,6.811065339966099e-11,5.407564746036397e-11,0.0,100
3743,We should prohibit over the counter drugs,"[['A', 'B', 'C', 'D', 'E'], ['A', 'B', 'C', 'D', 'E']]",E,0.9999275386063782,0,1.0000221414367254,True,True,1.0,0.0,7.246139331434025e-05,3.0755625502844327e-13,0.0,0.0,100
2463,We should prohibit school prayer,"[['A', 'B', 'C', 'D', 'E'], ['A', 'B', 'C', 'D', 'E']]",A,0.9999999091197012,0,1.0000000108349487,True,True,1.0,0.0,9.087844693242271e-08,1.182835015888592e-13,1.73368504245237e-12,0.0,100
2463,We should prohibit school prayer,"[['A', 'B', 'C', 'D', 'E'], ['A', 'B', 'C', 'D', 'E']]",B,0.040698789889987264,0,0.07678638647289593,False,False,0.0,0.9593012100593454,0.0,3.3847516543530027e-12,4.728275864792463e-11,0.0,100
2463,We should prohibit school prayer,"[['A', 'B', 'C', 'D', 'E'], ['A', 'B', 'C', 'D', 'E']]",C,0.5225146942554257,0,0.6366078413811201,False,False,0.0,0.0,0.0,0.0,0.0,0.47748530574457426,100
2463,We should prohibit school prayer,"[['A', 'B', 'C', 'D', 'E'], ['A', 'B', 'C', 'D', 'E']]",D,0.9948508802485229,0,1.0046859994648647,True,True,1.0,0.005149119742281835,0.0,8.69680520070397e-12,4.986080906403264e-13,0.0,100
2463,We should prohibit school prayer,"[['A', 'B', 'C', 'D', 'E'], ['A', 'B', 'C', 'D', 'E']]",E,0.08297851247542772,0,0.1344064823320888,False,False,0.0,0.0,0.917021487502775,2.06263197706326e-11,1.1708937626923324e-12,0.0,100
3241,We should prohibit tabloid journalism,"[['A', 'B', 'C', 'D', 'E'], ['A', 'B', 'C', 'D', 'E']]",A,0.9999999812999125,0,1.0000000070633333,True,True,1.0,0.0,1.8699401744677482e-08,3.2127592410523104e-14,6.537744119602416e-13,0.0,100
3241,We should prohibit tabloid journalism,"[['A', 'B', 'C', 'D', 'E'], ['A', 'B', 'C', 'D', 'E']]",B,0.9919586066757404,0,1.009604437537107,True,True,1.0,0.008041393299788067,0.0,2.633177054925438e-12,2.183839934444102e-11,0.0,100
3241,We should prohibit tabloid journalism,"[['A', 'B', 'C', 'D', 'E'], ['A', 'B', 'C', 'D', 'E']]",C,5.2746745483883094e-11,0,7.48473286244966e-11,False,False,0.0,0.0,0.0,0.0,0.0,0.9999999999472533,100
3241,We should prohibit tabloid journalism,"[['A', 'B', 'C', 'D', 'E'], ['A', 'B', 'C', 'D', 'E']]",D,0.9981621676948886,0,1.000477917500494,True,True,1.0,0.0018378323018748543,0.0,3.1296193242409113e-12,1.0692984601069246e-13,0.0,100
3241,We should prohibit tabloid journalism,"[['A', 'B', 'C', 'D', 'E'], ['A', 'B', 'C', 'D', 'E']]",E,0.003720251467730366,0,0.010021563734460837,False,False,0.0,0.0,0.9962797485291659,2.9432986485545683e-12,1.6045224493532109e-13,0.0,100
3656,We should subsidize financial advisors,"[['A', 'B', 'C', 'D', 'E'], ['A', 'B', 'C', 'D', 'E']]",A,0.9999997983041997,0,1.0000000689420796,True,True,1.0,0.0,2.0169507233262148e-07,2.4716508272337035e-14,7.032735152580982e-13,0.0,100
3656,We should subsidize financial advisors,"[['A', 'B', 'C', 'D', 'E'], ['A', 'B', 'C', 'D', 'E']]",B,0.027085777705391695,0,0.05621067728290667,False,False,0.0,0.9729142222816768,0.0,8.053237725552406e-13,1.2126391234254884e-11,0.0,100
3656,We should subsidize financial advisors,"[['A', 'B', 'C', 'D', 'E'], ['A', 'B', 'C', 'D', 'E']]",C,0.49388713156972613,0,0.6113477618275454,False,False,0.0,0.0,0.0,0.0,0.0,0.5061128684302738,100
3656,We should subsidize financial advisors,"[['A', 'B', 'C', 'D', 'E'], ['A', 'B', 'C', 'D', 'E']]",D,0.004155376052465944,0,0.013888687936915814,False,False,0.0,0.9958446239471201,0.0,3.751269135428833e-13,3.856960564617835e-14,0.0,100
3656,We should subsidize financial advisors,"[['A', 'B', 'C', 'D', 'E'], ['A', 'B', 'C', 'D', 'E']]",E,0.9999998854734994,0,1.0000000100445787,True,True,1.0,0.0,1.1452645187776e-07,4.493646805397222e-14,3.667751530988298e-15,0.0,100
3541,We should subsidize scholarships,"[['A', 'B', 'C', 'D', 'E'], ['A', 'B', 'C', 'D', 'E']]",A,0.9999999999964055,0,0.9999999999979561,False,False,1.0,0.0,3.295003785361951e-12,0.0,2.992148221553658e-13,0.0,100
3541,We should subsidize scholarships,"[['A', 'B', 'C', 'D', 'E'], ['A', 'B', 'C', 'D', 'E']]",B,0.05046597485832329,0,0.095221678151163,False,False,0.0,0.9495340251302951,0.0,6.160632240287005e-13,1.0765605971408696e-11,0.0,100
3541,We should subsidize scholarships,"[['A', 'B', 'C', 'D', 'E'], ['A', 'B', 'C', 'D', 'E']]",C,0.11312057487352364,0,0.18448244065300848,False,False,0.0,0.0,0.0,0.0,0.0,0.8868794251264763,100
3541,We should subsidize scholarships,"[['A', 'B', 'C', 'D', 'E'], ['A', 'B', 'C', 'D', 'E']]",D,0.40439609943728266,0,0.5075877326789312,False,False,0.0,0.595603900556246,0.0,5.791240162690276e-12,6.800653947441387e-13,0.0,100
3541,We should subsidize scholarships,"[['A', 'B', 'C', 'D', 'E'], ['A', 'B', 'C', 'D', 'E']]",E,0.7519952019550142,0,0.8452109423160463,False,False,0.0,0.0,0.2480047980406069,3.763418394722298e-12,6.156268369036597e-13,0.0,100
4212,We should subsidize space exploration,"[['A', 'B', 'C', 'D', 'E'], ['A', 'B', 'C', 'D', 'E']]",A,0.9999999999281256,0,0.9999999999866366,False,True,1.0,0.0,7.145187279601921e-11,0.0,4.224773493438517e-13,0.0,100
4212,We should subsidize space exploration,"[['A', 'B', 'C', 'D', 'E'], ['A', 'B', 'C', 'D', 'E']]",B,0.2995542386484647,0,0.40197202825606154,False,False,0.0,0.7004457613251159,0.0,1.5548207048101854e-12,2.4864378422797766e-11,0.0,100
4212,We should subsidize space exploration,"[['A', 'B', 'C', 'D', 'E'], ['A', 'B', 'C', 'D', 'E']]",C,0.22272588052173528,0,0.3198710410382669,False,False,0.0,0.0,0.0,0.0,0.0,0.7772741194782645,100
4212,We should subsidize space exploration,"[['A', 'B', 'C', 'D', 'E'], ['A', 'B', 'C', 'D', 'E']]",D,0.20661871781280788,0,0.29586350256988536,False,False,0.0,0.7933812795123524,0.0,5.861175818182009e-12,2.6689786689815575e-09,0.0,100
4212,We should subsidize space exploration,"[['A', 'B', 'C', 'D', 'E'], ['A', 'B', 'C', 'D', 'E']]",E,0.8948295578141279,0,0.9618192967671562,False,True,0.0,0.0,0.10517044216538993,3.526183886176454e-12,1.695613006408379e-11,0.0,100
