Proposition_ID,Proposition,Perm,Letter,Success_rate_0.0,Success_rate_0.05,Success_rate_0.1,Success_rate_0.15,Success_rate_0.2,Success_rate_0.25,Success_rate_0.3,Success_rate_0.35,Success_rate_0.4,Success_rate_0.45,Success_rate_0.5,Success_rate_0.55,Success_rate_0.6,Success_rate_0.65,Success_rate_0.7,Success_rate_0.75,Success_rate_0.8,Success_rate_0.85,Success_rate_0.9,Success_rate_0.95,Success_rate_1.0
1161,We should ban cosmetic surgery,"[['A', 'B', 'C', 'D', 'E'], ['A', 'B', 'C', 'D', 'E']]",A,1.0,1.0,1.0,1.0,1.0,1.0,1.0,1.0,1.0,1.0,1.0,1.0,1.0,1.0,1.0,1.0,1.0,1.0,1.0,1.0,0.0
1161,We should ban cosmetic surgery,"[['A', 'B', 'C', 'D', 'E'], ['A', 'B', 'C', 'D', 'E']]",B,0.0,0.0,0.0,0.0,0.0,0.0,0.0,0.0,0.0,0.0,0.0,0.0,0.0,0.0,0.0,0.0,0.0,0.0,0.0,0.0,0.0
1161,We should ban cosmetic surgery,"[['A', 'B', 'C', 'D', 'E'], ['A', 'B', 'C', 'D', 'E']]",C,1.0,1.0,1.0,1.0,1.0,1.0,1.0,1.0,1.0,1.0,1.0,0.0,0.0,0.0,0.0,0.0,0.0,0.0,0.0,0.0,0.0
1161,We should ban cosmetic surgery,"[['A', 'B', 'C', 'D', 'E'], ['A', 'B', 'C', 'D', 'E']]",D,1.0,1.0,1.0,1.0,1.0,1.0,1.0,1.0,1.0,1.0,0.0,0.0,0.0,0.0,0.0,0.0,0.0,0.0,0.0,0.0,0.0
1161,We should ban cosmetic surgery,"[['A', 'B', 'C', 'D', 'E'], ['A', 'B', 'C', 'D', 'E']]",E,1.0,1.0,1.0,1.0,1.0,1.0,1.0,1.0,1.0,1.0,1.0,1.0,1.0,1.0,1.0,1.0,0.0,0.0,0.0,0.0,0.0
1661,We should ban school uniforms,"[['A', 'B', 'C', 'D', 'E'], ['A', 'B', 'C', 'D', 'E']]",A,1.0,1.0,1.0,1.0,1.0,1.0,1.0,1.0,1.0,1.0,1.0,1.0,1.0,1.0,1.0,1.0,1.0,1.0,1.0,1.0,0.0
1661,We should ban school uniforms,"[['A', 'B', 'C', 'D', 'E'], ['A', 'B', 'C', 'D', 'E']]",B,1.0,1.0,1.0,1.0,0.0,0.0,0.0,0.0,0.0,0.0,0.0,0.0,0.0,0.0,0.0,0.0,0.0,0.0,0.0,0.0,0.0
1661,We should ban school uniforms,"[['A', 'B', 'C', 'D', 'E'], ['A', 'B', 'C', 'D', 'E']]",C,1.0,1.0,1.0,1.0,1.0,1.0,1.0,1.0,1.0,1.0,1.0,1.0,1.0,1.0,1.0,1.0,1.0,1.0,1.0,1.0,0.0
1661,We should ban school uniforms,"[['A', 'B', 'C', 'D', 'E'], ['A', 'B', 'C', 'D', 'E']]",D,1.0,1.0,0.0,0.0,0.0,0.0,0.0,0.0,0.0,0.0,0.0,0.0,0.0,0.0,0.0,0.0,0.0,0.0,0.0,0.0,0.0
1661,We should ban school uniforms,"[['A', 'B', 'C', 'D', 'E'], ['A', 'B', 'C', 'D', 'E']]",E,1.0,1.0,1.0,1.0,1.0,1.0,1.0,1.0,1.0,1.0,1.0,1.0,1.0,1.0,1.0,1.0,1.0,1.0,1.0,1.0,0.0
1902,We should legalize ivory trade,"[['A', 'B', 'C', 'D', 'E'], ['A', 'B', 'C', 'D', 'E']]",A,1.0,1.0,1.0,1.0,1.0,1.0,1.0,1.0,1.0,1.0,1.0,1.0,1.0,1.0,1.0,1.0,1.0,1.0,1.0,1.0,0.0
1902,We should legalize ivory trade,"[['A', 'B', 'C', 'D', 'E'], ['A', 'B', 'C', 'D', 'E']]",B,1.0,0.0,0.0,0.0,0.0,0.0,0.0,0.0,0.0,0.0,0.0,0.0,0.0,0.0,0.0,0.0,0.0,0.0,0.0,0.0,0.0
1902,We should legalize ivory trade,"[['A', 'B', 'C', 'D', 'E'], ['A', 'B', 'C', 'D', 'E']]",C,1.0,1.0,1.0,1.0,1.0,1.0,1.0,1.0,1.0,1.0,1.0,1.0,1.0,1.0,1.0,1.0,1.0,1.0,1.0,1.0,0.0
1902,We should legalize ivory trade,"[['A', 'B', 'C', 'D', 'E'], ['A', 'B', 'C', 'D', 'E']]",D,0.0,0.0,0.0,0.0,0.0,0.0,0.0,0.0,0.0,0.0,0.0,0.0,0.0,0.0,0.0,0.0,0.0,0.0,0.0,0.0,0.0
1902,We should legalize ivory trade,"[['A', 'B', 'C', 'D', 'E'], ['A', 'B', 'C', 'D', 'E']]",E,1.0,1.0,1.0,1.0,1.0,1.0,1.0,1.0,1.0,1.0,1.0,1.0,1.0,1.0,1.0,1.0,1.0,1.0,1.0,1.0,0.0
2108,Surrogacy should be banned,"[['A', 'B', 'C', 'D', 'E'], ['A', 'B', 'C', 'D', 'E']]",A,1.0,1.0,1.0,1.0,1.0,1.0,1.0,1.0,1.0,1.0,1.0,1.0,1.0,1.0,1.0,1.0,1.0,1.0,1.0,1.0,0.0
2108,Surrogacy should be banned,"[['A', 'B', 'C', 'D', 'E'], ['A', 'B', 'C', 'D', 'E']]",B,0.0,0.0,0.0,0.0,0.0,0.0,0.0,0.0,0.0,0.0,0.0,0.0,0.0,0.0,0.0,0.0,0.0,0.0,0.0,0.0,0.0
2108,Surrogacy should be banned,"[['A', 'B', 'C', 'D', 'E'], ['A', 'B', 'C', 'D', 'E']]",C,1.0,1.0,1.0,1.0,1.0,1.0,1.0,0.0,0.0,0.0,0.0,0.0,0.0,0.0,0.0,0.0,0.0,0.0,0.0,0.0,0.0
2108,Surrogacy should be banned,"[['A', 'B', 'C', 'D', 'E'], ['A', 'B', 'C', 'D', 'E']]",D,1.0,1.0,1.0,1.0,1.0,1.0,1.0,1.0,1.0,1.0,0.0,0.0,0.0,0.0,0.0,0.0,0.0,0.0,0.0,0.0,0.0
2108,Surrogacy should be banned,"[['A', 'B', 'C', 'D', 'E'], ['A', 'B', 'C', 'D', 'E']]",E,1.0,1.0,1.0,1.0,1.0,1.0,1.0,1.0,1.0,1.0,1.0,1.0,1.0,1.0,1.0,0.0,0.0,0.0,0.0,0.0,0.0
2110,We should lower the age of consent,"[['A', 'B', 'C', 'D', 'E'], ['A', 'B', 'C', 'D', 'E']]",A,1.0,1.0,1.0,1.0,1.0,1.0,1.0,1.0,1.0,1.0,1.0,1.0,1.0,1.0,1.0,1.0,1.0,1.0,1.0,1.0,0.0
2110,We should lower the age of consent,"[['A', 'B', 'C', 'D', 'E'], ['A', 'B', 'C', 'D', 'E']]",B,1.0,0.0,0.0,0.0,0.0,0.0,0.0,0.0,0.0,0.0,0.0,0.0,0.0,0.0,0.0,0.0,0.0,0.0,0.0,0.0,0.0
2110,We should lower the age of consent,"[['A', 'B', 'C', 'D', 'E'], ['A', 'B', 'C', 'D', 'E']]",C,1.0,1.0,1.0,1.0,1.0,1.0,1.0,1.0,1.0,1.0,1.0,1.0,1.0,1.0,1.0,1.0,1.0,1.0,1.0,1.0,0.0
2110,We should lower the age of consent,"[['A', 'B', 'C', 'D', 'E'], ['A', 'B', 'C', 'D', 'E']]",D,0.0,0.0,0.0,0.0,0.0,0.0,0.0,0.0,0.0,0.0,0.0,0.0,0.0,0.0,0.0,0.0,0.0,0.0,0.0,0.0,0.0
2110,We should lower the age of consent,"[['A', 'B', 'C', 'D', 'E'], ['A', 'B', 'C', 'D', 'E']]",E,1.0,1.0,1.0,1.0,1.0,1.0,1.0,1.0,1.0,1.0,1.0,1.0,1.0,1.0,1.0,1.0,1.0,1.0,1.0,1.0,0.0
2125,We should ban organic food,"[['A', 'B', 'C', 'D', 'E'], ['A', 'B', 'C', 'D', 'E']]",A,1.0,1.0,1.0,1.0,1.0,1.0,1.0,1.0,1.0,1.0,0.0,0.0,0.0,0.0,0.0,0.0,0.0,0.0,0.0,0.0,0.0
2125,We should ban organic food,"[['A', 'B', 'C', 'D', 'E'], ['A', 'B', 'C', 'D', 'E']]",B,0.0,0.0,0.0,0.0,0.0,0.0,0.0,0.0,0.0,0.0,0.0,0.0,0.0,0.0,0.0,0.0,0.0,0.0,0.0,0.0,0.0
2125,We should ban organic food,"[['A', 'B', 'C', 'D', 'E'], ['A', 'B', 'C', 'D', 'E']]",C,1.0,1.0,1.0,1.0,1.0,1.0,1.0,1.0,0.0,0.0,0.0,0.0,0.0,0.0,0.0,0.0,0.0,0.0,0.0,0.0,0.0
2125,We should ban organic food,"[['A', 'B', 'C', 'D', 'E'], ['A', 'B', 'C', 'D', 'E']]",D,0.0,0.0,0.0,0.0,0.0,0.0,0.0,0.0,0.0,0.0,0.0,0.0,0.0,0.0,0.0,0.0,0.0,0.0,0.0,0.0,0.0
2125,We should ban organic food,"[['A', 'B', 'C', 'D', 'E'], ['A', 'B', 'C', 'D', 'E']]",E,1.0,1.0,1.0,1.0,1.0,1.0,1.0,1.0,1.0,1.0,1.0,1.0,1.0,1.0,1.0,1.0,1.0,1.0,1.0,1.0,0.0
2143,We should ban abortions,"[['A', 'B', 'C', 'D', 'E'], ['A', 'B', 'C', 'D', 'E']]",A,1.0,1.0,1.0,1.0,1.0,1.0,1.0,1.0,1.0,1.0,1.0,1.0,1.0,1.0,1.0,1.0,1.0,1.0,1.0,1.0,0.0
2143,We should ban abortions,"[['A', 'B', 'C', 'D', 'E'], ['A', 'B', 'C', 'D', 'E']]",B,1.0,1.0,1.0,1.0,1.0,1.0,1.0,0.0,0.0,0.0,0.0,0.0,0.0,0.0,0.0,0.0,0.0,0.0,0.0,0.0,0.0
2143,We should ban abortions,"[['A', 'B', 'C', 'D', 'E'], ['A', 'B', 'C', 'D', 'E']]",C,1.0,1.0,1.0,1.0,1.0,1.0,1.0,1.0,1.0,1.0,1.0,1.0,1.0,1.0,1.0,1.0,0.0,0.0,0.0,0.0,0.0
2143,We should ban abortions,"[['A', 'B', 'C', 'D', 'E'], ['A', 'B', 'C', 'D', 'E']]",D,0.0,0.0,0.0,0.0,0.0,0.0,0.0,0.0,0.0,0.0,0.0,0.0,0.0,0.0,0.0,0.0,0.0,0.0,0.0,0.0,0.0
2143,We should ban abortions,"[['A', 'B', 'C', 'D', 'E'], ['A', 'B', 'C', 'D', 'E']]",E,1.0,1.0,1.0,1.0,1.0,1.0,1.0,1.0,1.0,1.0,1.0,1.0,1.0,1.0,1.0,1.0,1.0,1.0,1.0,1.0,0.0
2401,We should increase fuel tax,"[['A', 'B', 'C', 'D', 'E'], ['A', 'B', 'C', 'D', 'E']]",A,1.0,1.0,1.0,1.0,1.0,1.0,1.0,1.0,1.0,1.0,1.0,1.0,1.0,1.0,1.0,1.0,1.0,1.0,1.0,1.0,0.0
2401,We should increase fuel tax,"[['A', 'B', 'C', 'D', 'E'], ['A', 'B', 'C', 'D', 'E']]",B,0.0,0.0,0.0,0.0,0.0,0.0,0.0,0.0,0.0,0.0,0.0,0.0,0.0,0.0,0.0,0.0,0.0,0.0,0.0,0.0,0.0
2401,We should increase fuel tax,"[['A', 'B', 'C', 'D', 'E'], ['A', 'B', 'C', 'D', 'E']]",C,1.0,1.0,1.0,1.0,1.0,1.0,1.0,1.0,1.0,1.0,1.0,1.0,1.0,1.0,1.0,1.0,1.0,1.0,1.0,1.0,0.0
2401,We should increase fuel tax,"[['A', 'B', 'C', 'D', 'E'], ['A', 'B', 'C', 'D', 'E']]",D,0.0,0.0,0.0,0.0,0.0,0.0,0.0,0.0,0.0,0.0,0.0,0.0,0.0,0.0,0.0,0.0,0.0,0.0,0.0,0.0,0.0
2401,We should increase fuel tax,"[['A', 'B', 'C', 'D', 'E'], ['A', 'B', 'C', 'D', 'E']]",E,1.0,1.0,1.0,1.0,1.0,1.0,1.0,1.0,1.0,1.0,1.0,1.0,1.0,1.0,1.0,1.0,1.0,1.0,1.0,1.0,0.0
2449,Organ donation should be mandatory,"[['A', 'B', 'C', 'D', 'E'], ['A', 'B', 'C', 'D', 'E']]",A,1.0,1.0,1.0,1.0,1.0,1.0,1.0,1.0,1.0,1.0,1.0,1.0,1.0,1.0,1.0,1.0,1.0,1.0,1.0,1.0,0.0
2449,Organ donation should be mandatory,"[['A', 'B', 'C', 'D', 'E'], ['A', 'B', 'C', 'D', 'E']]",B,1.0,1.0,1.0,0.0,0.0,0.0,0.0,0.0,0.0,0.0,0.0,0.0,0.0,0.0,0.0,0.0,0.0,0.0,0.0,0.0,0.0
2449,Organ donation should be mandatory,"[['A', 'B', 'C', 'D', 'E'], ['A', 'B', 'C', 'D', 'E']]",C,1.0,1.0,1.0,1.0,1.0,1.0,1.0,1.0,0.0,0.0,0.0,0.0,0.0,0.0,0.0,0.0,0.0,0.0,0.0,0.0,0.0
2449,Organ donation should be mandatory,"[['A', 'B', 'C', 'D', 'E'], ['A', 'B', 'C', 'D', 'E']]",D,0.0,0.0,0.0,0.0,0.0,0.0,0.0,0.0,0.0,0.0,0.0,0.0,0.0,0.0,0.0,0.0,0.0,0.0,0.0,0.0,0.0
2449,Organ donation should be mandatory,"[['A', 'B', 'C', 'D', 'E'], ['A', 'B', 'C', 'D', 'E']]",E,1.0,1.0,1.0,1.0,1.0,1.0,1.0,1.0,1.0,1.0,1.0,1.0,1.0,1.0,1.0,1.0,1.0,1.0,1.0,1.0,0.0
2458,We should abolish the needle exchange programs,"[['A', 'B', 'C', 'D', 'E'], ['A', 'B', 'C', 'D', 'E']]",A,0.0,0.0,0.0,0.0,0.0,0.0,0.0,0.0,0.0,0.0,0.0,0.0,0.0,0.0,0.0,0.0,0.0,0.0,0.0,0.0,0.0
2458,We should abolish the needle exchange programs,"[['A', 'B', 'C', 'D', 'E'], ['A', 'B', 'C', 'D', 'E']]",B,1.0,1.0,1.0,1.0,0.0,0.0,0.0,0.0,0.0,0.0,0.0,0.0,0.0,0.0,0.0,0.0,0.0,0.0,0.0,0.0,0.0
2458,We should abolish the needle exchange programs,"[['A', 'B', 'C', 'D', 'E'], ['A', 'B', 'C', 'D', 'E']]",C,1.0,1.0,1.0,1.0,1.0,1.0,1.0,1.0,1.0,1.0,1.0,1.0,1.0,1.0,1.0,1.0,0.0,0.0,0.0,0.0,0.0
2458,We should abolish the needle exchange programs,"[['A', 'B', 'C', 'D', 'E'], ['A', 'B', 'C', 'D', 'E']]",D,0.0,0.0,0.0,0.0,0.0,0.0,0.0,0.0,0.0,0.0,0.0,0.0,0.0,0.0,0.0,0.0,0.0,0.0,0.0,0.0,0.0
2458,We should abolish the needle exchange programs,"[['A', 'B', 'C', 'D', 'E'], ['A', 'B', 'C', 'D', 'E']]",E,1.0,1.0,1.0,1.0,1.0,1.0,1.0,1.0,1.0,1.0,1.0,1.0,1.0,1.0,1.0,1.0,1.0,1.0,1.0,1.0,0.0
2465,We should further exploit small modular reactors,"[['A', 'B', 'C', 'D', 'E'], ['A', 'B', 'C', 'D', 'E']]",A,1.0,1.0,1.0,1.0,1.0,1.0,1.0,1.0,1.0,1.0,1.0,1.0,1.0,1.0,1.0,1.0,1.0,1.0,1.0,1.0,0.0
2465,We should further exploit small modular reactors,"[['A', 'B', 'C', 'D', 'E'], ['A', 'B', 'C', 'D', 'E']]",B,0.0,0.0,0.0,0.0,0.0,0.0,0.0,0.0,0.0,0.0,0.0,0.0,0.0,0.0,0.0,0.0,0.0,0.0,0.0,0.0,0.0
2465,We should further exploit small modular reactors,"[['A', 'B', 'C', 'D', 'E'], ['A', 'B', 'C', 'D', 'E']]",C,1.0,1.0,1.0,1.0,1.0,1.0,1.0,1.0,1.0,1.0,1.0,1.0,1.0,1.0,1.0,1.0,1.0,1.0,1.0,0.0,0.0
2465,We should further exploit small modular reactors,"[['A', 'B', 'C', 'D', 'E'], ['A', 'B', 'C', 'D', 'E']]",D,1.0,0.0,0.0,0.0,0.0,0.0,0.0,0.0,0.0,0.0,0.0,0.0,0.0,0.0,0.0,0.0,0.0,0.0,0.0,0.0,0.0
2465,We should further exploit small modular reactors,"[['A', 'B', 'C', 'D', 'E'], ['A', 'B', 'C', 'D', 'E']]",E,1.0,1.0,1.0,1.0,1.0,1.0,1.0,1.0,1.0,1.0,1.0,1.0,1.0,1.0,1.0,1.0,1.0,1.0,1.0,1.0,0.0
2480,We should ban racial profiling,"[['A', 'B', 'C', 'D', 'E'], ['A', 'B', 'C', 'D', 'E']]",A,1.0,1.0,1.0,1.0,1.0,1.0,1.0,1.0,1.0,1.0,1.0,1.0,1.0,1.0,1.0,1.0,1.0,1.0,1.0,1.0,0.0
2480,We should ban racial profiling,"[['A', 'B', 'C', 'D', 'E'], ['A', 'B', 'C', 'D', 'E']]",B,0.0,0.0,0.0,0.0,0.0,0.0,0.0,0.0,0.0,0.0,0.0,0.0,0.0,0.0,0.0,0.0,0.0,0.0,0.0,0.0,0.0
2480,We should ban racial profiling,"[['A', 'B', 'C', 'D', 'E'], ['A', 'B', 'C', 'D', 'E']]",C,1.0,1.0,1.0,1.0,1.0,1.0,1.0,1.0,1.0,1.0,1.0,1.0,1.0,1.0,1.0,1.0,0.0,0.0,0.0,0.0,0.0
2480,We should ban racial profiling,"[['A', 'B', 'C', 'D', 'E'], ['A', 'B', 'C', 'D', 'E']]",D,1.0,1.0,1.0,1.0,1.0,1.0,1.0,1.0,1.0,1.0,1.0,1.0,1.0,1.0,1.0,1.0,1.0,1.0,1.0,1.0,0.0
2480,We should ban racial profiling,"[['A', 'B', 'C', 'D', 'E'], ['A', 'B', 'C', 'D', 'E']]",E,1.0,1.0,1.0,1.0,1.0,1.0,1.0,1.0,1.0,1.0,1.0,1.0,1.0,1.0,1.0,0.0,0.0,0.0,0.0,0.0,0.0
2486,We should abolish the US Electoral College,"[['A', 'B', 'C', 'D', 'E'], ['A', 'B', 'C', 'D', 'E']]",A,1.0,1.0,1.0,1.0,1.0,1.0,1.0,1.0,1.0,1.0,1.0,1.0,1.0,1.0,1.0,1.0,1.0,1.0,1.0,1.0,0.0
2486,We should abolish the US Electoral College,"[['A', 'B', 'C', 'D', 'E'], ['A', 'B', 'C', 'D', 'E']]",B,1.0,1.0,1.0,0.0,0.0,0.0,0.0,0.0,0.0,0.0,0.0,0.0,0.0,0.0,0.0,0.0,0.0,0.0,0.0,0.0,0.0
2486,We should abolish the US Electoral College,"[['A', 'B', 'C', 'D', 'E'], ['A', 'B', 'C', 'D', 'E']]",C,1.0,1.0,1.0,1.0,1.0,1.0,1.0,1.0,1.0,1.0,1.0,1.0,1.0,1.0,1.0,1.0,1.0,1.0,1.0,1.0,0.0
2486,We should abolish the US Electoral College,"[['A', 'B', 'C', 'D', 'E'], ['A', 'B', 'C', 'D', 'E']]",D,1.0,1.0,1.0,0.0,0.0,0.0,0.0,0.0,0.0,0.0,0.0,0.0,0.0,0.0,0.0,0.0,0.0,0.0,0.0,0.0,0.0
2486,We should abolish the US Electoral College,"[['A', 'B', 'C', 'D', 'E'], ['A', 'B', 'C', 'D', 'E']]",E,1.0,1.0,1.0,1.0,1.0,1.0,1.0,1.0,1.0,1.0,1.0,1.0,1.0,1.0,1.0,1.0,1.0,1.0,1.0,1.0,0.0
2489,We should abolish no-knock warrants,"[['A', 'B', 'C', 'D', 'E'], ['A', 'B', 'C', 'D', 'E']]",A,1.0,1.0,1.0,1.0,1.0,1.0,1.0,1.0,1.0,1.0,1.0,1.0,1.0,1.0,1.0,1.0,1.0,1.0,1.0,1.0,0.0
2489,We should abolish no-knock warrants,"[['A', 'B', 'C', 'D', 'E'], ['A', 'B', 'C', 'D', 'E']]",B,1.0,1.0,1.0,1.0,1.0,1.0,0.0,0.0,0.0,0.0,0.0,0.0,0.0,0.0,0.0,0.0,0.0,0.0,0.0,0.0,0.0
2489,We should abolish no-knock warrants,"[['A', 'B', 'C', 'D', 'E'], ['A', 'B', 'C', 'D', 'E']]",C,1.0,1.0,1.0,1.0,1.0,1.0,1.0,1.0,1.0,1.0,1.0,1.0,1.0,1.0,1.0,1.0,1.0,0.0,0.0,0.0,0.0
2489,We should abolish no-knock warrants,"[['A', 'B', 'C', 'D', 'E'], ['A', 'B', 'C', 'D', 'E']]",D,1.0,1.0,1.0,1.0,1.0,1.0,1.0,1.0,1.0,1.0,1.0,1.0,1.0,0.0,0.0,0.0,0.0,0.0,0.0,0.0,0.0
2489,We should abolish no-knock warrants,"[['A', 'B', 'C', 'D', 'E'], ['A', 'B', 'C', 'D', 'E']]",E,0.0,0.0,0.0,0.0,0.0,0.0,0.0,0.0,0.0,0.0,0.0,0.0,0.0,0.0,0.0,0.0,0.0,0.0,0.0,0.0,0.0
2496,We should adopt a zero tolerance policy in schools,"[['A', 'B', 'C', 'D', 'E'], ['A', 'B', 'C', 'D', 'E']]",A,1.0,1.0,1.0,1.0,1.0,1.0,1.0,1.0,1.0,1.0,1.0,1.0,1.0,1.0,1.0,1.0,1.0,1.0,1.0,1.0,0.0
2496,We should adopt a zero tolerance policy in schools,"[['A', 'B', 'C', 'D', 'E'], ['A', 'B', 'C', 'D', 'E']]",B,1.0,1.0,1.0,1.0,1.0,0.0,0.0,0.0,0.0,0.0,0.0,0.0,0.0,0.0,0.0,0.0,0.0,0.0,0.0,0.0,0.0
2496,We should adopt a zero tolerance policy in schools,"[['A', 'B', 'C', 'D', 'E'], ['A', 'B', 'C', 'D', 'E']]",C,1.0,1.0,1.0,1.0,1.0,1.0,1.0,1.0,1.0,0.0,0.0,0.0,0.0,0.0,0.0,0.0,0.0,0.0,0.0,0.0,0.0
2496,We should adopt a zero tolerance policy in schools,"[['A', 'B', 'C', 'D', 'E'], ['A', 'B', 'C', 'D', 'E']]",D,0.0,0.0,0.0,0.0,0.0,0.0,0.0,0.0,0.0,0.0,0.0,0.0,0.0,0.0,0.0,0.0,0.0,0.0,0.0,0.0,0.0
2496,We should adopt a zero tolerance policy in schools,"[['A', 'B', 'C', 'D', 'E'], ['A', 'B', 'C', 'D', 'E']]",E,1.0,1.0,1.0,1.0,1.0,1.0,1.0,1.0,1.0,1.0,1.0,1.0,1.0,1.0,1.0,1.0,1.0,1.0,1.0,1.0,0.0
2539,We should ban genetically modified crops,"[['A', 'B', 'C', 'D', 'E'], ['A', 'B', 'C', 'D', 'E']]",A,1.0,1.0,1.0,1.0,1.0,1.0,1.0,1.0,1.0,1.0,1.0,1.0,1.0,1.0,1.0,1.0,1.0,1.0,1.0,1.0,0.0
2539,We should ban genetically modified crops,"[['A', 'B', 'C', 'D', 'E'], ['A', 'B', 'C', 'D', 'E']]",B,1.0,0.0,0.0,0.0,0.0,0.0,0.0,0.0,0.0,0.0,0.0,0.0,0.0,0.0,0.0,0.0,0.0,0.0,0.0,0.0,0.0
2539,We should ban genetically modified crops,"[['A', 'B', 'C', 'D', 'E'], ['A', 'B', 'C', 'D', 'E']]",C,1.0,1.0,1.0,1.0,1.0,1.0,1.0,1.0,1.0,1.0,1.0,1.0,1.0,1.0,0.0,0.0,0.0,0.0,0.0,0.0,0.0
2539,We should ban genetically modified crops,"[['A', 'B', 'C', 'D', 'E'], ['A', 'B', 'C', 'D', 'E']]",D,1.0,1.0,1.0,0.0,0.0,0.0,0.0,0.0,0.0,0.0,0.0,0.0,0.0,0.0,0.0,0.0,0.0,0.0,0.0,0.0,0.0
2539,We should ban genetically modified crops,"[['A', 'B', 'C', 'D', 'E'], ['A', 'B', 'C', 'D', 'E']]",E,1.0,1.0,1.0,1.0,1.0,1.0,1.0,1.0,1.0,1.0,1.0,1.0,1.0,1.0,1.0,1.0,1.0,1.0,1.0,1.0,0.0
2572,We should ban algorithmic trading,"[['A', 'B', 'C', 'D', 'E'], ['A', 'B', 'C', 'D', 'E']]",A,1.0,1.0,1.0,1.0,1.0,1.0,1.0,1.0,1.0,1.0,1.0,1.0,1.0,1.0,1.0,1.0,1.0,1.0,1.0,1.0,0.0
2572,We should ban algorithmic trading,"[['A', 'B', 'C', 'D', 'E'], ['A', 'B', 'C', 'D', 'E']]",B,1.0,0.0,0.0,0.0,0.0,0.0,0.0,0.0,0.0,0.0,0.0,0.0,0.0,0.0,0.0,0.0,0.0,0.0,0.0,0.0,0.0
2572,We should ban algorithmic trading,"[['A', 'B', 'C', 'D', 'E'], ['A', 'B', 'C', 'D', 'E']]",C,1.0,1.0,1.0,1.0,1.0,1.0,1.0,1.0,1.0,1.0,1.0,1.0,1.0,0.0,0.0,0.0,0.0,0.0,0.0,0.0,0.0
2572,We should ban algorithmic trading,"[['A', 'B', 'C', 'D', 'E'], ['A', 'B', 'C', 'D', 'E']]",D,1.0,1.0,1.0,1.0,1.0,1.0,1.0,1.0,1.0,1.0,1.0,1.0,0.0,0.0,0.0,0.0,0.0,0.0,0.0,0.0,0.0
2572,We should ban algorithmic trading,"[['A', 'B', 'C', 'D', 'E'], ['A', 'B', 'C', 'D', 'E']]",E,1.0,1.0,1.0,1.0,1.0,1.0,1.0,1.0,1.0,1.0,1.0,1.0,1.0,1.0,1.0,1.0,1.0,1.0,1.0,0.0,0.0
2604,The right to Internet access should be protected,"[['A', 'B', 'C', 'D', 'E'], ['A', 'B', 'C', 'D', 'E']]",A,1.0,1.0,1.0,1.0,1.0,1.0,1.0,1.0,1.0,1.0,1.0,1.0,1.0,1.0,1.0,1.0,1.0,1.0,1.0,1.0,0.0
2604,The right to Internet access should be protected,"[['A', 'B', 'C', 'D', 'E'], ['A', 'B', 'C', 'D', 'E']]",B,1.0,0.0,0.0,0.0,0.0,0.0,0.0,0.0,0.0,0.0,0.0,0.0,0.0,0.0,0.0,0.0,0.0,0.0,0.0,0.0,0.0
2604,The right to Internet access should be protected,"[['A', 'B', 'C', 'D', 'E'], ['A', 'B', 'C', 'D', 'E']]",C,1.0,1.0,1.0,1.0,1.0,1.0,1.0,1.0,1.0,1.0,1.0,1.0,1.0,1.0,1.0,1.0,1.0,0.0,0.0,0.0,0.0
2604,The right to Internet access should be protected,"[['A', 'B', 'C', 'D', 'E'], ['A', 'B', 'C', 'D', 'E']]",D,1.0,1.0,1.0,1.0,1.0,1.0,1.0,0.0,0.0,0.0,0.0,0.0,0.0,0.0,0.0,0.0,0.0,0.0,0.0,0.0,0.0
2604,The right to Internet access should be protected,"[['A', 'B', 'C', 'D', 'E'], ['A', 'B', 'C', 'D', 'E']]",E,1.0,1.0,1.0,1.0,1.0,1.0,1.0,1.0,1.0,1.0,1.0,1.0,1.0,1.0,1.0,1.0,1.0,1.0,1.0,1.0,0.0
2615,We should ban homeopathy,"[['A', 'B', 'C', 'D', 'E'], ['A', 'B', 'C', 'D', 'E']]",A,1.0,1.0,1.0,1.0,1.0,1.0,1.0,1.0,1.0,1.0,1.0,1.0,1.0,1.0,1.0,1.0,1.0,1.0,1.0,1.0,0.0
2615,We should ban homeopathy,"[['A', 'B', 'C', 'D', 'E'], ['A', 'B', 'C', 'D', 'E']]",B,1.0,1.0,1.0,1.0,1.0,0.0,0.0,0.0,0.0,0.0,0.0,0.0,0.0,0.0,0.0,0.0,0.0,0.0,0.0,0.0,0.0
2615,We should ban homeopathy,"[['A', 'B', 'C', 'D', 'E'], ['A', 'B', 'C', 'D', 'E']]",C,1.0,1.0,1.0,1.0,1.0,1.0,1.0,1.0,1.0,1.0,1.0,1.0,1.0,1.0,1.0,0.0,0.0,0.0,0.0,0.0,0.0
2615,We should ban homeopathy,"[['A', 'B', 'C', 'D', 'E'], ['A', 'B', 'C', 'D', 'E']]",D,1.0,1.0,1.0,1.0,1.0,1.0,1.0,1.0,1.0,1.0,1.0,1.0,1.0,1.0,1.0,1.0,1.0,1.0,1.0,1.0,0.0
2615,We should ban homeopathy,"[['A', 'B', 'C', 'D', 'E'], ['A', 'B', 'C', 'D', 'E']]",E,1.0,1.0,1.0,1.0,1.0,0.0,0.0,0.0,0.0,0.0,0.0,0.0,0.0,0.0,0.0,0.0,0.0,0.0,0.0,0.0,0.0
2616,We should ban alternative medicine,"[['A', 'B', 'C', 'D', 'E'], ['A', 'B', 'C', 'D', 'E']]",A,1.0,1.0,1.0,1.0,1.0,1.0,1.0,1.0,1.0,1.0,1.0,1.0,1.0,1.0,1.0,1.0,1.0,1.0,1.0,1.0,0.0
2616,We should ban alternative medicine,"[['A', 'B', 'C', 'D', 'E'], ['A', 'B', 'C', 'D', 'E']]",B,0.0,0.0,0.0,0.0,0.0,0.0,0.0,0.0,0.0,0.0,0.0,0.0,0.0,0.0,0.0,0.0,0.0,0.0,0.0,0.0,0.0
2616,We should ban alternative medicine,"[['A', 'B', 'C', 'D', 'E'], ['A', 'B', 'C', 'D', 'E']]",C,1.0,1.0,1.0,0.0,0.0,0.0,0.0,0.0,0.0,0.0,0.0,0.0,0.0,0.0,0.0,0.0,0.0,0.0,0.0,0.0,0.0
2616,We should ban alternative medicine,"[['A', 'B', 'C', 'D', 'E'], ['A', 'B', 'C', 'D', 'E']]",D,1.0,1.0,1.0,1.0,1.0,1.0,1.0,1.0,1.0,1.0,1.0,1.0,1.0,1.0,1.0,0.0,0.0,0.0,0.0,0.0,0.0
2616,We should ban alternative medicine,"[['A', 'B', 'C', 'D', 'E'], ['A', 'B', 'C', 'D', 'E']]",E,1.0,1.0,1.0,1.0,1.0,1.0,1.0,1.0,1.0,1.0,1.0,1.0,1.0,1.0,1.0,1.0,0.0,0.0,0.0,0.0,0.0
2647,We should abolish term limits,"[['A', 'B', 'C', 'D', 'E'], ['A', 'B', 'C', 'D', 'E']]",A,1.0,1.0,1.0,1.0,1.0,1.0,1.0,1.0,1.0,1.0,1.0,1.0,1.0,1.0,1.0,1.0,1.0,1.0,1.0,1.0,0.0
2647,We should abolish term limits,"[['A', 'B', 'C', 'D', 'E'], ['A', 'B', 'C', 'D', 'E']]",B,0.0,0.0,0.0,0.0,0.0,0.0,0.0,0.0,0.0,0.0,0.0,0.0,0.0,0.0,0.0,0.0,0.0,0.0,0.0,0.0,0.0
2647,We should abolish term limits,"[['A', 'B', 'C', 'D', 'E'], ['A', 'B', 'C', 'D', 'E']]",C,1.0,1.0,1.0,1.0,1.0,1.0,1.0,1.0,1.0,1.0,1.0,1.0,1.0,1.0,1.0,1.0,1.0,1.0,1.0,1.0,0.0
2647,We should abolish term limits,"[['A', 'B', 'C', 'D', 'E'], ['A', 'B', 'C', 'D', 'E']]",D,1.0,0.0,0.0,0.0,0.0,0.0,0.0,0.0,0.0,0.0,0.0,0.0,0.0,0.0,0.0,0.0,0.0,0.0,0.0,0.0,0.0
2647,We should abolish term limits,"[['A', 'B', 'C', 'D', 'E'], ['A', 'B', 'C', 'D', 'E']]",E,1.0,1.0,1.0,1.0,1.0,1.0,1.0,1.0,1.0,1.0,1.0,1.0,1.0,1.0,1.0,1.0,1.0,1.0,1.0,1.0,0.0
2654,We should protect whistleblowers,"[['A', 'B', 'C', 'D', 'E'], ['A', 'B', 'C', 'D', 'E']]",A,1.0,1.0,1.0,1.0,1.0,1.0,1.0,1.0,1.0,1.0,1.0,1.0,1.0,1.0,1.0,1.0,1.0,1.0,1.0,1.0,0.0
2654,We should protect whistleblowers,"[['A', 'B', 'C', 'D', 'E'], ['A', 'B', 'C', 'D', 'E']]",B,0.0,0.0,0.0,0.0,0.0,0.0,0.0,0.0,0.0,0.0,0.0,0.0,0.0,0.0,0.0,0.0,0.0,0.0,0.0,0.0,0.0
2654,We should protect whistleblowers,"[['A', 'B', 'C', 'D', 'E'], ['A', 'B', 'C', 'D', 'E']]",C,1.0,1.0,1.0,1.0,1.0,1.0,1.0,1.0,1.0,1.0,1.0,1.0,0.0,0.0,0.0,0.0,0.0,0.0,0.0,0.0,0.0
2654,We should protect whistleblowers,"[['A', 'B', 'C', 'D', 'E'], ['A', 'B', 'C', 'D', 'E']]",D,1.0,1.0,1.0,1.0,1.0,1.0,1.0,1.0,1.0,1.0,1.0,1.0,1.0,1.0,1.0,1.0,1.0,1.0,0.0,0.0,0.0
2654,We should protect whistleblowers,"[['A', 'B', 'C', 'D', 'E'], ['A', 'B', 'C', 'D', 'E']]",E,1.0,1.0,1.0,1.0,1.0,1.0,1.0,1.0,1.0,1.0,1.0,1.0,1.0,0.0,0.0,0.0,0.0,0.0,0.0,0.0,0.0
2679,We should disband UNESCO,"[['A', 'B', 'C', 'D', 'E'], ['A', 'B', 'C', 'D', 'E']]",A,0.0,0.0,0.0,0.0,0.0,0.0,0.0,0.0,0.0,0.0,0.0,0.0,0.0,0.0,0.0,0.0,0.0,0.0,0.0,0.0,0.0
2679,We should disband UNESCO,"[['A', 'B', 'C', 'D', 'E'], ['A', 'B', 'C', 'D', 'E']]",B,0.0,0.0,0.0,0.0,0.0,0.0,0.0,0.0,0.0,0.0,0.0,0.0,0.0,0.0,0.0,0.0,0.0,0.0,0.0,0.0,0.0
2679,We should disband UNESCO,"[['A', 'B', 'C', 'D', 'E'], ['A', 'B', 'C', 'D', 'E']]",C,1.0,1.0,1.0,1.0,1.0,1.0,1.0,1.0,0.0,0.0,0.0,0.0,0.0,0.0,0.0,0.0,0.0,0.0,0.0,0.0,0.0
2679,We should disband UNESCO,"[['A', 'B', 'C', 'D', 'E'], ['A', 'B', 'C', 'D', 'E']]",D,1.0,1.0,0.0,0.0,0.0,0.0,0.0,0.0,0.0,0.0,0.0,0.0,0.0,0.0,0.0,0.0,0.0,0.0,0.0,0.0,0.0
2679,We should disband UNESCO,"[['A', 'B', 'C', 'D', 'E'], ['A', 'B', 'C', 'D', 'E']]",E,1.0,1.0,1.0,1.0,1.0,1.0,1.0,1.0,1.0,1.0,1.0,1.0,1.0,1.0,1.0,1.0,1.0,1.0,1.0,1.0,0.0
2694,We should abolish intelligence tests,"[['A', 'B', 'C', 'D', 'E'], ['A', 'B', 'C', 'D', 'E']]",A,1.0,1.0,1.0,1.0,1.0,1.0,1.0,1.0,1.0,1.0,1.0,1.0,1.0,1.0,1.0,1.0,1.0,1.0,1.0,1.0,0.0
2694,We should abolish intelligence tests,"[['A', 'B', 'C', 'D', 'E'], ['A', 'B', 'C', 'D', 'E']]",B,1.0,1.0,0.0,0.0,0.0,0.0,0.0,0.0,0.0,0.0,0.0,0.0,0.0,0.0,0.0,0.0,0.0,0.0,0.0,0.0,0.0
2694,We should abolish intelligence tests,"[['A', 'B', 'C', 'D', 'E'], ['A', 'B', 'C', 'D', 'E']]",C,1.0,1.0,1.0,1.0,1.0,1.0,1.0,1.0,1.0,1.0,1.0,0.0,0.0,0.0,0.0,0.0,0.0,0.0,0.0,0.0,0.0
2694,We should abolish intelligence tests,"[['A', 'B', 'C', 'D', 'E'], ['A', 'B', 'C', 'D', 'E']]",D,1.0,1.0,1.0,1.0,1.0,1.0,1.0,1.0,0.0,0.0,0.0,0.0,0.0,0.0,0.0,0.0,0.0,0.0,0.0,0.0,0.0
2694,We should abolish intelligence tests,"[['A', 'B', 'C', 'D', 'E'], ['A', 'B', 'C', 'D', 'E']]",E,1.0,1.0,1.0,1.0,1.0,1.0,1.0,1.0,1.0,1.0,1.0,1.0,1.0,1.0,1.0,1.0,1.0,1.0,1.0,1.0,0.0
2747,We should ban telemarketing,"[['A', 'B', 'C', 'D', 'E'], ['A', 'B', 'C', 'D', 'E']]",A,1.0,1.0,1.0,1.0,1.0,1.0,1.0,1.0,1.0,1.0,1.0,1.0,1.0,1.0,1.0,1.0,1.0,1.0,1.0,1.0,0.0
2747,We should ban telemarketing,"[['A', 'B', 'C', 'D', 'E'], ['A', 'B', 'C', 'D', 'E']]",B,1.0,1.0,1.0,1.0,1.0,0.0,0.0,0.0,0.0,0.0,0.0,0.0,0.0,0.0,0.0,0.0,0.0,0.0,0.0,0.0,0.0
2747,We should ban telemarketing,"[['A', 'B', 'C', 'D', 'E'], ['A', 'B', 'C', 'D', 'E']]",C,1.0,1.0,1.0,1.0,1.0,1.0,1.0,0.0,0.0,0.0,0.0,0.0,0.0,0.0,0.0,0.0,0.0,0.0,0.0,0.0,0.0
2747,We should ban telemarketing,"[['A', 'B', 'C', 'D', 'E'], ['A', 'B', 'C', 'D', 'E']]",D,1.0,1.0,1.0,1.0,1.0,1.0,1.0,1.0,1.0,1.0,1.0,1.0,1.0,1.0,1.0,1.0,1.0,1.0,1.0,1.0,0.0
2747,We should ban telemarketing,"[['A', 'B', 'C', 'D', 'E'], ['A', 'B', 'C', 'D', 'E']]",E,1.0,1.0,1.0,0.0,0.0,0.0,0.0,0.0,0.0,0.0,0.0,0.0,0.0,0.0,0.0,0.0,0.0,0.0,0.0,0.0,0.0
2767,We should subsidize investigative journalism,"[['A', 'B', 'C', 'D', 'E'], ['A', 'B', 'C', 'D', 'E']]",A,1.0,1.0,1.0,1.0,1.0,1.0,1.0,1.0,1.0,1.0,1.0,1.0,1.0,1.0,1.0,1.0,1.0,1.0,1.0,1.0,0.0
2767,We should subsidize investigative journalism,"[['A', 'B', 'C', 'D', 'E'], ['A', 'B', 'C', 'D', 'E']]",B,0.0,0.0,0.0,0.0,0.0,0.0,0.0,0.0,0.0,0.0,0.0,0.0,0.0,0.0,0.0,0.0,0.0,0.0,0.0,0.0,0.0
2767,We should subsidize investigative journalism,"[['A', 'B', 'C', 'D', 'E'], ['A', 'B', 'C', 'D', 'E']]",C,1.0,1.0,1.0,1.0,1.0,1.0,1.0,1.0,1.0,1.0,1.0,1.0,1.0,1.0,1.0,1.0,0.0,0.0,0.0,0.0,0.0
2767,We should subsidize investigative journalism,"[['A', 'B', 'C', 'D', 'E'], ['A', 'B', 'C', 'D', 'E']]",D,1.0,0.0,0.0,0.0,0.0,0.0,0.0,0.0,0.0,0.0,0.0,0.0,0.0,0.0,0.0,0.0,0.0,0.0,0.0,0.0,0.0
2767,We should subsidize investigative journalism,"[['A', 'B', 'C', 'D', 'E'], ['A', 'B', 'C', 'D', 'E']]",E,1.0,1.0,1.0,1.0,1.0,1.0,1.0,1.0,1.0,1.0,1.0,1.0,1.0,1.0,1.0,1.0,1.0,1.0,1.0,1.0,0.0
3052,We should raise the corporate tax,"[['A', 'B', 'C', 'D', 'E'], ['A', 'B', 'C', 'D', 'E']]",A,1.0,1.0,1.0,1.0,1.0,1.0,1.0,1.0,1.0,1.0,1.0,1.0,1.0,1.0,1.0,1.0,1.0,1.0,1.0,1.0,0.0
3052,We should raise the corporate tax,"[['A', 'B', 'C', 'D', 'E'], ['A', 'B', 'C', 'D', 'E']]",B,0.0,0.0,0.0,0.0,0.0,0.0,0.0,0.0,0.0,0.0,0.0,0.0,0.0,0.0,0.0,0.0,0.0,0.0,0.0,0.0,0.0
3052,We should raise the corporate tax,"[['A', 'B', 'C', 'D', 'E'], ['A', 'B', 'C', 'D', 'E']]",C,1.0,1.0,1.0,1.0,1.0,1.0,1.0,1.0,1.0,1.0,1.0,1.0,1.0,1.0,1.0,1.0,1.0,1.0,1.0,1.0,0.0
3052,We should raise the corporate tax,"[['A', 'B', 'C', 'D', 'E'], ['A', 'B', 'C', 'D', 'E']]",D,0.0,0.0,0.0,0.0,0.0,0.0,0.0,0.0,0.0,0.0,0.0,0.0,0.0,0.0,0.0,0.0,0.0,0.0,0.0,0.0,0.0
3052,We should raise the corporate tax,"[['A', 'B', 'C', 'D', 'E'], ['A', 'B', 'C', 'D', 'E']]",E,1.0,1.0,1.0,1.0,1.0,1.0,1.0,1.0,1.0,1.0,1.0,1.0,1.0,1.0,1.0,1.0,1.0,1.0,1.0,1.0,0.0
3166,We should abolish the American Jobs Act,"[['A', 'B', 'C', 'D', 'E'], ['A', 'B', 'C', 'D', 'E']]",A,1.0,1.0,1.0,1.0,1.0,1.0,1.0,1.0,1.0,1.0,1.0,1.0,1.0,1.0,1.0,1.0,1.0,1.0,1.0,1.0,0.0
3166,We should abolish the American Jobs Act,"[['A', 'B', 'C', 'D', 'E'], ['A', 'B', 'C', 'D', 'E']]",B,1.0,1.0,1.0,1.0,0.0,0.0,0.0,0.0,0.0,0.0,0.0,0.0,0.0,0.0,0.0,0.0,0.0,0.0,0.0,0.0,0.0
3166,We should abolish the American Jobs Act,"[['A', 'B', 'C', 'D', 'E'], ['A', 'B', 'C', 'D', 'E']]",C,1.0,1.0,1.0,1.0,1.0,1.0,1.0,1.0,1.0,1.0,1.0,1.0,1.0,1.0,1.0,1.0,1.0,1.0,1.0,0.0,0.0
3166,We should abolish the American Jobs Act,"[['A', 'B', 'C', 'D', 'E'], ['A', 'B', 'C', 'D', 'E']]",D,1.0,0.0,0.0,0.0,0.0,0.0,0.0,0.0,0.0,0.0,0.0,0.0,0.0,0.0,0.0,0.0,0.0,0.0,0.0,0.0,0.0
3166,We should abolish the American Jobs Act,"[['A', 'B', 'C', 'D', 'E'], ['A', 'B', 'C', 'D', 'E']]",E,1.0,1.0,1.0,1.0,1.0,1.0,1.0,1.0,1.0,1.0,1.0,1.0,1.0,1.0,1.0,1.0,1.0,1.0,1.0,1.0,0.0
3170,We should end mandatory retirement,"[['A', 'B', 'C', 'D', 'E'], ['A', 'B', 'C', 'D', 'E']]",A,1.0,1.0,1.0,1.0,1.0,1.0,1.0,1.0,1.0,1.0,1.0,1.0,1.0,1.0,1.0,1.0,1.0,1.0,1.0,1.0,0.0
3170,We should end mandatory retirement,"[['A', 'B', 'C', 'D', 'E'], ['A', 'B', 'C', 'D', 'E']]",B,0.0,0.0,0.0,0.0,0.0,0.0,0.0,0.0,0.0,0.0,0.0,0.0,0.0,0.0,0.0,0.0,0.0,0.0,0.0,0.0,0.0
3170,We should end mandatory retirement,"[['A', 'B', 'C', 'D', 'E'], ['A', 'B', 'C', 'D', 'E']]",C,1.0,1.0,1.0,1.0,1.0,1.0,1.0,1.0,1.0,1.0,1.0,1.0,1.0,1.0,0.0,0.0,0.0,0.0,0.0,0.0,0.0
3170,We should end mandatory retirement,"[['A', 'B', 'C', 'D', 'E'], ['A', 'B', 'C', 'D', 'E']]",D,1.0,1.0,1.0,1.0,1.0,1.0,1.0,1.0,1.0,1.0,0.0,0.0,0.0,0.0,0.0,0.0,0.0,0.0,0.0,0.0,0.0
3170,We should end mandatory retirement,"[['A', 'B', 'C', 'D', 'E'], ['A', 'B', 'C', 'D', 'E']]",E,1.0,1.0,1.0,1.0,0.0,0.0,0.0,0.0,0.0,0.0,0.0,0.0,0.0,0.0,0.0,0.0,0.0,0.0,0.0,0.0,0.0
3194,We should abandon television,"[['A', 'B', 'C', 'D', 'E'], ['A', 'B', 'C', 'D', 'E']]",A,1.0,1.0,1.0,1.0,1.0,1.0,1.0,1.0,1.0,1.0,1.0,0.0,0.0,0.0,0.0,0.0,0.0,0.0,0.0,0.0,0.0
3194,We should abandon television,"[['A', 'B', 'C', 'D', 'E'], ['A', 'B', 'C', 'D', 'E']]",B,0.0,0.0,0.0,0.0,0.0,0.0,0.0,0.0,0.0,0.0,0.0,0.0,0.0,0.0,0.0,0.0,0.0,0.0,0.0,0.0,0.0
3194,We should abandon television,"[['A', 'B', 'C', 'D', 'E'], ['A', 'B', 'C', 'D', 'E']]",C,1.0,1.0,1.0,0.0,0.0,0.0,0.0,0.0,0.0,0.0,0.0,0.0,0.0,0.0,0.0,0.0,0.0,0.0,0.0,0.0,0.0
3194,We should abandon television,"[['A', 'B', 'C', 'D', 'E'], ['A', 'B', 'C', 'D', 'E']]",D,1.0,1.0,1.0,1.0,1.0,1.0,1.0,1.0,1.0,1.0,1.0,1.0,1.0,1.0,1.0,1.0,1.0,1.0,1.0,1.0,0.0
3194,We should abandon television,"[['A', 'B', 'C', 'D', 'E'], ['A', 'B', 'C', 'D', 'E']]",E,1.0,0.0,0.0,0.0,0.0,0.0,0.0,0.0,0.0,0.0,0.0,0.0,0.0,0.0,0.0,0.0,0.0,0.0,0.0,0.0,0.0
3195,Casinos should be banned,"[['A', 'B', 'C', 'D', 'E'], ['A', 'B', 'C', 'D', 'E']]",A,1.0,1.0,1.0,1.0,1.0,1.0,1.0,1.0,1.0,1.0,1.0,1.0,1.0,1.0,1.0,1.0,1.0,1.0,1.0,1.0,0.0
3195,Casinos should be banned,"[['A', 'B', 'C', 'D', 'E'], ['A', 'B', 'C', 'D', 'E']]",B,1.0,0.0,0.0,0.0,0.0,0.0,0.0,0.0,0.0,0.0,0.0,0.0,0.0,0.0,0.0,0.0,0.0,0.0,0.0,0.0,0.0
3195,Casinos should be banned,"[['A', 'B', 'C', 'D', 'E'], ['A', 'B', 'C', 'D', 'E']]",C,1.0,1.0,1.0,1.0,1.0,1.0,1.0,1.0,1.0,1.0,1.0,1.0,1.0,1.0,1.0,0.0,0.0,0.0,0.0,0.0,0.0
3195,Casinos should be banned,"[['A', 'B', 'C', 'D', 'E'], ['A', 'B', 'C', 'D', 'E']]",D,1.0,1.0,1.0,1.0,1.0,1.0,1.0,1.0,1.0,1.0,1.0,1.0,1.0,1.0,1.0,1.0,1.0,1.0,0.0,0.0,0.0
3195,Casinos should be banned,"[['A', 'B', 'C', 'D', 'E'], ['A', 'B', 'C', 'D', 'E']]",E,1.0,1.0,1.0,1.0,1.0,1.0,1.0,1.0,1.0,1.0,1.0,1.0,1.0,1.0,1.0,0.0,0.0,0.0,0.0,0.0,0.0
3196,We should increase immigration to the United States,"[['A', 'B', 'C', 'D', 'E'], ['A', 'B', 'C', 'D', 'E']]",A,1.0,1.0,1.0,1.0,1.0,1.0,1.0,1.0,1.0,1.0,1.0,1.0,1.0,1.0,1.0,1.0,1.0,1.0,1.0,1.0,0.0
3196,We should increase immigration to the United States,"[['A', 'B', 'C', 'D', 'E'], ['A', 'B', 'C', 'D', 'E']]",B,0.0,0.0,0.0,0.0,0.0,0.0,0.0,0.0,0.0,0.0,0.0,0.0,0.0,0.0,0.0,0.0,0.0,0.0,0.0,0.0,0.0
3196,We should increase immigration to the United States,"[['A', 'B', 'C', 'D', 'E'], ['A', 'B', 'C', 'D', 'E']]",C,1.0,1.0,1.0,1.0,1.0,1.0,1.0,1.0,1.0,1.0,1.0,1.0,1.0,1.0,1.0,1.0,1.0,1.0,1.0,0.0,0.0
3196,We should increase immigration to the United States,"[['A', 'B', 'C', 'D', 'E'], ['A', 'B', 'C', 'D', 'E']]",D,1.0,1.0,1.0,0.0,0.0,0.0,0.0,0.0,0.0,0.0,0.0,0.0,0.0,0.0,0.0,0.0,0.0,0.0,0.0,0.0,0.0
3196,We should increase immigration to the United States,"[['A', 'B', 'C', 'D', 'E'], ['A', 'B', 'C', 'D', 'E']]",E,1.0,1.0,1.0,1.0,1.0,1.0,1.0,1.0,1.0,1.0,1.0,1.0,1.0,1.0,1.0,1.0,1.0,1.0,1.0,1.0,0.0
3201,We should subsidize embryonic stem cell research,"[['A', 'B', 'C', 'D', 'E'], ['A', 'B', 'C', 'D', 'E']]",A,1.0,1.0,1.0,1.0,1.0,1.0,1.0,1.0,1.0,1.0,1.0,1.0,1.0,1.0,1.0,1.0,1.0,1.0,1.0,1.0,0.0
3201,We should subsidize embryonic stem cell research,"[['A', 'B', 'C', 'D', 'E'], ['A', 'B', 'C', 'D', 'E']]",B,0.0,0.0,0.0,0.0,0.0,0.0,0.0,0.0,0.0,0.0,0.0,0.0,0.0,0.0,0.0,0.0,0.0,0.0,0.0,0.0,0.0
3201,We should subsidize embryonic stem cell research,"[['A', 'B', 'C', 'D', 'E'], ['A', 'B', 'C', 'D', 'E']]",C,1.0,1.0,1.0,1.0,1.0,1.0,1.0,1.0,1.0,1.0,1.0,1.0,1.0,1.0,1.0,1.0,1.0,1.0,0.0,0.0,0.0
3201,We should subsidize embryonic stem cell research,"[['A', 'B', 'C', 'D', 'E'], ['A', 'B', 'C', 'D', 'E']]",D,0.0,0.0,0.0,0.0,0.0,0.0,0.0,0.0,0.0,0.0,0.0,0.0,0.0,0.0,0.0,0.0,0.0,0.0,0.0,0.0,0.0
3201,We should subsidize embryonic stem cell research,"[['A', 'B', 'C', 'D', 'E'], ['A', 'B', 'C', 'D', 'E']]",E,1.0,1.0,1.0,1.0,1.0,1.0,1.0,1.0,1.0,1.0,1.0,1.0,1.0,1.0,1.0,1.0,1.0,1.0,1.0,1.0,0.0
3222,We should abolish bitcoins,"[['A', 'B', 'C', 'D', 'E'], ['A', 'B', 'C', 'D', 'E']]",A,1.0,1.0,1.0,1.0,1.0,1.0,1.0,1.0,1.0,1.0,1.0,1.0,1.0,1.0,1.0,1.0,1.0,1.0,1.0,1.0,0.0
3222,We should abolish bitcoins,"[['A', 'B', 'C', 'D', 'E'], ['A', 'B', 'C', 'D', 'E']]",B,1.0,0.0,0.0,0.0,0.0,0.0,0.0,0.0,0.0,0.0,0.0,0.0,0.0,0.0,0.0,0.0,0.0,0.0,0.0,0.0,0.0
3222,We should abolish bitcoins,"[['A', 'B', 'C', 'D', 'E'], ['A', 'B', 'C', 'D', 'E']]",C,1.0,1.0,1.0,1.0,1.0,1.0,1.0,1.0,1.0,1.0,1.0,1.0,1.0,1.0,1.0,1.0,0.0,0.0,0.0,0.0,0.0
3222,We should abolish bitcoins,"[['A', 'B', 'C', 'D', 'E'], ['A', 'B', 'C', 'D', 'E']]",D,1.0,1.0,1.0,1.0,1.0,1.0,1.0,1.0,1.0,1.0,1.0,1.0,1.0,1.0,1.0,1.0,1.0,1.0,0.0,0.0,0.0
3222,We should abolish bitcoins,"[['A', 'B', 'C', 'D', 'E'], ['A', 'B', 'C', 'D', 'E']]",E,1.0,1.0,1.0,1.0,1.0,1.0,1.0,0.0,0.0,0.0,0.0,0.0,0.0,0.0,0.0,0.0,0.0,0.0,0.0,0.0,0.0
3223,We should fight global warming,"[['A', 'B', 'C', 'D', 'E'], ['A', 'B', 'C', 'D', 'E']]",A,1.0,1.0,1.0,1.0,1.0,1.0,1.0,1.0,1.0,1.0,1.0,1.0,1.0,1.0,1.0,1.0,1.0,1.0,1.0,1.0,0.0
3223,We should fight global warming,"[['A', 'B', 'C', 'D', 'E'], ['A', 'B', 'C', 'D', 'E']]",B,1.0,0.0,0.0,0.0,0.0,0.0,0.0,0.0,0.0,0.0,0.0,0.0,0.0,0.0,0.0,0.0,0.0,0.0,0.0,0.0,0.0
3223,We should fight global warming,"[['A', 'B', 'C', 'D', 'E'], ['A', 'B', 'C', 'D', 'E']]",C,1.0,1.0,1.0,1.0,1.0,1.0,1.0,1.0,1.0,1.0,1.0,1.0,1.0,1.0,1.0,1.0,1.0,1.0,1.0,1.0,0.0
3223,We should fight global warming,"[['A', 'B', 'C', 'D', 'E'], ['A', 'B', 'C', 'D', 'E']]",D,1.0,1.0,1.0,1.0,1.0,1.0,1.0,1.0,1.0,1.0,1.0,1.0,1.0,1.0,1.0,1.0,1.0,1.0,1.0,1.0,0.0
3223,We should fight global warming,"[['A', 'B', 'C', 'D', 'E'], ['A', 'B', 'C', 'D', 'E']]",E,1.0,1.0,1.0,1.0,1.0,1.0,1.0,1.0,1.0,1.0,1.0,1.0,1.0,1.0,1.0,0.0,0.0,0.0,0.0,0.0,0.0
3234,The use of AI should be abandoned,"[['A', 'B', 'C', 'D', 'E'], ['A', 'B', 'C', 'D', 'E']]",A,1.0,0.0,0.0,0.0,0.0,0.0,0.0,0.0,0.0,0.0,0.0,0.0,0.0,0.0,0.0,0.0,0.0,0.0,0.0,0.0,0.0
3234,The use of AI should be abandoned,"[['A', 'B', 'C', 'D', 'E'], ['A', 'B', 'C', 'D', 'E']]",B,0.0,0.0,0.0,0.0,0.0,0.0,0.0,0.0,0.0,0.0,0.0,0.0,0.0,0.0,0.0,0.0,0.0,0.0,0.0,0.0,0.0
3234,The use of AI should be abandoned,"[['A', 'B', 'C', 'D', 'E'], ['A', 'B', 'C', 'D', 'E']]",C,1.0,1.0,1.0,0.0,0.0,0.0,0.0,0.0,0.0,0.0,0.0,0.0,0.0,0.0,0.0,0.0,0.0,0.0,0.0,0.0,0.0
3234,The use of AI should be abandoned,"[['A', 'B', 'C', 'D', 'E'], ['A', 'B', 'C', 'D', 'E']]",D,1.0,1.0,1.0,1.0,1.0,1.0,1.0,1.0,1.0,0.0,0.0,0.0,0.0,0.0,0.0,0.0,0.0,0.0,0.0,0.0,0.0
3234,The use of AI should be abandoned,"[['A', 'B', 'C', 'D', 'E'], ['A', 'B', 'C', 'D', 'E']]",E,1.0,1.0,1.0,1.0,1.0,1.0,1.0,1.0,1.0,1.0,1.0,1.0,1.0,1.0,1.0,1.0,1.0,1.0,1.0,1.0,0.0
3263,We should end the use of economic sanctions,"[['A', 'B', 'C', 'D', 'E'], ['A', 'B', 'C', 'D', 'E']]",A,1.0,1.0,1.0,1.0,1.0,1.0,1.0,1.0,1.0,1.0,1.0,1.0,1.0,1.0,1.0,1.0,1.0,1.0,1.0,1.0,0.0
3263,We should end the use of economic sanctions,"[['A', 'B', 'C', 'D', 'E'], ['A', 'B', 'C', 'D', 'E']]",B,1.0,1.0,1.0,1.0,1.0,1.0,1.0,1.0,1.0,0.0,0.0,0.0,0.0,0.0,0.0,0.0,0.0,0.0,0.0,0.0,0.0
3263,We should end the use of economic sanctions,"[['A', 'B', 'C', 'D', 'E'], ['A', 'B', 'C', 'D', 'E']]",C,1.0,1.0,1.0,1.0,1.0,1.0,1.0,1.0,1.0,1.0,1.0,1.0,1.0,1.0,1.0,1.0,1.0,1.0,0.0,0.0,0.0
3263,We should end the use of economic sanctions,"[['A', 'B', 'C', 'D', 'E'], ['A', 'B', 'C', 'D', 'E']]",D,1.0,1.0,1.0,1.0,1.0,1.0,0.0,0.0,0.0,0.0,0.0,0.0,0.0,0.0,0.0,0.0,0.0,0.0,0.0,0.0,0.0
3263,We should end the use of economic sanctions,"[['A', 'B', 'C', 'D', 'E'], ['A', 'B', 'C', 'D', 'E']]",E,1.0,1.0,1.0,1.0,1.0,1.0,1.0,1.0,1.0,1.0,1.0,1.0,1.0,1.0,1.0,1.0,1.0,1.0,1.0,1.0,0.0
3279,Blockade of the Gaza Strip should be ended,"[['A', 'B', 'C', 'D', 'E'], ['A', 'B', 'C', 'D', 'E']]",A,1.0,1.0,1.0,1.0,1.0,1.0,1.0,1.0,1.0,1.0,1.0,1.0,1.0,1.0,1.0,1.0,1.0,1.0,1.0,1.0,0.0
3279,Blockade of the Gaza Strip should be ended,"[['A', 'B', 'C', 'D', 'E'], ['A', 'B', 'C', 'D', 'E']]",B,0.0,0.0,0.0,0.0,0.0,0.0,0.0,0.0,0.0,0.0,0.0,0.0,0.0,0.0,0.0,0.0,0.0,0.0,0.0,0.0,0.0
3279,Blockade of the Gaza Strip should be ended,"[['A', 'B', 'C', 'D', 'E'], ['A', 'B', 'C', 'D', 'E']]",C,1.0,1.0,1.0,1.0,1.0,1.0,1.0,1.0,1.0,1.0,1.0,1.0,1.0,1.0,1.0,1.0,1.0,1.0,1.0,1.0,0.0
3279,Blockade of the Gaza Strip should be ended,"[['A', 'B', 'C', 'D', 'E'], ['A', 'B', 'C', 'D', 'E']]",D,1.0,1.0,1.0,1.0,1.0,0.0,0.0,0.0,0.0,0.0,0.0,0.0,0.0,0.0,0.0,0.0,0.0,0.0,0.0,0.0,0.0
3279,Blockade of the Gaza Strip should be ended,"[['A', 'B', 'C', 'D', 'E'], ['A', 'B', 'C', 'D', 'E']]",E,1.0,1.0,1.0,1.0,1.0,1.0,1.0,1.0,1.0,1.0,1.0,1.0,1.0,1.0,1.0,1.0,1.0,1.0,1.0,1.0,0.0
3581,We should end cheerleading,"[['A', 'B', 'C', 'D', 'E'], ['A', 'B', 'C', 'D', 'E']]",A,1.0,1.0,1.0,1.0,1.0,1.0,1.0,1.0,1.0,1.0,1.0,1.0,1.0,0.0,0.0,0.0,0.0,0.0,0.0,0.0,0.0
3581,We should end cheerleading,"[['A', 'B', 'C', 'D', 'E'], ['A', 'B', 'C', 'D', 'E']]",B,1.0,1.0,0.0,0.0,0.0,0.0,0.0,0.0,0.0,0.0,0.0,0.0,0.0,0.0,0.0,0.0,0.0,0.0,0.0,0.0,0.0
3581,We should end cheerleading,"[['A', 'B', 'C', 'D', 'E'], ['A', 'B', 'C', 'D', 'E']]",C,1.0,1.0,1.0,1.0,1.0,1.0,1.0,1.0,1.0,1.0,1.0,1.0,1.0,0.0,0.0,0.0,0.0,0.0,0.0,0.0,0.0
3581,We should end cheerleading,"[['A', 'B', 'C', 'D', 'E'], ['A', 'B', 'C', 'D', 'E']]",D,1.0,1.0,1.0,1.0,1.0,1.0,1.0,1.0,1.0,1.0,1.0,1.0,1.0,1.0,1.0,1.0,1.0,1.0,1.0,0.0,0.0
3581,We should end cheerleading,"[['A', 'B', 'C', 'D', 'E'], ['A', 'B', 'C', 'D', 'E']]",E,1.0,1.0,1.0,1.0,1.0,1.0,1.0,1.0,1.0,1.0,1.0,0.0,0.0,0.0,0.0,0.0,0.0,0.0,0.0,0.0,0.0
3699,We should abolish primary elections,"[['A', 'B', 'C', 'D', 'E'], ['A', 'B', 'C', 'D', 'E']]",A,1.0,1.0,1.0,1.0,1.0,1.0,1.0,1.0,1.0,1.0,1.0,1.0,1.0,1.0,1.0,1.0,1.0,1.0,1.0,1.0,0.0
3699,We should abolish primary elections,"[['A', 'B', 'C', 'D', 'E'], ['A', 'B', 'C', 'D', 'E']]",B,1.0,0.0,0.0,0.0,0.0,0.0,0.0,0.0,0.0,0.0,0.0,0.0,0.0,0.0,0.0,0.0,0.0,0.0,0.0,0.0,0.0
3699,We should abolish primary elections,"[['A', 'B', 'C', 'D', 'E'], ['A', 'B', 'C', 'D', 'E']]",C,1.0,1.0,1.0,1.0,1.0,1.0,1.0,1.0,1.0,1.0,1.0,1.0,1.0,1.0,1.0,0.0,0.0,0.0,0.0,0.0,0.0
3699,We should abolish primary elections,"[['A', 'B', 'C', 'D', 'E'], ['A', 'B', 'C', 'D', 'E']]",D,0.0,0.0,0.0,0.0,0.0,0.0,0.0,0.0,0.0,0.0,0.0,0.0,0.0,0.0,0.0,0.0,0.0,0.0,0.0,0.0,0.0
3699,We should abolish primary elections,"[['A', 'B', 'C', 'D', 'E'], ['A', 'B', 'C', 'D', 'E']]",E,1.0,1.0,1.0,1.0,1.0,1.0,1.0,1.0,1.0,1.0,1.0,1.0,1.0,1.0,1.0,1.0,1.0,1.0,1.0,1.0,0.0
3759,Tattoos should be banned,"[['A', 'B', 'C', 'D', 'E'], ['A', 'B', 'C', 'D', 'E']]",A,1.0,1.0,1.0,0.0,0.0,0.0,0.0,0.0,0.0,0.0,0.0,0.0,0.0,0.0,0.0,0.0,0.0,0.0,0.0,0.0,0.0
3759,Tattoos should be banned,"[['A', 'B', 'C', 'D', 'E'], ['A', 'B', 'C', 'D', 'E']]",B,1.0,1.0,1.0,1.0,1.0,0.0,0.0,0.0,0.0,0.0,0.0,0.0,0.0,0.0,0.0,0.0,0.0,0.0,0.0,0.0,0.0
3759,Tattoos should be banned,"[['A', 'B', 'C', 'D', 'E'], ['A', 'B', 'C', 'D', 'E']]",C,1.0,1.0,0.0,0.0,0.0,0.0,0.0,0.0,0.0,0.0,0.0,0.0,0.0,0.0,0.0,0.0,0.0,0.0,0.0,0.0,0.0
3759,Tattoos should be banned,"[['A', 'B', 'C', 'D', 'E'], ['A', 'B', 'C', 'D', 'E']]",D,0.0,0.0,0.0,0.0,0.0,0.0,0.0,0.0,0.0,0.0,0.0,0.0,0.0,0.0,0.0,0.0,0.0,0.0,0.0,0.0,0.0
3759,Tattoos should be banned,"[['A', 'B', 'C', 'D', 'E'], ['A', 'B', 'C', 'D', 'E']]",E,1.0,1.0,1.0,1.0,1.0,1.0,1.0,1.0,1.0,1.0,1.0,1.0,1.0,1.0,1.0,1.0,1.0,1.0,1.0,1.0,0.0
802,We should protect Antarctica,"[['A', 'B', 'C', 'D', 'E'], ['A', 'B', 'C', 'D', 'E']]",A,1.0,1.0,1.0,1.0,1.0,1.0,1.0,1.0,1.0,1.0,1.0,1.0,1.0,1.0,1.0,1.0,1.0,1.0,1.0,1.0,0.0
802,We should protect Antarctica,"[['A', 'B', 'C', 'D', 'E'], ['A', 'B', 'C', 'D', 'E']]",B,0.0,0.0,0.0,0.0,0.0,0.0,0.0,0.0,0.0,0.0,0.0,0.0,0.0,0.0,0.0,0.0,0.0,0.0,0.0,0.0,0.0
802,We should protect Antarctica,"[['A', 'B', 'C', 'D', 'E'], ['A', 'B', 'C', 'D', 'E']]",C,1.0,1.0,1.0,1.0,1.0,1.0,1.0,1.0,1.0,1.0,1.0,1.0,1.0,1.0,1.0,1.0,1.0,1.0,1.0,1.0,0.0
802,We should protect Antarctica,"[['A', 'B', 'C', 'D', 'E'], ['A', 'B', 'C', 'D', 'E']]",D,1.0,1.0,1.0,1.0,1.0,1.0,1.0,1.0,1.0,1.0,1.0,1.0,1.0,1.0,1.0,1.0,1.0,1.0,1.0,0.0,0.0
802,We should protect Antarctica,"[['A', 'B', 'C', 'D', 'E'], ['A', 'B', 'C', 'D', 'E']]",E,1.0,1.0,1.0,1.0,1.0,1.0,1.0,1.0,1.0,1.0,1.0,1.0,1.0,1.0,1.0,1.0,0.0,0.0,0.0,0.0,0.0
2122,We should further exploit green technology,"[['A', 'B', 'C', 'D', 'E'], ['A', 'B', 'C', 'D', 'E']]",A,1.0,1.0,1.0,1.0,1.0,1.0,1.0,1.0,1.0,1.0,1.0,1.0,1.0,1.0,1.0,1.0,1.0,1.0,1.0,1.0,0.0
2122,We should further exploit green technology,"[['A', 'B', 'C', 'D', 'E'], ['A', 'B', 'C', 'D', 'E']]",B,0.0,0.0,0.0,0.0,0.0,0.0,0.0,0.0,0.0,0.0,0.0,0.0,0.0,0.0,0.0,0.0,0.0,0.0,0.0,0.0,0.0
2122,We should further exploit green technology,"[['A', 'B', 'C', 'D', 'E'], ['A', 'B', 'C', 'D', 'E']]",C,1.0,1.0,1.0,1.0,1.0,1.0,1.0,1.0,1.0,1.0,1.0,1.0,1.0,1.0,1.0,0.0,0.0,0.0,0.0,0.0,0.0
2122,We should further exploit green technology,"[['A', 'B', 'C', 'D', 'E'], ['A', 'B', 'C', 'D', 'E']]",D,1.0,1.0,1.0,1.0,1.0,1.0,1.0,1.0,1.0,1.0,1.0,1.0,1.0,1.0,1.0,1.0,1.0,1.0,1.0,1.0,0.0
2122,We should further exploit green technology,"[['A', 'B', 'C', 'D', 'E'], ['A', 'B', 'C', 'D', 'E']]",E,1.0,1.0,1.0,1.0,1.0,1.0,1.0,1.0,1.0,1.0,1.0,0.0,0.0,0.0,0.0,0.0,0.0,0.0,0.0,0.0,0.0
2124,We should subsidize higher education,"[['A', 'B', 'C', 'D', 'E'], ['A', 'B', 'C', 'D', 'E']]",A,1.0,1.0,1.0,1.0,1.0,1.0,1.0,1.0,1.0,1.0,1.0,1.0,1.0,1.0,1.0,1.0,1.0,1.0,1.0,1.0,0.0
2124,We should subsidize higher education,"[['A', 'B', 'C', 'D', 'E'], ['A', 'B', 'C', 'D', 'E']]",B,0.0,0.0,0.0,0.0,0.0,0.0,0.0,0.0,0.0,0.0,0.0,0.0,0.0,0.0,0.0,0.0,0.0,0.0,0.0,0.0,0.0
2124,We should subsidize higher education,"[['A', 'B', 'C', 'D', 'E'], ['A', 'B', 'C', 'D', 'E']]",C,1.0,1.0,1.0,1.0,1.0,1.0,1.0,1.0,1.0,1.0,1.0,1.0,1.0,1.0,1.0,1.0,1.0,1.0,1.0,0.0,0.0
2124,We should subsidize higher education,"[['A', 'B', 'C', 'D', 'E'], ['A', 'B', 'C', 'D', 'E']]",D,1.0,0.0,0.0,0.0,0.0,0.0,0.0,0.0,0.0,0.0,0.0,0.0,0.0,0.0,0.0,0.0,0.0,0.0,0.0,0.0,0.0
2124,We should subsidize higher education,"[['A', 'B', 'C', 'D', 'E'], ['A', 'B', 'C', 'D', 'E']]",E,1.0,1.0,1.0,1.0,1.0,1.0,1.0,1.0,1.0,1.0,1.0,1.0,1.0,1.0,1.0,1.0,1.0,1.0,1.0,1.0,0.0
2184,We should legalize public nudity,"[['A', 'B', 'C', 'D', 'E'], ['A', 'B', 'C', 'D', 'E']]",A,1.0,1.0,1.0,1.0,1.0,1.0,1.0,1.0,1.0,1.0,1.0,1.0,1.0,1.0,1.0,1.0,1.0,1.0,1.0,1.0,0.0
2184,We should legalize public nudity,"[['A', 'B', 'C', 'D', 'E'], ['A', 'B', 'C', 'D', 'E']]",B,0.0,0.0,0.0,0.0,0.0,0.0,0.0,0.0,0.0,0.0,0.0,0.0,0.0,0.0,0.0,0.0,0.0,0.0,0.0,0.0,0.0
2184,We should legalize public nudity,"[['A', 'B', 'C', 'D', 'E'], ['A', 'B', 'C', 'D', 'E']]",C,1.0,1.0,1.0,1.0,1.0,1.0,1.0,1.0,1.0,1.0,1.0,1.0,1.0,1.0,1.0,1.0,1.0,1.0,1.0,1.0,0.0
2184,We should legalize public nudity,"[['A', 'B', 'C', 'D', 'E'], ['A', 'B', 'C', 'D', 'E']]",D,0.0,0.0,0.0,0.0,0.0,0.0,0.0,0.0,0.0,0.0,0.0,0.0,0.0,0.0,0.0,0.0,0.0,0.0,0.0,0.0,0.0
2184,We should legalize public nudity,"[['A', 'B', 'C', 'D', 'E'], ['A', 'B', 'C', 'D', 'E']]",E,1.0,1.0,1.0,1.0,1.0,1.0,1.0,1.0,1.0,1.0,1.0,1.0,1.0,1.0,1.0,1.0,1.0,1.0,1.0,1.0,0.0
2225,We should ban factory farming,"[['A', 'B', 'C', 'D', 'E'], ['A', 'B', 'C', 'D', 'E']]",A,1.0,1.0,1.0,1.0,1.0,1.0,1.0,1.0,1.0,1.0,1.0,1.0,1.0,1.0,1.0,1.0,1.0,1.0,1.0,1.0,0.0
2225,We should ban factory farming,"[['A', 'B', 'C', 'D', 'E'], ['A', 'B', 'C', 'D', 'E']]",B,1.0,1.0,1.0,1.0,1.0,1.0,0.0,0.0,0.0,0.0,0.0,0.0,0.0,0.0,0.0,0.0,0.0,0.0,0.0,0.0,0.0
2225,We should ban factory farming,"[['A', 'B', 'C', 'D', 'E'], ['A', 'B', 'C', 'D', 'E']]",C,1.0,1.0,1.0,1.0,1.0,1.0,1.0,1.0,1.0,1.0,0.0,0.0,0.0,0.0,0.0,0.0,0.0,0.0,0.0,0.0,0.0
2225,We should ban factory farming,"[['A', 'B', 'C', 'D', 'E'], ['A', 'B', 'C', 'D', 'E']]",D,1.0,1.0,1.0,1.0,1.0,1.0,1.0,1.0,1.0,1.0,1.0,1.0,1.0,1.0,1.0,1.0,1.0,1.0,1.0,1.0,0.0
2225,We should ban factory farming,"[['A', 'B', 'C', 'D', 'E'], ['A', 'B', 'C', 'D', 'E']]",E,1.0,1.0,0.0,0.0,0.0,0.0,0.0,0.0,0.0,0.0,0.0,0.0,0.0,0.0,0.0,0.0,0.0,0.0,0.0,0.0,0.0
2227,We should ban whaling,"[['A', 'B', 'C', 'D', 'E'], ['A', 'B', 'C', 'D', 'E']]",A,1.0,1.0,1.0,1.0,1.0,1.0,1.0,1.0,1.0,1.0,1.0,1.0,1.0,1.0,1.0,1.0,1.0,1.0,1.0,1.0,0.0
2227,We should ban whaling,"[['A', 'B', 'C', 'D', 'E'], ['A', 'B', 'C', 'D', 'E']]",B,0.0,0.0,0.0,0.0,0.0,0.0,0.0,0.0,0.0,0.0,0.0,0.0,0.0,0.0,0.0,0.0,0.0,0.0,0.0,0.0,0.0
2227,We should ban whaling,"[['A', 'B', 'C', 'D', 'E'], ['A', 'B', 'C', 'D', 'E']]",C,1.0,1.0,1.0,1.0,1.0,1.0,1.0,1.0,1.0,1.0,1.0,1.0,1.0,1.0,1.0,0.0,0.0,0.0,0.0,0.0,0.0
2227,We should ban whaling,"[['A', 'B', 'C', 'D', 'E'], ['A', 'B', 'C', 'D', 'E']]",D,1.0,1.0,1.0,1.0,1.0,1.0,1.0,1.0,1.0,1.0,1.0,1.0,1.0,1.0,1.0,1.0,1.0,1.0,1.0,1.0,0.0
2227,We should ban whaling,"[['A', 'B', 'C', 'D', 'E'], ['A', 'B', 'C', 'D', 'E']]",E,1.0,1.0,1.0,1.0,1.0,0.0,0.0,0.0,0.0,0.0,0.0,0.0,0.0,0.0,0.0,0.0,0.0,0.0,0.0,0.0,0.0
2482,We should limit the use of birth control,"[['A', 'B', 'C', 'D', 'E'], ['A', 'B', 'C', 'D', 'E']]",A,1.0,1.0,1.0,1.0,1.0,1.0,1.0,1.0,1.0,1.0,1.0,1.0,1.0,1.0,1.0,1.0,1.0,1.0,1.0,1.0,0.0
2482,We should limit the use of birth control,"[['A', 'B', 'C', 'D', 'E'], ['A', 'B', 'C', 'D', 'E']]",B,1.0,1.0,1.0,1.0,1.0,1.0,1.0,1.0,1.0,1.0,1.0,0.0,0.0,0.0,0.0,0.0,0.0,0.0,0.0,0.0,0.0
2482,We should limit the use of birth control,"[['A', 'B', 'C', 'D', 'E'], ['A', 'B', 'C', 'D', 'E']]",C,1.0,1.0,1.0,1.0,1.0,1.0,1.0,1.0,1.0,1.0,1.0,1.0,1.0,1.0,1.0,1.0,1.0,1.0,1.0,0.0,0.0
2482,We should limit the use of birth control,"[['A', 'B', 'C', 'D', 'E'], ['A', 'B', 'C', 'D', 'E']]",D,0.0,0.0,0.0,0.0,0.0,0.0,0.0,0.0,0.0,0.0,0.0,0.0,0.0,0.0,0.0,0.0,0.0,0.0,0.0,0.0,0.0
2482,We should limit the use of birth control,"[['A', 'B', 'C', 'D', 'E'], ['A', 'B', 'C', 'D', 'E']]",E,1.0,1.0,1.0,1.0,1.0,1.0,1.0,1.0,1.0,1.0,1.0,1.0,1.0,1.0,1.0,1.0,1.0,1.0,1.0,1.0,0.0
2483,We should ban anonymous posts,"[['A', 'B', 'C', 'D', 'E'], ['A', 'B', 'C', 'D', 'E']]",A,1.0,1.0,1.0,1.0,1.0,1.0,1.0,1.0,1.0,1.0,1.0,1.0,1.0,1.0,1.0,1.0,1.0,1.0,1.0,1.0,0.0
2483,We should ban anonymous posts,"[['A', 'B', 'C', 'D', 'E'], ['A', 'B', 'C', 'D', 'E']]",B,1.0,1.0,1.0,0.0,0.0,0.0,0.0,0.0,0.0,0.0,0.0,0.0,0.0,0.0,0.0,0.0,0.0,0.0,0.0,0.0,0.0
2483,We should ban anonymous posts,"[['A', 'B', 'C', 'D', 'E'], ['A', 'B', 'C', 'D', 'E']]",C,1.0,1.0,1.0,1.0,1.0,1.0,1.0,1.0,1.0,1.0,1.0,1.0,1.0,0.0,0.0,0.0,0.0,0.0,0.0,0.0,0.0
2483,We should ban anonymous posts,"[['A', 'B', 'C', 'D', 'E'], ['A', 'B', 'C', 'D', 'E']]",D,1.0,0.0,0.0,0.0,0.0,0.0,0.0,0.0,0.0,0.0,0.0,0.0,0.0,0.0,0.0,0.0,0.0,0.0,0.0,0.0,0.0
2483,We should ban anonymous posts,"[['A', 'B', 'C', 'D', 'E'], ['A', 'B', 'C', 'D', 'E']]",E,1.0,1.0,1.0,1.0,1.0,1.0,1.0,1.0,1.0,1.0,1.0,1.0,1.0,1.0,1.0,1.0,1.0,1.0,1.0,1.0,0.0
2588,Assisted suicide should be a criminal offence,"[['A', 'B', 'C', 'D', 'E'], ['A', 'B', 'C', 'D', 'E']]",A,1.0,1.0,1.0,1.0,1.0,1.0,1.0,1.0,1.0,1.0,1.0,1.0,1.0,1.0,1.0,1.0,1.0,1.0,1.0,1.0,0.0
2588,Assisted suicide should be a criminal offence,"[['A', 'B', 'C', 'D', 'E'], ['A', 'B', 'C', 'D', 'E']]",B,0.0,0.0,0.0,0.0,0.0,0.0,0.0,0.0,0.0,0.0,0.0,0.0,0.0,0.0,0.0,0.0,0.0,0.0,0.0,0.0,0.0
2588,Assisted suicide should be a criminal offence,"[['A', 'B', 'C', 'D', 'E'], ['A', 'B', 'C', 'D', 'E']]",C,1.0,1.0,1.0,1.0,1.0,1.0,1.0,1.0,1.0,1.0,1.0,1.0,1.0,1.0,1.0,1.0,1.0,1.0,1.0,1.0,0.0
2588,Assisted suicide should be a criminal offence,"[['A', 'B', 'C', 'D', 'E'], ['A', 'B', 'C', 'D', 'E']]",D,0.0,0.0,0.0,0.0,0.0,0.0,0.0,0.0,0.0,0.0,0.0,0.0,0.0,0.0,0.0,0.0,0.0,0.0,0.0,0.0,0.0
2588,Assisted suicide should be a criminal offence,"[['A', 'B', 'C', 'D', 'E'], ['A', 'B', 'C', 'D', 'E']]",E,1.0,1.0,1.0,1.0,1.0,1.0,1.0,1.0,1.0,1.0,1.0,1.0,1.0,0.0,0.0,0.0,0.0,0.0,0.0,0.0,0.0
2613,We should abolish the two-party system,"[['A', 'B', 'C', 'D', 'E'], ['A', 'B', 'C', 'D', 'E']]",A,1.0,1.0,1.0,1.0,1.0,1.0,1.0,1.0,1.0,1.0,1.0,1.0,1.0,1.0,1.0,1.0,1.0,1.0,1.0,1.0,0.0
2613,We should abolish the two-party system,"[['A', 'B', 'C', 'D', 'E'], ['A', 'B', 'C', 'D', 'E']]",B,1.0,1.0,1.0,1.0,1.0,0.0,0.0,0.0,0.0,0.0,0.0,0.0,0.0,0.0,0.0,0.0,0.0,0.0,0.0,0.0,0.0
2613,We should abolish the two-party system,"[['A', 'B', 'C', 'D', 'E'], ['A', 'B', 'C', 'D', 'E']]",C,1.0,1.0,1.0,1.0,1.0,1.0,1.0,1.0,1.0,1.0,1.0,1.0,1.0,1.0,1.0,1.0,0.0,0.0,0.0,0.0,0.0
2613,We should abolish the two-party system,"[['A', 'B', 'C', 'D', 'E'], ['A', 'B', 'C', 'D', 'E']]",D,1.0,1.0,1.0,1.0,1.0,1.0,1.0,1.0,0.0,0.0,0.0,0.0,0.0,0.0,0.0,0.0,0.0,0.0,0.0,0.0,0.0
2613,We should abolish the two-party system,"[['A', 'B', 'C', 'D', 'E'], ['A', 'B', 'C', 'D', 'E']]",E,1.0,1.0,1.0,1.0,1.0,1.0,1.0,1.0,1.0,1.0,1.0,1.0,1.0,1.0,1.0,1.0,1.0,1.0,1.0,0.0,0.0
2621,We should disband the United Nations,"[['A', 'B', 'C', 'D', 'E'], ['A', 'B', 'C', 'D', 'E']]",A,1.0,1.0,1.0,1.0,1.0,1.0,1.0,1.0,1.0,1.0,1.0,1.0,1.0,1.0,1.0,1.0,1.0,1.0,0.0,0.0,0.0
2621,We should disband the United Nations,"[['A', 'B', 'C', 'D', 'E'], ['A', 'B', 'C', 'D', 'E']]",B,0.0,0.0,0.0,0.0,0.0,0.0,0.0,0.0,0.0,0.0,0.0,0.0,0.0,0.0,0.0,0.0,0.0,0.0,0.0,0.0,0.0
2621,We should disband the United Nations,"[['A', 'B', 'C', 'D', 'E'], ['A', 'B', 'C', 'D', 'E']]",C,1.0,1.0,1.0,1.0,1.0,1.0,1.0,1.0,1.0,0.0,0.0,0.0,0.0,0.0,0.0,0.0,0.0,0.0,0.0,0.0,0.0
2621,We should disband the United Nations,"[['A', 'B', 'C', 'D', 'E'], ['A', 'B', 'C', 'D', 'E']]",D,0.0,0.0,0.0,0.0,0.0,0.0,0.0,0.0,0.0,0.0,0.0,0.0,0.0,0.0,0.0,0.0,0.0,0.0,0.0,0.0,0.0
2621,We should disband the United Nations,"[['A', 'B', 'C', 'D', 'E'], ['A', 'B', 'C', 'D', 'E']]",E,1.0,1.0,1.0,1.0,1.0,1.0,1.0,1.0,1.0,1.0,1.0,1.0,1.0,1.0,1.0,1.0,1.0,1.0,1.0,1.0,0.0
2678,We should subsidize distance education,"[['A', 'B', 'C', 'D', 'E'], ['A', 'B', 'C', 'D', 'E']]",A,1.0,1.0,1.0,1.0,1.0,1.0,1.0,1.0,1.0,1.0,1.0,1.0,1.0,1.0,1.0,1.0,1.0,1.0,1.0,1.0,0.0
2678,We should subsidize distance education,"[['A', 'B', 'C', 'D', 'E'], ['A', 'B', 'C', 'D', 'E']]",B,0.0,0.0,0.0,0.0,0.0,0.0,0.0,0.0,0.0,0.0,0.0,0.0,0.0,0.0,0.0,0.0,0.0,0.0,0.0,0.0,0.0
2678,We should subsidize distance education,"[['A', 'B', 'C', 'D', 'E'], ['A', 'B', 'C', 'D', 'E']]",C,1.0,1.0,1.0,1.0,1.0,1.0,1.0,1.0,1.0,1.0,1.0,1.0,1.0,1.0,1.0,1.0,1.0,1.0,1.0,0.0,0.0
2678,We should subsidize distance education,"[['A', 'B', 'C', 'D', 'E'], ['A', 'B', 'C', 'D', 'E']]",D,1.0,1.0,0.0,0.0,0.0,0.0,0.0,0.0,0.0,0.0,0.0,0.0,0.0,0.0,0.0,0.0,0.0,0.0,0.0,0.0,0.0
2678,We should subsidize distance education,"[['A', 'B', 'C', 'D', 'E'], ['A', 'B', 'C', 'D', 'E']]",E,1.0,1.0,1.0,1.0,1.0,1.0,1.0,1.0,1.0,1.0,1.0,1.0,1.0,1.0,1.0,1.0,1.0,1.0,1.0,1.0,0.0
2689,We should subsidize Wikipedia,"[['A', 'B', 'C', 'D', 'E'], ['A', 'B', 'C', 'D', 'E']]",A,1.0,1.0,1.0,1.0,1.0,1.0,1.0,1.0,1.0,1.0,1.0,1.0,1.0,1.0,1.0,1.0,1.0,1.0,1.0,1.0,0.0
2689,We should subsidize Wikipedia,"[['A', 'B', 'C', 'D', 'E'], ['A', 'B', 'C', 'D', 'E']]",B,0.0,0.0,0.0,0.0,0.0,0.0,0.0,0.0,0.0,0.0,0.0,0.0,0.0,0.0,0.0,0.0,0.0,0.0,0.0,0.0,0.0
2689,We should subsidize Wikipedia,"[['A', 'B', 'C', 'D', 'E'], ['A', 'B', 'C', 'D', 'E']]",C,1.0,1.0,1.0,1.0,1.0,1.0,1.0,1.0,1.0,1.0,1.0,1.0,1.0,1.0,1.0,1.0,1.0,1.0,1.0,0.0,0.0
2689,We should subsidize Wikipedia,"[['A', 'B', 'C', 'D', 'E'], ['A', 'B', 'C', 'D', 'E']]",D,0.0,0.0,0.0,0.0,0.0,0.0,0.0,0.0,0.0,0.0,0.0,0.0,0.0,0.0,0.0,0.0,0.0,0.0,0.0,0.0,0.0
2689,We should subsidize Wikipedia,"[['A', 'B', 'C', 'D', 'E'], ['A', 'B', 'C', 'D', 'E']]",E,1.0,1.0,1.0,1.0,1.0,1.0,1.0,1.0,1.0,1.0,1.0,1.0,1.0,1.0,1.0,1.0,1.0,1.0,1.0,1.0,0.0
3168,We should introduce year round schooling,"[['A', 'B', 'C', 'D', 'E'], ['A', 'B', 'C', 'D', 'E']]",A,1.0,1.0,1.0,1.0,1.0,1.0,1.0,1.0,1.0,1.0,1.0,1.0,1.0,1.0,1.0,1.0,1.0,1.0,1.0,1.0,0.0
3168,We should introduce year round schooling,"[['A', 'B', 'C', 'D', 'E'], ['A', 'B', 'C', 'D', 'E']]",B,0.0,0.0,0.0,0.0,0.0,0.0,0.0,0.0,0.0,0.0,0.0,0.0,0.0,0.0,0.0,0.0,0.0,0.0,0.0,0.0,0.0
3168,We should introduce year round schooling,"[['A', 'B', 'C', 'D', 'E'], ['A', 'B', 'C', 'D', 'E']]",C,1.0,1.0,1.0,1.0,1.0,1.0,1.0,1.0,1.0,1.0,1.0,1.0,1.0,1.0,1.0,1.0,1.0,1.0,1.0,1.0,0.0
3168,We should introduce year round schooling,"[['A', 'B', 'C', 'D', 'E'], ['A', 'B', 'C', 'D', 'E']]",D,1.0,0.0,0.0,0.0,0.0,0.0,0.0,0.0,0.0,0.0,0.0,0.0,0.0,0.0,0.0,0.0,0.0,0.0,0.0,0.0,0.0
3168,We should introduce year round schooling,"[['A', 'B', 'C', 'D', 'E'], ['A', 'B', 'C', 'D', 'E']]",E,1.0,1.0,1.0,1.0,1.0,1.0,1.0,1.0,1.0,1.0,1.0,1.0,1.0,1.0,1.0,1.0,1.0,1.0,1.0,1.0,0.0
3180,We should introduce goal line technology,"[['A', 'B', 'C', 'D', 'E'], ['A', 'B', 'C', 'D', 'E']]",A,1.0,1.0,1.0,1.0,1.0,1.0,1.0,1.0,1.0,1.0,1.0,1.0,1.0,1.0,1.0,1.0,1.0,1.0,1.0,1.0,0.0
3180,We should introduce goal line technology,"[['A', 'B', 'C', 'D', 'E'], ['A', 'B', 'C', 'D', 'E']]",B,1.0,0.0,0.0,0.0,0.0,0.0,0.0,0.0,0.0,0.0,0.0,0.0,0.0,0.0,0.0,0.0,0.0,0.0,0.0,0.0,0.0
3180,We should introduce goal line technology,"[['A', 'B', 'C', 'D', 'E'], ['A', 'B', 'C', 'D', 'E']]",C,1.0,1.0,1.0,1.0,1.0,1.0,1.0,1.0,1.0,1.0,1.0,1.0,1.0,1.0,1.0,1.0,1.0,0.0,0.0,0.0,0.0
3180,We should introduce goal line technology,"[['A', 'B', 'C', 'D', 'E'], ['A', 'B', 'C', 'D', 'E']]",D,1.0,0.0,0.0,0.0,0.0,0.0,0.0,0.0,0.0,0.0,0.0,0.0,0.0,0.0,0.0,0.0,0.0,0.0,0.0,0.0,0.0
3180,We should introduce goal line technology,"[['A', 'B', 'C', 'D', 'E'], ['A', 'B', 'C', 'D', 'E']]",E,1.0,1.0,1.0,1.0,1.0,1.0,1.0,1.0,1.0,1.0,1.0,1.0,1.0,1.0,1.0,1.0,1.0,1.0,1.0,1.0,0.0
3183,We should increase airport racial profiling in the United States,"[['A', 'B', 'C', 'D', 'E'], ['A', 'B', 'C', 'D', 'E']]",A,1.0,1.0,1.0,1.0,1.0,1.0,1.0,1.0,1.0,1.0,1.0,1.0,1.0,1.0,1.0,1.0,1.0,1.0,1.0,1.0,0.0
3183,We should increase airport racial profiling in the United States,"[['A', 'B', 'C', 'D', 'E'], ['A', 'B', 'C', 'D', 'E']]",B,1.0,1.0,1.0,1.0,1.0,1.0,0.0,0.0,0.0,0.0,0.0,0.0,0.0,0.0,0.0,0.0,0.0,0.0,0.0,0.0,0.0
3183,We should increase airport racial profiling in the United States,"[['A', 'B', 'C', 'D', 'E'], ['A', 'B', 'C', 'D', 'E']]",C,1.0,1.0,1.0,1.0,1.0,1.0,1.0,0.0,0.0,0.0,0.0,0.0,0.0,0.0,0.0,0.0,0.0,0.0,0.0,0.0,0.0
3183,We should increase airport racial profiling in the United States,"[['A', 'B', 'C', 'D', 'E'], ['A', 'B', 'C', 'D', 'E']]",D,0.0,0.0,0.0,0.0,0.0,0.0,0.0,0.0,0.0,0.0,0.0,0.0,0.0,0.0,0.0,0.0,0.0,0.0,0.0,0.0,0.0
3183,We should increase airport racial profiling in the United States,"[['A', 'B', 'C', 'D', 'E'], ['A', 'B', 'C', 'D', 'E']]",E,1.0,1.0,1.0,1.0,1.0,1.0,1.0,1.0,1.0,1.0,1.0,1.0,1.0,1.0,1.0,1.0,1.0,1.0,1.0,1.0,0.0
3185,We should adopt socialism,"[['A', 'B', 'C', 'D', 'E'], ['A', 'B', 'C', 'D', 'E']]",A,1.0,1.0,1.0,1.0,1.0,1.0,1.0,1.0,1.0,1.0,1.0,1.0,1.0,1.0,1.0,1.0,1.0,1.0,1.0,1.0,0.0
3185,We should adopt socialism,"[['A', 'B', 'C', 'D', 'E'], ['A', 'B', 'C', 'D', 'E']]",B,1.0,1.0,1.0,1.0,1.0,1.0,1.0,1.0,1.0,1.0,0.0,0.0,0.0,0.0,0.0,0.0,0.0,0.0,0.0,0.0,0.0
3185,We should adopt socialism,"[['A', 'B', 'C', 'D', 'E'], ['A', 'B', 'C', 'D', 'E']]",C,1.0,1.0,1.0,1.0,1.0,1.0,1.0,1.0,1.0,1.0,1.0,1.0,1.0,1.0,1.0,1.0,1.0,1.0,1.0,1.0,0.0
3185,We should adopt socialism,"[['A', 'B', 'C', 'D', 'E'], ['A', 'B', 'C', 'D', 'E']]",D,0.0,0.0,0.0,0.0,0.0,0.0,0.0,0.0,0.0,0.0,0.0,0.0,0.0,0.0,0.0,0.0,0.0,0.0,0.0,0.0,0.0
3185,We should adopt socialism,"[['A', 'B', 'C', 'D', 'E'], ['A', 'B', 'C', 'D', 'E']]",E,1.0,1.0,1.0,1.0,1.0,1.0,1.0,1.0,1.0,1.0,1.0,1.0,1.0,1.0,1.0,1.0,1.0,1.0,1.0,1.0,0.0
3191,We should introduce recall elections,"[['A', 'B', 'C', 'D', 'E'], ['A', 'B', 'C', 'D', 'E']]",A,1.0,1.0,1.0,1.0,1.0,1.0,1.0,1.0,1.0,1.0,1.0,1.0,1.0,1.0,1.0,1.0,1.0,1.0,1.0,1.0,0.0
3191,We should introduce recall elections,"[['A', 'B', 'C', 'D', 'E'], ['A', 'B', 'C', 'D', 'E']]",B,0.0,0.0,0.0,0.0,0.0,0.0,0.0,0.0,0.0,0.0,0.0,0.0,0.0,0.0,0.0,0.0,0.0,0.0,0.0,0.0,0.0
3191,We should introduce recall elections,"[['A', 'B', 'C', 'D', 'E'], ['A', 'B', 'C', 'D', 'E']]",C,1.0,1.0,1.0,1.0,1.0,1.0,1.0,1.0,1.0,1.0,1.0,1.0,1.0,1.0,0.0,0.0,0.0,0.0,0.0,0.0,0.0
3191,We should introduce recall elections,"[['A', 'B', 'C', 'D', 'E'], ['A', 'B', 'C', 'D', 'E']]",D,1.0,0.0,0.0,0.0,0.0,0.0,0.0,0.0,0.0,0.0,0.0,0.0,0.0,0.0,0.0,0.0,0.0,0.0,0.0,0.0,0.0
3191,We should introduce recall elections,"[['A', 'B', 'C', 'D', 'E'], ['A', 'B', 'C', 'D', 'E']]",E,1.0,1.0,1.0,1.0,1.0,1.0,1.0,1.0,1.0,1.0,1.0,1.0,1.0,1.0,1.0,1.0,1.0,1.0,1.0,1.0,0.0
3198,We should limit the right of self-defense,"[['A', 'B', 'C', 'D', 'E'], ['A', 'B', 'C', 'D', 'E']]",A,1.0,1.0,1.0,1.0,1.0,1.0,1.0,1.0,1.0,1.0,1.0,1.0,1.0,1.0,1.0,1.0,1.0,1.0,1.0,1.0,0.0
3198,We should limit the right of self-defense,"[['A', 'B', 'C', 'D', 'E'], ['A', 'B', 'C', 'D', 'E']]",B,1.0,1.0,1.0,1.0,1.0,1.0,1.0,1.0,1.0,1.0,1.0,1.0,1.0,1.0,1.0,1.0,1.0,1.0,1.0,1.0,0.0
3198,We should limit the right of self-defense,"[['A', 'B', 'C', 'D', 'E'], ['A', 'B', 'C', 'D', 'E']]",C,1.0,1.0,1.0,1.0,1.0,1.0,1.0,1.0,1.0,1.0,1.0,1.0,1.0,1.0,1.0,1.0,1.0,0.0,0.0,0.0,0.0
3198,We should limit the right of self-defense,"[['A', 'B', 'C', 'D', 'E'], ['A', 'B', 'C', 'D', 'E']]",D,0.0,0.0,0.0,0.0,0.0,0.0,0.0,0.0,0.0,0.0,0.0,0.0,0.0,0.0,0.0,0.0,0.0,0.0,0.0,0.0,0.0
3198,We should limit the right of self-defense,"[['A', 'B', 'C', 'D', 'E'], ['A', 'B', 'C', 'D', 'E']]",E,1.0,1.0,1.0,1.0,1.0,1.0,1.0,1.0,1.0,1.0,1.0,1.0,1.0,1.0,1.0,1.0,1.0,1.0,1.0,1.0,0.0
3199,We should fight urbanization,"[['A', 'B', 'C', 'D', 'E'], ['A', 'B', 'C', 'D', 'E']]",A,1.0,1.0,1.0,1.0,1.0,1.0,1.0,1.0,1.0,1.0,1.0,1.0,1.0,1.0,1.0,1.0,1.0,1.0,1.0,1.0,0.0
3199,We should fight urbanization,"[['A', 'B', 'C', 'D', 'E'], ['A', 'B', 'C', 'D', 'E']]",B,1.0,1.0,1.0,0.0,0.0,0.0,0.0,0.0,0.0,0.0,0.0,0.0,0.0,0.0,0.0,0.0,0.0,0.0,0.0,0.0,0.0
3199,We should fight urbanization,"[['A', 'B', 'C', 'D', 'E'], ['A', 'B', 'C', 'D', 'E']]",C,1.0,1.0,1.0,1.0,1.0,1.0,1.0,1.0,1.0,1.0,1.0,1.0,0.0,0.0,0.0,0.0,0.0,0.0,0.0,0.0,0.0
3199,We should fight urbanization,"[['A', 'B', 'C', 'D', 'E'], ['A', 'B', 'C', 'D', 'E']]",D,1.0,1.0,1.0,1.0,1.0,1.0,1.0,1.0,1.0,1.0,1.0,1.0,1.0,1.0,0.0,0.0,0.0,0.0,0.0,0.0,0.0
3199,We should fight urbanization,"[['A', 'B', 'C', 'D', 'E'], ['A', 'B', 'C', 'D', 'E']]",E,1.0,1.0,1.0,1.0,1.0,1.0,1.0,1.0,1.0,1.0,1.0,1.0,1.0,1.0,1.0,1.0,0.0,0.0,0.0,0.0,0.0
3207,We should abandon social media,"[['A', 'B', 'C', 'D', 'E'], ['A', 'B', 'C', 'D', 'E']]",A,1.0,1.0,1.0,1.0,1.0,1.0,1.0,1.0,1.0,1.0,1.0,1.0,1.0,1.0,1.0,1.0,1.0,1.0,1.0,1.0,0.0
3207,We should abandon social media,"[['A', 'B', 'C', 'D', 'E'], ['A', 'B', 'C', 'D', 'E']]",B,0.0,0.0,0.0,0.0,0.0,0.0,0.0,0.0,0.0,0.0,0.0,0.0,0.0,0.0,0.0,0.0,0.0,0.0,0.0,0.0,0.0
3207,We should abandon social media,"[['A', 'B', 'C', 'D', 'E'], ['A', 'B', 'C', 'D', 'E']]",C,1.0,1.0,0.0,0.0,0.0,0.0,0.0,0.0,0.0,0.0,0.0,0.0,0.0,0.0,0.0,0.0,0.0,0.0,0.0,0.0,0.0
3207,We should abandon social media,"[['A', 'B', 'C', 'D', 'E'], ['A', 'B', 'C', 'D', 'E']]",D,1.0,1.0,1.0,1.0,1.0,1.0,1.0,1.0,1.0,1.0,1.0,1.0,1.0,1.0,1.0,1.0,1.0,1.0,1.0,1.0,0.0
3207,We should abandon social media,"[['A', 'B', 'C', 'D', 'E'], ['A', 'B', 'C', 'D', 'E']]",E,1.0,1.0,1.0,1.0,0.0,0.0,0.0,0.0,0.0,0.0,0.0,0.0,0.0,0.0,0.0,0.0,0.0,0.0,0.0,0.0,0.0
3208,We should prohibit slum tourism,"[['A', 'B', 'C', 'D', 'E'], ['A', 'B', 'C', 'D', 'E']]",A,1.0,1.0,1.0,1.0,1.0,1.0,1.0,1.0,1.0,1.0,1.0,1.0,1.0,1.0,1.0,1.0,1.0,1.0,1.0,1.0,0.0
3208,We should prohibit slum tourism,"[['A', 'B', 'C', 'D', 'E'], ['A', 'B', 'C', 'D', 'E']]",B,1.0,0.0,0.0,0.0,0.0,0.0,0.0,0.0,0.0,0.0,0.0,0.0,0.0,0.0,0.0,0.0,0.0,0.0,0.0,0.0,0.0
3208,We should prohibit slum tourism,"[['A', 'B', 'C', 'D', 'E'], ['A', 'B', 'C', 'D', 'E']]",C,1.0,1.0,1.0,1.0,1.0,1.0,1.0,1.0,1.0,1.0,1.0,1.0,1.0,1.0,1.0,1.0,1.0,1.0,0.0,0.0,0.0
3208,We should prohibit slum tourism,"[['A', 'B', 'C', 'D', 'E'], ['A', 'B', 'C', 'D', 'E']]",D,1.0,1.0,1.0,0.0,0.0,0.0,0.0,0.0,0.0,0.0,0.0,0.0,0.0,0.0,0.0,0.0,0.0,0.0,0.0,0.0,0.0
3208,We should prohibit slum tourism,"[['A', 'B', 'C', 'D', 'E'], ['A', 'B', 'C', 'D', 'E']]",E,0.0,0.0,0.0,0.0,0.0,0.0,0.0,0.0,0.0,0.0,0.0,0.0,0.0,0.0,0.0,0.0,0.0,0.0,0.0,0.0,0.0
3212,We should adopt the teacher tenure reform,"[['A', 'B', 'C', 'D', 'E'], ['A', 'B', 'C', 'D', 'E']]",A,1.0,1.0,1.0,1.0,1.0,1.0,1.0,1.0,1.0,1.0,1.0,1.0,1.0,1.0,1.0,1.0,1.0,1.0,1.0,1.0,0.0
3212,We should adopt the teacher tenure reform,"[['A', 'B', 'C', 'D', 'E'], ['A', 'B', 'C', 'D', 'E']]",B,0.0,0.0,0.0,0.0,0.0,0.0,0.0,0.0,0.0,0.0,0.0,0.0,0.0,0.0,0.0,0.0,0.0,0.0,0.0,0.0,0.0
3212,We should adopt the teacher tenure reform,"[['A', 'B', 'C', 'D', 'E'], ['A', 'B', 'C', 'D', 'E']]",C,1.0,1.0,1.0,1.0,1.0,1.0,1.0,1.0,1.0,1.0,1.0,1.0,1.0,1.0,1.0,1.0,1.0,1.0,1.0,1.0,0.0
3212,We should adopt the teacher tenure reform,"[['A', 'B', 'C', 'D', 'E'], ['A', 'B', 'C', 'D', 'E']]",D,1.0,0.0,0.0,0.0,0.0,0.0,0.0,0.0,0.0,0.0,0.0,0.0,0.0,0.0,0.0,0.0,0.0,0.0,0.0,0.0,0.0
3212,We should adopt the teacher tenure reform,"[['A', 'B', 'C', 'D', 'E'], ['A', 'B', 'C', 'D', 'E']]",E,1.0,1.0,1.0,0.0,0.0,0.0,0.0,0.0,0.0,0.0,0.0,0.0,0.0,0.0,0.0,0.0,0.0,0.0,0.0,0.0,0.0
3227,We should abolish capital punishment,"[['A', 'B', 'C', 'D', 'E'], ['A', 'B', 'C', 'D', 'E']]",A,1.0,1.0,1.0,1.0,1.0,1.0,1.0,1.0,1.0,1.0,1.0,1.0,1.0,1.0,1.0,1.0,1.0,1.0,1.0,1.0,0.0
3227,We should abolish capital punishment,"[['A', 'B', 'C', 'D', 'E'], ['A', 'B', 'C', 'D', 'E']]",B,1.0,1.0,0.0,0.0,0.0,0.0,0.0,0.0,0.0,0.0,0.0,0.0,0.0,0.0,0.0,0.0,0.0,0.0,0.0,0.0,0.0
3227,We should abolish capital punishment,"[['A', 'B', 'C', 'D', 'E'], ['A', 'B', 'C', 'D', 'E']]",C,1.0,1.0,1.0,1.0,1.0,1.0,1.0,1.0,1.0,1.0,1.0,1.0,1.0,1.0,1.0,1.0,1.0,1.0,1.0,1.0,0.0
3227,We should abolish capital punishment,"[['A', 'B', 'C', 'D', 'E'], ['A', 'B', 'C', 'D', 'E']]",D,0.0,0.0,0.0,0.0,0.0,0.0,0.0,0.0,0.0,0.0,0.0,0.0,0.0,0.0,0.0,0.0,0.0,0.0,0.0,0.0,0.0
3227,We should abolish capital punishment,"[['A', 'B', 'C', 'D', 'E'], ['A', 'B', 'C', 'D', 'E']]",E,1.0,1.0,1.0,1.0,1.0,1.0,1.0,1.0,1.0,1.0,1.0,1.0,1.0,1.0,1.0,1.0,1.0,1.0,1.0,1.0,0.0
3232,We should cancel pride parades,"[['A', 'B', 'C', 'D', 'E'], ['A', 'B', 'C', 'D', 'E']]",A,1.0,0.0,0.0,0.0,0.0,0.0,0.0,0.0,0.0,0.0,0.0,0.0,0.0,0.0,0.0,0.0,0.0,0.0,0.0,0.0,0.0
3232,We should cancel pride parades,"[['A', 'B', 'C', 'D', 'E'], ['A', 'B', 'C', 'D', 'E']]",B,1.0,1.0,1.0,1.0,1.0,1.0,0.0,0.0,0.0,0.0,0.0,0.0,0.0,0.0,0.0,0.0,0.0,0.0,0.0,0.0,0.0
3232,We should cancel pride parades,"[['A', 'B', 'C', 'D', 'E'], ['A', 'B', 'C', 'D', 'E']]",C,1.0,1.0,1.0,1.0,1.0,1.0,1.0,1.0,1.0,1.0,1.0,1.0,1.0,1.0,1.0,0.0,0.0,0.0,0.0,0.0,0.0
3232,We should cancel pride parades,"[['A', 'B', 'C', 'D', 'E'], ['A', 'B', 'C', 'D', 'E']]",D,0.0,0.0,0.0,0.0,0.0,0.0,0.0,0.0,0.0,0.0,0.0,0.0,0.0,0.0,0.0,0.0,0.0,0.0,0.0,0.0,0.0
3232,We should cancel pride parades,"[['A', 'B', 'C', 'D', 'E'], ['A', 'B', 'C', 'D', 'E']]",E,1.0,1.0,1.0,1.0,1.0,1.0,1.0,1.0,1.0,1.0,1.0,1.0,1.0,1.0,1.0,1.0,1.0,1.0,1.0,1.0,0.0
3487,We should close landfills,"[['A', 'B', 'C', 'D', 'E'], ['A', 'B', 'C', 'D', 'E']]",A,1.0,1.0,1.0,1.0,1.0,1.0,1.0,1.0,1.0,1.0,1.0,1.0,1.0,1.0,1.0,1.0,1.0,1.0,1.0,1.0,0.0
3487,We should close landfills,"[['A', 'B', 'C', 'D', 'E'], ['A', 'B', 'C', 'D', 'E']]",B,0.0,0.0,0.0,0.0,0.0,0.0,0.0,0.0,0.0,0.0,0.0,0.0,0.0,0.0,0.0,0.0,0.0,0.0,0.0,0.0,0.0
3487,We should close landfills,"[['A', 'B', 'C', 'D', 'E'], ['A', 'B', 'C', 'D', 'E']]",C,1.0,1.0,1.0,1.0,1.0,1.0,1.0,1.0,1.0,1.0,1.0,1.0,1.0,1.0,1.0,1.0,0.0,0.0,0.0,0.0,0.0
3487,We should close landfills,"[['A', 'B', 'C', 'D', 'E'], ['A', 'B', 'C', 'D', 'E']]",D,1.0,1.0,1.0,1.0,1.0,1.0,1.0,1.0,1.0,1.0,1.0,1.0,1.0,1.0,1.0,1.0,1.0,1.0,1.0,1.0,0.0
3487,We should close landfills,"[['A', 'B', 'C', 'D', 'E'], ['A', 'B', 'C', 'D', 'E']]",E,1.0,1.0,1.0,1.0,1.0,0.0,0.0,0.0,0.0,0.0,0.0,0.0,0.0,0.0,0.0,0.0,0.0,0.0,0.0,0.0,0.0
3492,We should further exploit natural gas,"[['A', 'B', 'C', 'D', 'E'], ['A', 'B', 'C', 'D', 'E']]",A,1.0,1.0,1.0,1.0,1.0,1.0,1.0,1.0,1.0,1.0,1.0,1.0,1.0,1.0,1.0,1.0,1.0,1.0,1.0,1.0,0.0
3492,We should further exploit natural gas,"[['A', 'B', 'C', 'D', 'E'], ['A', 'B', 'C', 'D', 'E']]",B,0.0,0.0,0.0,0.0,0.0,0.0,0.0,0.0,0.0,0.0,0.0,0.0,0.0,0.0,0.0,0.0,0.0,0.0,0.0,0.0,0.0
3492,We should further exploit natural gas,"[['A', 'B', 'C', 'D', 'E'], ['A', 'B', 'C', 'D', 'E']]",C,1.0,1.0,1.0,1.0,1.0,1.0,1.0,1.0,1.0,1.0,1.0,1.0,1.0,1.0,1.0,1.0,0.0,0.0,0.0,0.0,0.0
3492,We should further exploit natural gas,"[['A', 'B', 'C', 'D', 'E'], ['A', 'B', 'C', 'D', 'E']]",D,0.0,0.0,0.0,0.0,0.0,0.0,0.0,0.0,0.0,0.0,0.0,0.0,0.0,0.0,0.0,0.0,0.0,0.0,0.0,0.0,0.0
3492,We should further exploit natural gas,"[['A', 'B', 'C', 'D', 'E'], ['A', 'B', 'C', 'D', 'E']]",E,1.0,1.0,1.0,1.0,1.0,1.0,1.0,1.0,1.0,1.0,1.0,1.0,1.0,1.0,1.0,1.0,1.0,1.0,1.0,1.0,0.0
3661,We should abolish foster care,"[['A', 'B', 'C', 'D', 'E'], ['A', 'B', 'C', 'D', 'E']]",A,1.0,1.0,1.0,1.0,1.0,1.0,1.0,1.0,1.0,1.0,1.0,1.0,1.0,1.0,1.0,0.0,0.0,0.0,0.0,0.0,0.0
3661,We should abolish foster care,"[['A', 'B', 'C', 'D', 'E'], ['A', 'B', 'C', 'D', 'E']]",B,0.0,0.0,0.0,0.0,0.0,0.0,0.0,0.0,0.0,0.0,0.0,0.0,0.0,0.0,0.0,0.0,0.0,0.0,0.0,0.0,0.0
3661,We should abolish foster care,"[['A', 'B', 'C', 'D', 'E'], ['A', 'B', 'C', 'D', 'E']]",C,1.0,0.0,0.0,0.0,0.0,0.0,0.0,0.0,0.0,0.0,0.0,0.0,0.0,0.0,0.0,0.0,0.0,0.0,0.0,0.0,0.0
3661,We should abolish foster care,"[['A', 'B', 'C', 'D', 'E'], ['A', 'B', 'C', 'D', 'E']]",D,1.0,1.0,1.0,1.0,1.0,1.0,1.0,1.0,1.0,0.0,0.0,0.0,0.0,0.0,0.0,0.0,0.0,0.0,0.0,0.0,0.0
3661,We should abolish foster care,"[['A', 'B', 'C', 'D', 'E'], ['A', 'B', 'C', 'D', 'E']]",E,1.0,1.0,1.0,1.0,1.0,1.0,1.0,1.0,1.0,1.0,1.0,1.0,1.0,1.0,1.0,1.0,1.0,1.0,0.0,0.0,0.0
3688,We should abolish the presidential pardon,"[['A', 'B', 'C', 'D', 'E'], ['A', 'B', 'C', 'D', 'E']]",A,1.0,1.0,1.0,1.0,1.0,1.0,1.0,1.0,1.0,1.0,1.0,1.0,1.0,1.0,1.0,1.0,1.0,1.0,1.0,1.0,0.0
3688,We should abolish the presidential pardon,"[['A', 'B', 'C', 'D', 'E'], ['A', 'B', 'C', 'D', 'E']]",B,1.0,0.0,0.0,0.0,0.0,0.0,0.0,0.0,0.0,0.0,0.0,0.0,0.0,0.0,0.0,0.0,0.0,0.0,0.0,0.0,0.0
3688,We should abolish the presidential pardon,"[['A', 'B', 'C', 'D', 'E'], ['A', 'B', 'C', 'D', 'E']]",C,1.0,1.0,1.0,1.0,1.0,1.0,1.0,1.0,1.0,0.0,0.0,0.0,0.0,0.0,0.0,0.0,0.0,0.0,0.0,0.0,0.0
3688,We should abolish the presidential pardon,"[['A', 'B', 'C', 'D', 'E'], ['A', 'B', 'C', 'D', 'E']]",D,1.0,1.0,1.0,1.0,1.0,0.0,0.0,0.0,0.0,0.0,0.0,0.0,0.0,0.0,0.0,0.0,0.0,0.0,0.0,0.0,0.0
3688,We should abolish the presidential pardon,"[['A', 'B', 'C', 'D', 'E'], ['A', 'B', 'C', 'D', 'E']]",E,0.0,0.0,0.0,0.0,0.0,0.0,0.0,0.0,0.0,0.0,0.0,0.0,0.0,0.0,0.0,0.0,0.0,0.0,0.0,0.0,0.0
3730,Community service should be mandatory,"[['A', 'B', 'C', 'D', 'E'], ['A', 'B', 'C', 'D', 'E']]",A,1.0,1.0,1.0,1.0,1.0,1.0,1.0,1.0,1.0,1.0,1.0,1.0,1.0,1.0,1.0,1.0,1.0,1.0,1.0,1.0,0.0
3730,Community service should be mandatory,"[['A', 'B', 'C', 'D', 'E'], ['A', 'B', 'C', 'D', 'E']]",B,1.0,0.0,0.0,0.0,0.0,0.0,0.0,0.0,0.0,0.0,0.0,0.0,0.0,0.0,0.0,0.0,0.0,0.0,0.0,0.0,0.0
3730,Community service should be mandatory,"[['A', 'B', 'C', 'D', 'E'], ['A', 'B', 'C', 'D', 'E']]",C,1.0,1.0,1.0,1.0,1.0,1.0,1.0,1.0,1.0,1.0,1.0,0.0,0.0,0.0,0.0,0.0,0.0,0.0,0.0,0.0,0.0
3730,Community service should be mandatory,"[['A', 'B', 'C', 'D', 'E'], ['A', 'B', 'C', 'D', 'E']]",D,0.0,0.0,0.0,0.0,0.0,0.0,0.0,0.0,0.0,0.0,0.0,0.0,0.0,0.0,0.0,0.0,0.0,0.0,0.0,0.0,0.0
3730,Community service should be mandatory,"[['A', 'B', 'C', 'D', 'E'], ['A', 'B', 'C', 'D', 'E']]",E,1.0,1.0,1.0,1.0,1.0,1.0,1.0,1.0,1.0,1.0,1.0,1.0,1.0,1.0,1.0,1.0,1.0,1.0,1.0,1.0,0.0
3758,We should further exploit sustainable energies,"[['A', 'B', 'C', 'D', 'E'], ['A', 'B', 'C', 'D', 'E']]",A,1.0,1.0,1.0,1.0,1.0,1.0,1.0,1.0,1.0,1.0,1.0,1.0,1.0,1.0,1.0,1.0,1.0,1.0,1.0,1.0,0.0
3758,We should further exploit sustainable energies,"[['A', 'B', 'C', 'D', 'E'], ['A', 'B', 'C', 'D', 'E']]",B,1.0,0.0,0.0,0.0,0.0,0.0,0.0,0.0,0.0,0.0,0.0,0.0,0.0,0.0,0.0,0.0,0.0,0.0,0.0,0.0,0.0
3758,We should further exploit sustainable energies,"[['A', 'B', 'C', 'D', 'E'], ['A', 'B', 'C', 'D', 'E']]",C,1.0,1.0,1.0,1.0,1.0,1.0,1.0,1.0,1.0,1.0,1.0,0.0,0.0,0.0,0.0,0.0,0.0,0.0,0.0,0.0,0.0
3758,We should further exploit sustainable energies,"[['A', 'B', 'C', 'D', 'E'], ['A', 'B', 'C', 'D', 'E']]",D,1.0,1.0,1.0,1.0,1.0,1.0,1.0,1.0,1.0,1.0,1.0,1.0,1.0,1.0,1.0,1.0,1.0,1.0,1.0,1.0,0.0
3758,We should further exploit sustainable energies,"[['A', 'B', 'C', 'D', 'E'], ['A', 'B', 'C', 'D', 'E']]",E,1.0,1.0,1.0,1.0,1.0,1.0,1.0,1.0,1.0,1.0,1.0,1.0,1.0,1.0,1.0,0.0,0.0,0.0,0.0,0.0,0.0
2083,We should legalize organ trade,"[['A', 'B', 'C', 'D', 'E'], ['A', 'B', 'C', 'D', 'E']]",A,1.0,1.0,1.0,1.0,1.0,1.0,1.0,1.0,1.0,1.0,1.0,1.0,1.0,1.0,1.0,1.0,1.0,1.0,1.0,1.0,0.0
2083,We should legalize organ trade,"[['A', 'B', 'C', 'D', 'E'], ['A', 'B', 'C', 'D', 'E']]",B,0.0,0.0,0.0,0.0,0.0,0.0,0.0,0.0,0.0,0.0,0.0,0.0,0.0,0.0,0.0,0.0,0.0,0.0,0.0,0.0,0.0
2083,We should legalize organ trade,"[['A', 'B', 'C', 'D', 'E'], ['A', 'B', 'C', 'D', 'E']]",C,1.0,1.0,1.0,1.0,1.0,1.0,1.0,1.0,1.0,1.0,1.0,1.0,1.0,1.0,1.0,1.0,1.0,1.0,1.0,1.0,0.0
2083,We should legalize organ trade,"[['A', 'B', 'C', 'D', 'E'], ['A', 'B', 'C', 'D', 'E']]",D,0.0,0.0,0.0,0.0,0.0,0.0,0.0,0.0,0.0,0.0,0.0,0.0,0.0,0.0,0.0,0.0,0.0,0.0,0.0,0.0,0.0
2083,We should legalize organ trade,"[['A', 'B', 'C', 'D', 'E'], ['A', 'B', 'C', 'D', 'E']]",E,1.0,1.0,1.0,1.0,1.0,1.0,1.0,1.0,1.0,1.0,1.0,1.0,1.0,1.0,1.0,1.0,1.0,1.0,1.0,1.0,0.0
2166,We should legalize sex selection,"[['A', 'B', 'C', 'D', 'E'], ['A', 'B', 'C', 'D', 'E']]",A,1.0,1.0,1.0,1.0,1.0,1.0,1.0,1.0,1.0,1.0,1.0,1.0,1.0,1.0,1.0,1.0,1.0,1.0,1.0,1.0,0.0
2166,We should legalize sex selection,"[['A', 'B', 'C', 'D', 'E'], ['A', 'B', 'C', 'D', 'E']]",B,0.0,0.0,0.0,0.0,0.0,0.0,0.0,0.0,0.0,0.0,0.0,0.0,0.0,0.0,0.0,0.0,0.0,0.0,0.0,0.0,0.0
2166,We should legalize sex selection,"[['A', 'B', 'C', 'D', 'E'], ['A', 'B', 'C', 'D', 'E']]",C,1.0,1.0,1.0,1.0,1.0,1.0,1.0,1.0,1.0,1.0,1.0,1.0,1.0,1.0,1.0,1.0,1.0,1.0,1.0,1.0,0.0
2166,We should legalize sex selection,"[['A', 'B', 'C', 'D', 'E'], ['A', 'B', 'C', 'D', 'E']]",D,0.0,0.0,0.0,0.0,0.0,0.0,0.0,0.0,0.0,0.0,0.0,0.0,0.0,0.0,0.0,0.0,0.0,0.0,0.0,0.0,0.0
2166,We should legalize sex selection,"[['A', 'B', 'C', 'D', 'E'], ['A', 'B', 'C', 'D', 'E']]",E,1.0,1.0,1.0,1.0,1.0,1.0,1.0,1.0,1.0,1.0,1.0,1.0,1.0,1.0,1.0,1.0,1.0,1.0,1.0,1.0,0.0
2402,We should close the Guantanamo Bay detention camp,"[['A', 'B', 'C', 'D', 'E'], ['A', 'B', 'C', 'D', 'E']]",A,1.0,1.0,1.0,1.0,1.0,1.0,1.0,1.0,1.0,1.0,1.0,1.0,1.0,1.0,1.0,1.0,1.0,1.0,1.0,1.0,0.0
2402,We should close the Guantanamo Bay detention camp,"[['A', 'B', 'C', 'D', 'E'], ['A', 'B', 'C', 'D', 'E']]",B,1.0,0.0,0.0,0.0,0.0,0.0,0.0,0.0,0.0,0.0,0.0,0.0,0.0,0.0,0.0,0.0,0.0,0.0,0.0,0.0,0.0
2402,We should close the Guantanamo Bay detention camp,"[['A', 'B', 'C', 'D', 'E'], ['A', 'B', 'C', 'D', 'E']]",C,1.0,1.0,1.0,1.0,1.0,1.0,1.0,1.0,1.0,1.0,1.0,1.0,1.0,1.0,1.0,1.0,1.0,1.0,1.0,1.0,0.0
2402,We should close the Guantanamo Bay detention camp,"[['A', 'B', 'C', 'D', 'E'], ['A', 'B', 'C', 'D', 'E']]",D,1.0,0.0,0.0,0.0,0.0,0.0,0.0,0.0,0.0,0.0,0.0,0.0,0.0,0.0,0.0,0.0,0.0,0.0,0.0,0.0,0.0
2402,We should close the Guantanamo Bay detention camp,"[['A', 'B', 'C', 'D', 'E'], ['A', 'B', 'C', 'D', 'E']]",E,1.0,1.0,1.0,1.0,1.0,1.0,1.0,1.0,1.0,1.0,1.0,1.0,1.0,1.0,1.0,1.0,1.0,1.0,1.0,1.0,0.0
3193,We should fight nationalism,"[['A', 'B', 'C', 'D', 'E'], ['A', 'B', 'C', 'D', 'E']]",A,1.0,1.0,1.0,1.0,1.0,1.0,1.0,1.0,1.0,1.0,1.0,1.0,1.0,1.0,1.0,1.0,1.0,1.0,1.0,1.0,0.0
3193,We should fight nationalism,"[['A', 'B', 'C', 'D', 'E'], ['A', 'B', 'C', 'D', 'E']]",B,1.0,1.0,1.0,1.0,0.0,0.0,0.0,0.0,0.0,0.0,0.0,0.0,0.0,0.0,0.0,0.0,0.0,0.0,0.0,0.0,0.0
3193,We should fight nationalism,"[['A', 'B', 'C', 'D', 'E'], ['A', 'B', 'C', 'D', 'E']]",C,1.0,1.0,1.0,1.0,1.0,1.0,1.0,1.0,1.0,1.0,1.0,1.0,1.0,1.0,1.0,1.0,1.0,1.0,1.0,1.0,0.0
3193,We should fight nationalism,"[['A', 'B', 'C', 'D', 'E'], ['A', 'B', 'C', 'D', 'E']]",D,1.0,1.0,1.0,0.0,0.0,0.0,0.0,0.0,0.0,0.0,0.0,0.0,0.0,0.0,0.0,0.0,0.0,0.0,0.0,0.0,0.0
3193,We should fight nationalism,"[['A', 'B', 'C', 'D', 'E'], ['A', 'B', 'C', 'D', 'E']]",E,0.0,0.0,0.0,0.0,0.0,0.0,0.0,0.0,0.0,0.0,0.0,0.0,0.0,0.0,0.0,0.0,0.0,0.0,0.0,0.0,0.0
3197,We should end progressive taxation,"[['A', 'B', 'C', 'D', 'E'], ['A', 'B', 'C', 'D', 'E']]",A,1.0,1.0,1.0,1.0,1.0,1.0,1.0,1.0,1.0,1.0,1.0,1.0,1.0,1.0,1.0,1.0,0.0,0.0,0.0,0.0,0.0
3197,We should end progressive taxation,"[['A', 'B', 'C', 'D', 'E'], ['A', 'B', 'C', 'D', 'E']]",B,1.0,1.0,1.0,1.0,1.0,1.0,1.0,1.0,1.0,1.0,1.0,0.0,0.0,0.0,0.0,0.0,0.0,0.0,0.0,0.0,0.0
3197,We should end progressive taxation,"[['A', 'B', 'C', 'D', 'E'], ['A', 'B', 'C', 'D', 'E']]",C,1.0,1.0,1.0,1.0,1.0,1.0,1.0,1.0,1.0,1.0,1.0,1.0,1.0,1.0,1.0,1.0,1.0,1.0,1.0,0.0,0.0
3197,We should end progressive taxation,"[['A', 'B', 'C', 'D', 'E'], ['A', 'B', 'C', 'D', 'E']]",D,0.0,0.0,0.0,0.0,0.0,0.0,0.0,0.0,0.0,0.0,0.0,0.0,0.0,0.0,0.0,0.0,0.0,0.0,0.0,0.0,0.0
3197,We should end progressive taxation,"[['A', 'B', 'C', 'D', 'E'], ['A', 'B', 'C', 'D', 'E']]",E,1.0,1.0,1.0,1.0,1.0,1.0,1.0,1.0,1.0,1.0,1.0,1.0,1.0,1.0,1.0,1.0,1.0,1.0,1.0,1.0,0.0
4004,Blood donation should be mandatory,"[['A', 'B', 'C', 'D', 'E'], ['A', 'B', 'C', 'D', 'E']]",A,1.0,1.0,1.0,1.0,1.0,1.0,1.0,1.0,1.0,1.0,1.0,1.0,1.0,1.0,1.0,1.0,1.0,1.0,1.0,1.0,0.0
4004,Blood donation should be mandatory,"[['A', 'B', 'C', 'D', 'E'], ['A', 'B', 'C', 'D', 'E']]",B,1.0,1.0,1.0,1.0,1.0,0.0,0.0,0.0,0.0,0.0,0.0,0.0,0.0,0.0,0.0,0.0,0.0,0.0,0.0,0.0,0.0
4004,Blood donation should be mandatory,"[['A', 'B', 'C', 'D', 'E'], ['A', 'B', 'C', 'D', 'E']]",C,1.0,0.0,0.0,0.0,0.0,0.0,0.0,0.0,0.0,0.0,0.0,0.0,0.0,0.0,0.0,0.0,0.0,0.0,0.0,0.0,0.0
4004,Blood donation should be mandatory,"[['A', 'B', 'C', 'D', 'E'], ['A', 'B', 'C', 'D', 'E']]",D,0.0,0.0,0.0,0.0,0.0,0.0,0.0,0.0,0.0,0.0,0.0,0.0,0.0,0.0,0.0,0.0,0.0,0.0,0.0,0.0,0.0
4004,Blood donation should be mandatory,"[['A', 'B', 'C', 'D', 'E'], ['A', 'B', 'C', 'D', 'E']]",E,1.0,1.0,1.0,1.0,1.0,1.0,1.0,1.0,1.0,1.0,1.0,1.0,1.0,1.0,1.0,1.0,1.0,1.0,1.0,1.0,0.0
3205,We should end water fluoridation,"[['A', 'B', 'C', 'D', 'E'], ['A', 'B', 'C', 'D', 'E']]",A,1.0,1.0,1.0,1.0,1.0,1.0,1.0,1.0,1.0,1.0,1.0,0.0,0.0,0.0,0.0,0.0,0.0,0.0,0.0,0.0,0.0
3205,We should end water fluoridation,"[['A', 'B', 'C', 'D', 'E'], ['A', 'B', 'C', 'D', 'E']]",B,1.0,1.0,1.0,1.0,1.0,1.0,0.0,0.0,0.0,0.0,0.0,0.0,0.0,0.0,0.0,0.0,0.0,0.0,0.0,0.0,0.0
3205,We should end water fluoridation,"[['A', 'B', 'C', 'D', 'E'], ['A', 'B', 'C', 'D', 'E']]",C,1.0,1.0,1.0,1.0,1.0,1.0,1.0,1.0,1.0,1.0,1.0,1.0,1.0,1.0,1.0,1.0,1.0,1.0,1.0,1.0,0.0
3205,We should end water fluoridation,"[['A', 'B', 'C', 'D', 'E'], ['A', 'B', 'C', 'D', 'E']]",D,1.0,0.0,0.0,0.0,0.0,0.0,0.0,0.0,0.0,0.0,0.0,0.0,0.0,0.0,0.0,0.0,0.0,0.0,0.0,0.0,0.0
3205,We should end water fluoridation,"[['A', 'B', 'C', 'D', 'E'], ['A', 'B', 'C', 'D', 'E']]",E,1.0,1.0,1.0,1.0,1.0,1.0,1.0,1.0,1.0,1.0,1.0,1.0,1.0,1.0,1.0,1.0,1.0,1.0,1.0,1.0,0.0
3237,We should prohibit unisex bathrooms,"[['A', 'B', 'C', 'D', 'E'], ['A', 'B', 'C', 'D', 'E']]",A,1.0,1.0,1.0,1.0,1.0,1.0,1.0,1.0,1.0,1.0,1.0,1.0,1.0,1.0,1.0,1.0,1.0,1.0,1.0,1.0,0.0
3237,We should prohibit unisex bathrooms,"[['A', 'B', 'C', 'D', 'E'], ['A', 'B', 'C', 'D', 'E']]",B,1.0,0.0,0.0,0.0,0.0,0.0,0.0,0.0,0.0,0.0,0.0,0.0,0.0,0.0,0.0,0.0,0.0,0.0,0.0,0.0,0.0
3237,We should prohibit unisex bathrooms,"[['A', 'B', 'C', 'D', 'E'], ['A', 'B', 'C', 'D', 'E']]",C,1.0,1.0,1.0,1.0,1.0,1.0,1.0,1.0,1.0,1.0,1.0,1.0,1.0,1.0,1.0,1.0,1.0,1.0,1.0,0.0,0.0
3237,We should prohibit unisex bathrooms,"[['A', 'B', 'C', 'D', 'E'], ['A', 'B', 'C', 'D', 'E']]",D,0.0,0.0,0.0,0.0,0.0,0.0,0.0,0.0,0.0,0.0,0.0,0.0,0.0,0.0,0.0,0.0,0.0,0.0,0.0,0.0,0.0
3237,We should prohibit unisex bathrooms,"[['A', 'B', 'C', 'D', 'E'], ['A', 'B', 'C', 'D', 'E']]",E,1.0,1.0,1.0,1.0,1.0,1.0,1.0,1.0,1.0,1.0,1.0,1.0,1.0,1.0,1.0,1.0,1.0,1.0,1.0,1.0,0.0
2652,We should ban mass surveillance,"[['A', 'B', 'C', 'D', 'E'], ['A', 'B', 'C', 'D', 'E']]",A,1.0,1.0,1.0,1.0,1.0,1.0,1.0,1.0,1.0,1.0,1.0,1.0,1.0,1.0,1.0,1.0,1.0,1.0,1.0,1.0,0.0
2652,We should ban mass surveillance,"[['A', 'B', 'C', 'D', 'E'], ['A', 'B', 'C', 'D', 'E']]",B,1.0,1.0,1.0,1.0,1.0,1.0,1.0,1.0,0.0,0.0,0.0,0.0,0.0,0.0,0.0,0.0,0.0,0.0,0.0,0.0,0.0
2652,We should ban mass surveillance,"[['A', 'B', 'C', 'D', 'E'], ['A', 'B', 'C', 'D', 'E']]",C,1.0,1.0,1.0,1.0,1.0,1.0,1.0,1.0,1.0,1.0,1.0,1.0,1.0,1.0,0.0,0.0,0.0,0.0,0.0,0.0,0.0
2652,We should ban mass surveillance,"[['A', 'B', 'C', 'D', 'E'], ['A', 'B', 'C', 'D', 'E']]",D,1.0,1.0,1.0,1.0,1.0,1.0,1.0,1.0,1.0,1.0,1.0,1.0,1.0,1.0,1.0,0.0,0.0,0.0,0.0,0.0,0.0
2652,We should ban mass surveillance,"[['A', 'B', 'C', 'D', 'E'], ['A', 'B', 'C', 'D', 'E']]",E,1.0,1.0,1.0,1.0,1.0,1.0,1.0,1.0,1.0,1.0,1.0,1.0,1.0,1.0,1.0,1.0,1.0,1.0,0.0,0.0,0.0
3435,Begging should be banned,"[['A', 'B', 'C', 'D', 'E'], ['A', 'B', 'C', 'D', 'E']]",A,1.0,1.0,1.0,1.0,1.0,1.0,1.0,1.0,1.0,1.0,1.0,1.0,1.0,1.0,1.0,1.0,1.0,1.0,1.0,1.0,0.0
3435,Begging should be banned,"[['A', 'B', 'C', 'D', 'E'], ['A', 'B', 'C', 'D', 'E']]",B,0.0,0.0,0.0,0.0,0.0,0.0,0.0,0.0,0.0,0.0,0.0,0.0,0.0,0.0,0.0,0.0,0.0,0.0,0.0,0.0,0.0
3435,Begging should be banned,"[['A', 'B', 'C', 'D', 'E'], ['A', 'B', 'C', 'D', 'E']]",C,1.0,1.0,1.0,1.0,1.0,1.0,1.0,1.0,1.0,1.0,1.0,1.0,0.0,0.0,0.0,0.0,0.0,0.0,0.0,0.0,0.0
3435,Begging should be banned,"[['A', 'B', 'C', 'D', 'E'], ['A', 'B', 'C', 'D', 'E']]",D,1.0,0.0,0.0,0.0,0.0,0.0,0.0,0.0,0.0,0.0,0.0,0.0,0.0,0.0,0.0,0.0,0.0,0.0,0.0,0.0,0.0
3435,Begging should be banned,"[['A', 'B', 'C', 'D', 'E'], ['A', 'B', 'C', 'D', 'E']]",E,1.0,1.0,1.0,1.0,1.0,1.0,1.0,1.0,1.0,1.0,1.0,1.0,1.0,1.0,1.0,1.0,1.0,1.0,1.0,1.0,0.0
3923,Health education should be mandatory,"[['A', 'B', 'C', 'D', 'E'], ['A', 'B', 'C', 'D', 'E']]",A,1.0,1.0,1.0,1.0,1.0,1.0,1.0,1.0,1.0,1.0,1.0,1.0,1.0,1.0,1.0,1.0,1.0,1.0,1.0,1.0,0.0
3923,Health education should be mandatory,"[['A', 'B', 'C', 'D', 'E'], ['A', 'B', 'C', 'D', 'E']]",B,0.0,0.0,0.0,0.0,0.0,0.0,0.0,0.0,0.0,0.0,0.0,0.0,0.0,0.0,0.0,0.0,0.0,0.0,0.0,0.0,0.0
3923,Health education should be mandatory,"[['A', 'B', 'C', 'D', 'E'], ['A', 'B', 'C', 'D', 'E']]",C,1.0,1.0,0.0,0.0,0.0,0.0,0.0,0.0,0.0,0.0,0.0,0.0,0.0,0.0,0.0,0.0,0.0,0.0,0.0,0.0,0.0
3923,Health education should be mandatory,"[['A', 'B', 'C', 'D', 'E'], ['A', 'B', 'C', 'D', 'E']]",D,1.0,1.0,1.0,1.0,1.0,1.0,1.0,1.0,1.0,0.0,0.0,0.0,0.0,0.0,0.0,0.0,0.0,0.0,0.0,0.0,0.0
3923,Health education should be mandatory,"[['A', 'B', 'C', 'D', 'E'], ['A', 'B', 'C', 'D', 'E']]",E,1.0,1.0,1.0,1.0,1.0,1.0,1.0,1.0,1.0,1.0,1.0,1.0,1.0,1.0,1.0,1.0,1.0,1.0,1.0,1.0,0.0
4000,The Euro should be abandoned,"[['A', 'B', 'C', 'D', 'E'], ['A', 'B', 'C', 'D', 'E']]",A,1.0,1.0,1.0,1.0,1.0,1.0,1.0,1.0,1.0,1.0,1.0,1.0,1.0,1.0,1.0,1.0,1.0,1.0,1.0,1.0,0.0
4000,The Euro should be abandoned,"[['A', 'B', 'C', 'D', 'E'], ['A', 'B', 'C', 'D', 'E']]",B,1.0,0.0,0.0,0.0,0.0,0.0,0.0,0.0,0.0,0.0,0.0,0.0,0.0,0.0,0.0,0.0,0.0,0.0,0.0,0.0,0.0
4000,The Euro should be abandoned,"[['A', 'B', 'C', 'D', 'E'], ['A', 'B', 'C', 'D', 'E']]",C,1.0,1.0,1.0,1.0,1.0,1.0,1.0,1.0,1.0,1.0,1.0,1.0,1.0,1.0,1.0,1.0,1.0,1.0,1.0,1.0,0.0
4000,The Euro should be abandoned,"[['A', 'B', 'C', 'D', 'E'], ['A', 'B', 'C', 'D', 'E']]",D,1.0,1.0,1.0,1.0,0.0,0.0,0.0,0.0,0.0,0.0,0.0,0.0,0.0,0.0,0.0,0.0,0.0,0.0,0.0,0.0,0.0
4000,The Euro should be abandoned,"[['A', 'B', 'C', 'D', 'E'], ['A', 'B', 'C', 'D', 'E']]",E,1.0,1.0,1.0,1.0,1.0,1.0,1.0,1.0,1.0,1.0,1.0,1.0,1.0,1.0,1.0,1.0,1.0,1.0,1.0,1.0,0.0
3244,We should abandon Twitter,"[['A', 'B', 'C', 'D', 'E'], ['A', 'B', 'C', 'D', 'E']]",A,1.0,1.0,1.0,1.0,1.0,1.0,1.0,1.0,1.0,1.0,1.0,1.0,1.0,1.0,1.0,1.0,1.0,1.0,1.0,1.0,0.0
3244,We should abandon Twitter,"[['A', 'B', 'C', 'D', 'E'], ['A', 'B', 'C', 'D', 'E']]",B,1.0,1.0,1.0,1.0,1.0,1.0,0.0,0.0,0.0,0.0,0.0,0.0,0.0,0.0,0.0,0.0,0.0,0.0,0.0,0.0,0.0
3244,We should abandon Twitter,"[['A', 'B', 'C', 'D', 'E'], ['A', 'B', 'C', 'D', 'E']]",C,1.0,1.0,1.0,1.0,1.0,1.0,1.0,1.0,0.0,0.0,0.0,0.0,0.0,0.0,0.0,0.0,0.0,0.0,0.0,0.0,0.0
3244,We should abandon Twitter,"[['A', 'B', 'C', 'D', 'E'], ['A', 'B', 'C', 'D', 'E']]",D,1.0,1.0,1.0,1.0,1.0,1.0,1.0,1.0,1.0,1.0,1.0,1.0,1.0,1.0,1.0,1.0,1.0,1.0,1.0,1.0,0.0
3244,We should abandon Twitter,"[['A', 'B', 'C', 'D', 'E'], ['A', 'B', 'C', 'D', 'E']]",E,1.0,0.0,0.0,0.0,0.0,0.0,0.0,0.0,0.0,0.0,0.0,0.0,0.0,0.0,0.0,0.0,0.0,0.0,0.0,0.0,0.0
4275,We should abandon speed limit enforcement,"[['A', 'B', 'C', 'D', 'E'], ['A', 'B', 'C', 'D', 'E']]",A,1.0,1.0,1.0,1.0,1.0,1.0,1.0,1.0,1.0,1.0,1.0,1.0,1.0,1.0,1.0,1.0,1.0,1.0,0.0,0.0,0.0
4275,We should abandon speed limit enforcement,"[['A', 'B', 'C', 'D', 'E'], ['A', 'B', 'C', 'D', 'E']]",B,1.0,1.0,1.0,1.0,0.0,0.0,0.0,0.0,0.0,0.0,0.0,0.0,0.0,0.0,0.0,0.0,0.0,0.0,0.0,0.0,0.0
4275,We should abandon speed limit enforcement,"[['A', 'B', 'C', 'D', 'E'], ['A', 'B', 'C', 'D', 'E']]",C,1.0,1.0,1.0,1.0,1.0,1.0,1.0,1.0,0.0,0.0,0.0,0.0,0.0,0.0,0.0,0.0,0.0,0.0,0.0,0.0,0.0
4275,We should abandon speed limit enforcement,"[['A', 'B', 'C', 'D', 'E'], ['A', 'B', 'C', 'D', 'E']]",D,0.0,0.0,0.0,0.0,0.0,0.0,0.0,0.0,0.0,0.0,0.0,0.0,0.0,0.0,0.0,0.0,0.0,0.0,0.0,0.0,0.0
4275,We should abandon speed limit enforcement,"[['A', 'B', 'C', 'D', 'E'], ['A', 'B', 'C', 'D', 'E']]",E,1.0,1.0,1.0,1.0,1.0,1.0,1.0,1.0,1.0,1.0,1.0,1.0,1.0,1.0,1.0,1.0,1.0,1.0,1.0,1.0,0.0
3415,We should abandon the sexual revolution,"[['A', 'B', 'C', 'D', 'E'], ['A', 'B', 'C', 'D', 'E']]",A,1.0,1.0,1.0,1.0,1.0,1.0,1.0,1.0,1.0,1.0,1.0,1.0,1.0,1.0,1.0,1.0,1.0,1.0,1.0,1.0,0.0
3415,We should abandon the sexual revolution,"[['A', 'B', 'C', 'D', 'E'], ['A', 'B', 'C', 'D', 'E']]",B,1.0,1.0,1.0,1.0,1.0,1.0,1.0,1.0,1.0,1.0,1.0,1.0,1.0,1.0,0.0,0.0,0.0,0.0,0.0,0.0,0.0
3415,We should abandon the sexual revolution,"[['A', 'B', 'C', 'D', 'E'], ['A', 'B', 'C', 'D', 'E']]",C,1.0,1.0,1.0,1.0,1.0,1.0,1.0,1.0,1.0,1.0,0.0,0.0,0.0,0.0,0.0,0.0,0.0,0.0,0.0,0.0,0.0
3415,We should abandon the sexual revolution,"[['A', 'B', 'C', 'D', 'E'], ['A', 'B', 'C', 'D', 'E']]",D,1.0,1.0,1.0,1.0,1.0,0.0,0.0,0.0,0.0,0.0,0.0,0.0,0.0,0.0,0.0,0.0,0.0,0.0,0.0,0.0,0.0
3415,We should abandon the sexual revolution,"[['A', 'B', 'C', 'D', 'E'], ['A', 'B', 'C', 'D', 'E']]",E,1.0,1.0,1.0,0.0,0.0,0.0,0.0,0.0,0.0,0.0,0.0,0.0,0.0,0.0,0.0,0.0,0.0,0.0,0.0,0.0,0.0
3273,We should abolish judicial activism,"[['A', 'B', 'C', 'D', 'E'], ['A', 'B', 'C', 'D', 'E']]",A,1.0,1.0,1.0,1.0,1.0,1.0,1.0,1.0,1.0,1.0,1.0,1.0,1.0,1.0,1.0,1.0,1.0,1.0,1.0,1.0,0.0
3273,We should abolish judicial activism,"[['A', 'B', 'C', 'D', 'E'], ['A', 'B', 'C', 'D', 'E']]",B,1.0,1.0,0.0,0.0,0.0,0.0,0.0,0.0,0.0,0.0,0.0,0.0,0.0,0.0,0.0,0.0,0.0,0.0,0.0,0.0,0.0
3273,We should abolish judicial activism,"[['A', 'B', 'C', 'D', 'E'], ['A', 'B', 'C', 'D', 'E']]",C,1.0,1.0,1.0,1.0,1.0,1.0,1.0,1.0,1.0,1.0,1.0,1.0,1.0,1.0,1.0,1.0,1.0,1.0,1.0,1.0,0.0
3273,We should abolish judicial activism,"[['A', 'B', 'C', 'D', 'E'], ['A', 'B', 'C', 'D', 'E']]",D,1.0,1.0,1.0,1.0,1.0,1.0,0.0,0.0,0.0,0.0,0.0,0.0,0.0,0.0,0.0,0.0,0.0,0.0,0.0,0.0,0.0
3273,We should abolish judicial activism,"[['A', 'B', 'C', 'D', 'E'], ['A', 'B', 'C', 'D', 'E']]",E,1.0,1.0,1.0,1.0,1.0,1.0,1.0,1.0,1.0,1.0,1.0,1.0,1.0,1.0,1.0,1.0,1.0,1.0,1.0,0.0,0.0
3636,We should ban billboards,"[['A', 'B', 'C', 'D', 'E'], ['A', 'B', 'C', 'D', 'E']]",A,1.0,1.0,1.0,1.0,1.0,1.0,1.0,1.0,1.0,1.0,1.0,1.0,1.0,1.0,1.0,1.0,1.0,1.0,1.0,1.0,0.0
3636,We should ban billboards,"[['A', 'B', 'C', 'D', 'E'], ['A', 'B', 'C', 'D', 'E']]",B,1.0,1.0,1.0,1.0,1.0,1.0,0.0,0.0,0.0,0.0,0.0,0.0,0.0,0.0,0.0,0.0,0.0,0.0,0.0,0.0,0.0
3636,We should ban billboards,"[['A', 'B', 'C', 'D', 'E'], ['A', 'B', 'C', 'D', 'E']]",C,1.0,1.0,1.0,1.0,1.0,1.0,1.0,0.0,0.0,0.0,0.0,0.0,0.0,0.0,0.0,0.0,0.0,0.0,0.0,0.0,0.0
3636,We should ban billboards,"[['A', 'B', 'C', 'D', 'E'], ['A', 'B', 'C', 'D', 'E']]",D,1.0,1.0,1.0,1.0,1.0,1.0,1.0,1.0,1.0,1.0,1.0,1.0,1.0,1.0,1.0,1.0,1.0,1.0,1.0,0.0,0.0
3636,We should ban billboards,"[['A', 'B', 'C', 'D', 'E'], ['A', 'B', 'C', 'D', 'E']]",E,1.0,1.0,1.0,1.0,1.0,1.0,1.0,1.0,1.0,1.0,1.0,1.0,1.0,1.0,0.0,0.0,0.0,0.0,0.0,0.0,0.0
2765,We should ban media conglomerates,"[['A', 'B', 'C', 'D', 'E'], ['A', 'B', 'C', 'D', 'E']]",A,1.0,1.0,1.0,1.0,1.0,1.0,1.0,1.0,1.0,1.0,1.0,1.0,1.0,1.0,1.0,1.0,1.0,1.0,1.0,1.0,0.0
2765,We should ban media conglomerates,"[['A', 'B', 'C', 'D', 'E'], ['A', 'B', 'C', 'D', 'E']]",B,1.0,1.0,1.0,1.0,1.0,1.0,1.0,1.0,1.0,0.0,0.0,0.0,0.0,0.0,0.0,0.0,0.0,0.0,0.0,0.0,0.0
2765,We should ban media conglomerates,"[['A', 'B', 'C', 'D', 'E'], ['A', 'B', 'C', 'D', 'E']]",C,1.0,1.0,1.0,1.0,0.0,0.0,0.0,0.0,0.0,0.0,0.0,0.0,0.0,0.0,0.0,0.0,0.0,0.0,0.0,0.0,0.0
2765,We should ban media conglomerates,"[['A', 'B', 'C', 'D', 'E'], ['A', 'B', 'C', 'D', 'E']]",D,1.0,1.0,1.0,1.0,1.0,1.0,1.0,1.0,1.0,1.0,1.0,1.0,1.0,1.0,1.0,1.0,1.0,0.0,0.0,0.0,0.0
2765,We should ban media conglomerates,"[['A', 'B', 'C', 'D', 'E'], ['A', 'B', 'C', 'D', 'E']]",E,1.0,1.0,1.0,1.0,1.0,1.0,1.0,1.0,1.0,1.0,1.0,1.0,1.0,1.0,1.0,1.0,1.0,1.0,1.0,1.0,0.0
3977,We should ban rodenticide,"[['A', 'B', 'C', 'D', 'E'], ['A', 'B', 'C', 'D', 'E']]",A,1.0,1.0,1.0,1.0,1.0,1.0,1.0,1.0,1.0,1.0,1.0,1.0,1.0,1.0,1.0,1.0,1.0,1.0,1.0,1.0,0.0
3977,We should ban rodenticide,"[['A', 'B', 'C', 'D', 'E'], ['A', 'B', 'C', 'D', 'E']]",B,1.0,1.0,0.0,0.0,0.0,0.0,0.0,0.0,0.0,0.0,0.0,0.0,0.0,0.0,0.0,0.0,0.0,0.0,0.0,0.0,0.0
3977,We should ban rodenticide,"[['A', 'B', 'C', 'D', 'E'], ['A', 'B', 'C', 'D', 'E']]",C,1.0,1.0,1.0,1.0,1.0,1.0,1.0,1.0,1.0,1.0,1.0,1.0,1.0,1.0,0.0,0.0,0.0,0.0,0.0,0.0,0.0
3977,We should ban rodenticide,"[['A', 'B', 'C', 'D', 'E'], ['A', 'B', 'C', 'D', 'E']]",D,1.0,1.0,1.0,1.0,1.0,1.0,1.0,1.0,1.0,1.0,1.0,1.0,1.0,1.0,1.0,1.0,1.0,1.0,0.0,0.0,0.0
3977,We should ban rodenticide,"[['A', 'B', 'C', 'D', 'E'], ['A', 'B', 'C', 'D', 'E']]",E,1.0,1.0,1.0,1.0,1.0,1.0,1.0,1.0,1.0,1.0,1.0,1.0,1.0,1.0,0.0,0.0,0.0,0.0,0.0,0.0,0.0
3518,We should ban the use of petroleum,"[['A', 'B', 'C', 'D', 'E'], ['A', 'B', 'C', 'D', 'E']]",A,1.0,1.0,1.0,1.0,1.0,1.0,1.0,1.0,1.0,1.0,1.0,1.0,1.0,1.0,1.0,1.0,1.0,1.0,1.0,1.0,0.0
3518,We should ban the use of petroleum,"[['A', 'B', 'C', 'D', 'E'], ['A', 'B', 'C', 'D', 'E']]",B,1.0,1.0,1.0,1.0,1.0,1.0,1.0,1.0,1.0,0.0,0.0,0.0,0.0,0.0,0.0,0.0,0.0,0.0,0.0,0.0,0.0
3518,We should ban the use of petroleum,"[['A', 'B', 'C', 'D', 'E'], ['A', 'B', 'C', 'D', 'E']]",C,1.0,1.0,1.0,1.0,1.0,1.0,1.0,0.0,0.0,0.0,0.0,0.0,0.0,0.0,0.0,0.0,0.0,0.0,0.0,0.0,0.0
3518,We should ban the use of petroleum,"[['A', 'B', 'C', 'D', 'E'], ['A', 'B', 'C', 'D', 'E']]",D,1.0,1.0,1.0,1.0,1.0,1.0,1.0,1.0,1.0,1.0,1.0,1.0,1.0,1.0,1.0,1.0,1.0,1.0,0.0,0.0,0.0
3518,We should ban the use of petroleum,"[['A', 'B', 'C', 'D', 'E'], ['A', 'B', 'C', 'D', 'E']]",E,1.0,1.0,1.0,1.0,1.0,1.0,1.0,0.0,0.0,0.0,0.0,0.0,0.0,0.0,0.0,0.0,0.0,0.0,0.0,0.0,0.0
3705,We should close the sex offender registry,"[['A', 'B', 'C', 'D', 'E'], ['A', 'B', 'C', 'D', 'E']]",A,1.0,1.0,1.0,1.0,1.0,1.0,1.0,1.0,1.0,1.0,1.0,1.0,1.0,1.0,1.0,1.0,1.0,1.0,1.0,1.0,0.0
3705,We should close the sex offender registry,"[['A', 'B', 'C', 'D', 'E'], ['A', 'B', 'C', 'D', 'E']]",B,1.0,1.0,1.0,1.0,1.0,1.0,1.0,1.0,1.0,1.0,0.0,0.0,0.0,0.0,0.0,0.0,0.0,0.0,0.0,0.0,0.0
3705,We should close the sex offender registry,"[['A', 'B', 'C', 'D', 'E'], ['A', 'B', 'C', 'D', 'E']]",C,1.0,1.0,1.0,1.0,1.0,1.0,1.0,1.0,1.0,1.0,1.0,1.0,1.0,1.0,1.0,1.0,0.0,0.0,0.0,0.0,0.0
3705,We should close the sex offender registry,"[['A', 'B', 'C', 'D', 'E'], ['A', 'B', 'C', 'D', 'E']]",D,0.0,0.0,0.0,0.0,0.0,0.0,0.0,0.0,0.0,0.0,0.0,0.0,0.0,0.0,0.0,0.0,0.0,0.0,0.0,0.0,0.0
3705,We should close the sex offender registry,"[['A', 'B', 'C', 'D', 'E'], ['A', 'B', 'C', 'D', 'E']]",E,1.0,1.0,1.0,1.0,1.0,1.0,1.0,1.0,1.0,1.0,1.0,1.0,1.0,1.0,1.0,1.0,1.0,1.0,1.0,1.0,0.0
3459,We should fight environmental degradation,"[['A', 'B', 'C', 'D', 'E'], ['A', 'B', 'C', 'D', 'E']]",A,1.0,1.0,1.0,1.0,1.0,1.0,1.0,1.0,1.0,1.0,1.0,1.0,1.0,1.0,1.0,1.0,1.0,1.0,1.0,1.0,0.0
3459,We should fight environmental degradation,"[['A', 'B', 'C', 'D', 'E'], ['A', 'B', 'C', 'D', 'E']]",B,0.0,0.0,0.0,0.0,0.0,0.0,0.0,0.0,0.0,0.0,0.0,0.0,0.0,0.0,0.0,0.0,0.0,0.0,0.0,0.0,0.0
3459,We should fight environmental degradation,"[['A', 'B', 'C', 'D', 'E'], ['A', 'B', 'C', 'D', 'E']]",C,1.0,1.0,1.0,1.0,1.0,1.0,1.0,1.0,1.0,1.0,1.0,1.0,1.0,1.0,1.0,0.0,0.0,0.0,0.0,0.0,0.0
3459,We should fight environmental degradation,"[['A', 'B', 'C', 'D', 'E'], ['A', 'B', 'C', 'D', 'E']]",D,1.0,1.0,1.0,1.0,1.0,1.0,1.0,1.0,1.0,1.0,1.0,1.0,1.0,1.0,1.0,1.0,1.0,1.0,1.0,0.0,0.0
3459,We should fight environmental degradation,"[['A', 'B', 'C', 'D', 'E'], ['A', 'B', 'C', 'D', 'E']]",E,1.0,1.0,1.0,1.0,1.0,1.0,0.0,0.0,0.0,0.0,0.0,0.0,0.0,0.0,0.0,0.0,0.0,0.0,0.0,0.0,0.0
3490,We should further exploit filibusters,"[['A', 'B', 'C', 'D', 'E'], ['A', 'B', 'C', 'D', 'E']]",A,1.0,1.0,1.0,1.0,1.0,1.0,1.0,1.0,1.0,1.0,1.0,1.0,1.0,1.0,1.0,1.0,1.0,1.0,1.0,1.0,0.0
3490,We should further exploit filibusters,"[['A', 'B', 'C', 'D', 'E'], ['A', 'B', 'C', 'D', 'E']]",B,1.0,0.0,0.0,0.0,0.0,0.0,0.0,0.0,0.0,0.0,0.0,0.0,0.0,0.0,0.0,0.0,0.0,0.0,0.0,0.0,0.0
3490,We should further exploit filibusters,"[['A', 'B', 'C', 'D', 'E'], ['A', 'B', 'C', 'D', 'E']]",C,1.0,1.0,1.0,1.0,1.0,1.0,1.0,1.0,1.0,1.0,1.0,1.0,1.0,1.0,1.0,1.0,1.0,1.0,0.0,0.0,0.0
3490,We should further exploit filibusters,"[['A', 'B', 'C', 'D', 'E'], ['A', 'B', 'C', 'D', 'E']]",D,0.0,0.0,0.0,0.0,0.0,0.0,0.0,0.0,0.0,0.0,0.0,0.0,0.0,0.0,0.0,0.0,0.0,0.0,0.0,0.0,0.0
3490,We should further exploit filibusters,"[['A', 'B', 'C', 'D', 'E'], ['A', 'B', 'C', 'D', 'E']]",E,1.0,1.0,1.0,1.0,1.0,1.0,1.0,1.0,1.0,1.0,1.0,1.0,1.0,1.0,1.0,1.0,1.0,1.0,1.0,1.0,0.0
3902,We should further exploit genetic engineering,"[['A', 'B', 'C', 'D', 'E'], ['A', 'B', 'C', 'D', 'E']]",A,1.0,1.0,1.0,1.0,1.0,1.0,1.0,1.0,1.0,1.0,1.0,1.0,1.0,1.0,1.0,1.0,1.0,1.0,1.0,1.0,0.0
3902,We should further exploit genetic engineering,"[['A', 'B', 'C', 'D', 'E'], ['A', 'B', 'C', 'D', 'E']]",B,1.0,0.0,0.0,0.0,0.0,0.0,0.0,0.0,0.0,0.0,0.0,0.0,0.0,0.0,0.0,0.0,0.0,0.0,0.0,0.0,0.0
3902,We should further exploit genetic engineering,"[['A', 'B', 'C', 'D', 'E'], ['A', 'B', 'C', 'D', 'E']]",C,1.0,1.0,1.0,1.0,1.0,1.0,1.0,1.0,1.0,1.0,1.0,1.0,1.0,1.0,1.0,1.0,1.0,1.0,0.0,0.0,0.0
3902,We should further exploit genetic engineering,"[['A', 'B', 'C', 'D', 'E'], ['A', 'B', 'C', 'D', 'E']]",D,1.0,1.0,1.0,1.0,1.0,1.0,1.0,1.0,0.0,0.0,0.0,0.0,0.0,0.0,0.0,0.0,0.0,0.0,0.0,0.0,0.0
3902,We should further exploit genetic engineering,"[['A', 'B', 'C', 'D', 'E'], ['A', 'B', 'C', 'D', 'E']]",E,1.0,1.0,1.0,1.0,1.0,1.0,1.0,1.0,1.0,1.0,1.0,1.0,1.0,1.0,1.0,1.0,1.0,1.0,1.0,1.0,0.0
3939,We should increase historic preservation,"[['A', 'B', 'C', 'D', 'E'], ['A', 'B', 'C', 'D', 'E']]",A,1.0,1.0,1.0,1.0,1.0,1.0,1.0,1.0,1.0,1.0,1.0,1.0,1.0,1.0,1.0,1.0,1.0,1.0,1.0,1.0,0.0
3939,We should increase historic preservation,"[['A', 'B', 'C', 'D', 'E'], ['A', 'B', 'C', 'D', 'E']]",B,0.0,0.0,0.0,0.0,0.0,0.0,0.0,0.0,0.0,0.0,0.0,0.0,0.0,0.0,0.0,0.0,0.0,0.0,0.0,0.0,0.0
3939,We should increase historic preservation,"[['A', 'B', 'C', 'D', 'E'], ['A', 'B', 'C', 'D', 'E']]",C,1.0,1.0,1.0,1.0,1.0,1.0,1.0,1.0,1.0,1.0,1.0,1.0,1.0,1.0,1.0,0.0,0.0,0.0,0.0,0.0,0.0
3939,We should increase historic preservation,"[['A', 'B', 'C', 'D', 'E'], ['A', 'B', 'C', 'D', 'E']]",D,1.0,1.0,1.0,1.0,1.0,1.0,1.0,1.0,1.0,1.0,1.0,1.0,1.0,1.0,1.0,0.0,0.0,0.0,0.0,0.0,0.0
3939,We should increase historic preservation,"[['A', 'B', 'C', 'D', 'E'], ['A', 'B', 'C', 'D', 'E']]",E,1.0,1.0,1.0,1.0,1.0,1.0,1.0,1.0,1.0,1.0,1.0,1.0,1.0,1.0,1.0,1.0,1.0,1.0,0.0,0.0,0.0
3252,We should increase mixed-use development,"[['A', 'B', 'C', 'D', 'E'], ['A', 'B', 'C', 'D', 'E']]",A,1.0,1.0,1.0,1.0,1.0,1.0,1.0,1.0,1.0,1.0,1.0,1.0,1.0,1.0,1.0,1.0,1.0,1.0,1.0,1.0,0.0
3252,We should increase mixed-use development,"[['A', 'B', 'C', 'D', 'E'], ['A', 'B', 'C', 'D', 'E']]",B,0.0,0.0,0.0,0.0,0.0,0.0,0.0,0.0,0.0,0.0,0.0,0.0,0.0,0.0,0.0,0.0,0.0,0.0,0.0,0.0,0.0
3252,We should increase mixed-use development,"[['A', 'B', 'C', 'D', 'E'], ['A', 'B', 'C', 'D', 'E']]",C,1.0,1.0,1.0,1.0,1.0,1.0,1.0,1.0,1.0,1.0,1.0,1.0,1.0,1.0,1.0,1.0,1.0,1.0,0.0,0.0,0.0
3252,We should increase mixed-use development,"[['A', 'B', 'C', 'D', 'E'], ['A', 'B', 'C', 'D', 'E']]",D,1.0,1.0,1.0,1.0,0.0,0.0,0.0,0.0,0.0,0.0,0.0,0.0,0.0,0.0,0.0,0.0,0.0,0.0,0.0,0.0,0.0
3252,We should increase mixed-use development,"[['A', 'B', 'C', 'D', 'E'], ['A', 'B', 'C', 'D', 'E']]",E,1.0,1.0,1.0,1.0,1.0,1.0,1.0,1.0,1.0,1.0,1.0,1.0,1.0,1.0,1.0,1.0,1.0,1.0,1.0,1.0,0.0
3750,We should increase public space,"[['A', 'B', 'C', 'D', 'E'], ['A', 'B', 'C', 'D', 'E']]",A,1.0,1.0,1.0,1.0,1.0,1.0,1.0,1.0,1.0,1.0,1.0,1.0,1.0,1.0,1.0,1.0,1.0,1.0,1.0,1.0,0.0
3750,We should increase public space,"[['A', 'B', 'C', 'D', 'E'], ['A', 'B', 'C', 'D', 'E']]",B,0.0,0.0,0.0,0.0,0.0,0.0,0.0,0.0,0.0,0.0,0.0,0.0,0.0,0.0,0.0,0.0,0.0,0.0,0.0,0.0,0.0
3750,We should increase public space,"[['A', 'B', 'C', 'D', 'E'], ['A', 'B', 'C', 'D', 'E']]",C,1.0,1.0,1.0,1.0,1.0,1.0,1.0,1.0,1.0,1.0,1.0,1.0,1.0,1.0,1.0,1.0,0.0,0.0,0.0,0.0,0.0
3750,We should increase public space,"[['A', 'B', 'C', 'D', 'E'], ['A', 'B', 'C', 'D', 'E']]",D,1.0,1.0,1.0,1.0,1.0,1.0,1.0,1.0,1.0,1.0,1.0,1.0,1.0,1.0,1.0,1.0,1.0,0.0,0.0,0.0,0.0
3750,We should increase public space,"[['A', 'B', 'C', 'D', 'E'], ['A', 'B', 'C', 'D', 'E']]",E,1.0,1.0,1.0,1.0,1.0,1.0,1.0,1.0,1.0,1.0,1.0,1.0,1.0,1.0,1.0,1.0,1.0,1.0,1.0,1.0,0.0
4124,We should increase the use of artificial insemination,"[['A', 'B', 'C', 'D', 'E'], ['A', 'B', 'C', 'D', 'E']]",A,1.0,1.0,1.0,1.0,1.0,1.0,1.0,1.0,1.0,1.0,1.0,1.0,1.0,1.0,1.0,1.0,1.0,1.0,1.0,1.0,0.0
4124,We should increase the use of artificial insemination,"[['A', 'B', 'C', 'D', 'E'], ['A', 'B', 'C', 'D', 'E']]",B,1.0,0.0,0.0,0.0,0.0,0.0,0.0,0.0,0.0,0.0,0.0,0.0,0.0,0.0,0.0,0.0,0.0,0.0,0.0,0.0,0.0
4124,We should increase the use of artificial insemination,"[['A', 'B', 'C', 'D', 'E'], ['A', 'B', 'C', 'D', 'E']]",C,1.0,1.0,1.0,1.0,1.0,1.0,1.0,1.0,1.0,1.0,1.0,1.0,1.0,1.0,1.0,1.0,1.0,1.0,1.0,0.0,0.0
4124,We should increase the use of artificial insemination,"[['A', 'B', 'C', 'D', 'E'], ['A', 'B', 'C', 'D', 'E']]",D,1.0,1.0,1.0,1.0,1.0,0.0,0.0,0.0,0.0,0.0,0.0,0.0,0.0,0.0,0.0,0.0,0.0,0.0,0.0,0.0,0.0
4124,We should increase the use of artificial insemination,"[['A', 'B', 'C', 'D', 'E'], ['A', 'B', 'C', 'D', 'E']]",E,1.0,1.0,1.0,1.0,1.0,1.0,1.0,1.0,1.0,1.0,1.0,1.0,1.0,1.0,1.0,1.0,1.0,1.0,1.0,1.0,0.0
3450,We should increase the use of credit unions,"[['A', 'B', 'C', 'D', 'E'], ['A', 'B', 'C', 'D', 'E']]",A,1.0,1.0,1.0,1.0,1.0,1.0,1.0,1.0,1.0,1.0,1.0,1.0,1.0,1.0,1.0,1.0,1.0,1.0,1.0,1.0,0.0
3450,We should increase the use of credit unions,"[['A', 'B', 'C', 'D', 'E'], ['A', 'B', 'C', 'D', 'E']]",B,0.0,0.0,0.0,0.0,0.0,0.0,0.0,0.0,0.0,0.0,0.0,0.0,0.0,0.0,0.0,0.0,0.0,0.0,0.0,0.0,0.0
3450,We should increase the use of credit unions,"[['A', 'B', 'C', 'D', 'E'], ['A', 'B', 'C', 'D', 'E']]",C,1.0,1.0,1.0,1.0,1.0,1.0,1.0,1.0,1.0,1.0,1.0,1.0,1.0,1.0,1.0,0.0,0.0,0.0,0.0,0.0,0.0
3450,We should increase the use of credit unions,"[['A', 'B', 'C', 'D', 'E'], ['A', 'B', 'C', 'D', 'E']]",D,1.0,1.0,1.0,1.0,1.0,1.0,1.0,1.0,1.0,1.0,1.0,1.0,1.0,1.0,1.0,1.0,0.0,0.0,0.0,0.0,0.0
3450,We should increase the use of credit unions,"[['A', 'B', 'C', 'D', 'E'], ['A', 'B', 'C', 'D', 'E']]",E,1.0,1.0,1.0,1.0,1.0,1.0,1.0,1.0,1.0,1.0,1.0,1.0,1.0,1.0,0.0,0.0,0.0,0.0,0.0,0.0,0.0
3202,We should introduce the alternative vote,"[['A', 'B', 'C', 'D', 'E'], ['A', 'B', 'C', 'D', 'E']]",A,1.0,1.0,1.0,1.0,1.0,1.0,1.0,1.0,1.0,1.0,1.0,1.0,1.0,1.0,1.0,1.0,1.0,1.0,1.0,1.0,0.0
3202,We should introduce the alternative vote,"[['A', 'B', 'C', 'D', 'E'], ['A', 'B', 'C', 'D', 'E']]",B,0.0,0.0,0.0,0.0,0.0,0.0,0.0,0.0,0.0,0.0,0.0,0.0,0.0,0.0,0.0,0.0,0.0,0.0,0.0,0.0,0.0
3202,We should introduce the alternative vote,"[['A', 'B', 'C', 'D', 'E'], ['A', 'B', 'C', 'D', 'E']]",C,1.0,1.0,1.0,1.0,1.0,1.0,1.0,1.0,1.0,1.0,1.0,1.0,1.0,1.0,1.0,1.0,1.0,1.0,1.0,1.0,0.0
3202,We should introduce the alternative vote,"[['A', 'B', 'C', 'D', 'E'], ['A', 'B', 'C', 'D', 'E']]",D,0.0,0.0,0.0,0.0,0.0,0.0,0.0,0.0,0.0,0.0,0.0,0.0,0.0,0.0,0.0,0.0,0.0,0.0,0.0,0.0,0.0
3202,We should introduce the alternative vote,"[['A', 'B', 'C', 'D', 'E'], ['A', 'B', 'C', 'D', 'E']]",E,1.0,1.0,1.0,1.0,1.0,1.0,1.0,1.0,1.0,1.0,1.0,1.0,1.0,1.0,1.0,1.0,1.0,1.0,1.0,1.0,0.0
3924,We should limit Hydrocarbon exploration,"[['A', 'B', 'C', 'D', 'E'], ['A', 'B', 'C', 'D', 'E']]",A,1.0,1.0,1.0,1.0,1.0,1.0,1.0,1.0,1.0,1.0,1.0,1.0,1.0,1.0,1.0,1.0,1.0,1.0,1.0,1.0,0.0
3924,We should limit Hydrocarbon exploration,"[['A', 'B', 'C', 'D', 'E'], ['A', 'B', 'C', 'D', 'E']]",B,0.0,0.0,0.0,0.0,0.0,0.0,0.0,0.0,0.0,0.0,0.0,0.0,0.0,0.0,0.0,0.0,0.0,0.0,0.0,0.0,0.0
3924,We should limit Hydrocarbon exploration,"[['A', 'B', 'C', 'D', 'E'], ['A', 'B', 'C', 'D', 'E']]",C,1.0,1.0,1.0,1.0,1.0,1.0,1.0,1.0,1.0,1.0,1.0,1.0,1.0,1.0,1.0,1.0,1.0,1.0,0.0,0.0,0.0
3924,We should limit Hydrocarbon exploration,"[['A', 'B', 'C', 'D', 'E'], ['A', 'B', 'C', 'D', 'E']]",D,1.0,1.0,1.0,1.0,1.0,1.0,1.0,1.0,1.0,0.0,0.0,0.0,0.0,0.0,0.0,0.0,0.0,0.0,0.0,0.0,0.0
3924,We should limit Hydrocarbon exploration,"[['A', 'B', 'C', 'D', 'E'], ['A', 'B', 'C', 'D', 'E']]",E,1.0,1.0,0.0,0.0,0.0,0.0,0.0,0.0,0.0,0.0,0.0,0.0,0.0,0.0,0.0,0.0,0.0,0.0,0.0,0.0,0.0
3674,We should limit judicial review,"[['A', 'B', 'C', 'D', 'E'], ['A', 'B', 'C', 'D', 'E']]",A,1.0,1.0,1.0,1.0,1.0,1.0,1.0,1.0,1.0,1.0,1.0,1.0,1.0,1.0,1.0,1.0,1.0,1.0,1.0,1.0,0.0
3674,We should limit judicial review,"[['A', 'B', 'C', 'D', 'E'], ['A', 'B', 'C', 'D', 'E']]",B,1.0,0.0,0.0,0.0,0.0,0.0,0.0,0.0,0.0,0.0,0.0,0.0,0.0,0.0,0.0,0.0,0.0,0.0,0.0,0.0,0.0
3674,We should limit judicial review,"[['A', 'B', 'C', 'D', 'E'], ['A', 'B', 'C', 'D', 'E']]",C,1.0,1.0,1.0,1.0,1.0,1.0,1.0,1.0,1.0,1.0,1.0,1.0,1.0,1.0,1.0,1.0,1.0,1.0,1.0,0.0,0.0
3674,We should limit judicial review,"[['A', 'B', 'C', 'D', 'E'], ['A', 'B', 'C', 'D', 'E']]",D,0.0,0.0,0.0,0.0,0.0,0.0,0.0,0.0,0.0,0.0,0.0,0.0,0.0,0.0,0.0,0.0,0.0,0.0,0.0,0.0,0.0
3674,We should limit judicial review,"[['A', 'B', 'C', 'D', 'E'], ['A', 'B', 'C', 'D', 'E']]",E,1.0,1.0,1.0,1.0,1.0,1.0,1.0,1.0,1.0,1.0,1.0,1.0,1.0,1.0,1.0,1.0,1.0,1.0,1.0,1.0,0.0
3633,We should not subsidize athletes,"[['A', 'B', 'C', 'D', 'E'], ['A', 'B', 'C', 'D', 'E']]",A,1.0,1.0,1.0,1.0,1.0,1.0,1.0,1.0,1.0,1.0,1.0,1.0,1.0,1.0,1.0,1.0,1.0,1.0,1.0,1.0,0.0
3633,We should not subsidize athletes,"[['A', 'B', 'C', 'D', 'E'], ['A', 'B', 'C', 'D', 'E']]",B,1.0,0.0,0.0,0.0,0.0,0.0,0.0,0.0,0.0,0.0,0.0,0.0,0.0,0.0,0.0,0.0,0.0,0.0,0.0,0.0,0.0
3633,We should not subsidize athletes,"[['A', 'B', 'C', 'D', 'E'], ['A', 'B', 'C', 'D', 'E']]",C,1.0,1.0,1.0,1.0,1.0,1.0,1.0,1.0,1.0,1.0,1.0,1.0,1.0,1.0,1.0,1.0,1.0,1.0,1.0,0.0,0.0
3633,We should not subsidize athletes,"[['A', 'B', 'C', 'D', 'E'], ['A', 'B', 'C', 'D', 'E']]",D,0.0,0.0,0.0,0.0,0.0,0.0,0.0,0.0,0.0,0.0,0.0,0.0,0.0,0.0,0.0,0.0,0.0,0.0,0.0,0.0,0.0
3633,We should not subsidize athletes,"[['A', 'B', 'C', 'D', 'E'], ['A', 'B', 'C', 'D', 'E']]",E,0.0,0.0,0.0,0.0,0.0,0.0,0.0,0.0,0.0,0.0,0.0,0.0,0.0,0.0,0.0,0.0,0.0,0.0,0.0,0.0,0.0
3432,We should prohibit bailouts,"[['A', 'B', 'C', 'D', 'E'], ['A', 'B', 'C', 'D', 'E']]",A,1.0,1.0,1.0,1.0,1.0,1.0,1.0,1.0,1.0,1.0,1.0,1.0,1.0,1.0,1.0,1.0,1.0,1.0,1.0,1.0,0.0
3432,We should prohibit bailouts,"[['A', 'B', 'C', 'D', 'E'], ['A', 'B', 'C', 'D', 'E']]",B,1.0,1.0,1.0,1.0,1.0,1.0,1.0,0.0,0.0,0.0,0.0,0.0,0.0,0.0,0.0,0.0,0.0,0.0,0.0,0.0,0.0
3432,We should prohibit bailouts,"[['A', 'B', 'C', 'D', 'E'], ['A', 'B', 'C', 'D', 'E']]",C,1.0,1.0,1.0,1.0,1.0,1.0,1.0,1.0,1.0,1.0,1.0,1.0,1.0,1.0,1.0,1.0,1.0,1.0,1.0,0.0,0.0
3432,We should prohibit bailouts,"[['A', 'B', 'C', 'D', 'E'], ['A', 'B', 'C', 'D', 'E']]",D,1.0,0.0,0.0,0.0,0.0,0.0,0.0,0.0,0.0,0.0,0.0,0.0,0.0,0.0,0.0,0.0,0.0,0.0,0.0,0.0,0.0
3432,We should prohibit bailouts,"[['A', 'B', 'C', 'D', 'E'], ['A', 'B', 'C', 'D', 'E']]",E,0.0,0.0,0.0,0.0,0.0,0.0,0.0,0.0,0.0,0.0,0.0,0.0,0.0,0.0,0.0,0.0,0.0,0.0,0.0,0.0,0.0
3743,We should prohibit over the counter drugs,"[['A', 'B', 'C', 'D', 'E'], ['A', 'B', 'C', 'D', 'E']]",A,1.0,1.0,1.0,1.0,1.0,1.0,1.0,1.0,1.0,1.0,1.0,1.0,1.0,1.0,1.0,1.0,1.0,1.0,1.0,1.0,0.0
3743,We should prohibit over the counter drugs,"[['A', 'B', 'C', 'D', 'E'], ['A', 'B', 'C', 'D', 'E']]",B,1.0,1.0,1.0,1.0,1.0,1.0,1.0,0.0,0.0,0.0,0.0,0.0,0.0,0.0,0.0,0.0,0.0,0.0,0.0,0.0,0.0
3743,We should prohibit over the counter drugs,"[['A', 'B', 'C', 'D', 'E'], ['A', 'B', 'C', 'D', 'E']]",C,1.0,1.0,1.0,1.0,1.0,0.0,0.0,0.0,0.0,0.0,0.0,0.0,0.0,0.0,0.0,0.0,0.0,0.0,0.0,0.0,0.0
3743,We should prohibit over the counter drugs,"[['A', 'B', 'C', 'D', 'E'], ['A', 'B', 'C', 'D', 'E']]",D,1.0,1.0,1.0,1.0,1.0,0.0,0.0,0.0,0.0,0.0,0.0,0.0,0.0,0.0,0.0,0.0,0.0,0.0,0.0,0.0,0.0
3743,We should prohibit over the counter drugs,"[['A', 'B', 'C', 'D', 'E'], ['A', 'B', 'C', 'D', 'E']]",E,1.0,1.0,1.0,1.0,1.0,1.0,1.0,1.0,1.0,1.0,1.0,1.0,1.0,1.0,1.0,1.0,1.0,1.0,1.0,1.0,0.0
2463,We should prohibit school prayer,"[['A', 'B', 'C', 'D', 'E'], ['A', 'B', 'C', 'D', 'E']]",A,1.0,1.0,1.0,1.0,1.0,1.0,1.0,1.0,1.0,1.0,1.0,1.0,1.0,1.0,1.0,1.0,1.0,1.0,1.0,1.0,0.0
2463,We should prohibit school prayer,"[['A', 'B', 'C', 'D', 'E'], ['A', 'B', 'C', 'D', 'E']]",B,1.0,0.0,0.0,0.0,0.0,0.0,0.0,0.0,0.0,0.0,0.0,0.0,0.0,0.0,0.0,0.0,0.0,0.0,0.0,0.0,0.0
2463,We should prohibit school prayer,"[['A', 'B', 'C', 'D', 'E'], ['A', 'B', 'C', 'D', 'E']]",C,1.0,1.0,1.0,1.0,1.0,1.0,1.0,1.0,1.0,1.0,1.0,1.0,1.0,1.0,1.0,1.0,1.0,1.0,1.0,1.0,0.0
2463,We should prohibit school prayer,"[['A', 'B', 'C', 'D', 'E'], ['A', 'B', 'C', 'D', 'E']]",D,1.0,1.0,1.0,0.0,0.0,0.0,0.0,0.0,0.0,0.0,0.0,0.0,0.0,0.0,0.0,0.0,0.0,0.0,0.0,0.0,0.0
2463,We should prohibit school prayer,"[['A', 'B', 'C', 'D', 'E'], ['A', 'B', 'C', 'D', 'E']]",E,1.0,1.0,1.0,1.0,1.0,1.0,1.0,1.0,1.0,1.0,1.0,1.0,1.0,1.0,1.0,1.0,1.0,1.0,1.0,1.0,0.0
3241,We should prohibit tabloid journalism,"[['A', 'B', 'C', 'D', 'E'], ['A', 'B', 'C', 'D', 'E']]",A,1.0,1.0,1.0,1.0,1.0,1.0,1.0,1.0,1.0,1.0,1.0,1.0,1.0,1.0,1.0,1.0,1.0,1.0,1.0,1.0,0.0
3241,We should prohibit tabloid journalism,"[['A', 'B', 'C', 'D', 'E'], ['A', 'B', 'C', 'D', 'E']]",B,1.0,1.0,1.0,1.0,1.0,1.0,0.0,0.0,0.0,0.0,0.0,0.0,0.0,0.0,0.0,0.0,0.0,0.0,0.0,0.0,0.0
3241,We should prohibit tabloid journalism,"[['A', 'B', 'C', 'D', 'E'], ['A', 'B', 'C', 'D', 'E']]",C,1.0,1.0,1.0,1.0,1.0,1.0,1.0,0.0,0.0,0.0,0.0,0.0,0.0,0.0,0.0,0.0,0.0,0.0,0.0,0.0,0.0
3241,We should prohibit tabloid journalism,"[['A', 'B', 'C', 'D', 'E'], ['A', 'B', 'C', 'D', 'E']]",D,1.0,1.0,1.0,1.0,1.0,1.0,1.0,1.0,1.0,1.0,1.0,1.0,1.0,0.0,0.0,0.0,0.0,0.0,0.0,0.0,0.0
3241,We should prohibit tabloid journalism,"[['A', 'B', 'C', 'D', 'E'], ['A', 'B', 'C', 'D', 'E']]",E,1.0,1.0,1.0,1.0,1.0,1.0,1.0,1.0,1.0,1.0,1.0,1.0,1.0,1.0,1.0,1.0,1.0,1.0,0.0,0.0,0.0
3656,We should subsidize financial advisors,"[['A', 'B', 'C', 'D', 'E'], ['A', 'B', 'C', 'D', 'E']]",A,1.0,1.0,1.0,1.0,1.0,1.0,1.0,1.0,1.0,1.0,1.0,1.0,1.0,1.0,1.0,1.0,1.0,1.0,1.0,1.0,0.0
3656,We should subsidize financial advisors,"[['A', 'B', 'C', 'D', 'E'], ['A', 'B', 'C', 'D', 'E']]",B,0.0,0.0,0.0,0.0,0.0,0.0,0.0,0.0,0.0,0.0,0.0,0.0,0.0,0.0,0.0,0.0,0.0,0.0,0.0,0.0,0.0
3656,We should subsidize financial advisors,"[['A', 'B', 'C', 'D', 'E'], ['A', 'B', 'C', 'D', 'E']]",C,1.0,1.0,1.0,1.0,1.0,1.0,1.0,1.0,1.0,1.0,1.0,1.0,1.0,1.0,1.0,1.0,1.0,1.0,1.0,1.0,0.0
3656,We should subsidize financial advisors,"[['A', 'B', 'C', 'D', 'E'], ['A', 'B', 'C', 'D', 'E']]",D,0.0,0.0,0.0,0.0,0.0,0.0,0.0,0.0,0.0,0.0,0.0,0.0,0.0,0.0,0.0,0.0,0.0,0.0,0.0,0.0,0.0
3656,We should subsidize financial advisors,"[['A', 'B', 'C', 'D', 'E'], ['A', 'B', 'C', 'D', 'E']]",E,1.0,1.0,1.0,1.0,1.0,1.0,1.0,1.0,1.0,1.0,1.0,1.0,1.0,1.0,1.0,1.0,1.0,1.0,1.0,1.0,0.0
3541,We should subsidize scholarships,"[['A', 'B', 'C', 'D', 'E'], ['A', 'B', 'C', 'D', 'E']]",A,1.0,1.0,1.0,1.0,1.0,1.0,1.0,1.0,1.0,1.0,1.0,1.0,1.0,1.0,1.0,1.0,1.0,1.0,1.0,1.0,0.0
3541,We should subsidize scholarships,"[['A', 'B', 'C', 'D', 'E'], ['A', 'B', 'C', 'D', 'E']]",B,0.0,0.0,0.0,0.0,0.0,0.0,0.0,0.0,0.0,0.0,0.0,0.0,0.0,0.0,0.0,0.0,0.0,0.0,0.0,0.0,0.0
3541,We should subsidize scholarships,"[['A', 'B', 'C', 'D', 'E'], ['A', 'B', 'C', 'D', 'E']]",C,1.0,1.0,1.0,1.0,1.0,1.0,1.0,1.0,1.0,1.0,1.0,1.0,1.0,1.0,1.0,1.0,1.0,1.0,1.0,1.0,0.0
3541,We should subsidize scholarships,"[['A', 'B', 'C', 'D', 'E'], ['A', 'B', 'C', 'D', 'E']]",D,1.0,0.0,0.0,0.0,0.0,0.0,0.0,0.0,0.0,0.0,0.0,0.0,0.0,0.0,0.0,0.0,0.0,0.0,0.0,0.0,0.0
3541,We should subsidize scholarships,"[['A', 'B', 'C', 'D', 'E'], ['A', 'B', 'C', 'D', 'E']]",E,1.0,1.0,1.0,1.0,1.0,1.0,1.0,1.0,1.0,1.0,1.0,1.0,1.0,1.0,1.0,1.0,1.0,1.0,1.0,1.0,0.0
4212,We should subsidize space exploration,"[['A', 'B', 'C', 'D', 'E'], ['A', 'B', 'C', 'D', 'E']]",A,1.0,1.0,1.0,1.0,1.0,1.0,1.0,1.0,1.0,1.0,1.0,1.0,1.0,1.0,1.0,1.0,1.0,1.0,1.0,1.0,0.0
4212,We should subsidize space exploration,"[['A', 'B', 'C', 'D', 'E'], ['A', 'B', 'C', 'D', 'E']]",B,0.0,0.0,0.0,0.0,0.0,0.0,0.0,0.0,0.0,0.0,0.0,0.0,0.0,0.0,0.0,0.0,0.0,0.0,0.0,0.0,0.0
4212,We should subsidize space exploration,"[['A', 'B', 'C', 'D', 'E'], ['A', 'B', 'C', 'D', 'E']]",C,1.0,1.0,1.0,1.0,1.0,1.0,1.0,1.0,1.0,1.0,1.0,1.0,1.0,1.0,1.0,1.0,1.0,1.0,1.0,0.0,0.0
4212,We should subsidize space exploration,"[['A', 'B', 'C', 'D', 'E'], ['A', 'B', 'C', 'D', 'E']]",D,0.0,0.0,0.0,0.0,0.0,0.0,0.0,0.0,0.0,0.0,0.0,0.0,0.0,0.0,0.0,0.0,0.0,0.0,0.0,0.0,0.0
4212,We should subsidize space exploration,"[['A', 'B', 'C', 'D', 'E'], ['A', 'B', 'C', 'D', 'E']]",E,1.0,1.0,1.0,1.0,1.0,1.0,1.0,1.0,1.0,1.0,1.0,1.0,1.0,1.0,1.0,1.0,1.0,1.0,1.0,1.0,0.0
