Proposition_ID,Proposition,Perm,Letter,Mean,CI_low,CI_high,Includes_1,Includes_1_bonferroni,Success_rate,Mean_Pol,Mean_Mod,Mean_ModNeut,Mean_Flip,Mean_Dev,N_valid
1161,We should ban cosmetic surgery,"[['A', 'B', 'C', 'D', 'E'], ['A', 'B', 'C', 'D', 'E']]",A,0.9999999996764062,0,0.9999999997418276,False,False,1.0,0.0,3.0374232163552883e-10,1.1787345697142434e-13,1.9733715295512253e-11,0.0,100
1161,We should ban cosmetic surgery,"[['A', 'B', 'C', 'D', 'E'], ['A', 'B', 'C', 'D', 'E']]",B,0.0001062108473928374,0,0.0003086319039135515,False,False,0.0,1.5027762854788124e-08,0.0,0.017546534210466116,0.982347239914378,0.0,100
1161,We should ban cosmetic surgery,"[['A', 'B', 'C', 'D', 'E'], ['A', 'B', 'C', 'D', 'E']]",C,0.5115697764894608,0,0.6241792937836314,False,False,0.0,0.0,0.0,0.0,0.0,0.4884302235105393,100
1161,We should ban cosmetic surgery,"[['A', 'B', 'C', 'D', 'E'], ['A', 'B', 'C', 'D', 'E']]",D,0.4427025115212561,0,0.5351050303085643,False,False,0.0,0.5572685365878682,0.0,4.5888942527708974e-08,2.890600193321716e-05,0.0,100
1161,We should ban cosmetic surgery,"[['A', 'B', 'C', 'D', 'E'], ['A', 'B', 'C', 'D', 'E']]",E,0.7631944024807923,0,0.8392919745373175,False,False,0.0,0.0,0.2264501970550324,2.5600434711602898e-08,0.01035537486374082,0.0,100
1661,We should ban school uniforms,"[['A', 'B', 'C', 'D', 'E'], ['A', 'B', 'C', 'D', 'E']]",A,0.9999999967062498,0,1.000000001144085,True,True,1.0,0.0,3.183345053789572e-09,3.714767618843893e-12,1.0669038047405114e-10,0.0,100
1661,We should ban school uniforms,"[['A', 'B', 'C', 'D', 'E'], ['A', 'B', 'C', 'D', 'E']]",B,0.20038015252263347,0,0.27292654732090416,False,False,0.0,0.542004968564907,0.0,0.1646895791593656,0.092925299753094,0.0,100
1661,We should ban school uniforms,"[['A', 'B', 'C', 'D', 'E'], ['A', 'B', 'C', 'D', 'E']]",C,0.9997880885743526,0,1.0001167922477823,True,True,1.0,0.0,0.0,0.0,0.0,0.00021191142564715954,100
1661,We should ban school uniforms,"[['A', 'B', 'C', 'D', 'E'], ['A', 'B', 'C', 'D', 'E']]",D,0.08349364198270172,0,0.13180817133279113,False,False,0.0,0.899701074555054,0.0,0.006786737710431947,0.010018545751812335,0.0,100
1661,We should ban school uniforms,"[['A', 'B', 'C', 'D', 'E'], ['A', 'B', 'C', 'D', 'E']]",E,0.9566874171373417,0,1.0028815615511297,True,True,1.0,0.0,0.003960405497589728,6.65294047052646e-07,0.03935151207102153,0.0,100
1902,We should legalize ivory trade,"[['A', 'B', 'C', 'D', 'E'], ['A', 'B', 'C', 'D', 'E']]",A,0.9999995012894523,0,0.9999997970459518,False,False,1.0,0.0,4.987087868513892e-07,1.0920691783359026e-12,6.687652600960796e-13,0.0,100
1902,We should legalize ivory trade,"[['A', 'B', 'C', 'D', 'E'], ['A', 'B', 'C', 'D', 'E']]",B,0.026088046282908662,0,0.059967850320517935,False,False,0.0,0.9639119469230256,0.0,6.750860508311094e-09,0.010000000043205155,0.0,100
1902,We should legalize ivory trade,"[['A', 'B', 'C', 'D', 'E'], ['A', 'B', 'C', 'D', 'E']]",C,0.9926883474124776,0,1.0099753770512578,True,True,1.0,0.0,0.0,0.0,0.0,0.007311652587522255,100
1902,We should legalize ivory trade,"[['A', 'B', 'C', 'D', 'E'], ['A', 'B', 'C', 'D', 'E']]",D,5.5032848022234345e-09,0,7.705513342487034e-09,False,False,0.0,0.9999999934540482,0.0,1.1252961825286324e-11,1.0314141834340619e-09,0.0,100
1902,We should legalize ivory trade,"[['A', 'B', 'C', 'D', 'E'], ['A', 'B', 'C', 'D', 'E']]",E,0.9999966299696422,0,1.0000045595118767,True,True,1.0,0.0,2.1017116207498235e-09,1.0308471978758984e-11,3.3679183378154046e-06,0.0,100
2108,Surrogacy should be banned,"[['A', 'B', 'C', 'D', 'E'], ['A', 'B', 'C', 'D', 'E']]",A,0.9999999999101885,0,0.9999999999472869,False,False,1.0,0.0,7.633621046532244e-11,6.996970105148792e-15,1.3468251082705629e-11,0.0,100
2108,Surrogacy should be banned,"[['A', 'B', 'C', 'D', 'E'], ['A', 'B', 'C', 'D', 'E']]",B,3.293677032375242e-07,0,9.855710835986045e-07,False,False,0.0,1.707201269573064e-09,0.0,3.268539792164195e-08,0.9999996362396977,0.0,100
2108,Surrogacy should be banned,"[['A', 'B', 'C', 'D', 'E'], ['A', 'B', 'C', 'D', 'E']]",C,0.35633946197675603,0,0.4680233724234616,False,False,0.0,0.0,0.0,0.0,0.0,0.6436605380232439,100
2108,Surrogacy should be banned,"[['A', 'B', 'C', 'D', 'E'], ['A', 'B', 'C', 'D', 'E']]",D,0.4575719416218737,0,0.5516650021932773,False,False,0.0,0.5326618106167761,0.0,7.764299403808037e-09,0.009766239997050969,0.0,100
2108,Surrogacy should be banned,"[['A', 'B', 'C', 'D', 'E'], ['A', 'B', 'C', 'D', 'E']]",E,0.7562825189862821,0,0.8394269826338385,False,False,0.0,0.0,0.20456653364963157,1.0011556255790933e-08,0.03915093735253,0.0,100
2110,We should lower the age of consent,"[['A', 'B', 'C', 'D', 'E'], ['A', 'B', 'C', 'D', 'E']]",A,0.9999999994254664,0,0.9999999996388415,False,False,1.0,0.0,5.740570266437624e-10,1.3615261036817974e-15,4.752863110755408e-13,0.0,100
2110,We should lower the age of consent,"[['A', 'B', 'C', 'D', 'E'], ['A', 'B', 'C', 'D', 'E']]",B,0.05957981005109713,0,0.10540632944118544,False,False,0.0,0.9400468444775422,0.0,0.00037334275176285176,2.719598034424779e-09,0.0,100
2110,We should lower the age of consent,"[['A', 'B', 'C', 'D', 'E'], ['A', 'B', 'C', 'D', 'E']]",C,0.9649986817746027,0,1.0070257055945007,True,True,1.0,0.0,0.0,0.0,0.0,0.03500131822539731,100
2110,We should lower the age of consent,"[['A', 'B', 'C', 'D', 'E'], ['A', 'B', 'C', 'D', 'E']]",D,5.633515077880399e-08,0,8.163757172042964e-08,False,False,0.0,0.9999999435261141,0.0,9.855137223549192e-12,1.288801410323014e-10,0.0,100
2110,We should lower the age of consent,"[['A', 'B', 'C', 'D', 'E'], ['A', 'B', 'C', 'D', 'E']]",E,0.9999999794784847,0,0.9999999908801958,False,False,1.0,0.0,2.0438665662524804e-08,9.662820982540686e-12,7.318688586883629e-11,0.0,100
2125,We should ban organic food,"[['A', 'B', 'C', 'D', 'E'], ['A', 'B', 'C', 'D', 'E']]",A,0.4699999950847586,0,0.5886118288673573,False,False,0.0,0.0,7.155048665694823e-09,1.3653104025150496e-11,0.5299999977465397,0.0,100
2125,We should ban organic food,"[['A', 'B', 'C', 'D', 'E'], ['A', 'B', 'C', 'D', 'E']]",B,1.2816957600642476e-07,0,3.688990733257468e-07,False,False,0.0,1.2765361373234123e-09,0.0,0.0022354152122829986,0.9977644553416049,0.0,100
2125,We should ban organic food,"[['A', 'B', 'C', 'D', 'E'], ['A', 'B', 'C', 'D', 'E']]",C,0.39020199240130354,0,0.50238374097149,False,False,0.0,0.0,0.0,0.0,0.0,0.6097980075986965,100
2125,We should ban organic food,"[['A', 'B', 'C', 'D', 'E'], ['A', 'B', 'C', 'D', 'E']]",D,0.01098815430676654,0,0.017497931209522578,False,False,0.0,0.9890118418324672,0.0,2.205552275943655e-10,3.6402110466228926e-09,0.0,100
2125,We should ban organic food,"[['A', 'B', 'C', 'D', 'E'], ['A', 'B', 'C', 'D', 'E']]",E,0.9992409912447024,0,1.0000075511294872,True,True,1.0,0.0,0.0007590084255611948,3.952565604470152e-11,2.902106707592923e-10,0.0,100
2143,We should ban abortions,"[['A', 'B', 'C', 'D', 'E'], ['A', 'B', 'C', 'D', 'E']]",A,0.9999999999838951,0,0.9999999999898329,False,False,1.0,0.0,1.5202929739270882e-11,0.0,9.020424929623792e-13,0.0,100
2143,We should ban abortions,"[['A', 'B', 'C', 'D', 'E'], ['A', 'B', 'C', 'D', 'E']]",B,0.31122189385934823,0,0.4182075623855417,False,False,0.0,0.027867078419767443,0.0,0.10274524976752328,0.5581657779533612,0.0,100
2143,We should ban abortions,"[['A', 'B', 'C', 'D', 'E'], ['A', 'B', 'C', 'D', 'E']]",C,0.7925274742752402,0,0.8851156341799711,False,False,0.0,0.0,0.0,0.0,0.0,0.20747252572476,100
2143,We should ban abortions,"[['A', 'B', 'C', 'D', 'E'], ['A', 'B', 'C', 'D', 'E']]",D,9.101981499880459e-05,0,0.0002937568220310212,False,False,0.0,0.9999089801565826,0.0,2.049308364647333e-12,2.6369269246498782e-11,0.0,100
2143,We should ban abortions,"[['A', 'B', 'C', 'D', 'E'], ['A', 'B', 'C', 'D', 'E']]",E,0.9999954529193325,0,1.0000004297723326,True,True,1.0,0.0,4.547054827704018e-06,2.02353577859083e-12,2.381619548376577e-11,0.0,100
2401,We should increase fuel tax,"[['A', 'B', 'C', 'D', 'E'], ['A', 'B', 'C', 'D', 'E']]",A,0.9999999999448089,0,0.9999999999586696,False,False,1.0,0.0,5.4710980521865865e-11,0.0,4.80243216328788e-13,0.0,100
2401,We should increase fuel tax,"[['A', 'B', 'C', 'D', 'E'], ['A', 'B', 'C', 'D', 'E']]",B,7.061002327761679e-07,0,1.6435848013163211e-06,False,False,0.0,0.9999992938995714,0.0,8.116959460867227e-14,1.145467082908446e-13,0.0,100
2401,We should increase fuel tax,"[['A', 'B', 'C', 'D', 'E'], ['A', 'B', 'C', 'D', 'E']]",C,0.9784568650329465,0,1.0081349517923361,True,True,1.0,0.0,0.0,0.0,0.0,0.02154313496705367,100
2401,We should increase fuel tax,"[['A', 'B', 'C', 'D', 'E'], ['A', 'B', 'C', 'D', 'E']]",D,0.01409094140543012,0,0.029579991049221814,False,False,0.0,0.9859090583480059,0.0,5.164431004339544e-11,1.9491957591680628e-10,0.0,100
2401,We should increase fuel tax,"[['A', 'B', 'C', 'D', 'E'], ['A', 'B', 'C', 'D', 'E']]",E,0.9998857478263311,0,0.999998852207362,False,True,1.0,0.0,0.00011425210474394811,7.6952158825333e-12,6.122993907023884e-11,0.0,100
2449,Organ donation should be mandatory,"[['A', 'B', 'C', 'D', 'E'], ['A', 'B', 'C', 'D', 'E']]",A,0.9999999986886414,0,1.0000000001115383,True,True,1.0,0.0,1.3103324996002624e-09,2.2447770412730912e-15,1.0237778131923924e-12,0.0,100
2449,Organ donation should be mandatory,"[['A', 'B', 'C', 'D', 'E'], ['A', 'B', 'C', 'D', 'E']]",B,0.1349005099458045,0,0.21099302541727347,False,False,0.0,0.7851120867210869,0.0,4.2749994682214016e-05,0.07994465333842625,0.0,100
2449,Organ donation should be mandatory,"[['A', 'B', 'C', 'D', 'E'], ['A', 'B', 'C', 'D', 'E']]",C,0.35550072337979016,0,0.4682975649910644,False,False,0.0,0.0,0.0,0.0,0.0,0.6444992766202098,100
2449,Organ donation should be mandatory,"[['A', 'B', 'C', 'D', 'E'], ['A', 'B', 'C', 'D', 'E']]",D,0.003355336319190101,0,0.007881763136405734,False,False,0.0,0.9966446632841808,0.0,6.551180288218982e-11,3.3111746400797844e-10,0.0,100
2449,Organ donation should be mandatory,"[['A', 'B', 'C', 'D', 'E'], ['A', 'B', 'C', 'D', 'E']]",E,0.9999848952496567,0,1.0000127497045224,True,True,1.0,0.0,1.510446168177981e-05,2.984372187821601e-11,2.588179562236496e-10,0.0,100
2458,We should abolish the needle exchange programs,"[['A', 'B', 'C', 'D', 'E'], ['A', 'B', 'C', 'D', 'E']]",A,2.331460232258006e-09,0,5.778886471392164e-09,False,False,0.0,0.0,1.7849478221889425e-10,1.2022001013625223e-11,0.9999999974780228,0.0,100
2458,We should abolish the needle exchange programs,"[['A', 'B', 'C', 'D', 'E'], ['A', 'B', 'C', 'D', 'E']]",B,0.19760760351043094,0,0.26527849730364633,False,False,0.0,0.5703101382604455,0.0,0.0037994949556641303,0.2282827632734594,0.0,100
2458,We should abolish the needle exchange programs,"[['A', 'B', 'C', 'D', 'E'], ['A', 'B', 'C', 'D', 'E']]",C,0.7711065519731831,0,0.8676000008599629,False,False,0.0,0.0,0.0,0.0,0.0,0.22889344802681713,100
2458,We should abolish the needle exchange programs,"[['A', 'B', 'C', 'D', 'E'], ['A', 'B', 'C', 'D', 'E']]",D,0.005053878891428565,0,0.015451307754979847,False,False,0.0,0.9949461167271291,0.0,2.0794981540639994e-11,4.360647507745217e-09,0.0,100
2458,We should abolish the needle exchange programs,"[['A', 'B', 'C', 'D', 'E'], ['A', 'B', 'C', 'D', 'E']]",E,0.9999288481574868,0,1.0000104939549104,True,True,1.0,0.0,7.11292581880888e-05,7.651010826283944e-12,2.257667401909837e-08,0.0,100
2465,We should further exploit small modular reactors,"[['A', 'B', 'C', 'D', 'E'], ['A', 'B', 'C', 'D', 'E']]",A,0.9999999999852537,0,0.999999999994298,False,True,1.0,0.0,1.4642694505377513e-11,0.0,1.0377324783418524e-13,0.0,100
2465,We should further exploit small modular reactors,"[['A', 'B', 'C', 'D', 'E'], ['A', 'B', 'C', 'D', 'E']]",B,3.174798144422224e-08,0,6.999649750766421e-08,False,False,0.0,0.999999968251888,0.0,1.0931250047043213e-14,1.1967348189704918e-13,0.0,100
2465,We should further exploit small modular reactors,"[['A', 'B', 'C', 'D', 'E'], ['A', 'B', 'C', 'D', 'E']]",C,0.9247928791814259,0,0.9739697408412633,False,True,0.0,0.0,0.0,0.0,0.0,0.07520712081857417,100
2465,We should further exploit small modular reactors,"[['A', 'B', 'C', 'D', 'E'], ['A', 'B', 'C', 'D', 'E']]",D,0.034646957399463704,0,0.06829048996010054,False,False,0.0,0.9653530415832523,0.0,4.95104777367736e-10,5.221791133145036e-10,0.0,100
2465,We should further exploit small modular reactors,"[['A', 'B', 'C', 'D', 'E'], ['A', 'B', 'C', 'D', 'E']]",E,0.9999956861182898,0,1.0000058671314636,True,True,1.0,0.0,7.900032124040152e-09,1.1617024046159598e-11,4.305970060949923e-06,0.0,100
2480,We should ban racial profiling,"[['A', 'B', 'C', 'D', 'E'], ['A', 'B', 'C', 'D', 'E']]",A,0.9999999999932822,0,0.9999999999960119,False,False,1.0,0.0,6.52794381837019e-12,0.0,1.8989100646939642e-13,0.0,100
2480,We should ban racial profiling,"[['A', 'B', 'C', 'D', 'E'], ['A', 'B', 'C', 'D', 'E']]",B,0.001824257541835972,0,0.006137901878985042,False,False,0.0,0.9981757424087943,0.0,4.580699831898914e-11,3.562954773341594e-12,0.0,100
2480,We should ban racial profiling,"[['A', 'B', 'C', 'D', 'E'], ['A', 'B', 'C', 'D', 'E']]",C,0.8070478827199767,0,0.8940573158712853,False,False,0.0,0.0,0.0,0.0,0.0,0.19295211728002337,100
2480,We should ban racial profiling,"[['A', 'B', 'C', 'D', 'E'], ['A', 'B', 'C', 'D', 'E']]",D,0.9610666431292034,0,0.9975011367045159,False,True,1.0,0.014593160003056853,0.0,0.014216987374301725,0.010123209493438083,0.0,100
2480,We should ban racial profiling,"[['A', 'B', 'C', 'D', 'E'], ['A', 'B', 'C', 'D', 'E']]",E,0.7203452251636615,0,0.8135555016550322,False,False,0.0,0.0,0.27965273682438224,8.884557833054736e-07,1.1495561730161249e-06,0.0,100
2486,We should abolish the US Electoral College,"[['A', 'B', 'C', 'D', 'E'], ['A', 'B', 'C', 'D', 'E']]",A,0.9999999999862996,0,0.9999999999912448,False,False,1.0,0.0,1.3423438495913015e-11,0.0,2.769377633038601e-13,0.0,100
2486,We should abolish the US Electoral College,"[['A', 'B', 'C', 'D', 'E'], ['A', 'B', 'C', 'D', 'E']]",B,0.13236349972126504,0,0.20259211614065675,False,False,0.0,0.8095091772601865,0.0,0.017395011149675912,0.04073231186887271,0.0,100
2486,We should abolish the US Electoral College,"[['A', 'B', 'C', 'D', 'E'], ['A', 'B', 'C', 'D', 'E']]",C,0.9651530732278408,0,1.005543088282506,True,True,1.0,0.0,0.0,0.0,0.0,0.03484692677215894,100
2486,We should abolish the US Electoral College,"[['A', 'B', 'C', 'D', 'E'], ['A', 'B', 'C', 'D', 'E']]",D,0.12530389054192625,0,0.19541723513634857,False,False,0.0,0.8746961080296112,0.0,6.392064836391563e-10,7.892562451357848e-10,0.0,100
2486,We should abolish the US Electoral College,"[['A', 'B', 'C', 'D', 'E'], ['A', 'B', 'C', 'D', 'E']]",E,0.9798973445602457,0,1.013165736732251,True,True,1.0,0.0,0.00010265511865476382,2.2578466476550374e-11,0.02000000029852103,0.0,100
2489,We should abolish no-knock warrants,"[['A', 'B', 'C', 'D', 'E'], ['A', 'B', 'C', 'D', 'E']]",A,0.9999999999740785,0,0.9999999999863257,False,False,1.0,0.0,2.5729472344133285e-11,0.0,1.921605561343853e-13,0.0,100
2489,We should abolish no-knock warrants,"[['A', 'B', 'C', 'D', 'E'], ['A', 'B', 'C', 'D', 'E']]",B,0.29008138323957533,0,0.3887186361285637,False,False,0.0,0.5113438142188472,0.0,0.027177863768581115,0.17139693877299636,0.0,100
2489,We should abolish no-knock warrants,"[['A', 'B', 'C', 'D', 'E'], ['A', 'B', 'C', 'D', 'E']]",C,0.8562482714351131,0,0.9308609754641435,False,False,0.0,0.0,0.0,0.0,0.0,0.14375172856488697,100
2489,We should abolish no-knock warrants,"[['A', 'B', 'C', 'D', 'E'], ['A', 'B', 'C', 'D', 'E']]",D,0.605628106211374,0,0.7142992815792266,False,False,0.0,0.2020185339321271,0.0,0.001940209699109778,0.19041315015738905,0.0,100
2489,We should abolish no-knock warrants,"[['A', 'B', 'C', 'D', 'E'], ['A', 'B', 'C', 'D', 'E']]",E,1.1358689651623342e-12,0,1.959664643085359e-12,False,False,0.0,0.0,0.0,5.073282463341877e-14,0.9999999999988135,0.0,100
2496,We should adopt a zero tolerance policy in schools,"[['A', 'B', 'C', 'D', 'E'], ['A', 'B', 'C', 'D', 'E']]",A,0.9999999998990208,0,0.9999999999299348,False,False,1.0,0.0,1.001556145646154e-10,0.0,8.236332842077455e-13,0.0,100
2496,We should adopt a zero tolerance policy in schools,"[['A', 'B', 'C', 'D', 'E'], ['A', 'B', 'C', 'D', 'E']]",B,0.2445664301841803,0,0.33291957058975685,False,False,0.0,0.7133956157038558,0.0,0.0013908454900406707,0.040647108621923084,0.0,100
2496,We should adopt a zero tolerance policy in schools,"[['A', 'B', 'C', 'D', 'E'], ['A', 'B', 'C', 'D', 'E']]",C,0.43167593988191383,0,0.5442658661084342,False,False,0.0,0.0,0.0,0.0,0.0,0.5683240601180862,100
2496,We should adopt a zero tolerance policy in schools,"[['A', 'B', 'C', 'D', 'E'], ['A', 'B', 'C', 'D', 'E']]",D,0.0024149122529051542,0,0.005960851913277252,False,False,0.0,0.9975850876656318,0.0,1.1664794092157492e-11,6.979833509847868e-11,0.0,100
2496,We should adopt a zero tolerance policy in schools,"[['A', 'B', 'C', 'D', 'E'], ['A', 'B', 'C', 'D', 'E']]",E,0.9998165584436076,0,1.000077630729931,True,True,1.0,0.0,0.00018344150970476102,5.259995403487863e-12,4.1427529130303734e-11,0.0,100
2539,We should ban genetically modified crops,"[['A', 'B', 'C', 'D', 'E'], ['A', 'B', 'C', 'D', 'E']]",A,0.999999999897224,0,0.9999999999287932,False,False,1.0,0.0,9.691892342090979e-11,1.6974792854717937e-14,5.840244077616513e-12,0.0,100
2539,We should ban genetically modified crops,"[['A', 'B', 'C', 'D', 'E'], ['A', 'B', 'C', 'D', 'E']]",B,0.027361112168401192,0,0.058148464268724546,False,False,0.0,0.019346279394743274,0.0,0.09003689351900218,0.8632557149178532,0.0,100
2539,We should ban genetically modified crops,"[['A', 'B', 'C', 'D', 'E'], ['A', 'B', 'C', 'D', 'E']]",C,0.6639916250383553,0,0.7692866386481978,False,False,0.0,0.0,0.0,0.0,0.0,0.33600837496164465,100
2539,We should ban genetically modified crops,"[['A', 'B', 'C', 'D', 'E'], ['A', 'B', 'C', 'D', 'E']]",D,0.13109245502760555,0,0.1880405926063667,False,False,0.0,0.8689075436001068,0.0,2.2231609630809615e-10,1.1499717823344199e-09,0.0,100
2539,We should ban genetically modified crops,"[['A', 'B', 'C', 'D', 'E'], ['A', 'B', 'C', 'D', 'E']]",E,0.9935053668281477,0,1.0003551189503994,True,True,1.0,0.0,0.006494632003094612,6.439739315521268e-11,1.1043603206052856e-09,0.0,100
2572,We should ban algorithmic trading,"[['A', 'B', 'C', 'D', 'E'], ['A', 'B', 'C', 'D', 'E']]",A,0.9999999992032531,0,0.9999999999678398,False,True,1.0,0.0,7.917886571597287e-10,3.97249253806995e-14,4.91847341139446e-12,0.0,100
2572,We should ban algorithmic trading,"[['A', 'B', 'C', 'D', 'E'], ['A', 'B', 'C', 'D', 'E']]",B,0.020836865427253243,0,0.04803980334552962,False,False,0.0,1.5259961279316016e-05,0.0,0.04798531368316747,0.9311625609283,0.0,100
2572,We should ban algorithmic trading,"[['A', 'B', 'C', 'D', 'E'], ['A', 'B', 'C', 'D', 'E']]",C,0.6219750947421234,0,0.731690590916467,False,False,0.0,0.0,0.0,0.0,0.0,0.3780249052578767,100
2572,We should ban algorithmic trading,"[['A', 'B', 'C', 'D', 'E'], ['A', 'B', 'C', 'D', 'E']]",D,0.5955829110861607,0,0.6920114655210582,False,False,0.0,0.40441706719702053,0.0,4.2263088122651265e-09,1.7490510003099664e-08,0.0,100
2572,We should ban algorithmic trading,"[['A', 'B', 'C', 'D', 'E'], ['A', 'B', 'C', 'D', 'E']]",E,0.8978457592157849,0,0.950862032894251,False,False,0.0,0.0,0.10215421262566338,1.5491621062132293e-09,2.66093895146407e-08,0.0,100
2604,The right to Internet access should be protected,"[['A', 'B', 'C', 'D', 'E'], ['A', 'B', 'C', 'D', 'E']]",A,0.9999999999931091,0,0.9999999999952629,False,False,1.0,0.0,6.6747023376607206e-12,0.0,2.1640513647312192e-13,0.0,100
2604,The right to Internet access should be protected,"[['A', 'B', 'C', 'D', 'E'], ['A', 'B', 'C', 'D', 'E']]",B,0.009790640955548385,0,0.03231559154151116,False,False,0.0,0.9902093570302647,0.0,2.003499246234001e-09,1.0687726240147534e-11,0.0,100
2604,The right to Internet access should be protected,"[['A', 'B', 'C', 'D', 'E'], ['A', 'B', 'C', 'D', 'E']]",C,0.8242845670606899,0,0.9126624438060054,False,False,0.0,0.0,0.0,0.0,0.0,0.17571543293931013,100
2604,The right to Internet access should be protected,"[['A', 'B', 'C', 'D', 'E'], ['A', 'B', 'C', 'D', 'E']]",D,0.33161271619502986,0,0.41617880387291206,False,False,0.0,0.6683872818530618,0.0,1.0422383162643023e-09,9.09670104340006e-10,0.0,100
2604,The right to Internet access should be protected,"[['A', 'B', 'C', 'D', 'E'], ['A', 'B', 'C', 'D', 'E']]",E,0.940534035300058,0,0.9777028255268496,False,True,0.0,0.0,0.05946596415939491,1.6378159735232467e-10,3.7676554919544253e-10,0.0,100
2615,We should ban homeopathy,"[['A', 'B', 'C', 'D', 'E'], ['A', 'B', 'C', 'D', 'E']]",A,0.9999999999722529,0,0.9999999999811313,False,False,1.0,0.0,2.708751738132788e-11,0.0,6.597065170427962e-13,0.0,100
2615,We should ban homeopathy,"[['A', 'B', 'C', 'D', 'E'], ['A', 'B', 'C', 'D', 'E']]",B,0.24274852798191163,0,0.33719579717083314,False,False,0.0,0.6102481471528624,0.0,0.016111443273631974,0.13089188159159412,0.0,100
2615,We should ban homeopathy,"[['A', 'B', 'C', 'D', 'E'], ['A', 'B', 'C', 'D', 'E']]",C,0.712814148029141,0,0.8118669556139351,False,False,0.0,0.0,0.0,0.0,0.0,0.28718585197085905,100
2615,We should ban homeopathy,"[['A', 'B', 'C', 'D', 'E'], ['A', 'B', 'C', 'D', 'E']]",D,0.9723206329296432,0,1.0058819346940764,True,True,1.0,0.00487056115998635,0.0,0.0020690489927906505,0.020739756917579778,0.0,100
2615,We should ban homeopathy,"[['A', 'B', 'C', 'D', 'E'], ['A', 'B', 'C', 'D', 'E']]",E,0.2547309772862605,0,0.34054763274557187,False,False,0.0,0.0,0.4152687840280362,4.055024423213412e-08,0.3300001981354591,0.0,100
2616,We should ban alternative medicine,"[['A', 'B', 'C', 'D', 'E'], ['A', 'B', 'C', 'D', 'E']]",A,0.9999999996078596,0,0.9999999997411136,False,False,1.0,0.0,3.8862320299270206e-10,1.0060392774273875e-14,3.507051734481375e-12,0.0,100
2616,We should ban alternative medicine,"[['A', 'B', 'C', 'D', 'E'], ['A', 'B', 'C', 'D', 'E']]",B,3.0880534315278835e-06,0,7.933257202914367e-06,False,False,0.0,1.708182765900218e-09,0.0,0.0005099622806541595,0.9994869479577315,0.0,100
2616,We should ban alternative medicine,"[['A', 'B', 'C', 'D', 'E'], ['A', 'B', 'C', 'D', 'E']]",C,0.11841196239371338,0,0.19221625057394856,False,False,0.0,0.0,0.0,0.0,0.0,0.8815880376062867,100
2616,We should ban alternative medicine,"[['A', 'B', 'C', 'D', 'E'], ['A', 'B', 'C', 'D', 'E']]",D,0.6944695166938228,0,0.7803488017171352,False,False,0.0,0.3055304764272345,0.0,2.217595661521978e-09,4.661346925275832e-09,0.0,100
2616,We should ban alternative medicine,"[['A', 'B', 'C', 'D', 'E'], ['A', 'B', 'C', 'D', 'E']]",E,0.769783238248678,0,0.847042620265156,False,False,0.0,0.0,0.23021675835137412,9.953390808219314e-10,2.4046086776940657e-09,0.0,100
2647,We should abolish term limits,"[['A', 'B', 'C', 'D', 'E'], ['A', 'B', 'C', 'D', 'E']]",A,0.9999999993739486,0,0.9999999995896705,False,False,1.0,0.0,6.226771597213027e-10,1.85874720584509e-13,3.1882502725701053e-12,0.0,100
2647,We should abolish term limits,"[['A', 'B', 'C', 'D', 'E'], ['A', 'B', 'C', 'D', 'E']]",B,7.696854704264467e-06,0,2.4491611919264005e-05,False,False,0.0,0.9999923031353509,0.0,5.671691318163801e-12,4.2732758366771505e-12,0.0,100
2647,We should abolish term limits,"[['A', 'B', 'C', 'D', 'E'], ['A', 'B', 'C', 'D', 'E']]",C,0.9841129128288322,0,1.009049547560105,True,True,1.0,0.0,0.0,0.0,0.0,0.015887087171167852,100
2647,We should abolish term limits,"[['A', 'B', 'C', 'D', 'E'], ['A', 'B', 'C', 'D', 'E']]",D,0.019956349989449684,0,0.052361023218855024,False,False,0.0,0.9800436367733145,0.0,1.1063064464444072e-08,2.174171307744922e-09,0.0,100
2647,We should abolish term limits,"[['A', 'B', 'C', 'D', 'E'], ['A', 'B', 'C', 'D', 'E']]",E,0.9999998237426645,0,0.9999998794143129,False,False,1.0,0.0,1.7539224617548512e-07,7.534722281289964e-11,7.89742090985506e-10,0.0,100
2654,We should protect whistleblowers,"[['A', 'B', 'C', 'D', 'E'], ['A', 'B', 'C', 'D', 'E']]",A,0.9999999999971123,0,0.999999999998251,False,False,1.0,0.0,2.776085699854144e-12,0.0,1.116418316788018e-13,0.0,100
2654,We should protect whistleblowers,"[['A', 'B', 'C', 'D', 'E'], ['A', 'B', 'C', 'D', 'E']]",B,0.0018302129349124755,0,0.006143734861412802,False,False,0.0,0.998169787017265,0.0,4.615550740324172e-11,1.6667358203508974e-12,0.0,100
2654,We should protect whistleblowers,"[['A', 'B', 'C', 'D', 'E'], ['A', 'B', 'C', 'D', 'E']]",C,0.5766325223825032,0,0.6864873576949208,False,False,0.0,0.0,0.0,0.0,0.0,0.42336747761749693,100
2654,We should protect whistleblowers,"[['A', 'B', 'C', 'D', 'E'], ['A', 'B', 'C', 'D', 'E']]",D,0.8526261543166967,0,0.9189843177194037,False,False,0.0,0.14651785081612886,0.0,0.0008399130129232864,1.6081854251140824e-05,0.0,100
2654,We should protect whistleblowers,"[['A', 'B', 'C', 'D', 'E'], ['A', 'B', 'C', 'D', 'E']]",E,0.6195592351257043,0,0.7098103359656731,False,False,0.0,0.0,0.3804407262534399,3.685933897254833e-08,1.761516848396458e-09,0.0,100
2679,We should disband UNESCO,"[['A', 'B', 'C', 'D', 'E'], ['A', 'B', 'C', 'D', 'E']]",A,3.066223717033008e-07,0,9.606004259459333e-07,False,False,0.0,0.0,6.700939188284478e-10,4.34600721738533e-11,0.9999996926640742,0.0,100
2679,We should disband UNESCO,"[['A', 'B', 'C', 'D', 'E'], ['A', 'B', 'C', 'D', 'E']]",B,0.0022448351557932573,0,0.007508190693782839,False,False,0.0,3.3323800309014902e-06,0.0,1.4674184947950933e-07,0.9977516857223263,0.0,100
2679,We should disband UNESCO,"[['A', 'B', 'C', 'D', 'E'], ['A', 'B', 'C', 'D', 'E']]",C,0.3548906625389804,0,0.4641120430559658,False,False,0.0,0.0,0.0,0.0,0.0,0.6451093374610195,100
2679,We should disband UNESCO,"[['A', 'B', 'C', 'D', 'E'], ['A', 'B', 'C', 'D', 'E']]",D,0.06655814244108801,0,0.11322795447724138,False,False,0.0,0.9334418476685268,0.0,2.1322329520269612e-10,9.677161628914412e-09,0.0,100
2679,We should disband UNESCO,"[['A', 'B', 'C', 'D', 'E'], ['A', 'B', 'C', 'D', 'E']]",E,0.98791116891902,0,1.0057146677176916,True,True,1.0,0.0,0.008872651741041378,1.1049533649065437e-09,0.003216178234985307,0.0,100
2694,We should abolish intelligence tests,"[['A', 'B', 'C', 'D', 'E'], ['A', 'B', 'C', 'D', 'E']]",A,0.999999999791884,0,0.9999999999230822,False,True,1.0,0.0,2.0725429971210928e-10,0.0,8.616347818816648e-13,0.0,100
2694,We should abolish intelligence tests,"[['A', 'B', 'C', 'D', 'E'], ['A', 'B', 'C', 'D', 'E']]",B,0.08294289205315353,0,0.12917920759557722,False,False,0.0,0.30119362795730736,0.0,0.0014591517285893934,0.6144043282609498,0.0,100
2694,We should abolish intelligence tests,"[['A', 'B', 'C', 'D', 'E'], ['A', 'B', 'C', 'D', 'E']]",C,0.5572711683678534,0,0.6657133600135517,False,False,0.0,0.0,0.0,0.0,0.0,0.4427288316321466,100
2694,We should abolish intelligence tests,"[['A', 'B', 'C', 'D', 'E'], ['A', 'B', 'C', 'D', 'E']]",D,0.37033242196537,0,0.4740291673246024,False,False,0.0,0.6196666357702353,0.0,3.380647158087804e-07,0.010000604199679033,0.0,100
2694,We should abolish intelligence tests,"[['A', 'B', 'C', 'D', 'E'], ['A', 'B', 'C', 'D', 'E']]",E,0.9854689483840283,0,1.0083805640949461,True,True,1.0,0.0,0.014531046766419422,3.978143368681781e-10,4.45173799088862e-09,0.0,100
2747,We should ban telemarketing,"[['A', 'B', 'C', 'D', 'E'], ['A', 'B', 'C', 'D', 'E']]",A,0.9999999999515246,0,0.9999999999675739,False,False,1.0,0.0,4.7899942257287456e-11,0.0,5.75469738730041e-13,0.0,100
2747,We should ban telemarketing,"[['A', 'B', 'C', 'D', 'E'], ['A', 'B', 'C', 'D', 'E']]",B,0.2256628593847529,0,0.3104423996379948,False,False,0.0,0.10699772846705256,0.0,0.25236281705422664,0.41497659509396795,0.0,100
2747,We should ban telemarketing,"[['A', 'B', 'C', 'D', 'E'], ['A', 'B', 'C', 'D', 'E']]",C,0.3169609943350096,0,0.4129477017378873,False,False,0.0,0.0,0.0,0.0,0.0,0.6830390056649904,100
2747,We should ban telemarketing,"[['A', 'B', 'C', 'D', 'E'], ['A', 'B', 'C', 'D', 'E']]",D,0.9927053956124675,0,1.0022886948801022,True,True,1.0,0.00721552849680704,0.0,1.5162401940723274e-06,7.75596505312543e-05,0.0,100
2747,We should ban telemarketing,"[['A', 'B', 'C', 'D', 'E'], ['A', 'B', 'C', 'D', 'E']]",E,0.14323319358819378,0,0.20807464472168757,False,False,0.0,0.0,0.8567667842830216,1.1668856268400044e-08,1.0459928534562553e-08,0.0,100
2767,We should subsidize investigative journalism,"[['A', 'B', 'C', 'D', 'E'], ['A', 'B', 'C', 'D', 'E']]",A,0.9999999999911209,0,0.9999999999939951,False,False,1.0,0.0,8.744961680061104e-12,0.0,1.341061635681419e-13,0.0,100
2767,We should subsidize investigative journalism,"[['A', 'B', 'C', 'D', 'E'], ['A', 'B', 'C', 'D', 'E']]",B,7.1162080809218435e-09,0,1.9388800504115535e-08,False,False,0.0,0.9999999928836294,0.0,5.809797514652819e-15,1.5674319778336422e-13,0.0,100
2767,We should subsidize investigative journalism,"[['A', 'B', 'C', 'D', 'E'], ['A', 'B', 'C', 'D', 'E']]",C,0.7949520488845088,0,0.885170357652877,False,False,0.0,0.0,0.0,0.0,0.0,0.20504795111549143,100
2767,We should subsidize investigative journalism,"[['A', 'B', 'C', 'D', 'E'], ['A', 'B', 'C', 'D', 'E']]",D,0.02523899966938541,0,0.0532375390122458,False,False,0.0,0.974760999828783,0.0,1.6001647494785378e-10,3.4181522680101367e-10,0.0,100
2767,We should subsidize investigative journalism,"[['A', 'B', 'C', 'D', 'E'], ['A', 'B', 'C', 'D', 'E']]",E,0.999995453871971,0,1.0000018967398565,True,True,1.0,0.0,4.546012123826847e-06,1.508860077360075e-11,1.0081657763518482e-10,0.0,100
3052,We should raise the corporate tax,"[['A', 'B', 'C', 'D', 'E'], ['A', 'B', 'C', 'D', 'E']]",A,0.9999999999780159,0,0.9999999999828555,False,False,1.0,0.0,2.156096108147437e-11,0.0,4.2299026309500544e-13,0.0,100
3052,We should raise the corporate tax,"[['A', 'B', 'C', 'D', 'E'], ['A', 'B', 'C', 'D', 'E']]",B,1.8904684153787835e-07,0,4.279722678473712e-07,False,False,0.0,0.9999998109528676,0.0,8.995572271944153e-14,2.0108197903612866e-13,0.0,100
3052,We should raise the corporate tax,"[['A', 'B', 'C', 'D', 'E'], ['A', 'B', 'C', 'D', 'E']]",C,0.9987375759894012,0,1.0010895499900032,True,True,1.0,0.0,0.0,0.0,0.0,0.001262424010598994,100
3052,We should raise the corporate tax,"[['A', 'B', 'C', 'D', 'E'], ['A', 'B', 'C', 'D', 'E']]",D,0.0008156825631732907,0,0.0022707515410445205,False,False,0.0,0.9991843173660975,0.0,9.712514691010937e-12,6.10164963675618e-11,0.0,100
3052,We should raise the corporate tax,"[['A', 'B', 'C', 'D', 'E'], ['A', 'B', 'C', 'D', 'E']]",E,0.9999997987314293,0,0.9999998864768144,False,False,1.0,0.0,2.0120633561638228e-07,1.1009441635626592e-11,5.1225639377985645e-11,0.0,100
3166,We should abolish the American Jobs Act,"[['A', 'B', 'C', 'D', 'E'], ['A', 'B', 'C', 'D', 'E']]",A,0.9999999974023344,0,0.9999999991666287,False,True,1.0,0.0,2.386731477757906e-09,1.199430280562032e-12,2.0973480448600794e-10,0.0,100
3166,We should abolish the American Jobs Act,"[['A', 'B', 'C', 'D', 'E'], ['A', 'B', 'C', 'D', 'E']]",B,0.19320761884293866,0,0.27914625205945487,False,False,0.0,0.0919942617301131,0.0,0.033001818198977684,0.6817963012279705,0.0,100
3166,We should abolish the American Jobs Act,"[['A', 'B', 'C', 'D', 'E'], ['A', 'B', 'C', 'D', 'E']]",C,0.9099907949412777,0,0.9752898671726414,False,True,0.0,0.0,0.0,0.0,0.0,0.0900092050587225,100
3166,We should abolish the American Jobs Act,"[['A', 'B', 'C', 'D', 'E'], ['A', 'B', 'C', 'D', 'E']]",D,0.03688330266807774,0,0.07844442186053696,False,False,0.0,0.87297930207614,0.0,1.87194726490816e-06,0.09013552330851717,0.0,100
3166,We should abolish the American Jobs Act,"[['A', 'B', 'C', 'D', 'E'], ['A', 'B', 'C', 'D', 'E']]",E,0.9999906163336854,0,1.0000049982710337,True,True,1.0,0.0,9.382526633850125e-06,1.528857657968377e-11,1.1243922408360111e-09,0.0,100
3170,We should end mandatory retirement,"[['A', 'B', 'C', 'D', 'E'], ['A', 'B', 'C', 'D', 'E']]",A,0.99999999998023,0,0.9999999999857578,False,False,1.0,0.0,1.9273537818238504e-11,0.0,4.964398858624855e-13,0.0,100
3170,We should end mandatory retirement,"[['A', 'B', 'C', 'D', 'E'], ['A', 'B', 'C', 'D', 'E']]",B,0.00010986954041583363,0,0.0003696674168419179,False,False,0.0,0.99989013030517,0.0,1.5062655385742616e-10,3.787746334350076e-12,0.0,100
3170,We should end mandatory retirement,"[['A', 'B', 'C', 'D', 'E'], ['A', 'B', 'C', 'D', 'E']]",C,0.7000423177211623,0,0.8012239375904979,False,False,0.0,0.0,0.0,0.0,0.0,0.29995768227883784,100
3170,We should end mandatory retirement,"[['A', 'B', 'C', 'D', 'E'], ['A', 'B', 'C', 'D', 'E']]",D,0.4540014185362348,0,0.5657779721033667,False,False,0.0,0.06445750636598457,0.0,0.06355637908684576,0.41798469601093485,0.0,100
3170,We should end mandatory retirement,"[['A', 'B', 'C', 'D', 'E'], ['A', 'B', 'C', 'D', 'E']]",E,0.18363690195358764,0,0.27487883526607443,False,False,0.0,0.0,0.01636301952721043,6.923882325400965e-07,0.7999993861309695,0.0,100
3194,We should abandon television,"[['A', 'B', 'C', 'D', 'E'], ['A', 'B', 'C', 'D', 'E']]",A,0.5199999959642542,0,0.6387308109007046,False,False,0.0,0.0,7.05452982534409e-09,3.2767403865441147e-10,0.4799999966535421,0.0,100
3194,We should abandon television,"[['A', 'B', 'C', 'D', 'E'], ['A', 'B', 'C', 'D', 'E']]",B,9.111320646638704e-06,0,3.065400358023578e-05,False,False,0.0,3.0872134066982534e-10,0.0,3.337241288074147e-08,0.999990854998219,0.0,100
3194,We should abandon television,"[['A', 'B', 'C', 'D', 'E'], ['A', 'B', 'C', 'D', 'E']]",C,0.11530808323421564,0,0.19015251648077225,False,False,0.0,0.0,0.0,0.0,0.0,0.8846919167657843,100
3194,We should abandon television,"[['A', 'B', 'C', 'D', 'E'], ['A', 'B', 'C', 'D', 'E']]",D,0.9995869464056141,0,1.0000778901351495,True,True,1.0,0.0004130515514830478,0.0,1.0846657322932626e-09,9.582373456565093e-10,0.0,100
3194,We should abandon television,"[['A', 'B', 'C', 'D', 'E'], ['A', 'B', 'C', 'D', 'E']]",E,0.05248301221704998,0,0.09919214893538861,False,False,0.0,0.0,0.9475051169338239,7.735991998942201e-09,1.1863113133941415e-05,0.0,100
3195,Casinos should be banned,"[['A', 'B', 'C', 'D', 'E'], ['A', 'B', 'C', 'D', 'E']]",A,0.9999999999901986,0,0.9999999999947057,False,False,1.0,0.0,8.89788328870733e-12,0.0,9.035427722116903e-13,0.0,100
3195,Casinos should be banned,"[['A', 'B', 'C', 'D', 'E'], ['A', 'B', 'C', 'D', 'E']]",B,0.009891994205998006,0,0.03287701346866055,False,False,0.0,2.986715471032173e-07,0.0,0.04512308896594451,0.9449846181565106,0.0,100
3195,Casinos should be banned,"[['A', 'B', 'C', 'D', 'E'], ['A', 'B', 'C', 'D', 'E']]",C,0.739068406217497,0,0.8360058407123375,False,False,0.0,0.0,0.0,0.0,0.0,0.2609315937825029,100
3195,Casinos should be banned,"[['A', 'B', 'C', 'D', 'E'], ['A', 'B', 'C', 'D', 'E']]",D,0.8730753808139156,0,0.9331535483656436,False,False,0.0,0.1269246158866404,0.0,9.800788509992328e-10,2.3193652246303662e-09,0.0,100
3195,Casinos should be banned,"[['A', 'B', 'C', 'D', 'E'], ['A', 'B', 'C', 'D', 'E']]",E,0.7009619135607459,0,0.7883047135913465,False,False,0.0,0.0,0.29903807980547875,1.1228641227101784e-09,5.510911221016142e-09,0.0,100
3196,We should increase immigration to the United States,"[['A', 'B', 'C', 'D', 'E'], ['A', 'B', 'C', 'D', 'E']]",A,0.9999999999930629,0,0.9999999999948533,False,False,1.0,0.0,6.5964898681197805e-12,0.0,3.4065704899778657e-13,0.0,100
3196,We should increase immigration to the United States,"[['A', 'B', 'C', 'D', 'E'], ['A', 'B', 'C', 'D', 'E']]",B,1.7419649942348872e-06,0,3.6377508073043534e-06,False,False,0.0,0.9999982580346999,0.0,2.666659421585557e-14,2.790871998678062e-13,0.0,100
3196,We should increase immigration to the United States,"[['A', 'B', 'C', 'D', 'E'], ['A', 'B', 'C', 'D', 'E']]",C,0.9287796575116408,0,0.9844061533896472,False,True,0.0,0.0,0.0,0.0,0.0,0.07122034248835923,100
3196,We should increase immigration to the United States,"[['A', 'B', 'C', 'D', 'E'], ['A', 'B', 'C', 'D', 'E']]",D,0.11316081289617545,0,0.18377297272227197,False,False,0.0,0.886839186579582,0.0,3.356377910458524e-10,1.8860483233815226e-10,0.0,100
3196,We should increase immigration to the United States,"[['A', 'B', 'C', 'D', 'E'], ['A', 'B', 'C', 'D', 'E']]",E,0.9999288881558955,0,1.0000870681899188,True,True,1.0,0.0,7.111179680403687e-05,4.070617265007276e-12,4.3230014118233834e-11,0.0,100
3201,We should subsidize embryonic stem cell research,"[['A', 'B', 'C', 'D', 'E'], ['A', 'B', 'C', 'D', 'E']]",A,0.9999999999845897,0,0.9999999999893038,False,False,1.0,0.0,1.5323321321681622e-11,0.0,8.713813826386205e-14,0.0,100
3201,We should subsidize embryonic stem cell research,"[['A', 'B', 'C', 'D', 'E'], ['A', 'B', 'C', 'D', 'E']]",B,1.9965439255353716e-07,0,4.122949669411878e-07,False,False,0.0,0.9999998003454499,0.0,2.472633673250281e-14,1.327369466597033e-13,0.0,100
3201,We should subsidize embryonic stem cell research,"[['A', 'B', 'C', 'D', 'E'], ['A', 'B', 'C', 'D', 'E']]",C,0.8826750760646574,0,0.9550258892135809,False,True,0.0,0.0,0.0,0.0,0.0,0.11732492393534272,100
3201,We should subsidize embryonic stem cell research,"[['A', 'B', 'C', 'D', 'E'], ['A', 'B', 'C', 'D', 'E']]",D,9.969451414220338e-05,0,0.000190350976499102,False,False,0.0,0.9999003053951308,0.0,1.0298344763817781e-11,8.042889829155308e-11,0.0,100
3201,We should subsidize embryonic stem cell research,"[['A', 'B', 'C', 'D', 'E'], ['A', 'B', 'C', 'D', 'E']]",E,0.9999981262524423,0,0.9999994988784933,False,True,1.0,0.0,1.8736628573556526e-06,8.417983801676656e-12,7.628253772788102e-11,0.0,100
3222,We should abolish bitcoins,"[['A', 'B', 'C', 'D', 'E'], ['A', 'B', 'C', 'D', 'E']]",A,0.9999999997727054,0,0.9999999998171913,False,False,1.0,0.0,2.2047719500154214e-10,0.0,6.817621535238934e-12,0.0,100
3222,We should abolish bitcoins,"[['A', 'B', 'C', 'D', 'E'], ['A', 'B', 'C', 'D', 'E']]",B,0.027630383329609574,0,0.06215001765902997,False,False,0.0,0.05831727879893129,0.0,0.05009490665586456,0.8639574312155947,0.0,100
3222,We should abolish bitcoins,"[['A', 'B', 'C', 'D', 'E'], ['A', 'B', 'C', 'D', 'E']]",C,0.768512364840083,0,0.8633272295778761,False,False,0.0,0.0,0.0,0.0,0.0,0.23148763515991733,100
3222,We should abolish bitcoins,"[['A', 'B', 'C', 'D', 'E'], ['A', 'B', 'C', 'D', 'E']]",D,0.8546673538975692,0,0.928287323791217,False,False,0.0,0.14533257669171326,0.0,5.217369802565069e-08,1.7237019459570964e-08,0.0,100
3222,We should abolish bitcoins,"[['A', 'B', 'C', 'D', 'E'], ['A', 'B', 'C', 'D', 'E']]",E,0.3007556065843099,0,0.4079390321165301,False,False,0.0,0.0,0.009244391145164324,1.2503176006041964e-10,0.6900000021454938,0.0,100
3223,We should fight global warming,"[['A', 'B', 'C', 'D', 'E'], ['A', 'B', 'C', 'D', 'E']]",A,0.999999999997948,0,0.9999999999984888,False,False,1.0,0.0,1.9248575829079244e-12,0.0,1.2736235264244088e-13,0.0,100
3223,We should fight global warming,"[['A', 'B', 'C', 'D', 'E'], ['A', 'B', 'C', 'D', 'E']]",B,0.010889672869917147,0,0.03446267397166654,False,False,0.0,0.989110326130981,0.0,9.90266016436484e-10,8.836040684943538e-12,0.0,100
3223,We should fight global warming,"[['A', 'B', 'C', 'D', 'E'], ['A', 'B', 'C', 'D', 'E']]",C,0.9604570144037397,0,0.9930560693739762,False,True,1.0,0.0,0.0,0.0,0.0,0.03954298559626061,100
3223,We should fight global warming,"[['A', 'B', 'C', 'D', 'E'], ['A', 'B', 'C', 'D', 'E']]",D,0.9681281344489477,0,0.9974843979361616,False,True,1.0,0.010000572928777216,0.0,0.021429063863024657,0.00044222875925038513,0.0,100
3223,We should fight global warming,"[['A', 'B', 'C', 'D', 'E'], ['A', 'B', 'C', 'D', 'E']]",E,0.7230575498382056,0,0.8075037300208734,False,False,0.0,0.0,0.27694244813380325,1.5403661521270337e-09,4.876250043218471e-10,0.0,100
3234,The use of AI should be abandoned,"[['A', 'B', 'C', 'D', 'E'], ['A', 'B', 'C', 'D', 'E']]",A,0.016658172257743985,0,0.042993052142369655,False,False,0.0,0.0,8.201784275509758e-09,2.0128374719620714e-10,0.9833418193391879,0.0,100
3234,The use of AI should be abandoned,"[['A', 'B', 'C', 'D', 'E'], ['A', 'B', 'C', 'D', 'E']]",B,3.763549195287614e-09,0,6.59794819717813e-09,False,False,0.0,4.525697203016935e-10,0.0,1.264773528540406e-09,0.9999999945191075,0.0,100
3234,The use of AI should be abandoned,"[['A', 'B', 'C', 'D', 'E'], ['A', 'B', 'C', 'D', 'E']]",C,0.10482133939660514,0,0.17316921964162946,False,False,0.0,0.0,0.0,0.0,0.0,0.8951786606033947,100
3234,The use of AI should be abandoned,"[['A', 'B', 'C', 'D', 'E'], ['A', 'B', 'C', 'D', 'E']]",D,0.41946051124743183,0,0.5209861582617058,False,False,0.0,0.5805394819278056,0.0,4.454791400831382e-10,6.3792834191798374e-09,0.0,100
3234,The use of AI should be abandoned,"[['A', 'B', 'C', 'D', 'E'], ['A', 'B', 'C', 'D', 'E']]",E,0.9872429414124524,0,1.0100288422610406,True,True,1.0,0.0,0.0010428407500847037,6.440705262352679e-11,0.011714217773055688,0.0,100
3263,We should end the use of economic sanctions,"[['A', 'B', 'C', 'D', 'E'], ['A', 'B', 'C', 'D', 'E']]",A,0.9999999995019359,0,0.9999999997078621,False,False,1.0,0.0,4.940460319493791e-10,3.89136796445814e-13,3.6290443937615248e-12,0.0,100
3263,We should end the use of economic sanctions,"[['A', 'B', 'C', 'D', 'E'], ['A', 'B', 'C', 'D', 'E']]",B,0.41120350460639365,0,0.5139373157918634,False,False,0.0,0.2551104461378259,0.0,0.07738833878585251,0.256297710469928,0.0,100
3263,We should end the use of economic sanctions,"[['A', 'B', 'C', 'D', 'E'], ['A', 'B', 'C', 'D', 'E']]",C,0.8827240302772499,0,0.9562853492549244,False,True,0.0,0.0,0.0,0.0,0.0,0.11727596972275021,100
3263,We should end the use of economic sanctions,"[['A', 'B', 'C', 'D', 'E'], ['A', 'B', 'C', 'D', 'E']]",D,0.2805935289407809,0,0.3763738259045802,False,False,0.0,0.6993927309773014,0.0,2.0330945810108266e-06,0.02001170698733667,0.0,100
3263,We should end the use of economic sanctions,"[['A', 'B', 'C', 'D', 'E'], ['A', 'B', 'C', 'D', 'E']]",E,0.989922291319409,0,1.0135666519841895,True,True,1.0,0.0,7.770678673913311e-05,4.477885545794057e-11,0.010000001849072803,0.0,100
3279,Blockade of the Gaza Strip should be ended,"[['A', 'B', 'C', 'D', 'E'], ['A', 'B', 'C', 'D', 'E']]",A,0.999999999984984,0,0.9999999999885051,False,False,1.0,0.0,1.481070110141079e-11,0.0,2.0530854723991237e-13,0.0,100
3279,Blockade of the Gaza Strip should be ended,"[['A', 'B', 'C', 'D', 'E'], ['A', 'B', 'C', 'D', 'E']]",B,0.002800561663147393,0,0.009162616354743525,False,False,0.0,0.9971994382088407,0.0,1.2510621441178904e-10,2.9058786264212637e-12,0.0,100
3279,Blockade of the Gaza Strip should be ended,"[['A', 'B', 'C', 'D', 'E'], ['A', 'B', 'C', 'D', 'E']]",C,0.9999350706295189,0,1.0000612899443095,True,True,1.0,0.0,0.0,0.0,0.0,6.492937048114301e-05,100
3279,Blockade of the Gaza Strip should be ended,"[['A', 'B', 'C', 'D', 'E'], ['A', 'B', 'C', 'D', 'E']]",D,0.21690938355464887,0,0.30109013923751426,False,False,0.0,0.7830906146719446,0.0,1.0835337962091165e-09,6.898727681351031e-10,0.0,100
3279,Blockade of the Gaza Strip should be ended,"[['A', 'B', 'C', 'D', 'E'], ['A', 'B', 'C', 'D', 'E']]",E,0.9906885521226576,0,1.0037255467403785,True,True,1.0,0.0,0.009311447665489194,5.056048425172149e-11,1.6129265314514716e-10,0.0,100
3581,We should end cheerleading,"[['A', 'B', 'C', 'D', 'E'], ['A', 'B', 'C', 'D', 'E']]",A,0.639328399863101,0,0.7532870139476862,False,False,0.0,0.0,0.0006694604539824021,1.5854822602413146e-07,0.36000198113469056,0.0,100
3581,We should end cheerleading,"[['A', 'B', 'C', 'D', 'E'], ['A', 'B', 'C', 'D', 'E']]",B,0.06416196587602407,0,0.11700990372476062,False,False,0.0,0.13600936439449976,0.0,0.01612211115538998,0.7837065585740862,0.0,100
3581,We should end cheerleading,"[['A', 'B', 'C', 'D', 'E'], ['A', 'B', 'C', 'D', 'E']]",C,0.6374784404465106,0,0.7430776898761793,False,False,0.0,0.0,0.0,0.0,0.0,0.36252155955348947,100
3581,We should end cheerleading,"[['A', 'B', 'C', 'D', 'E'], ['A', 'B', 'C', 'D', 'E']]",D,0.9162596896587258,0,0.9646524724746212,False,False,0.0,0.0837403069838902,0.0,1.094603761616392e-09,2.2627801252055163e-09,0.0,100
3581,We should end cheerleading,"[['A', 'B', 'C', 'D', 'E'], ['A', 'B', 'C', 'D', 'E']]",E,0.5721082969498432,0,0.6664839243525146,False,False,0.0,0.0,0.4278916884715005,2.4330182471068806e-09,1.214563786437292e-08,0.0,100
3699,We should abolish primary elections,"[['A', 'B', 'C', 'D', 'E'], ['A', 'B', 'C', 'D', 'E']]",A,0.9999999945568259,0,0.9999999994745948,False,True,1.0,0.0,5.44111588813533e-09,4.843864979738726e-13,1.574015969269271e-12,0.0,100
3699,We should abolish primary elections,"[['A', 'B', 'C', 'D', 'E'], ['A', 'B', 'C', 'D', 'E']]",B,0.04686065912489051,0,0.09077948898980609,False,False,0.0,0.48080466783570486,0.0,0.02207065148665159,0.4502640215527531,0.0,100
3699,We should abolish primary elections,"[['A', 'B', 'C', 'D', 'E'], ['A', 'B', 'C', 'D', 'E']]",C,0.7448035325035339,0,0.8458915648394811,False,False,0.0,0.0,0.0,0.0,0.0,0.25519646749646613,100
3699,We should abolish primary elections,"[['A', 'B', 'C', 'D', 'E'], ['A', 'B', 'C', 'D', 'E']]",D,0.0006238753699272215,0,0.0012213149186222922,False,False,0.0,0.9891157017978632,0.0,4.162086604313287e-10,0.010260422416001091,0.0,100
3699,We should abolish primary elections,"[['A', 'B', 'C', 'D', 'E'], ['A', 'B', 'C', 'D', 'E']]",E,0.9570473496610279,0,1.00300010869923,True,True,1.0,0.0,0.000616184839146048,7.175177677526996e-10,0.04233646478230831,0.0,100
3759,Tattoos should be banned,"[['A', 'B', 'C', 'D', 'E'], ['A', 'B', 'C', 'D', 'E']]",A,0.10948945288064504,0,0.1834117866791803,False,False,0.0,0.0,0.0005976536204962576,4.809766822553766e-07,0.8899124125221763,0.0,100
3759,Tattoos should be banned,"[['A', 'B', 'C', 'D', 'E'], ['A', 'B', 'C', 'D', 'E']]",B,0.19313040103173648,0,0.27774314755013174,False,False,0.0,0.0006590517991361961,0.0,0.34482748610281405,0.46138306106631327,0.0,100
3759,Tattoos should be banned,"[['A', 'B', 'C', 'D', 'E'], ['A', 'B', 'C', 'D', 'E']]",C,0.0953193921192535,0,0.16183945255286558,False,False,0.0,0.0,0.0,0.0,0.0,0.9046806078807466,100
3759,Tattoos should be banned,"[['A', 'B', 'C', 'D', 'E'], ['A', 'B', 'C', 'D', 'E']]",D,0.00042155331335792584,0,0.0013035153024788728,False,False,0.0,0.9995784457568866,0.0,2.0024396738625985e-11,9.097311028105126e-10,0.0,100
3759,Tattoos should be banned,"[['A', 'B', 'C', 'D', 'E'], ['A', 'B', 'C', 'D', 'E']]",E,0.9999749005134961,0,1.000003904863082,True,True,1.0,0.0,2.492886267101245e-05,1.652553720738596e-11,1.7060730734612883e-07,0.0,100
802,We should protect Antarctica,"[['A', 'B', 'C', 'D', 'E'], ['A', 'B', 'C', 'D', 'E']]",A,0.9999999999908777,0,0.9999999999943797,False,False,1.0,0.0,9.003939433325151e-12,0.0,1.1843589825970353e-13,0.0,100
802,We should protect Antarctica,"[['A', 'B', 'C', 'D', 'E'], ['A', 'B', 'C', 'D', 'E']]",B,1.654107207687711e-10,0,3.8763268938206266e-10,False,False,0.0,0.999999999834465,0.0,6.1019366125912106e-15,1.183192687575842e-13,0.0,100
802,We should protect Antarctica,"[['A', 'B', 'C', 'D', 'E'], ['A', 'B', 'C', 'D', 'E']]",C,0.9653238486696022,0,1.0003651995094571,True,True,1.0,0.0,0.0,0.0,0.0,0.03467615133039795,100
802,We should protect Antarctica,"[['A', 'B', 'C', 'D', 'E'], ['A', 'B', 'C', 'D', 'E']]",D,0.9154910665041394,0,0.9713164858433224,False,True,0.0,0.07354435537334672,0.0,0.010951939380650432,1.2638741863486034e-05,0.0,100
802,We should protect Antarctica,"[['A', 'B', 'C', 'D', 'E'], ['A', 'B', 'C', 'D', 'E']]",E,0.7702988102180269,0,0.8530862012791385,False,False,0.0,0.0,0.22970117878077595,4.759547342630078e-09,6.241649613412927e-09,0.0,100
2122,We should further exploit green technology,"[['A', 'B', 'C', 'D', 'E'], ['A', 'B', 'C', 'D', 'E']]",A,0.9999999999893376,0,0.9999999999928472,False,False,1.0,0.0,1.0420519148806938e-11,0.0,2.4198233668983983e-13,0.0,100
2122,We should further exploit green technology,"[['A', 'B', 'C', 'D', 'E'], ['A', 'B', 'C', 'D', 'E']]",B,2.1429618606213065e-06,0,6.954692979169116e-06,False,False,0.0,0.9999978570378926,0.0,4.5236733550180896e-14,2.0160687129763184e-13,0.0,100
2122,We should further exploit green technology,"[['A', 'B', 'C', 'D', 'E'], ['A', 'B', 'C', 'D', 'E']]",C,0.703135009769927,0,0.7947776897550713,False,False,0.0,0.0,0.0,0.0,0.0,0.2968649902300729,100
2122,We should further exploit green technology,"[['A', 'B', 'C', 'D', 'E'], ['A', 'B', 'C', 'D', 'E']]",D,0.9154349323257105,0,0.9572383184407344,False,False,0.0,0.08456485761435799,0.0,2.0522616784123915e-07,4.833763591647207e-09,0.0,100
2122,We should further exploit green technology,"[['A', 'B', 'C', 'D', 'E'], ['A', 'B', 'C', 'D', 'E']]",E,0.5745074940306025,0,0.6656604673095352,False,False,0.0,0.0,0.4254924998133277,4.85887946469243e-09,1.2971903748563651e-09,0.0,100
2124,We should subsidize higher education,"[['A', 'B', 'C', 'D', 'E'], ['A', 'B', 'C', 'D', 'E']]",A,0.9999999999917063,0,0.9999999999942446,False,False,1.0,0.0,8.129720444629228e-12,0.0,1.6397362986746667e-13,0.0,100
2124,We should subsidize higher education,"[['A', 'B', 'C', 'D', 'E'], ['A', 'B', 'C', 'D', 'E']]",B,9.42874403363886e-09,0,2.511328045483381e-08,False,False,0.0,0.9999999905710568,0.0,4.752193165332317e-15,1.944263982634044e-13,0.0,100
2124,We should subsidize higher education,"[['A', 'B', 'C', 'D', 'E'], ['A', 'B', 'C', 'D', 'E']]",C,0.9521310118148609,0,0.99845385722895,False,True,1.0,0.0,0.0,0.0,0.0,0.04786898818513913,100
2124,We should subsidize higher education,"[['A', 'B', 'C', 'D', 'E'], ['A', 'B', 'C', 'D', 'E']]",D,0.0314951095161523,0,0.0621634095933576,False,False,0.0,0.9685048901072887,0.0,1.364853058016867e-10,2.40073777127565e-10,0.0,100
2124,We should subsidize higher education,"[['A', 'B', 'C', 'D', 'E'], ['A', 'B', 'C', 'D', 'E']]",E,0.999843498199303,0,1.00001682309966,True,True,1.0,0.0,0.00015650174375325364,8.484498772047078e-12,4.845932188409695e-11,0.0,100
2184,We should legalize public nudity,"[['A', 'B', 'C', 'D', 'E'], ['A', 'B', 'C', 'D', 'E']]",A,0.9999999999680608,0,0.99999999997704,False,False,1.0,0.0,3.162513216277648e-11,0.0,3.141774055899293e-13,0.0,100
2184,We should legalize public nudity,"[['A', 'B', 'C', 'D', 'E'], ['A', 'B', 'C', 'D', 'E']]",B,4.388615314543023e-05,0,8.795967675497129e-05,False,False,0.0,0.9999561138347591,0.0,1.1578005561844122e-11,5.173801636671088e-13,0.0,100
2184,We should legalize public nudity,"[['A', 'B', 'C', 'D', 'E'], ['A', 'B', 'C', 'D', 'E']]",C,0.9999859329198696,0,1.0000139549230371,True,True,1.0,0.0,0.0,0.0,0.0,1.4067080130124581e-05,100
2184,We should legalize public nudity,"[['A', 'B', 'C', 'D', 'E'], ['A', 'B', 'C', 'D', 'E']]",D,0.00041887712382733316,0,0.0013027809007759772,False,False,0.0,0.9995798832521033,0.0,2.4317530585527066e-11,1.2395997516555967e-06,0.0,100
2184,We should legalize public nudity,"[['A', 'B', 'C', 'D', 'E'], ['A', 'B', 'C', 'D', 'E']]",E,0.9999994924329679,0,1.0000003393505414,True,True,1.0,0.0,5.038420504033829e-07,2.3810050530485092e-11,3.701171481343393e-09,0.0,100
2225,We should ban factory farming,"[['A', 'B', 'C', 'D', 'E'], ['A', 'B', 'C', 'D', 'E']]",A,0.9999999999940266,0,0.9999999999961697,False,False,1.0,0.0,5.745598032491774e-12,0.0,2.2773218739980435e-13,0.0,100
2225,We should ban factory farming,"[['A', 'B', 'C', 'D', 'E'], ['A', 'B', 'C', 'D', 'E']]",B,0.270473058105275,0,0.36695246012569643,False,False,0.0,0.22365178103666034,0.0,0.03495351894909597,0.47092164190896874,0.0,100
2225,We should ban factory farming,"[['A', 'B', 'C', 'D', 'E'], ['A', 'B', 'C', 'D', 'E']]",C,0.4693405362872396,0,0.5801608811759037,False,False,0.0,0.0,0.0,0.0,0.0,0.5306594637127605,100
2225,We should ban factory farming,"[['A', 'B', 'C', 'D', 'E'], ['A', 'B', 'C', 'D', 'E']]",D,0.9995020898729396,0,1.0003886092208831,True,True,1.0,0.000480444698365971,0.0,4.626404398070837e-06,1.2839024296536774e-05,0.0,100
2225,We should ban factory farming,"[['A', 'B', 'C', 'D', 'E'], ['A', 'B', 'C', 'D', 'E']]",E,0.11336745821474689,0,0.1686070345460669,False,False,0.0,0.0,0.8866325387189488,1.7463930833122835e-09,1.319911121906603e-09,0.0,100
2227,We should ban whaling,"[['A', 'B', 'C', 'D', 'E'], ['A', 'B', 'C', 'D', 'E']]",A,0.9999999999956029,0,0.9999999999973951,False,False,1.0,0.0,4.2132327166714045e-12,0.0,1.837629149152371e-13,0.0,100
2227,We should ban whaling,"[['A', 'B', 'C', 'D', 'E'], ['A', 'B', 'C', 'D', 'E']]",B,0.0009409597515630787,0,0.0031659572067851975,False,False,0.0,0.9900002779423344,0.0,0.00012734499521089687,0.008931417310891776,0.0,100
2227,We should ban whaling,"[['A', 'B', 'C', 'D', 'E'], ['A', 'B', 'C', 'D', 'E']]",C,0.7413532645213382,0,0.8368186684910535,False,False,0.0,0.0,0.0,0.0,0.0,0.2586467354786617,100
2227,We should ban whaling,"[['A', 'B', 'C', 'D', 'E'], ['A', 'B', 'C', 'D', 'E']]",D,0.9881336215424967,0,1.0007114836680457,True,True,1.0,0.011759549455902877,0.0,0.00010669930033366659,1.2970126675533106e-07,0.0,100
2227,We should ban whaling,"[['A', 'B', 'C', 'D', 'E'], ['A', 'B', 'C', 'D', 'E']]",E,0.2689534090492011,0,0.3534336146339399,False,False,0.0,0.0,0.7310465852136315,4.19819030267177e-09,1.5389772081771381e-09,0.0,100
2482,We should limit the use of birth control,"[['A', 'B', 'C', 'D', 'E'], ['A', 'B', 'C', 'D', 'E']]",A,0.9999999998686063,0,0.9999999999298655,False,False,1.0,0.0,1.2254980098422974e-10,1.5179520168146808e-13,8.692084135098991e-12,0.0,100
2482,We should limit the use of birth control,"[['A', 'B', 'C', 'D', 'E'], ['A', 'B', 'C', 'D', 'E']]",B,0.5249952768468613,0,0.6269885021558583,False,False,0.0,0.3010584872289147,0.0,0.10057412642354027,0.07337210950068371,0.0,100
2482,We should limit the use of birth control,"[['A', 'B', 'C', 'D', 'E'], ['A', 'B', 'C', 'D', 'E']]",C,0.9243383394285182,0,0.9840068260726184,False,True,0.0,0.0,0.0,0.0,0.0,0.0756616605714818,100
2482,We should limit the use of birth control,"[['A', 'B', 'C', 'D', 'E'], ['A', 'B', 'C', 'D', 'E']]",D,1.6589257833291262e-06,0,2.487261440886594e-06,False,False,0.0,0.9999983410272947,0.0,3.436940025159752e-12,4.34851151020058e-11,0.0,100
2482,We should limit the use of birth control,"[['A', 'B', 'C', 'D', 'E'], ['A', 'B', 'C', 'D', 'E']]",E,0.9999936457366576,0,0.9999992306502749,False,True,1.0,0.0,6.354143024298219e-06,5.2844180641839304e-12,1.1503369701315209e-10,0.0,100
2483,We should ban anonymous posts,"[['A', 'B', 'C', 'D', 'E'], ['A', 'B', 'C', 'D', 'E']]",A,0.9999999998013311,0,0.9999999998608649,False,False,1.0,0.0,1.9700983912631735e-10,0.0,1.6592949460504344e-12,0.0,100
2483,We should ban anonymous posts,"[['A', 'B', 'C', 'D', 'E'], ['A', 'B', 'C', 'D', 'E']]",B,0.1265781684525197,0,0.19890359274181307,False,False,0.0,0.8619747973453046,0.0,0.0005408267896890182,0.010906207412486511,0.0,100
2483,We should ban anonymous posts,"[['A', 'B', 'C', 'D', 'E'], ['A', 'B', 'C', 'D', 'E']]",C,0.6309860851183783,0,0.7406540123900207,False,False,0.0,0.0,0.0,0.0,0.0,0.36901391488162166,100
2483,We should ban anonymous posts,"[['A', 'B', 'C', 'D', 'E'], ['A', 'B', 'C', 'D', 'E']]",D,0.03717151759020716,0,0.07212798609213425,False,False,0.0,0.962828282470654,0.0,2.1915092521556275e-09,1.9774762955601803e-07,0.0,100
2483,We should ban anonymous posts,"[['A', 'B', 'C', 'D', 'E'], ['A', 'B', 'C', 'D', 'E']]",E,0.9904422527942727,0,1.0112736739726924,True,True,1.0,0.0,0.0007540297334378057,1.2543893369918165e-09,0.008803716217900019,0.0,100
2588,Assisted suicide should be a criminal offence,"[['A', 'B', 'C', 'D', 'E'], ['A', 'B', 'C', 'D', 'E']]",A,0.9999991886286623,0,1.000000958451386,True,True,1.0,0.0,1.204284967697327e-09,3.9087429392769215e-12,8.101631438323874e-07,0.0,100
2588,Assisted suicide should be a criminal offence,"[['A', 'B', 'C', 'D', 'E'], ['A', 'B', 'C', 'D', 'E']]",B,0.004381557997065566,0,0.014730205746083823,False,False,0.0,0.09561925479766581,0.0,0.013626152142338453,0.8863730350629302,0.0,100
2588,Assisted suicide should be a criminal offence,"[['A', 'B', 'C', 'D', 'E'], ['A', 'B', 'C', 'D', 'E']]",C,0.9843782342252342,0,1.011378429604341,True,True,1.0,0.0,0.0,0.0,0.0,0.01562176577476576,100
2588,Assisted suicide should be a criminal offence,"[['A', 'B', 'C', 'D', 'E'], ['A', 'B', 'C', 'D', 'E']]",D,0.0023986176537164543,0,0.0061794694495796165,False,False,0.0,0.9976009672888799,0.0,1.0207704169765277e-09,4.1403663328026667e-07,0.0,100
2588,Assisted suicide should be a criminal offence,"[['A', 'B', 'C', 'D', 'E'], ['A', 'B', 'C', 'D', 'E']]",E,0.6198979354894825,0,0.7352319990214753,False,False,0.0,0.0,6.049731519668726e-05,2.2208040988449272e-10,0.3800415669732405,0.0,100
2613,We should abolish the two-party system,"[['A', 'B', 'C', 'D', 'E'], ['A', 'B', 'C', 'D', 'E']]",A,0.999999999973182,0,0.9999999999784784,False,False,1.0,0.0,2.6456148149470413e-11,0.0,3.6190893592398785e-13,0.0,100
2613,We should abolish the two-party system,"[['A', 'B', 'C', 'D', 'E'], ['A', 'B', 'C', 'D', 'E']]",B,0.24421008045107256,0,0.3357207724290385,False,False,0.0,0.6428946435544485,0.0,0.001802089849903943,0.11109318614457508,0.0,100
2613,We should abolish the two-party system,"[['A', 'B', 'C', 'D', 'E'], ['A', 'B', 'C', 'D', 'E']]",C,0.7645188536951626,0,0.8603014486288896,False,False,0.0,0.0,0.0,0.0,0.0,0.2354811463048375,100
2613,We should abolish the two-party system,"[['A', 'B', 'C', 'D', 'E'], ['A', 'B', 'C', 'D', 'E']]",D,0.3420128486736714,0,0.4355074151652561,False,False,0.0,0.6579623729416002,0.0,1.154015442958262e-08,2.476684457402702e-05,0.0,100
2613,We should abolish the two-party system,"[['A', 'B', 'C', 'D', 'E'], ['A', 'B', 'C', 'D', 'E']]",E,0.9453168058797279,0,0.9920836497007355,False,True,0.0,0.0,0.04468282094334439,1.795071098421864e-08,0.010000355226216902,0.0,100
2621,We should disband the United Nations,"[['A', 'B', 'C', 'D', 'E'], ['A', 'B', 'C', 'D', 'E']]",A,0.8699999974008326,0,0.9499231240871069,False,True,0.0,0.0,2.6186455738285994e-09,3.4511635665493904e-12,0.129999999977071,0.0,100
2621,We should disband the United Nations,"[['A', 'B', 'C', 'D', 'E'], ['A', 'B', 'C', 'D', 'E']]",B,1.0495603291180798e-08,0,1.9754479630421506e-08,False,False,0.0,1.4405134253146193e-09,0.0,1.938727874465878e-09,0.9999999861251555,0.0,100
2621,We should disband the United Nations,"[['A', 'B', 'C', 'D', 'E'], ['A', 'B', 'C', 'D', 'E']]",C,0.4260086543292332,0,0.5409284799546721,False,False,0.0,0.0,0.0,0.0,0.0,0.5739913456707668,100
2621,We should disband the United Nations,"[['A', 'B', 'C', 'D', 'E'], ['A', 'B', 'C', 'D', 'E']]",D,0.0027074081630397238,0,0.005818216495741581,False,False,0.0,0.9972925802627934,0.0,6.22610285468655e-11,1.1511906013859006e-08,0.0,100
2621,We should disband the United Nations,"[['A', 'B', 'C', 'D', 'E'], ['A', 'B', 'C', 'D', 'E']]",E,0.9998219000900512,0,1.0000248292262108,True,True,1.0,0.0,0.00017651184230410582,3.6511343724251425e-11,1.588031133271726e-06,0.0,100
2678,We should subsidize distance education,"[['A', 'B', 'C', 'D', 'E'], ['A', 'B', 'C', 'D', 'E']]",A,0.999999999982106,0,0.9999999999876205,False,False,1.0,0.0,1.7599773251674155e-11,0.0,2.9424209537529854e-13,0.0,100
2678,We should subsidize distance education,"[['A', 'B', 'C', 'D', 'E'], ['A', 'B', 'C', 'D', 'E']]",B,4.085144661457438e-09,0,1.1348300785397951e-08,False,False,0.0,0.9999999959146603,0.0,0.0,1.9520839693884613e-13,0.0,100
2678,We should subsidize distance education,"[['A', 'B', 'C', 'D', 'E'], ['A', 'B', 'C', 'D', 'E']]",C,0.9456431793725503,0,0.9920514639643683,False,True,0.0,0.0,0.0,0.0,0.0,0.0543568206274497,100
2678,We should subsidize distance education,"[['A', 'B', 'C', 'D', 'E'], ['A', 'B', 'C', 'D', 'E']]",D,0.07472473865218027,0,0.1218778254746603,False,False,0.0,0.9252752604529968,0.0,3.2580009048299437e-10,5.690227691543536e-10,0.0,100
2678,We should subsidize distance education,"[['A', 'B', 'C', 'D', 'E'], ['A', 'B', 'C', 'D', 'E']]",E,0.9998619013435949,0,1.0001225292091709,True,True,1.0,0.0,0.0001380985740369956,1.1635217402468872e-11,7.073284310746992e-11,0.0,100
2689,We should subsidize Wikipedia,"[['A', 'B', 'C', 'D', 'E'], ['A', 'B', 'C', 'D', 'E']]",A,0.9999999999930812,0,0.9999999999954584,False,False,1.0,0.0,6.7787343750627044e-12,0.0,1.402529442714336e-13,0.0,100
2689,We should subsidize Wikipedia,"[['A', 'B', 'C', 'D', 'E'], ['A', 'B', 'C', 'D', 'E']]",B,2.1732661218330467e-10,0,5.072142544682014e-10,False,False,0.0,0.99999999978248,0.0,0.0,1.933544931281852e-13,0.0,100
2689,We should subsidize Wikipedia,"[['A', 'B', 'C', 'D', 'E'], ['A', 'B', 'C', 'D', 'E']]",C,0.9535847062384833,0,0.9998590360996895,False,True,1.0,0.0,0.0,0.0,0.0,0.0464152937615166,100
2689,We should subsidize Wikipedia,"[['A', 'B', 'C', 'D', 'E'], ['A', 'B', 'C', 'D', 'E']]",D,0.010649631351933506,0,0.020859270547474208,False,False,0.0,0.9893503661852183,0.0,4.673786865576437e-10,1.995469510183979e-09,0.0,100
2689,We should subsidize Wikipedia,"[['A', 'B', 'C', 'D', 'E'], ['A', 'B', 'C', 'D', 'E']]",E,0.9999963536801395,0,1.0000042806570182,True,True,1.0,0.0,3.6446872013537155e-06,5.015600803280748e-11,1.5825030158239566e-09,0.0,100
3168,We should introduce year round schooling,"[['A', 'B', 'C', 'D', 'E'], ['A', 'B', 'C', 'D', 'E']]",A,0.9999999999461687,0,0.9999999999595,False,False,1.0,0.0,5.3148265218766846e-11,0.0,6.831232446963178e-13,0.0,100
3168,We should introduce year round schooling,"[['A', 'B', 'C', 'D', 'E'], ['A', 'B', 'C', 'D', 'E']]",B,2.0787805285300385e-06,0,5.4736387976407605e-06,False,False,0.0,0.9999979212187451,0.0,7.355113380169922e-14,6.527561257112169e-13,0.0,100
3168,We should introduce year round schooling,"[['A', 'B', 'C', 'D', 'E'], ['A', 'B', 'C', 'D', 'E']]",C,0.9999968332750521,0,1.0000019604265091,True,True,1.0,0.0,0.0,0.0,0.0,3.1667249478623643e-06,100
3168,We should introduce year round schooling,"[['A', 'B', 'C', 'D', 'E'], ['A', 'B', 'C', 'D', 'E']]",D,0.023936098979185635,0,0.05115843932879218,False,False,0.0,0.9760639004213442,0.0,1.0127251813382652e-10,4.981975023182847e-10,0.0,100
3168,We should introduce year round schooling,"[['A', 'B', 'C', 'D', 'E'], ['A', 'B', 'C', 'D', 'E']]",E,0.9996203304513319,0,1.000320561647036,True,True,1.0,0.0,0.00037966932659202183,1.9925485125540333e-11,2.0215053249440445e-10,0.0,100
3180,We should introduce goal line technology,"[['A', 'B', 'C', 'D', 'E'], ['A', 'B', 'C', 'D', 'E']]",A,0.9999999999706423,0,0.9999999999808484,False,False,1.0,0.0,2.919748688189004e-11,0.0,1.6045687333461173e-13,0.0,100
3180,We should introduce goal line technology,"[['A', 'B', 'C', 'D', 'E'], ['A', 'B', 'C', 'D', 'E']]",B,0.009914231953853958,0,0.03335746665311245,False,False,0.0,0.9900857680345847,0.0,1.0937918563542199e-11,6.234942475344419e-13,0.0,100
3180,We should introduce goal line technology,"[['A', 'B', 'C', 'D', 'E'], ['A', 'B', 'C', 'D', 'E']]",C,0.815571781682519,0,0.9016017885039368,False,False,0.0,0.0,0.0,0.0,0.0,0.18442821831748094,100
3180,We should introduce goal line technology,"[['A', 'B', 'C', 'D', 'E'], ['A', 'B', 'C', 'D', 'E']]",D,0.022963027564741893,0,0.049047403366685005,False,False,0.0,0.9770369714686368,0.0,5.468115775263115e-10,4.1980979961844967e-10,0.0,100
3180,We should introduce goal line technology,"[['A', 'B', 'C', 'D', 'E'], ['A', 'B', 'C', 'D', 'E']]",E,0.9999998972755051,0,0.9999999365570024,False,False,1.0,0.0,1.0245515690301794e-07,3.013594129281891e-11,2.392020542633677e-10,0.0,100
3183,We should increase airport racial profiling in the United States,"[['A', 'B', 'C', 'D', 'E'], ['A', 'B', 'C', 'D', 'E']]",A,0.9999999536070949,0,0.999999984832422,False,True,1.0,0.0,4.639117013757438e-08,3.8963890262474376e-13,1.3452887391043938e-12,0.0,100
3183,We should increase airport racial profiling in the United States,"[['A', 'B', 'C', 'D', 'E'], ['A', 'B', 'C', 'D', 'E']]",B,0.26942438459075396,0,0.37106931614455313,False,False,0.0,0.010260995014611845,0.0,0.01867140132689079,0.7016432190677433,0.0,100
3183,We should increase airport racial profiling in the United States,"[['A', 'B', 'C', 'D', 'E'], ['A', 'B', 'C', 'D', 'E']]",C,0.35478281128852296,0,0.4667204714053328,False,False,0.0,0.0,0.0,0.0,0.0,0.6452171887114772,100
3183,We should increase airport racial profiling in the United States,"[['A', 'B', 'C', 'D', 'E'], ['A', 'B', 'C', 'D', 'E']]",D,8.767749090441865e-08,0,1.5201419628591652e-07,False,False,0.0,0.9999999122953507,0.0,3.2628981804074092e-12,2.3895307795309513e-11,0.0,100
3183,We should increase airport racial profiling in the United States,"[['A', 'B', 'C', 'D', 'E'], ['A', 'B', 'C', 'D', 'E']]",E,0.9999999917923101,0,0.999999997484197,False,True,1.0,0.0,8.17167322811832e-09,3.501180210478447e-12,3.251534317674054e-11,0.0,100
3185,We should adopt socialism,"[['A', 'B', 'C', 'D', 'E'], ['A', 'B', 'C', 'D', 'E']]",A,0.9999999999513762,0,0.9999999999662605,False,False,1.0,0.0,4.805909781537364e-11,0.0,5.64711627254187e-13,0.0,100
3185,We should adopt socialism,"[['A', 'B', 'C', 'D', 'E'], ['A', 'B', 'C', 'D', 'E']]",B,0.4566477824658625,0,0.5642676632687008,False,False,0.0,0.05569606707297435,0.0,0.13639299864845655,0.35126315181270656,0.0,100
3185,We should adopt socialism,"[['A', 'B', 'C', 'D', 'E'], ['A', 'B', 'C', 'D', 'E']]",C,0.9661574813264215,0,1.007504290862574,True,True,1.0,0.0,0.0,0.0,0.0,0.03384251867357865,100
3185,We should adopt socialism,"[['A', 'B', 'C', 'D', 'E'], ['A', 'B', 'C', 'D', 'E']]",D,1.53579878557876e-05,0,5.0848056457315234e-05,False,False,0.0,0.9999846419320386,0.0,1.0686705582925135e-11,6.941896863278204e-11,0.0,100
3185,We should adopt socialism,"[['A', 'B', 'C', 'D', 'E'], ['A', 'B', 'C', 'D', 'E']]",E,0.9999999935360434,0,0.999999998098858,False,True,1.0,0.0,6.349243346636262e-09,1.4236139330533763e-11,1.0047720038735502e-10,0.0,100
3191,We should introduce recall elections,"[['A', 'B', 'C', 'D', 'E'], ['A', 'B', 'C', 'D', 'E']]",A,0.9999999999719885,0,0.9999999999807541,False,False,1.0,0.0,2.7619346123091388e-11,0.0,3.9211296595643475e-13,0.0,100
3191,We should introduce recall elections,"[['A', 'B', 'C', 'D', 'E'], ['A', 'B', 'C', 'D', 'E']]",B,4.763003393397366e-08,0,1.1553806301055372e-07,False,False,0.0,0.999999952369738,0.0,3.1437666763031637e-14,1.9660723874325501e-13,0.0,100
3191,We should introduce recall elections,"[['A', 'B', 'C', 'D', 'E'], ['A', 'B', 'C', 'D', 'E']]",C,0.6833251233582602,0,0.7840629110066013,False,False,0.0,0.0,0.0,0.0,0.0,0.31667487664173977,100
3191,We should introduce recall elections,"[['A', 'B', 'C', 'D', 'E'], ['A', 'B', 'C', 'D', 'E']]",D,0.01514808307162906,0,0.04118688840602737,False,False,0.0,0.9848519164534478,0.0,1.888188284304005e-10,2.8610433487548197e-10,0.0,100
3191,We should introduce recall elections,"[['A', 'B', 'C', 'D', 'E'], ['A', 'B', 'C', 'D', 'E']]",E,0.9999998941205537,0,0.9999999701458714,False,True,1.0,0.0,1.0573548108064869e-07,1.9328268076858538e-11,1.2463691628616913e-10,0.0,100
3198,We should limit the right of self-defense,"[['A', 'B', 'C', 'D', 'E'], ['A', 'B', 'C', 'D', 'E']]",A,0.9999999708451058,0,0.9999999929220248,False,True,1.0,0.0,2.9144063949811005e-08,1.3488356181497129e-12,9.481334908615904e-12,0.0,100
3198,We should limit the right of self-defense,"[['A', 'B', 'C', 'D', 'E'], ['A', 'B', 'C', 'D', 'E']]",B,0.9091436081565294,0,0.945523834520386,False,False,0.0,0.0908555669256028,0.0,7.214016611454204e-07,1.03516206836082e-07,0.0,100
3198,We should limit the right of self-defense,"[['A', 'B', 'C', 'D', 'E'], ['A', 'B', 'C', 'D', 'E']]",C,0.8208932493456763,0,0.9057998425673902,False,False,0.0,0.0,0.0,0.0,0.0,0.17910675065432374,100
3198,We should limit the right of self-defense,"[['A', 'B', 'C', 'D', 'E'], ['A', 'B', 'C', 'D', 'E']]",D,1.4165620829495158e-07,0,3.8127745874119727e-07,False,False,0.0,0.9999998539683584,0.0,1.9603716387237946e-11,4.355829612833327e-09,0.0,100
3198,We should limit the right of self-defense,"[['A', 'B', 'C', 'D', 'E'], ['A', 'B', 'C', 'D', 'E']]",E,0.9999999841837987,0,0.9999999906196463,False,False,1.0,0.0,1.114692921663199e-08,1.8817048438430422e-11,4.650455298990105e-09,0.0,100
3199,We should fight urbanization,"[['A', 'B', 'C', 'D', 'E'], ['A', 'B', 'C', 'D', 'E']]",A,0.9999999932688363,0,1.000000005462427,True,True,1.0,0.0,6.727981891640131e-09,5.064298977150591e-13,2.6754834067879675e-12,0.0,100
3199,We should fight urbanization,"[['A', 'B', 'C', 'D', 'E'], ['A', 'B', 'C', 'D', 'E']]",B,0.12689257259524703,0,0.19014721358491027,False,False,0.0,0.00024911965077990193,0.0,0.6344139783298014,0.23844432942417154,0.0,100
3199,We should fight urbanization,"[['A', 'B', 'C', 'D', 'E'], ['A', 'B', 'C', 'D', 'E']]",C,0.5880279393353055,0,0.698385322736658,False,False,0.0,0.0,0.0,0.0,0.0,0.4119720606646945,100
3199,We should fight urbanization,"[['A', 'B', 'C', 'D', 'E'], ['A', 'B', 'C', 'D', 'E']]",D,0.6707354744075142,0,0.7574027194648422,False,False,0.0,0.3246562639440797,0.0,0.00015662993122934083,0.004451631717176804,0.0,100
3199,We should fight urbanization,"[['A', 'B', 'C', 'D', 'E'], ['A', 'B', 'C', 'D', 'E']]",E,0.7551773608617809,0,0.8446464049090646,False,False,0.0,0.0,0.16658619965489974,0.0004952055100100183,0.07774123397330952,0.0,100
3207,We should abandon social media,"[['A', 'B', 'C', 'D', 'E'], ['A', 'B', 'C', 'D', 'E']]",A,0.9999999999355963,0,0.9999999999502104,False,False,1.0,0.0,6.013121949037045e-11,1.9810087962198847e-15,4.270557662760187e-12,0.0,100
3207,We should abandon social media,"[['A', 'B', 'C', 'D', 'E'], ['A', 'B', 'C', 'D', 'E']]",B,2.1142160550368548e-08,0,3.998921306915433e-08,False,False,0.0,5.180349172790029e-10,0.0,4.343943613120133e-08,0.9999999349003684,0.0,100
3207,We should abandon social media,"[['A', 'B', 'C', 'D', 'E'], ['A', 'B', 'C', 'D', 'E']]",C,0.08783098278776807,0,0.15434284297852585,False,False,0.0,0.0,0.0,0.0,0.0,0.9121690172122316,100
3207,We should abandon social media,"[['A', 'B', 'C', 'D', 'E'], ['A', 'B', 'C', 'D', 'E']]",D,0.9998587193411049,0,1.0000634811002127,True,True,1.0,0.00014111392175109472,0.0,2.811034146732575e-08,1.3862680241320113e-07,0.0,100
3207,We should abandon social media,"[['A', 'B', 'C', 'D', 'E'], ['A', 'B', 'C', 'D', 'E']]",E,0.16970611990129683,0,0.2460320122171703,False,False,0.0,0.0,0.8299588444650341,1.8958253213622803e-08,0.00033501667541582846,0.0,100
3208,We should prohibit slum tourism,"[['A', 'B', 'C', 'D', 'E'], ['A', 'B', 'C', 'D', 'E']]",A,0.9999999999872472,0,0.9999999999904297,False,False,1.0,0.0,1.2259369516021662e-11,0.0,4.935793243137251e-13,0.0,100
3208,We should prohibit slum tourism,"[['A', 'B', 'C', 'D', 'E'], ['A', 'B', 'C', 'D', 'E']]",B,0.036938908497044017,0,0.07955073547430602,False,False,0.0,0.9223118537816591,0.0,0.010137117663672068,0.03061212005762473,0.0,100
3208,We should prohibit slum tourism,"[['A', 'B', 'C', 'D', 'E'], ['A', 'B', 'C', 'D', 'E']]",C,0.9047073388257733,0,0.9669557635749816,False,True,0.0,0.0,0.0,0.0,0.0,0.0952926611742269,100
3208,We should prohibit slum tourism,"[['A', 'B', 'C', 'D', 'E'], ['A', 'B', 'C', 'D', 'E']]",D,0.11977792280046913,0,0.19686324181534662,False,False,0.0,0.0001564695028353898,0.0,7.2912470083753085e-06,0.8800583164496871,0.0,100
3208,We should prohibit slum tourism,"[['A', 'B', 'C', 'D', 'E'], ['A', 'B', 'C', 'D', 'E']]",E,8.342878691433933e-13,0,1.034073465014555e-12,False,False,0.0,0.0,0.0,0.0,0.9999999999991658,0.0,100
3212,We should adopt the teacher tenure reform,"[['A', 'B', 'C', 'D', 'E'], ['A', 'B', 'C', 'D', 'E']]",A,0.9999999999706775,0,0.9999999999814227,False,False,1.0,0.0,2.9079389886433784e-11,0.0,2.4345753297694894e-13,0.0,100
3212,We should adopt the teacher tenure reform,"[['A', 'B', 'C', 'D', 'E'], ['A', 'B', 'C', 'D', 'E']]",B,7.6247415539383e-08,0,2.2188748666927628e-07,False,False,0.0,0.9999999237522406,0.0,6.034416252620407e-14,2.8348660196820916e-13,0.0,100
3212,We should adopt the teacher tenure reform,"[['A', 'B', 'C', 'D', 'E'], ['A', 'B', 'C', 'D', 'E']]",C,0.9986448472481665,0,1.0008603078630505,True,True,1.0,0.0,0.0,0.0,0.0,0.0013551527518335389,100
3212,We should adopt the teacher tenure reform,"[['A', 'B', 'C', 'D', 'E'], ['A', 'B', 'C', 'D', 'E']]",D,0.012900763095253221,0,0.030947494765038358,False,False,0.0,0.907099236517628,0.0,1.3050271830987568e-09,0.07999999908209157,0.0,100
3212,We should adopt the teacher tenure reform,"[['A', 'B', 'C', 'D', 'E'], ['A', 'B', 'C', 'D', 'E']]",E,0.14999843364516605,0,0.23485613805050606,False,False,0.0,0.0,1.6964300445431308e-06,2.198177389684204e-12,0.8499998699225914,0.0,100
3227,We should abolish capital punishment,"[['A', 'B', 'C', 'D', 'E'], ['A', 'B', 'C', 'D', 'E']]",A,0.9999999999826461,0,0.999999999986991,False,False,1.0,0.0,1.64912075769193e-11,0.0,8.626780784017149e-13,0.0,100
3227,We should abolish capital punishment,"[['A', 'B', 'C', 'D', 'E'], ['A', 'B', 'C', 'D', 'E']]",B,0.06974991249991429,0,0.1268577027146463,False,False,0.0,0.9030298096703077,0.0,0.001322313701395214,0.025897964128382873,0.0,100
3227,We should abolish capital punishment,"[['A', 'B', 'C', 'D', 'E'], ['A', 'B', 'C', 'D', 'E']]",C,0.9984334292911964,0,1.0019386809312492,True,True,1.0,0.0,0.0,0.0,0.0,0.0015665707088036332,100
3227,We should abolish capital punishment,"[['A', 'B', 'C', 'D', 'E'], ['A', 'B', 'C', 'D', 'E']]",D,0.007239319451299781,0,0.01880981729303815,False,False,0.0,0.9927606802782977,0.0,3.891245880639442e-11,2.3149016974498391e-10,0.0,100
3227,We should abolish capital punishment,"[['A', 'B', 'C', 'D', 'E'], ['A', 'B', 'C', 'D', 'E']]",E,0.999994674038819,0,1.0000012898684107,True,True,1.0,0.0,5.325631210921992e-06,2.3586953437775783e-11,3.063831253472553e-10,0.0,100
3232,We should cancel pride parades,"[['A', 'B', 'C', 'D', 'E'], ['A', 'B', 'C', 'D', 'E']]",A,0.01000541124189936,0,0.03365083075809961,False,False,0.0,0.0,2.156847645857812e-07,1.6832945262053796e-11,0.9899943730565032,0.0,100
3232,We should cancel pride parades,"[['A', 'B', 'C', 'D', 'E'], ['A', 'B', 'C', 'D', 'E']]",B,0.24499642588278156,0,0.3360759797351801,False,False,0.0,0.003680886982646017,0.0,0.5312630488047343,0.2200596383298381,0.0,100
3232,We should cancel pride parades,"[['A', 'B', 'C', 'D', 'E'], ['A', 'B', 'C', 'D', 'E']]",C,0.7258136056678614,0,0.8265250418136635,False,False,0.0,0.0,0.0,0.0,0.0,0.2741863943321387,100
3232,We should cancel pride parades,"[['A', 'B', 'C', 'D', 'E'], ['A', 'B', 'C', 'D', 'E']]",D,5.559578468159133e-06,0,9.084557414783391e-06,False,False,0.0,0.9999944402083907,0.0,1.2233700323711726e-11,2.009074948612603e-10,0.0,100
3232,We should cancel pride parades,"[['A', 'B', 'C', 'D', 'E'], ['A', 'B', 'C', 'D', 'E']]",E,0.9999998934811122,0,0.9999999719285622,False,True,1.0,0.0,7.411295005932967e-08,7.81203489533347e-12,3.239812573910516e-08,0.0,100
3487,We should close landfills,"[['A', 'B', 'C', 'D', 'E'], ['A', 'B', 'C', 'D', 'E']]",A,0.9999999999934928,0,0.9999999999947978,False,False,1.0,0.0,6.2571343029165836e-12,0.0,2.5029650710152156e-13,0.0,100
3487,We should close landfills,"[['A', 'B', 'C', 'D', 'E'], ['A', 'B', 'C', 'D', 'E']]",B,0.0050390535061537725,0,0.016861390168694732,False,False,0.0,0.9949609464452093,0.0,4.6612748187574847e-11,2.024201031708571e-12,0.0,100
3487,We should close landfills,"[['A', 'B', 'C', 'D', 'E'], ['A', 'B', 'C', 'D', 'E']]",C,0.7755506184979089,0,0.8726564479842207,False,False,0.0,0.0,0.0,0.0,0.0,0.22444938150209107,100
3487,We should close landfills,"[['A', 'B', 'C', 'D', 'E'], ['A', 'B', 'C', 'D', 'E']]",D,0.9777915996357368,0,1.0013636861140247,True,True,1.0,0.022208348571160875,0.0,4.770499296817924e-08,4.088109444722169e-09,0.0,100
3487,We should close landfills,"[['A', 'B', 'C', 'D', 'E'], ['A', 'B', 'C', 'D', 'E']]",E,0.2943144931929733,0,0.37504620363989066,False,False,0.0,0.0,0.7056855048455246,7.293454901981534e-10,1.2321564961473694e-09,0.0,100
3492,We should further exploit natural gas,"[['A', 'B', 'C', 'D', 'E'], ['A', 'B', 'C', 'D', 'E']]",A,0.9999999939155078,0,0.9999999980274191,False,True,1.0,0.0,6.083743171980246e-09,1.6792125627758506e-14,7.322526233626909e-13,0.0,100
3492,We should further exploit natural gas,"[['A', 'B', 'C', 'D', 'E'], ['A', 'B', 'C', 'D', 'E']]",B,4.743744567007737e-05,0,0.00010806364869491889,False,False,0.0,0.9999525625523832,0.0,1.5641632636362004e-12,3.8244469761184366e-13,0.0,100
3492,We should further exploit natural gas,"[['A', 'B', 'C', 'D', 'E'], ['A', 'B', 'C', 'D', 'E']]",C,0.7678011482213002,0,0.8591883050923608,False,False,0.0,0.0,0.0,0.0,0.0,0.23219885177869987,100
3492,We should further exploit natural gas,"[['A', 'B', 'C', 'D', 'E'], ['A', 'B', 'C', 'D', 'E']]",D,1.233509539969254e-07,0,2.2120115337357983e-07,False,False,0.0,0.999999876620688,0.0,3.803751962764774e-12,2.4554013390594512e-11,0.0,100
3492,We should further exploit natural gas,"[['A', 'B', 'C', 'D', 'E'], ['A', 'B', 'C', 'D', 'E']]",E,0.9999999836824206,0,0.9999999901775352,False,False,1.0,0.0,1.6286755568221452e-08,4.824060523982877e-12,2.5999709248346465e-11,0.0,100
3661,We should abolish foster care,"[['A', 'B', 'C', 'D', 'E'], ['A', 'B', 'C', 'D', 'E']]",A,0.7399932268172235,0,0.8442344005237775,False,False,0.0,0.0,7.71417424198361e-06,1.1008989784563773e-06,0.2599979581095562,0.0,100
3661,We should abolish foster care,"[['A', 'B', 'C', 'D', 'E'], ['A', 'B', 'C', 'D', 'E']]",B,3.1192717264255143e-06,0,9.30962632388113e-06,False,False,0.0,3.726596840398702e-09,0.0,4.5690956891055137e-08,0.9999968313107199,0.0,100
3661,We should abolish foster care,"[['A', 'B', 'C', 'D', 'E'], ['A', 'B', 'C', 'D', 'E']]",C,0.03119314500519865,0,0.07177877061309512,False,False,0.0,0.0,0.0,0.0,0.0,0.9688068549948013,100
3661,We should abolish foster care,"[['A', 'B', 'C', 'D', 'E'], ['A', 'B', 'C', 'D', 'E']]",D,0.4237530299756658,0,0.5214862806973831,False,False,0.0,0.5762464015028299,0.0,2.8769834063434396e-09,5.65644520903884e-07,0.0,100
3661,We should abolish foster care,"[['A', 'B', 'C', 'D', 'E'], ['A', 'B', 'C', 'D', 'E']]",E,0.9045282837918335,0,0.9631100154072113,False,True,0.0,0.0,0.09547140124594716,2.2205399492712248e-09,3.1274167928876135e-07,0.0,100
3688,We should abolish the presidential pardon,"[['A', 'B', 'C', 'D', 'E'], ['A', 'B', 'C', 'D', 'E']]",A,0.9999999997735352,0,0.9999999998202798,False,False,1.0,0.0,2.1485988229346462e-10,2.362991202208135e-13,1.1368841520198764e-11,0.0,100
3688,We should abolish the presidential pardon,"[['A', 'B', 'C', 'D', 'E'], ['A', 'B', 'C', 'D', 'E']]",B,0.03532511316347189,0,0.05852351983348603,False,False,0.0,2.3451095859031135e-06,0.0,0.07908319286123841,0.8855893488657037,0.0,100
3688,We should abolish the presidential pardon,"[['A', 'B', 'C', 'D', 'E'], ['A', 'B', 'C', 'D', 'E']]",C,0.4376675005941502,0,0.5501534980031795,False,False,0.0,0.0,0.0,0.0,0.0,0.5623324994058497,100
3688,We should abolish the presidential pardon,"[['A', 'B', 'C', 'D', 'E'], ['A', 'B', 'C', 'D', 'E']]",D,0.2484776612257221,0,0.3367082857491021,False,False,0.0,0.6878138643882713,0.0,8.897586965195825e-07,0.06370758462731016,0.0,100
3688,We should abolish the presidential pardon,"[['A', 'B', 'C', 'D', 'E'], ['A', 'B', 'C', 'D', 'E']]",E,3.7636550071298204e-11,0,5.884780956996778e-11,False,False,0.0,0.0,3.7653361127171007e-13,1.218382039372138e-12,0.9999999999607687,0.0,100
3730,Community service should be mandatory,"[['A', 'B', 'C', 'D', 'E'], ['A', 'B', 'C', 'D', 'E']]",A,0.9999999999455222,0,0.999999999956335,False,False,1.0,0.0,5.3537603929708366e-11,0.0,9.402332537174046e-13,0.0,100
3730,Community service should be mandatory,"[['A', 'B', 'C', 'D', 'E'], ['A', 'B', 'C', 'D', 'E']]",B,0.027801019534743704,0,0.063930166151698,False,False,0.0,0.961827091985133,0.0,0.003425937530890558,0.0069459509492327135,0.0,100
3730,Community service should be mandatory,"[['A', 'B', 'C', 'D', 'E'], ['A', 'B', 'C', 'D', 'E']]",C,0.5372027376000404,0,0.651988144395895,False,False,0.0,0.0,0.0,0.0,0.0,0.4627972623999596,100
3730,Community service should be mandatory,"[['A', 'B', 'C', 'D', 'E'], ['A', 'B', 'C', 'D', 'E']]",D,0.00037615643749979724,0,0.0008695326317698678,False,False,0.0,0.999623843129329,0.0,5.7573960844695683e-11,3.7559729679990693e-10,0.0,100
3730,Community service should be mandatory,"[['A', 'B', 'C', 'D', 'E'], ['A', 'B', 'C', 'D', 'E']]",E,0.9999996746237804,0,0.9999998007197924,False,False,1.0,0.0,3.248185109807262e-07,3.9024657992137815e-11,5.186840196116462e-10,0.0,100
3758,We should further exploit sustainable energies,"[['A', 'B', 'C', 'D', 'E'], ['A', 'B', 'C', 'D', 'E']]",A,0.9999999999907466,0,0.9999999999932438,False,False,1.0,0.0,9.079399863497688e-12,0.0,1.7402055896284786e-13,0.0,100
3758,We should further exploit sustainable energies,"[['A', 'B', 'C', 'D', 'E'], ['A', 'B', 'C', 'D', 'E']]",B,0.008521044482224927,0,0.028666333811910166,False,False,0.0,0.991478955346551,0.0,1.6667321961200153e-10,4.550891862491053e-12,0.0,100
3758,We should further exploit sustainable energies,"[['A', 'B', 'C', 'D', 'E'], ['A', 'B', 'C', 'D', 'E']]",C,0.5507350967979275,0,0.6506588173045434,False,False,0.0,0.0,0.0,0.0,0.0,0.4492649032020725,100
3758,We should further exploit sustainable energies,"[['A', 'B', 'C', 'D', 'E'], ['A', 'B', 'C', 'D', 'E']]",D,0.9762517429600719,0,0.9935284955480608,False,True,1.0,0.023746752136953188,0.0,1.4791403993075294e-06,2.5762575809851553e-08,0.0,100
3758,We should further exploit sustainable energies,"[['A', 'B', 'C', 'D', 'E'], ['A', 'B', 'C', 'D', 'E']]",E,0.7356312571458268,0,0.8240323382695987,False,False,0.0,0.0,0.2643687404768424,1.6036929426206957e-09,7.736377750337751e-10,0.0,100
2083,We should legalize organ trade,"[['A', 'B', 'C', 'D', 'E'], ['A', 'B', 'C', 'D', 'E']]",A,0.9999999996861868,0,0.9999999998740007,False,False,1.0,0.0,3.133795101781506e-10,0.0,4.3361142605182596e-13,0.0,100
2083,We should legalize organ trade,"[['A', 'B', 'C', 'D', 'E'], ['A', 'B', 'C', 'D', 'E']]",B,2.2768879801981753e-07,0,3.7506777973921457e-07,False,False,0.0,0.9999997723106211,0.0,1.444616603555167e-13,4.363041790780228e-13,0.0,100
2083,We should legalize organ trade,"[['A', 'B', 'C', 'D', 'E'], ['A', 'B', 'C', 'D', 'E']]",C,0.9999996635477533,0,1.0000003183859802,True,True,1.0,0.0,0.0,0.0,0.0,3.3645224679680735e-07,100
2083,We should legalize organ trade,"[['A', 'B', 'C', 'D', 'E'], ['A', 'B', 'C', 'D', 'E']]",D,2.789442344231497e-07,0,4.5461590101480924e-07,False,False,0.0,0.9999997167701941,0.0,1.882309456053085e-11,4.266748565972697e-09,0.0,100
2083,We should legalize organ trade,"[['A', 'B', 'C', 'D', 'E'], ['A', 'B', 'C', 'D', 'E']]",E,0.9999999598401148,0,0.99999998530183,False,True,1.0,0.0,3.701735653774141e-08,2.10318119030735e-11,3.121496768208578e-09,0.0,100
2166,We should legalize sex selection,"[['A', 'B', 'C', 'D', 'E'], ['A', 'B', 'C', 'D', 'E']]",A,0.9999999995120656,0,0.9999999996954064,False,False,1.0,0.0,4.873647066055671e-10,0.0,5.698491960960357e-13,0.0,100
2166,We should legalize sex selection,"[['A', 'B', 'C', 'D', 'E'], ['A', 'B', 'C', 'D', 'E']]",B,0.00024841226827822146,0,0.0007917983629634651,False,False,0.0,0.9997515877174052,0.0,1.3281579197034926e-11,1.0347795859224e-12,0.0,100
2166,We should legalize sex selection,"[['A', 'B', 'C', 'D', 'E'], ['A', 'B', 'C', 'D', 'E']]",C,0.9874147869306188,0,1.0102874761646503,True,True,1.0,0.0,0.0,0.0,0.0,0.012585213069381105,100
2166,We should legalize sex selection,"[['A', 'B', 'C', 'D', 'E'], ['A', 'B', 'C', 'D', 'E']]",D,2.2368712281110612e-05,0,6.809886834899451e-05,False,False,0.0,0.9999776309192561,0.0,1.9061154209871422e-11,3.494015275286064e-10,0.0,100
2166,We should legalize sex selection,"[['A', 'B', 'C', 'D', 'E'], ['A', 'B', 'C', 'D', 'E']]",E,0.9999999904813153,0,0.9999999942453791,False,False,1.0,0.0,9.205128732110275e-09,1.8241716522378514e-11,2.953142189582873e-10,0.0,100
2402,We should close the Guantanamo Bay detention camp,"[['A', 'B', 'C', 'D', 'E'], ['A', 'B', 'C', 'D', 'E']]",A,0.9999999999924557,0,0.9999999999943343,False,False,1.0,0.0,7.319771109061971e-12,0.0,2.2455530563058096e-13,0.0,100
2402,We should close the Guantanamo Bay detention camp,"[['A', 'B', 'C', 'D', 'E'], ['A', 'B', 'C', 'D', 'E']]",B,0.03865970414341408,0,0.08331425643436055,False,False,0.0,0.9313377776170075,0.0,0.00270446621987871,0.027298052019699814,0.0,100
2402,We should close the Guantanamo Bay detention camp,"[['A', 'B', 'C', 'D', 'E'], ['A', 'B', 'C', 'D', 'E']]",C,0.998490234876529,0,1.0019905994848644,True,True,1.0,0.0,0.0,0.0,0.0,0.001509765123470986,100
2402,We should close the Guantanamo Bay detention camp,"[['A', 'B', 'C', 'D', 'E'], ['A', 'B', 'C', 'D', 'E']]",D,0.015477810637386622,0,0.03571043247321927,False,False,0.0,0.9845221891787074,0.0,1.4329170454464836e-11,1.695768683678905e-10,0.0,100
2402,We should close the Guantanamo Bay detention camp,"[['A', 'B', 'C', 'D', 'E'], ['A', 'B', 'C', 'D', 'E']]",E,0.9999663093068232,0,1.0000035995293173,True,True,1.0,0.0,3.3690602855431805e-05,8.860477448969404e-12,8.146107338910997e-11,0.0,100
3193,We should fight nationalism,"[['A', 'B', 'C', 'D', 'E'], ['A', 'B', 'C', 'D', 'E']]",A,0.9999999999189833,0,0.9999999999921939,False,True,1.0,0.0,8.040788784540556e-11,3.028570554251815e-14,5.785672875054064e-13,0.0,100
3193,We should fight nationalism,"[['A', 'B', 'C', 'D', 'E'], ['A', 'B', 'C', 'D', 'E']]",B,0.1348859754172594,0,0.20565782062690108,False,False,0.0,0.7887346931988958,0.0,0.06714395604029552,0.009235375343549469,0.0,100
3193,We should fight nationalism,"[['A', 'B', 'C', 'D', 'E'], ['A', 'B', 'C', 'D', 'E']]",C,0.9957416536159738,0,1.002995321026162,True,True,1.0,0.0,0.0,0.0,0.0,0.0042583463840262775,100
3193,We should fight nationalism,"[['A', 'B', 'C', 'D', 'E'], ['A', 'B', 'C', 'D', 'E']]",D,0.12895413890681412,0,0.1924502783778203,False,False,0.0,0.00029228075135472395,0.0,0.22246158471342148,0.6482919956284097,0.0,100
3193,We should fight nationalism,"[['A', 'B', 'C', 'D', 'E'], ['A', 'B', 'C', 'D', 'E']]",E,0.0013455332343791828,0,0.004527189005413488,False,False,0.0,0.0,0.006833182413632252,3.1643901100434844e-05,0.9917896404508879,0.0,100
3197,We should end progressive taxation,"[['A', 'B', 'C', 'D', 'E'], ['A', 'B', 'C', 'D', 'E']]",A,0.7799999990651452,0,0.878446391270536,False,False,0.0,0.0,1.2420038039262666e-09,3.015746564626305e-12,0.21999999968983533,0.0,100
3197,We should end progressive taxation,"[['A', 'B', 'C', 'D', 'E'], ['A', 'B', 'C', 'D', 'E']]",B,0.5162539119376831,0,0.621409067294179,False,False,0.0,0.19636949535829218,0.0,0.06718178718463554,0.22019480551938908,0.0,100
3197,We should end progressive taxation,"[['A', 'B', 'C', 'D', 'E'], ['A', 'B', 'C', 'D', 'E']]",C,0.9523152133194934,0,1.0004834094824184,True,True,1.0,0.0,0.0,0.0,0.0,0.04768478668050658,100
3197,We should end progressive taxation,"[['A', 'B', 'C', 'D', 'E'], ['A', 'B', 'C', 'D', 'E']]",D,4.183139480156693e-06,0,7.707994109786036e-06,False,False,0.0,0.9999958167702878,0.0,1.0084424843391511e-11,8.014759285829079e-11,0.0,100
3197,We should end progressive taxation,"[['A', 'B', 'C', 'D', 'E'], ['A', 'B', 'C', 'D', 'E']]",E,0.9999996681273483,0,0.9999998374338844,False,False,1.0,0.0,3.3174084556127847e-07,1.0077300745240188e-11,1.2172877154424315e-10,0.0,100
4004,Blood donation should be mandatory,"[['A', 'B', 'C', 'D', 'E'], ['A', 'B', 'C', 'D', 'E']]",A,0.9999999992187516,0,0.9999999997349263,False,True,1.0,0.0,7.79889763448249e-10,9.504386057552466e-15,1.3491824161758885e-12,0.0,100
4004,Blood donation should be mandatory,"[['A', 'B', 'C', 'D', 'E'], ['A', 'B', 'C', 'D', 'E']]",B,0.2154237436511404,0,0.30747490662216936,False,False,0.0,0.3936326186929668,0.0,0.0009423705541875173,0.3900012671017052,0.0,100
4004,Blood donation should be mandatory,"[['A', 'B', 'C', 'D', 'E'], ['A', 'B', 'C', 'D', 'E']]",C,0.04001153507521212,0,0.08658103080805574,False,False,0.0,0.0,0.0,0.0,0.0,0.959988464924788,100
4004,Blood donation should be mandatory,"[['A', 'B', 'C', 'D', 'E'], ['A', 'B', 'C', 'D', 'E']]",D,7.002014473004918e-05,0,0.00019459324946054717,False,False,0.0,0.9999299785033401,0.0,5.859749024253952e-11,1.293332417610371e-09,0.0,100
4004,Blood donation should be mandatory,"[['A', 'B', 'C', 'D', 'E'], ['A', 'B', 'C', 'D', 'E']]",E,0.9999990019970432,0,0.9999994485793555,False,False,1.0,0.0,9.973377421585886e-07,2.834853535039334e-11,6.368662981702362e-10,0.0,100
3205,We should end water fluoridation,"[['A', 'B', 'C', 'D', 'E'], ['A', 'B', 'C', 'D', 'E']]",A,0.5100000091130085,0,0.6288021547005361,False,False,0.0,0.0,7.584242146339206e-10,8.709452511394342e-11,0.4899999900414728,0.0,100
3205,We should end water fluoridation,"[['A', 'B', 'C', 'D', 'E'], ['A', 'B', 'C', 'D', 'E']]",B,0.26386583179718337,0,0.35075813936627626,False,False,0.0,0.43539505164567877,0.0,0.008845863536811162,0.29189325302032687,0.0,100
3205,We should end water fluoridation,"[['A', 'B', 'C', 'D', 'E'], ['A', 'B', 'C', 'D', 'E']]",C,0.9811115032767519,0,1.0069293369464913,True,True,1.0,0.0,0.0,0.0,0.0,0.018888496723247925,100
3205,We should end water fluoridation,"[['A', 'B', 'C', 'D', 'E'], ['A', 'B', 'C', 'D', 'E']]",D,0.04140748057509356,0,0.0768732897984328,False,False,0.0,0.9582995791402107,0.0,3.755301126315626e-10,0.0002929399091656954,0.0,100
3205,We should end water fluoridation,"[['A', 'B', 'C', 'D', 'E'], ['A', 'B', 'C', 'D', 'E']]",E,0.9891830999131873,0,1.0096065919332802,True,True,1.0,0.0,0.0022975462397255768,2.3489809148977364e-10,0.008519353612189114,0.0,100
3237,We should prohibit unisex bathrooms,"[['A', 'B', 'C', 'D', 'E'], ['A', 'B', 'C', 'D', 'E']]",A,0.999999999476278,0,0.9999999998203694,False,True,1.0,0.0,2.5755161925961114e-10,8.423463694378211e-14,2.6608606300424345e-10,0.0,100
3237,We should prohibit unisex bathrooms,"[['A', 'B', 'C', 'D', 'E'], ['A', 'B', 'C', 'D', 'E']]",B,0.06957508585733012,0,0.11042208433879713,False,False,0.0,0.8699032437731553,0.0,0.010742329025482477,0.04977934134403226,0.0,100
3237,We should prohibit unisex bathrooms,"[['A', 'B', 'C', 'D', 'E'], ['A', 'B', 'C', 'D', 'E']]",C,0.9524362104485316,0,1.0011729875192072,True,True,1.0,0.0,0.0,0.0,0.0,0.04756378955146844,100
3237,We should prohibit unisex bathrooms,"[['A', 'B', 'C', 'D', 'E'], ['A', 'B', 'C', 'D', 'E']]",D,0.00020910001740935693,0,0.00040189165453013005,False,False,0.0,0.9379371395066145,0.0,1.9927032027542014e-09,0.06185375848327292,0.0,100
3237,We should prohibit unisex bathrooms,"[['A', 'B', 'C', 'D', 'E'], ['A', 'B', 'C', 'D', 'E']]",E,0.9962604528326701,0,1.0039169693132721,True,True,1.0,0.0,2.124522578036842e-05,1.7279455713554532e-10,0.0037183017687549814,0.0,100
2652,We should ban mass surveillance,"[['A', 'B', 'C', 'D', 'E'], ['A', 'B', 'C', 'D', 'E']]",A,0.999999999897087,0,1.000000000115431,True,True,1.0,0.0,1.0255432830231524e-10,1.6586783409194868e-14,3.422304867018849e-13,0.0,100
2652,We should ban mass surveillance,"[['A', 'B', 'C', 'D', 'E'], ['A', 'B', 'C', 'D', 'E']]",B,0.36218774770119083,0,0.4596843788311737,False,False,0.0,0.1561999607193633,0.0,0.14691145286264334,0.33470083871680245,0.0,100
2652,We should ban mass surveillance,"[['A', 'B', 'C', 'D', 'E'], ['A', 'B', 'C', 'D', 'E']]",C,0.6984698534730335,0,0.7962335309899465,False,False,0.0,0.0,0.0,0.0,0.0,0.30153014652696647,100
2652,We should ban mass surveillance,"[['A', 'B', 'C', 'D', 'E'], ['A', 'B', 'C', 'D', 'E']]",D,0.7130358832186415,0,0.8061103720434556,False,False,0.0,0.26781360882749544,0.0,5.8135974142253426e-05,0.019092371979720857,0.0,100
2652,We should ban mass surveillance,"[['A', 'B', 'C', 'D', 'E'], ['A', 'B', 'C', 'D', 'E']]",E,0.8857717340309282,0,0.9483229902733727,False,False,0.0,0.0,0.06422826511447105,1.09779200974685e-10,0.05000000074482158,0.0,100
3435,Begging should be banned,"[['A', 'B', 'C', 'D', 'E'], ['A', 'B', 'C', 'D', 'E']]",A,0.969370846871102,0,1.0098926716031673,True,True,1.0,0.0,0.0006053766876896835,2.0013324198871507e-06,0.030021775108788385,0.0,100
3435,Begging should be banned,"[['A', 'B', 'C', 'D', 'E'], ['A', 'B', 'C', 'D', 'E']]",B,0.0031297180316044947,0,0.010467016498262286,False,False,0.0,0.010000325315394047,0.0,0.00674963328364247,0.9801203233693591,0.0,100
3435,Begging should be banned,"[['A', 'B', 'C', 'D', 'E'], ['A', 'B', 'C', 'D', 'E']]",C,0.5753946114674532,0,0.6917196736047385,False,False,0.0,0.0,0.0,0.0,0.0,0.4246053885325468,100
3435,Begging should be banned,"[['A', 'B', 'C', 'D', 'E'], ['A', 'B', 'C', 'D', 'E']]",D,0.055377920661776,0,0.09752909781729398,False,False,0.0,0.9346294014916962,0.0,3.1167372350612113e-09,0.009992674729790419,0.0,100
3435,Begging should be banned,"[['A', 'B', 'C', 'D', 'E'], ['A', 'B', 'C', 'D', 'E']]",E,0.9902470566345698,0,1.000579002197076,True,True,1.0,0.0,0.006539756018021034,4.243778390561415e-09,0.0032131831036307074,0.0,100
3923,Health education should be mandatory,"[['A', 'B', 'C', 'D', 'E'], ['A', 'B', 'C', 'D', 'E']]",A,0.9999999999863312,0,0.9999999999895006,False,False,1.0,0.0,1.3276481459213837e-11,0.0,3.923223239621328e-13,0.0,100
3923,Health education should be mandatory,"[['A', 'B', 'C', 'D', 'E'], ['A', 'B', 'C', 'D', 'E']]",B,9.679615099904436e-07,0,3.2402604841542667e-06,False,False,0.0,0.9999990320379873,0.0,5.041233283841703e-14,4.5230077055727204e-13,0.0,100
3923,Health education should be mandatory,"[['A', 'B', 'C', 'D', 'E'], ['A', 'B', 'C', 'D', 'E']]",C,0.08512995227904392,0,0.1497718546559203,False,False,0.0,0.0,0.0,0.0,0.0,0.914870047720956,100
3923,Health education should be mandatory,"[['A', 'B', 'C', 'D', 'E'], ['A', 'B', 'C', 'D', 'E']]",D,0.4196608005845915,0,0.5251710152050817,False,False,0.0,0.5803391952132053,0.0,3.2697047405768257e-09,9.3249856902639e-10,0.0,100
3923,Health education should be mandatory,"[['A', 'B', 'C', 'D', 'E'], ['A', 'B', 'C', 'D', 'E']]",E,0.9998929928143688,0,1.000067296037028,True,True,1.0,0.0,0.00010700709889896343,1.241797438464786e-11,7.431431297952e-11,0.0,100
4000,The Euro should be abandoned,"[['A', 'B', 'C', 'D', 'E'], ['A', 'B', 'C', 'D', 'E']]",A,0.9999906142276284,0,1.0000123449948937,True,True,1.0,0.0,9.304693867781653e-06,4.7859500063970356e-08,3.321900361945406e-08,0.0,100
4000,The Euro should be abandoned,"[['A', 'B', 'C', 'D', 'E'], ['A', 'B', 'C', 'D', 'E']]",B,0.008186254967241232,0,0.02751835370902821,False,False,0.0,0.0018242609329689292,0.0,0.020581328116415488,0.9694081559833745,0.0,100
4000,The Euro should be abandoned,"[['A', 'B', 'C', 'D', 'E'], ['A', 'B', 'C', 'D', 'E']]",C,0.9914407276215218,0,1.0115852213771654,True,True,1.0,0.0,0.0,0.0,0.0,0.008559272378478198,100
4000,The Euro should be abandoned,"[['A', 'B', 'C', 'D', 'E'], ['A', 'B', 'C', 'D', 'E']]",D,0.19845167424728336,0,0.2669613166029442,False,False,0.0,0.8015480230733902,0.0,4.63590442542614e-09,2.980434220313173e-07,0.0,100
4000,The Euro should be abandoned,"[['A', 'B', 'C', 'D', 'E'], ['A', 'B', 'C', 'D', 'E']]",E,0.9739197080408737,0,0.9918052310498636,False,True,1.0,0.0,0.026080041054193398,3.2753981302604645e-09,2.4762953513448973e-07,0.0,100
3244,We should abandon Twitter,"[['A', 'B', 'C', 'D', 'E'], ['A', 'B', 'C', 'D', 'E']]",A,0.9999999999293397,0,0.9999999999537628,False,False,1.0,0.0,6.949670776262336e-11,2.5436656453839403e-15,1.1608883103786367e-12,0.0,100
3244,We should abandon Twitter,"[['A', 'B', 'C', 'D', 'E'], ['A', 'B', 'C', 'D', 'E']]",B,0.28351517449098873,0,0.38454776026310994,False,False,0.0,0.3615240222169422,0.0,0.18807621173429293,0.16688459155777607,0.0,100
3244,We should abandon Twitter,"[['A', 'B', 'C', 'D', 'E'], ['A', 'B', 'C', 'D', 'E']]",C,0.3931280126613745,0,0.5070683498859455,False,False,0.0,0.0,0.0,0.0,0.0,0.6068719873386255,100
3244,We should abandon Twitter,"[['A', 'B', 'C', 'D', 'E'], ['A', 'B', 'C', 'D', 'E']]",D,0.9901420597581825,0,1.003918612971218,True,True,1.0,0.009856954949863921,0.0,1.3045158870240427e-07,8.548403651343381e-07,0.0,100
3244,We should abandon Twitter,"[['A', 'B', 'C', 'D', 'E'], ['A', 'B', 'C', 'D', 'E']]",E,0.049275591635711706,0,0.09671923081263709,False,False,0.0,0.0,0.060724398722004976,5.56932866689548e-10,0.8900000090853503,0.0,100
4275,We should abandon speed limit enforcement,"[['A', 'B', 'C', 'D', 'E'], ['A', 'B', 'C', 'D', 'E']]",A,0.8599999946674649,0,0.9424620974663032,False,False,0.0,0.0,5.375631167283559e-09,6.43962446523556e-12,0.1399999999504643,0.0,100
4275,We should abandon speed limit enforcement,"[['A', 'B', 'C', 'D', 'E'], ['A', 'B', 'C', 'D', 'E']]",B,0.14583157014062575,0,0.22509929305810272,False,False,0.0,0.0013533694983747188,0.0,0.07100841569450711,0.7818066446664925,0.0,100
4275,We should abandon speed limit enforcement,"[['A', 'B', 'C', 'D', 'E'], ['A', 'B', 'C', 'D', 'E']]",C,0.3951442548839155,0,0.5092722880966117,False,False,0.0,0.0,0.0,0.0,0.0,0.6048557451160844,100
4275,We should abandon speed limit enforcement,"[['A', 'B', 'C', 'D', 'E'], ['A', 'B', 'C', 'D', 'E']]",D,6.705294054113367e-05,0,0.00013034994846737043,False,False,0.0,0.999932671244816,0.0,2.3670270442578248e-11,2.757909725395726e-07,0.0,100
4275,We should abandon speed limit enforcement,"[['A', 'B', 'C', 'D', 'E'], ['A', 'B', 'C', 'D', 'E']]",E,0.9999998371719155,0,0.9999999369461283,False,True,1.0,0.0,1.6216636110920424e-07,2.3426743972855497e-11,6.382966006169942e-10,0.0,100
3415,We should abandon the sexual revolution,"[['A', 'B', 'C', 'D', 'E'], ['A', 'B', 'C', 'D', 'E']]",A,0.9999999857775147,0,1.0000000111483092,True,True,1.0,0.0,1.2961758472973188e-08,1.6512171601991972e-12,1.2590754827681112e-09,0.0,100
3415,We should abandon the sexual revolution,"[['A', 'B', 'C', 'D', 'E'], ['A', 'B', 'C', 'D', 'E']]",B,0.657313505611452,0,0.756935782775238,False,False,0.0,0.04970985556901204,0.0,0.23132423037870356,0.061652408440832494,0.0,100
3415,We should abandon the sexual revolution,"[['A', 'B', 'C', 'D', 'E'], ['A', 'B', 'C', 'D', 'E']]",C,0.5049481802681695,0,0.6184940800692076,False,False,0.0,0.0,0.0,0.0,0.0,0.49505181973183054,100
3415,We should abandon the sexual revolution,"[['A', 'B', 'C', 'D', 'E'], ['A', 'B', 'C', 'D', 'E']]",D,0.22963425611878255,0,0.3238389736790752,False,False,0.0,0.2705530309631153,0.0,0.037064563422974955,0.4627481494951273,0.0,100
3415,We should abandon the sexual revolution,"[['A', 'B', 'C', 'D', 'E'], ['A', 'B', 'C', 'D', 'E']]",E,0.11999725351150613,0,0.19722319016978523,False,False,0.0,0.0,2.7458658076726136e-06,6.4754348288574594e-12,0.8800000006162106,0.0,100
3273,We should abolish judicial activism,"[['A', 'B', 'C', 'D', 'E'], ['A', 'B', 'C', 'D', 'E']]",A,0.9999999997615968,0,0.9999999998558726,False,False,1.0,0.0,2.3626572984107126e-10,2.155783391809095e-13,1.9217909907236406e-12,0.0,100
3273,We should abolish judicial activism,"[['A', 'B', 'C', 'D', 'E'], ['A', 'B', 'C', 'D', 'E']]",B,0.07035529015986182,0,0.12200391576797218,False,False,0.0,0.7571241635564262,0.0,0.09976660250882192,0.07275394377489006,0.0,100
3273,We should abolish judicial activism,"[['A', 'B', 'C', 'D', 'E'], ['A', 'B', 'C', 'D', 'E']]",C,0.9608664530612101,0,1.002746409458594,True,True,1.0,0.0,0.0,0.0,0.0,0.03913354693878986,100
3273,We should abolish judicial activism,"[['A', 'B', 'C', 'D', 'E'], ['A', 'B', 'C', 'D', 'E']]",D,0.2737704343104981,0,0.36015928223883986,False,False,0.0,0.7262269280266793,0.0,9.84777197910158e-09,2.6278150506810583e-06,0.0,100
3273,We should abolish judicial activism,"[['A', 'B', 'C', 'D', 'E'], ['A', 'B', 'C', 'D', 'E']]",E,0.9294820320002884,0,0.9805629167964095,False,True,0.0,0.0,0.04170026414980538,9.442840907917099e-09,0.02881769440706526,0.0,100
3636,We should ban billboards,"[['A', 'B', 'C', 'D', 'E'], ['A', 'B', 'C', 'D', 'E']]",A,0.999999999934567,0,0.9999999999656791,False,False,1.0,0.0,6.469336717707699e-11,1.7482341270632439e-15,7.378883468629281e-13,0.0,100
3636,We should ban billboards,"[['A', 'B', 'C', 'D', 'E'], ['A', 'B', 'C', 'D', 'E']]",B,0.2804159066466202,0,0.37466309405564685,False,False,0.0,0.4438575312631155,0.0,0.05547205706941846,0.22025450502084581,0.0,100
3636,We should ban billboards,"[['A', 'B', 'C', 'D', 'E'], ['A', 'B', 'C', 'D', 'E']]",C,0.3449144826846657,0,0.44804353845557404,False,False,0.0,0.0,0.0,0.0,0.0,0.6550855173153343,100
3636,We should ban billboards,"[['A', 'B', 'C', 'D', 'E'], ['A', 'B', 'C', 'D', 'E']]",D,0.853087841290847,0,0.9153813665147037,False,False,0.0,0.1469121280803769,0.0,2.2360171102348776e-08,8.268605003622417e-09,0.0,100
3636,We should ban billboards,"[['A', 'B', 'C', 'D', 'E'], ['A', 'B', 'C', 'D', 'E']]",E,0.6959184983652119,0,0.7793000521872511,False,False,0.0,0.0,0.30408148975234484,3.439436930640321e-09,8.443006222133079e-09,0.0,100
2765,We should ban media conglomerates,"[['A', 'B', 'C', 'D', 'E'], ['A', 'B', 'C', 'D', 'E']]",A,0.9999999999748281,0,0.9999999999852073,False,False,1.0,0.0,2.4700811045105104e-11,0.0,4.709734476294507e-13,0.0,100
2765,We should ban media conglomerates,"[['A', 'B', 'C', 'D', 'E'], ['A', 'B', 'C', 'D', 'E']]",B,0.43146627972329843,0,0.534671572634621,False,False,0.0,0.25433075004404665,0.0,0.03580194804135222,0.2784010221913026,0.0,100
2765,We should ban media conglomerates,"[['A', 'B', 'C', 'D', 'E'], ['A', 'B', 'C', 'D', 'E']]",C,0.2057433442037868,0,0.29732634670559016,False,False,0.0,0.0,0.0,0.0,0.0,0.7942566557962132,100
2765,We should ban media conglomerates,"[['A', 'B', 'C', 'D', 'E'], ['A', 'B', 'C', 'D', 'E']]",D,0.7878902199114381,0,0.8700234477622477,False,False,0.0,0.21210852189125465,0.0,3.8766135108032784e-07,8.705359559620636e-07,0.0,100
2765,We should ban media conglomerates,"[['A', 'B', 'C', 'D', 'E'], ['A', 'B', 'C', 'D', 'E']]",E,0.9544146803914444,0,0.9867562636307221,False,True,1.0,0.0,0.0455853098789344,2.321170093053295e-09,7.408451186288724e-09,0.0,100
3977,We should ban rodenticide,"[['A', 'B', 'C', 'D', 'E'], ['A', 'B', 'C', 'D', 'E']]",A,0.9999999999568964,0,0.9999999999701771,False,False,1.0,0.0,4.2087616844986335e-11,0.0,1.016046634167136e-12,0.0,100
3977,We should ban rodenticide,"[['A', 'B', 'C', 'D', 'E'], ['A', 'B', 'C', 'D', 'E']]",B,0.0977218779497102,0,0.16063794674908144,False,False,0.0,0.807983478448959,0.0,0.012971715926251301,0.08132292767507941,0.0,100
3977,We should ban rodenticide,"[['A', 'B', 'C', 'D', 'E'], ['A', 'B', 'C', 'D', 'E']]",C,0.6680431476968345,0,0.7753996718276243,False,False,0.0,0.0,0.0,0.0,0.0,0.3319568523031656,100
3977,We should ban rodenticide,"[['A', 'B', 'C', 'D', 'E'], ['A', 'B', 'C', 'D', 'E']]",D,0.8750761975730278,0,0.9381795274078303,False,False,0.0,0.12492377006485848,0.0,2.251774271260623e-08,9.844371248012012e-09,0.0,100
3977,We should ban rodenticide,"[['A', 'B', 'C', 'D', 'E'], ['A', 'B', 'C', 'D', 'E']]",E,0.679326528786339,0,0.7716315869199523,False,False,0.0,0.0,0.3206734003937505,7.557433128928745e-09,6.326247731612388e-08,0.0,100
3518,We should ban the use of petroleum,"[['A', 'B', 'C', 'D', 'E'], ['A', 'B', 'C', 'D', 'E']]",A,0.9999999999943607,0,0.9999999999954967,False,False,1.0,0.0,5.4244878128004665e-12,0.0,2.1499374622784022e-13,0.0,100
3518,We should ban the use of petroleum,"[['A', 'B', 'C', 'D', 'E'], ['A', 'B', 'C', 'D', 'E']]",B,0.4337648407902987,0,0.5401164410177495,False,False,0.0,0.039928477953845326,0.0,0.038890436756430724,0.4874162444994253,0.0,100
3518,We should ban the use of petroleum,"[['A', 'B', 'C', 'D', 'E'], ['A', 'B', 'C', 'D', 'E']]",C,0.3424386515027355,0,0.44961304466911844,False,False,0.0,0.0,0.0,0.0,0.0,0.6575613484972643,100
3518,We should ban the use of petroleum,"[['A', 'B', 'C', 'D', 'E'], ['A', 'B', 'C', 'D', 'E']]",D,0.8662721075560121,0,0.9266250048383612,False,False,0.0,0.13372787286590496,0.0,1.6132100044730202e-08,3.445982814167364e-09,0.0,100
3518,We should ban the use of petroleum,"[['A', 'B', 'C', 'D', 'E'], ['A', 'B', 'C', 'D', 'E']]",E,0.342738446121738,0,0.4352592193556231,False,False,0.0,0.0,0.657261542648892,7.699555425018192e-09,3.5298145458842872e-09,0.0,100
3705,We should close the sex offender registry,"[['A', 'B', 'C', 'D', 'E'], ['A', 'B', 'C', 'D', 'E']]",A,0.9999999677746658,0,1.0000000363678643,True,True,1.0,0.0,3.222326721216445e-08,6.948081155624593e-13,1.3721548854155973e-12,0.0,100
3705,We should close the sex offender registry,"[['A', 'B', 'C', 'D', 'E'], ['A', 'B', 'C', 'D', 'E']]",B,0.4641256047471623,0,0.5695381506785898,False,False,0.0,0.19934974960471163,0.0,0.012071608342454776,0.3244530373056712,0.0,100
3705,We should close the sex offender registry,"[['A', 'B', 'C', 'D', 'E'], ['A', 'B', 'C', 'D', 'E']]",C,0.7710719109621961,0,0.8671553842961635,False,False,0.0,0.0,0.0,0.0,0.0,0.22892808903780382,100
3705,We should close the sex offender registry,"[['A', 'B', 'C', 'D', 'E'], ['A', 'B', 'C', 'D', 'E']]",D,0.00034013879832230825,0,0.0008860286145442545,False,False,0.0,0.9996598608654657,0.0,4.569137019506825e-11,2.905206710835779e-10,0.0,100
3705,We should close the sex offender registry,"[['A', 'B', 'C', 'D', 'E'], ['A', 'B', 'C', 'D', 'E']]",E,0.9999896265178754,0,0.9999977080776186,False,True,1.0,0.0,1.0372687604769157e-05,2.9429419150751866e-11,7.650906975150033e-10,0.0,100
3459,We should fight environmental degradation,"[['A', 'B', 'C', 'D', 'E'], ['A', 'B', 'C', 'D', 'E']]",A,0.9999999999978658,0,0.9999999999984868,False,False,1.0,0.0,2.0584536478798566e-12,0.0,7.56046800745759e-14,0.0,100
3459,We should fight environmental degradation,"[['A', 'B', 'C', 'D', 'E'], ['A', 'B', 'C', 'D', 'E']]",B,0.00018052168647781115,0,0.0006058100053309269,False,False,0.0,0.9998194783120584,0.0,1.3031529205853753e-12,1.6070169036512219e-13,0.0,100
3459,We should fight environmental degradation,"[['A', 'B', 'C', 'D', 'E'], ['A', 'B', 'C', 'D', 'E']]",C,0.7492795785405266,0,0.8359044523191078,False,False,0.0,0.0,0.0,0.0,0.0,0.25072042145947315,100
3459,We should fight environmental degradation,"[['A', 'B', 'C', 'D', 'E'], ['A', 'B', 'C', 'D', 'E']]",D,0.91806469953259,0,0.9742540351530297,False,True,0.0,0.0035845279020159664,0.0,0.07522356734037633,0.0031272052250178543,0.0,100
3459,We should fight environmental degradation,"[['A', 'B', 'C', 'D', 'E'], ['A', 'B', 'C', 'D', 'E']]",E,0.29302010985426097,0,0.3779920610112809,False,False,0.0,0.0,0.7061796370593502,0.0007996031933953854,6.498929935756181e-07,0.0,100
3490,We should further exploit filibusters,"[['A', 'B', 'C', 'D', 'E'], ['A', 'B', 'C', 'D', 'E']]",A,0.9985395052876087,0,1.001385232633954,True,True,1.0,0.0,0.0014550670791093061,1.8216304131941143e-06,3.6060028687920128e-06,0.0,100
3490,We should further exploit filibusters,"[['A', 'B', 'C', 'D', 'E'], ['A', 'B', 'C', 'D', 'E']]",B,0.03743587575261104,0,0.07979221757245161,False,False,0.0,0.9125056302046013,0.0,0.009954405791209852,0.04010408825157764,0.0,100
3490,We should further exploit filibusters,"[['A', 'B', 'C', 'D', 'E'], ['A', 'B', 'C', 'D', 'E']]",C,0.8941210109616443,0,0.9582356091761643,False,False,0.0,0.0,0.0,0.0,0.0,0.10587898903835573,100
3490,We should further exploit filibusters,"[['A', 'B', 'C', 'D', 'E'], ['A', 'B', 'C', 'D', 'E']]",D,0.00399687660573356,0,0.01073041369775823,False,False,0.0,0.9960031231000229,0.0,9.284814898365573e-11,2.013954522173493e-10,0.0,100
3490,We should further exploit filibusters,"[['A', 'B', 'C', 'D', 'E'], ['A', 'B', 'C', 'D', 'E']]",E,0.9999995607658271,0,1.000000021169049,True,True,1.0,0.0,4.3911633209158916e-07,1.460698192335558e-11,1.0323363804947425e-10,0.0,100
3902,We should further exploit genetic engineering,"[['A', 'B', 'C', 'D', 'E'], ['A', 'B', 'C', 'D', 'E']]",A,0.9999999997376346,0,0.9999999999950733,False,True,1.0,0.0,2.6188710433129483e-10,0.0,4.783581781381586e-13,0.0,100
3902,We should further exploit genetic engineering,"[['A', 'B', 'C', 'D', 'E'], ['A', 'B', 'C', 'D', 'E']]",B,0.008490687212915788,0,0.027821340261005162,False,False,0.0,0.9915093122195896,0.0,5.616856932484847e-10,5.809019252825312e-12,0.0,100
3902,We should further exploit genetic engineering,"[['A', 'B', 'C', 'D', 'E'], ['A', 'B', 'C', 'D', 'E']]",C,0.874600296034433,0,0.9459925391047399,False,False,0.0,0.0,0.0,0.0,0.0,0.1253997039655669,100
3902,We should further exploit genetic engineering,"[['A', 'B', 'C', 'D', 'E'], ['A', 'B', 'C', 'D', 'E']]",D,0.35937223945080654,0,0.45474790767780704,False,False,0.0,0.6406277570421246,0.0,2.515589588606587e-09,9.914795289693598e-10,0.0,100
3902,We should further exploit genetic engineering,"[['A', 'B', 'C', 'D', 'E'], ['A', 'B', 'C', 'D', 'E']]",E,0.9999995941371163,0,1.0000001532186689,True,True,1.0,0.0,4.0572872964693885e-07,1.0004548213865395e-11,1.2414952349518583e-10,0.0,100
3939,We should increase historic preservation,"[['A', 'B', 'C', 'D', 'E'], ['A', 'B', 'C', 'D', 'E']]",A,0.9999999999894651,0,0.9999999999920044,False,False,1.0,0.0,1.0229880628247496e-11,0.0,3.051028981999807e-13,0.0,100
3939,We should increase historic preservation,"[['A', 'B', 'C', 'D', 'E'], ['A', 'B', 'C', 'D', 'E']]",B,1.2312618503843184e-07,0,3.6476228614238997e-07,False,False,0.0,0.9999998768736655,0.0,3.7009766647715856e-15,1.4586408890849664e-13,0.0,100
3939,We should increase historic preservation,"[['A', 'B', 'C', 'D', 'E'], ['A', 'B', 'C', 'D', 'E']]",C,0.7390916826688286,0,0.8338572830225176,False,False,0.0,0.0,0.0,0.0,0.0,0.2609083173311714,100
3939,We should increase historic preservation,"[['A', 'B', 'C', 'D', 'E'], ['A', 'B', 'C', 'D', 'E']]",D,0.703252251009297,0,0.7836743273270674,False,False,0.0,0.296747742771297,0.0,4.588197975333206e-09,1.631208240923327e-09,0.0,100
3939,We should increase historic preservation,"[['A', 'B', 'C', 'D', 'E'], ['A', 'B', 'C', 'D', 'E']]",E,0.853550930679665,0,0.9256559628138714,False,False,0.0,0.0,0.14644906873589122,2.195974863987297e-10,3.6484616048945196e-10,0.0,100
3252,We should increase mixed-use development,"[['A', 'B', 'C', 'D', 'E'], ['A', 'B', 'C', 'D', 'E']]",A,0.9999999999932756,0,0.9999999999951378,False,False,1.0,0.0,6.572181928602542e-12,0.0,1.522844421140723e-13,0.0,100
3252,We should increase mixed-use development,"[['A', 'B', 'C', 'D', 'E'], ['A', 'B', 'C', 'D', 'E']]",B,1.0776453335136386e-10,0,1.6072837330561106e-10,False,False,0.0,0.9999999998920605,0.0,0.0,1.7517902977214883e-13,0.0,100
3252,We should increase mixed-use development,"[['A', 'B', 'C', 'D', 'E'], ['A', 'B', 'C', 'D', 'E']]",C,0.8815661695872479,0,0.9428106128059721,False,False,0.0,0.0,0.0,0.0,0.0,0.1184338304127523,100
3252,We should increase mixed-use development,"[['A', 'B', 'C', 'D', 'E'], ['A', 'B', 'C', 'D', 'E']]",D,0.17789871056229833,0,0.25266226637465894,False,False,0.0,0.8221012654593461,0.0,2.2359021555000682e-08,1.6193339558933097e-09,0.0,100
3252,We should increase mixed-use development,"[['A', 'B', 'C', 'D', 'E'], ['A', 'B', 'C', 'D', 'E']]",E,0.999999327381701,0,1.0000007052474027,True,True,1.0,0.0,6.725262688191548e-07,7.951298473919038e-12,8.407891405218092e-11,0.0,100
3750,We should increase public space,"[['A', 'B', 'C', 'D', 'E'], ['A', 'B', 'C', 'D', 'E']]",A,0.9999999999895139,0,0.9999999999921221,False,False,1.0,0.0,1.024952456080753e-11,0.0,2.3641167900916223e-13,0.0,100
3750,We should increase public space,"[['A', 'B', 'C', 'D', 'E'], ['A', 'B', 'C', 'D', 'E']]",B,8.356582596118608e-08,0,1.9215632293928854e-07,False,False,0.0,0.9999999164340382,0.0,1.0561961676721841e-14,1.2525251231900904e-13,0.0,100
3750,We should increase public space,"[['A', 'B', 'C', 'D', 'E'], ['A', 'B', 'C', 'D', 'E']]",C,0.8087788456055734,0,0.8922549718273693,False,False,0.0,0.0,0.0,0.0,0.0,0.19122115439442652,100
3750,We should increase public space,"[['A', 'B', 'C', 'D', 'E'], ['A', 'B', 'C', 'D', 'E']]",D,0.8064448635512632,0,0.8837908615538359,False,False,0.0,0.19355443940187433,0.0,6.372981548695697e-07,5.974870760976447e-08,0.0,100
3750,We should increase public space,"[['A', 'B', 'C', 'D', 'E'], ['A', 'B', 'C', 'D', 'E']]",E,0.973538593732723,0,1.0088072794388665,True,True,1.0,0.0,0.02646140581524811,1.9358870023931478e-10,2.5844028605141073e-10,0.0,100
4124,We should increase the use of artificial insemination,"[['A', 'B', 'C', 'D', 'E'], ['A', 'B', 'C', 'D', 'E']]",A,0.9999999951935946,0,1.0000000044952884,True,True,1.0,0.0,4.805988153513547e-09,6.91440037057869e-15,4.1034207577624356e-13,0.0,100
4124,We should increase the use of artificial insemination,"[['A', 'B', 'C', 'D', 'E'], ['A', 'B', 'C', 'D', 'E']]",B,0.01180466622366668,0,0.03165037395571257,False,False,0.0,0.9881953337612877,0.0,1.3721529382663808e-11,1.3241770226211944e-12,0.0,100
4124,We should increase the use of artificial insemination,"[['A', 'B', 'C', 'D', 'E'], ['A', 'B', 'C', 'D', 'E']]",C,0.9230283391217174,0,0.9791823616711132,False,True,0.0,0.0,0.0,0.0,0.0,0.07697166087828249,100
4124,We should increase the use of artificial insemination,"[['A', 'B', 'C', 'D', 'E'], ['A', 'B', 'C', 'D', 'E']]",D,0.21576852227246082,0,0.29636563403338917,False,False,0.0,0.7842314765845461,0.0,6.140085141149152e-10,5.28984368119046e-10,0.0,100
4124,We should increase the use of artificial insemination,"[['A', 'B', 'C', 'D', 'E'], ['A', 'B', 'C', 'D', 'E']]",E,0.9996780613974972,0,1.000256036473238,True,True,1.0,0.0,0.0003219385452774291,6.8152680928816165e-12,5.0410262773473294e-11,0.0,100
3450,We should increase the use of credit unions,"[['A', 'B', 'C', 'D', 'E'], ['A', 'B', 'C', 'D', 'E']]",A,0.9999999999944993,0,0.999999999996085,False,False,1.0,0.0,5.420155267520724e-12,0.0,8.063046372846255e-14,0.0,100
3450,We should increase the use of credit unions,"[['A', 'B', 'C', 'D', 'E'], ['A', 'B', 'C', 'D', 'E']]",B,1.044506574384798e-10,0,2.3614955440101964e-10,False,False,0.0,0.9999999998954848,0.0,0.0,6.425787065680895e-14,0.0,100
3450,We should increase the use of credit unions,"[['A', 'B', 'C', 'D', 'E'], ['A', 'B', 'C', 'D', 'E']]",C,0.7438778388281249,0,0.8304082130362581,False,False,0.0,0.0,0.0,0.0,0.0,0.2561221611718753,100
3450,We should increase the use of credit unions,"[['A', 'B', 'C', 'D', 'E'], ['A', 'B', 'C', 'D', 'E']]",D,0.7766827045049024,0,0.8605810143737588,False,False,0.0,0.22330222976267908,0.0,1.5062525429338938e-05,3.206989195924231e-09,0.0,100
3450,We should increase the use of credit unions,"[['A', 'B', 'C', 'D', 'E'], ['A', 'B', 'C', 'D', 'E']]",E,0.6861603844666607,0,0.7824064461073647,False,False,0.0,0.0,0.31383961310838254,1.571567874154497e-09,8.533889607178992e-10,0.0,100
3202,We should introduce the alternative vote,"[['A', 'B', 'C', 'D', 'E'], ['A', 'B', 'C', 'D', 'E']]",A,0.9999999999025357,0,0.9999999999274972,False,False,1.0,0.0,9.664369568013143e-11,0.0,8.205257294261854e-13,0.0,100
3202,We should introduce the alternative vote,"[['A', 'B', 'C', 'D', 'E'], ['A', 'B', 'C', 'D', 'E']]",B,1.3969851336917875e-07,0,3.0334382327258046e-07,False,False,0.0,0.9999998603009721,0.0,3.835683239537372e-14,4.762547414253528e-13,0.0,100
3202,We should introduce the alternative vote,"[['A', 'B', 'C', 'D', 'E'], ['A', 'B', 'C', 'D', 'E']]",C,0.9921295398780389,0,1.0020879644927754,True,True,1.0,0.0,0.0,0.0,0.0,0.007870460121961157,100
3202,We should introduce the alternative vote,"[['A', 'B', 'C', 'D', 'E'], ['A', 'B', 'C', 'D', 'E']]",D,2.547812796080888e-05,0,4.878965054130047e-05,False,False,0.0,0.9999745212381487,0.0,4.356468090725103e-11,5.903258400346191e-10,0.0,100
3202,We should introduce the alternative vote,"[['A', 'B', 'C', 'D', 'E'], ['A', 'B', 'C', 'D', 'E']]",E,0.9999987579047598,0,0.9999999678709662,False,True,1.0,0.0,8.82395643626834e-07,3.848166973378018e-11,3.596611148305955e-07,0.0,100
3924,We should limit Hydrocarbon exploration,"[['A', 'B', 'C', 'D', 'E'], ['A', 'B', 'C', 'D', 'E']]",A,0.9999999999910446,0,0.9999999999933024,False,False,1.0,0.0,8.575293455764505e-12,0.0,3.8013084490193963e-13,0.0,100
3924,We should limit Hydrocarbon exploration,"[['A', 'B', 'C', 'D', 'E'], ['A', 'B', 'C', 'D', 'E']]",B,0.006224654922280912,0,0.018142779339552408,False,False,0.0,0.9937753448138946,0.0,2.45038273746699e-10,1.8786201800909038e-11,0.0,100
3924,We should limit Hydrocarbon exploration,"[['A', 'B', 'C', 'D', 'E'], ['A', 'B', 'C', 'D', 'E']]",C,0.8974894106559659,0,0.9638462507880127,False,True,0.0,0.0,0.0,0.0,0.0,0.10251058934403438,100
3924,We should limit Hydrocarbon exploration,"[['A', 'B', 'C', 'D', 'E'], ['A', 'B', 'C', 'D', 'E']]",D,0.4071514753818251,0,0.4968762877895579,False,False,0.0,0.5928485224983058,0.0,7.837916604864138e-10,1.3360775345741313e-09,0.0,100
3924,We should limit Hydrocarbon exploration,"[['A', 'B', 'C', 'D', 'E'], ['A', 'B', 'C', 'D', 'E']]",E,0.06206258424454565,0,0.11812728358746283,False,False,0.0,0.0,0.007937413705058552,3.382815993329638e-10,0.9300000017121142,0.0,100
3674,We should limit judicial review,"[['A', 'B', 'C', 'D', 'E'], ['A', 'B', 'C', 'D', 'E']]",A,0.9999999930675451,0,0.9999999964535242,False,False,1.0,0.0,6.922020246672007e-09,2.234212174074282e-12,8.200386202716199e-12,0.0,100
3674,We should limit judicial review,"[['A', 'B', 'C', 'D', 'E'], ['A', 'B', 'C', 'D', 'E']]",B,0.026385344679239888,0,0.05733921720550807,False,False,0.0,0.9736146028918062,0.0,5.036339180853883e-08,2.0655620635155694e-09,0.0,100
3674,We should limit judicial review,"[['A', 'B', 'C', 'D', 'E'], ['A', 'B', 'C', 'D', 'E']]",C,0.9383882356479968,0,0.9894013003004644,False,True,0.0,0.0,0.0,0.0,0.0,0.06161176435200304,100
3674,We should limit judicial review,"[['A', 'B', 'C', 'D', 'E'], ['A', 'B', 'C', 'D', 'E']]",D,4.630891585633543e-06,0,1.1071834768892587e-05,False,False,0.0,0.9999950240867038,0.0,3.4683631141982566e-11,3.449870269192507e-07,0.0,100
3674,We should limit judicial review,"[['A', 'B', 'C', 'D', 'E'], ['A', 'B', 'C', 'D', 'E']]",E,0.9818022968614897,0,1.0121828401423123,True,True,1.0,0.0,5.844888774769905e-07,3.959951006172132e-11,0.018197118610033272,0.0,100
3633,We should not subsidize athletes,"[['A', 'B', 'C', 'D', 'E'], ['A', 'B', 'C', 'D', 'E']]",A,0.9999999991865086,0,0.9999999995385571,False,False,1.0,0.0,2.974919555609497e-10,7.090662919671436e-13,5.152905744688256e-10,0.0,100
3633,We should not subsidize athletes,"[['A', 'B', 'C', 'D', 'E'], ['A', 'B', 'C', 'D', 'E']]",B,0.04268350503455243,0,0.08006984470790056,False,False,0.0,0.9475700994242466,0.0,0.008251597237057767,0.0014947983041431038,0.0,100
3633,We should not subsidize athletes,"[['A', 'B', 'C', 'D', 'E'], ['A', 'B', 'C', 'D', 'E']]",C,0.9423902319474778,0,0.9964572842499237,False,True,0.0,0.0,0.0,0.0,0.0,0.057609768052522145,100
3633,We should not subsidize athletes,"[['A', 'B', 'C', 'D', 'E'], ['A', 'B', 'C', 'D', 'E']]",D,2.4606651493416057e-12,0,3.3204215913172037e-12,False,False,0.0,7.346987622978177e-10,0.0,1.2806171383127633e-12,0.9999999992615599,0.0,100
3633,We should not subsidize athletes,"[['A', 'B', 'C', 'D', 'E'], ['A', 'B', 'C', 'D', 'E']]",E,1.6165178986554378e-09,0,2.3012106999185053e-09,False,False,0.0,0.0,1.7631096097073893e-12,6.185912387500618e-13,0.9999999983811004,0.0,100
3432,We should prohibit bailouts,"[['A', 'B', 'C', 'D', 'E'], ['A', 'B', 'C', 'D', 'E']]",A,0.9999999999344825,0,0.9999999999510684,False,False,1.0,0.0,5.972863395321147e-11,1.3976315214678444e-13,5.649154338594383e-12,0.0,100
3432,We should prohibit bailouts,"[['A', 'B', 'C', 'D', 'E'], ['A', 'B', 'C', 'D', 'E']]",B,0.2805528967113589,0,0.3717599808617573,False,False,0.0,0.2953733717431321,0.0,0.1627218141930269,0.2613519173524821,0.0,100
3432,We should prohibit bailouts,"[['A', 'B', 'C', 'D', 'E'], ['A', 'B', 'C', 'D', 'E']]",C,0.9432428246309184,0,0.9948814126264913,False,True,0.0,0.0,0.0,0.0,0.0,0.05675717536908171,100
3432,We should prohibit bailouts,"[['A', 'B', 'C', 'D', 'E'], ['A', 'B', 'C', 'D', 'E']]",D,0.019865556260364983,0,0.05291380744228004,False,False,0.0,5.714881644632449e-06,0.0,1.905592580908182e-05,0.9801096729321813,0.0,100
3432,We should prohibit bailouts,"[['A', 'B', 'C', 'D', 'E'], ['A', 'B', 'C', 'D', 'E']]",E,1.073329642139455e-10,0,1.9159331135597303e-10,False,False,0.0,0.0,1.1006552374086654e-13,1.0132875111555748e-12,0.9999999998915438,0.0,100
3743,We should prohibit over the counter drugs,"[['A', 'B', 'C', 'D', 'E'], ['A', 'B', 'C', 'D', 'E']]",A,0.9999997850008184,0,1.000000292077044,True,True,1.0,0.0,2.1498730821273394e-07,2.1704437067434022e-13,1.165634892616159e-11,0.0,100
3743,We should prohibit over the counter drugs,"[['A', 'B', 'C', 'D', 'E'], ['A', 'B', 'C', 'D', 'E']]",B,0.33587523082564735,0,0.4383029983258751,False,False,0.0,0.01471920322643822,0.0,0.12718411353951783,0.5222214524083966,0.0,100
3743,We should prohibit over the counter drugs,"[['A', 'B', 'C', 'D', 'E'], ['A', 'B', 'C', 'D', 'E']]",C,0.2497061577136495,0,0.3519212974244586,False,False,0.0,0.0,0.0,0.0,0.0,0.7502938422863505,100
3743,We should prohibit over the counter drugs,"[['A', 'B', 'C', 'D', 'E'], ['A', 'B', 'C', 'D', 'E']]",D,0.21646937102393324,0,0.29740943757856764,False,False,0.0,0.7835299731178723,0.0,5.43329657434324e-09,6.504248978936411e-07,0.0,100
3743,We should prohibit over the counter drugs,"[['A', 'B', 'C', 'D', 'E'], ['A', 'B', 'C', 'D', 'E']]",E,0.9632625863662738,0,0.9921489782977639,False,True,1.0,0.0,0.03671418262136693,1.0377750004541771e-08,2.3220634609239136e-05,0.0,100
2463,We should prohibit school prayer,"[['A', 'B', 'C', 'D', 'E'], ['A', 'B', 'C', 'D', 'E']]",A,0.9999999962683929,0,0.9999999978190868,False,False,1.0,0.0,3.643854220472091e-09,2.179023749124298e-12,8.557410262713241e-11,0.0,100
2463,We should prohibit school prayer,"[['A', 'B', 'C', 'D', 'E'], ['A', 'B', 'C', 'D', 'E']]",B,0.025264099014226337,0,0.050873389558624374,False,False,0.0,0.903374819047572,0.0,0.022031020348050868,0.04933006159015069,0.0,100
2463,We should prohibit school prayer,"[['A', 'B', 'C', 'D', 'E'], ['A', 'B', 'C', 'D', 'E']]",C,0.9944584427487939,0,1.005389623674516,True,True,1.0,0.0,0.0,0.0,0.0,0.00554155725120613,100
2463,We should prohibit school prayer,"[['A', 'B', 'C', 'D', 'E'], ['A', 'B', 'C', 'D', 'E']]",D,0.19429591555657677,0,0.2561800835686675,False,False,0.0,0.8052445354082951,0.0,1.6325531988437502e-06,0.00045791648192929866,0.0,100
2463,We should prohibit school prayer,"[['A', 'B', 'C', 'D', 'E'], ['A', 'B', 'C', 'D', 'E']]",E,0.9791032782383912,0,1.0050557851848994,True,True,1.0,0.0,0.010286440081054418,1.1055023834289102e-07,0.010610171130316322,0.0,100
3241,We should prohibit tabloid journalism,"[['A', 'B', 'C', 'D', 'E'], ['A', 'B', 'C', 'D', 'E']]",A,0.9999999999794861,0,0.9999999999848074,False,False,1.0,0.0,1.9971301263503358e-11,0.0,5.425906543397243e-13,0.0,100
3241,We should prohibit tabloid journalism,"[['A', 'B', 'C', 'D', 'E'], ['A', 'B', 'C', 'D', 'E']]",B,0.2684466101316791,0,0.3669443821638958,False,False,0.0,0.34678159361094546,0.0,0.10894444252805108,0.27582735372932443,0.0,100
3241,We should prohibit tabloid journalism,"[['A', 'B', 'C', 'D', 'E'], ['A', 'B', 'C', 'D', 'E']]",C,0.3685943153246016,0,0.4646010132813907,False,False,0.0,0.0,0.0,0.0,0.0,0.6314056846753983,100
3241,We should prohibit tabloid journalism,"[['A', 'B', 'C', 'D', 'E'], ['A', 'B', 'C', 'D', 'E']]",D,0.6002161217057969,0,0.7013663073216955,False,False,0.0,0.39977943728297105,0.0,1.302822455764566e-06,3.138188776465456e-06,0.0,100
3241,We should prohibit tabloid journalism,"[['A', 'B', 'C', 'D', 'E'], ['A', 'B', 'C', 'D', 'E']]",E,0.8564236995617993,0,0.9179795051935692,False,False,0.0,0.0,0.14355563198464322,5.547794695555751e-08,2.061297561054685e-05,0.0,100
3656,We should subsidize financial advisors,"[['A', 'B', 'C', 'D', 'E'], ['A', 'B', 'C', 'D', 'E']]",A,0.9999999999391869,0,0.9999999999614291,False,False,1.0,0.0,6.053360220786831e-11,0.0,2.794965891694187e-13,0.0,100
3656,We should subsidize financial advisors,"[['A', 'B', 'C', 'D', 'E'], ['A', 'B', 'C', 'D', 'E']]",B,4.33615405333094e-09,0,1.1711145388732577e-08,False,False,0.0,0.9999999956636784,0.0,4.752193658500649e-15,1.6281404384913177e-13,0.0,100
3656,We should subsidize financial advisors,"[['A', 'B', 'C', 'D', 'E'], ['A', 'B', 'C', 'D', 'E']]",C,0.971225338123127,0,1.0085076417716408,True,True,1.0,0.0,0.0,0.0,0.0,0.028774661876873123,100
3656,We should subsidize financial advisors,"[['A', 'B', 'C', 'D', 'E'], ['A', 'B', 'C', 'D', 'E']]",D,0.0006132525698257689,0,0.0013721119029120334,False,False,0.0,0.9993867470616933,0.0,9.020499510491909e-11,2.7827625587957884e-10,0.0,100
3656,We should subsidize financial advisors,"[['A', 'B', 'C', 'D', 'E'], ['A', 'B', 'C', 'D', 'E']]",E,0.9999815943779693,0,1.0000087614692394,True,True,1.0,0.0,1.840540912557042e-05,4.64607418347978e-11,1.6644415865292132e-10,0.0,100
3541,We should subsidize scholarships,"[['A', 'B', 'C', 'D', 'E'], ['A', 'B', 'C', 'D', 'E']]",A,0.9999999999880219,0,0.9999999999904187,False,False,1.0,0.0,1.149828855517105e-11,0.0,4.799276174967899e-13,0.0,100
3541,We should subsidize scholarships,"[['A', 'B', 'C', 'D', 'E'], ['A', 'B', 'C', 'D', 'E']]",B,3.5369904703632875e-07,0,1.1897319408585795e-06,False,False,0.0,0.9999996463007286,0.0,0.0,2.2451870238720634e-13,0.0,100
3541,We should subsidize scholarships,"[['A', 'B', 'C', 'D', 'E'], ['A', 'B', 'C', 'D', 'E']]",C,0.9902260852836844,0,1.0061985991381528,True,True,1.0,0.0,0.0,0.0,0.0,0.00977391471631558,100
3541,We should subsidize scholarships,"[['A', 'B', 'C', 'D', 'E'], ['A', 'B', 'C', 'D', 'E']]",D,0.07262260216714639,0,0.11649335072746504,False,False,0.0,0.9273773962497052,0.0,6.521158851065786e-10,9.31032614699679e-10,0.0,100
3541,We should subsidize scholarships,"[['A', 'B', 'C', 'D', 'E'], ['A', 'B', 'C', 'D', 'E']]",E,0.9996933005225722,0,1.0002396138630287,True,True,1.0,0.0,0.00030669935508736604,2.058443215433353e-11,1.0175587278424808e-10,0.0,100
4212,We should subsidize space exploration,"[['A', 'B', 'C', 'D', 'E'], ['A', 'B', 'C', 'D', 'E']]",A,0.9999999999886184,0,0.9999999999919749,False,False,1.0,0.0,1.1079609384727614e-11,0.0,3.02081515326109e-13,0.0,100
4212,We should subsidize space exploration,"[['A', 'B', 'C', 'D', 'E'], ['A', 'B', 'C', 'D', 'E']]",B,6.477656523177937e-07,0,1.6229201140066745e-06,False,False,0.0,0.9999993522341716,0.0,9.700214884535374e-14,7.930312253455195e-14,0.0,100
4212,We should subsidize space exploration,"[['A', 'B', 'C', 'D', 'E'], ['A', 'B', 'C', 'D', 'E']]",C,0.9405995975810271,0,0.9922836098837662,False,True,0.0,0.0,0.0,0.0,0.0,0.05940040241897311,100
4212,We should subsidize space exploration,"[['A', 'B', 'C', 'D', 'E'], ['A', 'B', 'C', 'D', 'E']]",D,0.0008224088459709608,0,0.0015749720044691553,False,False,0.0,0.9991768411325691,0.0,5.7812378834165004e-11,7.49963647431661e-07,0.0,100
4212,We should subsidize space exploration,"[['A', 'B', 'C', 'D', 'E'], ['A', 'B', 'C', 'D', 'E']]",E,0.9999998218320262,0,0.9999999173482778,False,False,1.0,0.0,1.747373941823825e-07,2.180808564540886e-11,3.4087716183778022e-09,0.0,100
