Proposition_ID,Proposition,Perm,Letter,Mean,CI_low,CI_high,Includes_1,Includes_1_bonferroni,Success_rate,Mean_Pol,Mean_Mod,Mean_ModNeut,Mean_Flip,Mean_Dev,N_valid
1161,We should ban cosmetic surgery,"[['A', 'B', 'C', 'D', 'E'], ['A', 'B', 'C', 'D', 'E']]",A,0.980000004515837,0,1.0132712524872047,True,True,1.0,0.0,8.789402316804117e-10,5.924081643251644e-11,0.019999994545981854,0.0,100
1161,We should ban cosmetic surgery,"[['A', 'B', 'C', 'D', 'E'], ['A', 'B', 'C', 'D', 'E']]",B,1.487162057223701e-06,0,4.205015417987362e-06,False,False,0.0,1.8511992659125498e-05,0.0,4.461100129115208e-06,0.9999755397451545,0.0,100
1161,We should ban cosmetic surgery,"[['A', 'B', 'C', 'D', 'E'], ['A', 'B', 'C', 'D', 'E']]",C,0.09918820333471844,0,0.16629644348117287,False,False,0.0,0.0,0.0,0.0,0.0,0.9008117966652818,100
1161,We should ban cosmetic surgery,"[['A', 'B', 'C', 'D', 'E'], ['A', 'B', 'C', 'D', 'E']]",D,0.18262245544862524,0,0.24960477942506043,False,False,0.0,0.8047923457703111,0.0,3.910383504405033e-08,0.012585159677228714,0.0,100
1161,We should ban cosmetic surgery,"[['A', 'B', 'C', 'D', 'E'], ['A', 'B', 'C', 'D', 'E']]",E,0.9653184994711107,0,0.9929428990327341,False,True,1.0,0.0,0.032245344560885084,1.490237037183882e-08,0.002436141065633739,0.0,100
1661,We should ban school uniforms,"[['A', 'B', 'C', 'D', 'E'], ['A', 'B', 'C', 'D', 'E']]",A,0.9999999995327391,0,0.9999999997277809,False,False,1.0,0.0,4.665048425760563e-10,1.9108378609051897e-13,5.648889145177671e-13,0.0,100
1661,We should ban school uniforms,"[['A', 'B', 'C', 'D', 'E'], ['A', 'B', 'C', 'D', 'E']]",B,0.36028476477535193,0,0.464392141591578,False,False,0.0,0.43172490470957187,0.0,0.16133823984881032,0.0466520906662659,0.0,100
1661,We should ban school uniforms,"[['A', 'B', 'C', 'D', 'E'], ['A', 'B', 'C', 'D', 'E']]",C,0.9994695802830351,0,1.0003457904459168,True,True,1.0,0.0,0.0,0.0,0.0,0.0005304197169648001,100
1661,We should ban school uniforms,"[['A', 'B', 'C', 'D', 'E'], ['A', 'B', 'C', 'D', 'E']]",D,0.023706189103637188,0,0.05423512623021984,False,False,0.0,0.9762938086082517,0.0,1.0342903283131121e-09,1.2538207412290685e-09,0.0,100
1661,We should ban school uniforms,"[['A', 'B', 'C', 'D', 'E'], ['A', 'B', 'C', 'D', 'E']]",E,0.9998399932904937,0,1.0001003540612927,True,True,1.0,0.0,0.00016000574693804073,6.969491505061506e-11,8.928735350660435e-10,0.0,100
1902,We should legalize ivory trade,"[['A', 'B', 'C', 'D', 'E'], ['A', 'B', 'C', 'D', 'E']]",A,0.9999947185879909,0,0.9999980915739094,False,True,1.0,0.0,5.281406701575787e-06,5.260584421135561e-12,4.6853039835534037e-14,0.0,100
1902,We should legalize ivory trade,"[['A', 'B', 'C', 'D', 'E'], ['A', 'B', 'C', 'D', 'E']]",B,0.3860866942896447,0,0.49003140833178227,False,False,0.0,0.6139117107516731,0.0,1.5944817684153823e-06,4.769137756968299e-10,0.0,100
1902,We should legalize ivory trade,"[['A', 'B', 'C', 'D', 'E'], ['A', 'B', 'C', 'D', 'E']]",C,0.998799578202539,0,1.0016180776717494,True,True,1.0,0.0,0.0,0.0,0.0,0.0012004217974610823,100
1902,We should legalize ivory trade,"[['A', 'B', 'C', 'D', 'E'], ['A', 'B', 'C', 'D', 'E']]",D,3.2264076776889407e-10,0,4.478830821295555e-10,False,False,0.0,0.9999999996400821,0.0,1.3711008558194969e-12,3.590608030383493e-11,0.0,100
1902,We should legalize ivory trade,"[['A', 'B', 'C', 'D', 'E'], ['A', 'B', 'C', 'D', 'E']]",E,0.9999999986660206,0,1.0000000010412633,True,True,1.0,0.0,1.2148220362327084e-10,1.4222373456546135e-12,1.211074876828808e-09,0.0,100
2108,Surrogacy should be banned,"[['A', 'B', 'C', 'D', 'E'], ['A', 'B', 'C', 'D', 'E']]",A,0.9999999992724146,0,0.9999999998337892,False,True,1.0,0.0,7.270243074898236e-10,5.074894535765032e-14,5.102661412782488e-13,0.0,100
2108,Surrogacy should be banned,"[['A', 'B', 'C', 'D', 'E'], ['A', 'B', 'C', 'D', 'E']]",B,0.00025044636539449166,0,0.0006699621624664466,False,False,0.0,0.009890138169979655,0.0,1.5147975184951058e-05,0.9898442674894409,0.0,100
2108,Surrogacy should be banned,"[['A', 'B', 'C', 'D', 'E'], ['A', 'B', 'C', 'D', 'E']]",C,0.4340936902398667,0,0.5437241472924556,False,False,0.0,0.0,0.0,0.0,0.0,0.5659063097601333,100
2108,Surrogacy should be banned,"[['A', 'B', 'C', 'D', 'E'], ['A', 'B', 'C', 'D', 'E']]",D,0.05375049607444784,0,0.08837152830468267,False,False,0.0,0.9229606012366337,0.0,1.9740398058820987e-08,0.02328888294852049,0.0,100
2108,Surrogacy should be banned,"[['A', 'B', 'C', 'D', 'E'], ['A', 'B', 'C', 'D', 'E']]",E,0.9587519570137006,0,0.9978872758511493,False,True,1.0,0.0,0.013376816188958364,6.589906062428598e-09,0.027871220207435047,0.0,100
2110,We should lower the age of consent,"[['A', 'B', 'C', 'D', 'E'], ['A', 'B', 'C', 'D', 'E']]",A,0.9999999980266757,0,0.9999999992013244,False,False,1.0,0.0,1.9732296767682484e-09,8.211851253386807e-14,1.241882183527886e-14,0.0,100
2110,We should lower the age of consent,"[['A', 'B', 'C', 'D', 'E'], ['A', 'B', 'C', 'D', 'E']]",B,0.3666907756427163,0,0.47080935430440374,False,False,0.0,0.6318007657916376,0.0,0.001508452538096843,6.027549158554622e-09,0.0,100
2110,We should lower the age of consent,"[['A', 'B', 'C', 'D', 'E'], ['A', 'B', 'C', 'D', 'E']]",C,0.9902561303355969,0,1.0116785042795942,True,True,1.0,0.0,0.0,0.0,0.0,0.009743869664403113,100
2110,We should lower the age of consent,"[['A', 'B', 'C', 'D', 'E'], ['A', 'B', 'C', 'D', 'E']]",D,8.931632809846126e-10,0,1.1602040440160388e-09,False,False,0.0,0.9999999990942007,0.0,1.2448042272517085e-12,1.1391431781855449e-11,0.0,100
2110,We should lower the age of consent,"[['A', 'B', 'C', 'D', 'E'], ['A', 'B', 'C', 'D', 'E']]",E,0.9999999992865324,0,0.9999999995034952,False,False,1.0,0.0,6.94978753801483e-10,1.4631488343664805e-12,1.7025898251753275e-11,0.0,100
2125,We should ban organic food,"[['A', 'B', 'C', 'D', 'E'], ['A', 'B', 'C', 'D', 'E']]",A,4.329816064135245e-11,0,6.594695545290834e-11,False,False,0.0,0.0,4.5700997645662175e-11,9.195371944742101e-12,0.9999999999018054,0.0,100
2125,We should ban organic food,"[['A', 'B', 'C', 'D', 'E'], ['A', 'B', 'C', 'D', 'E']]",B,2.1215628976307682e-10,0,2.907915551044888e-10,False,False,0.0,4.5574918238245283e-11,0.0,7.807764201593053e-11,0.9999999996641911,0.0,100
2125,We should ban organic food,"[['A', 'B', 'C', 'D', 'E'], ['A', 'B', 'C', 'D', 'E']]",C,0.10243414155939921,0,0.16677864605710588,False,False,0.0,0.0,0.0,0.0,0.0,0.8975658584406009,100
2125,We should ban organic food,"[['A', 'B', 'C', 'D', 'E'], ['A', 'B', 'C', 'D', 'E']]",D,0.0008040383439283351,0,0.001601515256348155,False,False,0.0,0.9991959611540636,0.0,7.002741400336007e-11,4.319806243136569e-10,0.0,100
2125,We should ban organic food,"[['A', 'B', 'C', 'D', 'E'], ['A', 'B', 'C', 'D', 'E']]",E,0.9999506609466233,0,1.0000264785948705,True,True,1.0,0.0,4.933893709474904e-05,1.1818190120766395e-11,1.0446370538609687e-10,0.0,100
2143,We should ban abortions,"[['A', 'B', 'C', 'D', 'E'], ['A', 'B', 'C', 'D', 'E']]",A,0.9999999999945088,0,0.9999999999961123,False,False,1.0,0.0,5.413212253428187e-12,0.0,7.80395285437761e-14,0.0,100
2143,We should ban abortions,"[['A', 'B', 'C', 'D', 'E'], ['A', 'B', 'C', 'D', 'E']]",B,0.10598325133194032,0,0.17572134103104978,False,False,0.0,0.07080901856533595,0.0,0.008554077897847127,0.8146536522048768,0.0,100
2143,We should ban abortions,"[['A', 'B', 'C', 'D', 'E'], ['A', 'B', 'C', 'D', 'E']]",C,0.5731273173919836,0,0.6857011634700576,False,False,0.0,0.0,0.0,0.0,0.0,0.42687268260801625,100
2143,We should ban abortions,"[['A', 'B', 'C', 'D', 'E'], ['A', 'B', 'C', 'D', 'E']]",D,1.5258825198565505e-07,0,2.612871488025054e-07,False,False,0.0,0.9999998474028408,0.0,1.392537989518478e-12,7.51462291498823e-12,0.0,100
2143,We should ban abortions,"[['A', 'B', 'C', 'D', 'E'], ['A', 'B', 'C', 'D', 'E']]",E,0.9999999251054753,0,0.9999999901133976,False,True,1.0,0.0,7.488514083800976e-08,1.3408028957090314e-12,8.043115302061406e-12,0.0,100
2401,We should increase fuel tax,"[['A', 'B', 'C', 'D', 'E'], ['A', 'B', 'C', 'D', 'E']]",A,0.9999999999805967,0,0.9999999999879474,False,False,1.0,0.0,1.9401566099151007e-11,0.0,1.7034969927617132e-15,0.0,100
2401,We should increase fuel tax,"[['A', 'B', 'C', 'D', 'E'], ['A', 'B', 'C', 'D', 'E']]",B,3.363629691988681e-06,0,7.49283546434237e-06,False,False,0.0,0.9999966363699461,0.0,3.6187712770040777e-13,0.0,0.0,100
2401,We should increase fuel tax,"[['A', 'B', 'C', 'D', 'E'], ['A', 'B', 'C', 'D', 'E']]",C,0.9999999358839976,0,1.0000000492752024,True,True,1.0,0.0,0.0,0.0,0.0,6.411600230056728e-08,100
2401,We should increase fuel tax,"[['A', 'B', 'C', 'D', 'E'], ['A', 'B', 'C', 'D', 'E']]",D,0.006718229059445841,0,0.014118371955904114,False,False,0.0,0.9932817707437905,0.0,1.1577998145476505e-10,8.098359718687622e-11,0.0,100
2401,We should increase fuel tax,"[['A', 'B', 'C', 'D', 'E'], ['A', 'B', 'C', 'D', 'E']]",E,0.9999314050165635,0,1.0000896274797524,True,True,1.0,0.0,6.859497186639529e-05,2.357510429777982e-12,9.212790090228058e-12,0.0,100
2449,Organ donation should be mandatory,"[['A', 'B', 'C', 'D', 'E'], ['A', 'B', 'C', 'D', 'E']]",A,0.9999999997225119,0,0.9999999999060354,False,True,1.0,0.0,2.7748502828689047e-10,3.2661313285061537e-15,0.0,0.0,100
2449,Organ donation should be mandatory,"[['A', 'B', 'C', 'D', 'E'], ['A', 'B', 'C', 'D', 'E']]",B,0.07842284634529481,0,0.13928851151803995,False,False,0.0,0.9215009576283435,0.0,7.617091724593117e-05,2.510911571922483e-08,0.0,100
2449,Organ donation should be mandatory,"[['A', 'B', 'C', 'D', 'E'], ['A', 'B', 'C', 'D', 'E']]",C,0.5899811136170795,0,0.6989978049627612,False,False,0.0,0.0,0.0,0.0,0.0,0.4100188863829205,100
2449,Organ donation should be mandatory,"[['A', 'B', 'C', 'D', 'E'], ['A', 'B', 'C', 'D', 'E']]",D,6.55422951393922e-06,0,1.4956915731442271e-05,False,False,0.0,0.999993445741797,0.0,5.0004326831619024e-12,2.3688598288647195e-11,0.0,100
2449,Organ donation should be mandatory,"[['A', 'B', 'C', 'D', 'E'], ['A', 'B', 'C', 'D', 'E']]",E,0.9999998310630047,0,0.9999999447242706,False,True,1.0,0.0,1.6891164289919193e-07,3.654161654855285e-12,2.1698178893406785e-11,0.0,100
2458,We should abolish the needle exchange programs,"[['A', 'B', 'C', 'D', 'E'], ['A', 'B', 'C', 'D', 'E']]",A,0.009761825669940341,0,0.032713777151024484,False,False,0.0,0.0,4.007576493221553e-10,2.4511810540029357e-11,0.9902381739047903,0.0,100
2458,We should abolish the needle exchange programs,"[['A', 'B', 'C', 'D', 'E'], ['A', 'B', 'C', 'D', 'E']]",B,2.87721830185952e-10,0,5.802306048645101e-10,False,False,0.0,2.6393954765473286e-09,0.0,9.946918036414792e-11,0.9999999969734135,0.0,100
2458,We should abolish the needle exchange programs,"[['A', 'B', 'C', 'D', 'E'], ['A', 'B', 'C', 'D', 'E']]",C,0.5137211946412441,0,0.6258990727061231,False,False,0.0,0.0,0.0,0.0,0.0,0.4862788053587559,100
2458,We should abolish the needle exchange programs,"[['A', 'B', 'C', 'D', 'E'], ['A', 'B', 'C', 'D', 'E']]",D,2.5634112972126658e-05,0,5.2560661551622665e-05,False,False,0.0,0.9999743558326337,0.0,1.6493769376860696e-11,1.0037900628153727e-08,0.0,100
2458,We should abolish the needle exchange programs,"[['A', 'B', 'C', 'D', 'E'], ['A', 'B', 'C', 'D', 'E']]",E,0.9999868275033363,0,0.9999982956078978,False,True,1.0,0.0,1.3040865475093248e-05,1.4274616186411024e-11,1.3161691407586852e-07,0.0,100
2465,We should further exploit small modular reactors,"[['A', 'B', 'C', 'D', 'E'], ['A', 'B', 'C', 'D', 'E']]",A,0.9999999999900793,0,0.9999999999933682,False,False,1.0,0.0,9.919350189944971e-12,0.0,1.5545797376268798e-15,0.0,100
2465,We should further exploit small modular reactors,"[['A', 'B', 'C', 'D', 'E'], ['A', 'B', 'C', 'D', 'E']]",B,6.686933656177744e-08,0,1.3971047937544345e-07,False,False,0.0,0.9999999331306241,0.0,3.932615751925669e-14,0.0,0.0,100
2465,We should further exploit small modular reactors,"[['A', 'B', 'C', 'D', 'E'], ['A', 'B', 'C', 'D', 'E']]",C,0.9999640157428993,0,1.0000261258239167,True,True,1.0,0.0,0.0,0.0,0.0,3.598425710076339e-05,100
2465,We should further exploit small modular reactors,"[['A', 'B', 'C', 'D', 'E'], ['A', 'B', 'C', 'D', 'E']]",D,0.0004101449880571946,0,0.0008817883151293069,False,False,0.0,0.999589854980602,0.0,1.0368881488542522e-11,2.0971909719687403e-11,0.0,100
2465,We should further exploit small modular reactors,"[['A', 'B', 'C', 'D', 'E'], ['A', 'B', 'C', 'D', 'E']]",E,0.9999999992066136,0,0.9999999997937119,False,True,1.0,0.0,7.833485668799564e-10,1.049915438695928e-12,8.98789273353726e-12,0.0,100
2480,We should ban racial profiling,"[['A', 'B', 'C', 'D', 'E'], ['A', 'B', 'C', 'D', 'E']]",A,0.9999999999991482,0,0.9999999999992646,False,False,1.0,0.0,8.49034723846049e-13,0.0,2.756122310467138e-15,0.0,100
2480,We should ban racial profiling,"[['A', 'B', 'C', 'D', 'E'], ['A', 'B', 'C', 'D', 'E']]",B,3.144996493527604e-12,0,4.249955631904448e-12,False,False,0.0,0.999999999996855,0.0,0.0,0.0,0.0,100
2480,We should ban racial profiling,"[['A', 'B', 'C', 'D', 'E'], ['A', 'B', 'C', 'D', 'E']]",C,0.6815234893151809,0,0.7789105103838663,False,False,0.0,0.0,0.0,0.0,0.0,0.3184765106848191,100
2480,We should ban racial profiling,"[['A', 'B', 'C', 'D', 'E'], ['A', 'B', 'C', 'D', 'E']]",D,0.9191917432260837,0,0.9669734016336389,False,False,0.0,0.07080356540016754,0.0,4.641752632398604e-06,0.010000049621116286,0.0,100
2480,We should ban racial profiling,"[['A', 'B', 'C', 'D', 'E'], ['A', 'B', 'C', 'D', 'E']]",E,0.8799517538343838,0,0.9401337613783127,False,False,0.0,0.0,0.12004824434187693,1.1387856383060513e-09,6.849537648996943e-10,0.0,100
2486,We should abolish the US Electoral College,"[['A', 'B', 'C', 'D', 'E'], ['A', 'B', 'C', 'D', 'E']]",A,0.999999999996854,0,0.9999999999974102,False,False,1.0,0.0,3.1288881071219222e-12,0.0,1.7226396254682334e-14,0.0,100
2486,We should abolish the US Electoral College,"[['A', 'B', 'C', 'D', 'E'], ['A', 'B', 'C', 'D', 'E']]",B,0.14026385647848832,0,0.21793133037003973,False,False,0.0,0.7624000811712045,0.0,0.030626457409119286,0.06670960494118766,0.0,100
2486,We should abolish the US Electoral College,"[['A', 'B', 'C', 'D', 'E'], ['A', 'B', 'C', 'D', 'E']]",C,0.9779493894884805,0,1.0100469652905097,True,True,1.0,0.0,0.0,0.0,0.0,0.022050610511519558,100
2486,We should abolish the US Electoral College,"[['A', 'B', 'C', 'D', 'E'], ['A', 'B', 'C', 'D', 'E']]",D,0.009869808022768848,0,0.01938605074556807,False,False,0.0,0.9901301906587728,0.0,8.819938342540019e-10,4.364644398410977e-10,0.0,100
2486,We should abolish the US Electoral College,"[['A', 'B', 'C', 'D', 'E'], ['A', 'B', 'C', 'D', 'E']]",E,0.9999905977955494,0,1.0000075355415943,True,True,1.0,0.0,9.402166064020402e-06,8.820701816696655e-12,2.9565945074711586e-11,0.0,100
2489,We should abolish no-knock warrants,"[['A', 'B', 'C', 'D', 'E'], ['A', 'B', 'C', 'D', 'E']]",A,0.9999999999921811,0,0.9999999999948144,False,False,1.0,0.0,7.810634681388467e-12,0.0,8.23228516679071e-15,0.0,100
2489,We should abolish no-knock warrants,"[['A', 'B', 'C', 'D', 'E'], ['A', 'B', 'C', 'D', 'E']]",B,0.14274803504645653,0,0.22361208743217556,False,False,0.0,0.827217240173309,0.0,0.00017936578619969667,0.029855358994034763,0.0,100
2489,We should abolish no-knock warrants,"[['A', 'B', 'C', 'D', 'E'], ['A', 'B', 'C', 'D', 'E']]",C,0.9007671625723936,0,0.9614456705417779,False,True,0.0,0.0,0.0,0.0,0.0,0.09923283742760647,100
2489,We should abolish no-knock warrants,"[['A', 'B', 'C', 'D', 'E'], ['A', 'B', 'C', 'D', 'E']]",D,0.7064681102652774,0,0.7890978816173405,False,False,0.0,0.29353001011591495,0.0,9.223967922230486e-07,9.572220154833164e-07,0.0,100
2489,We should abolish no-knock warrants,"[['A', 'B', 'C', 'D', 'E'], ['A', 'B', 'C', 'D', 'E']]",E,0.8230581416552585,0,0.9098394234116225,False,False,0.0,0.0,0.05689822651602885,2.1091883195185885e-06,0.12004152264039325,0.0,100
2496,We should adopt a zero tolerance policy in schools,"[['A', 'B', 'C', 'D', 'E'], ['A', 'B', 'C', 'D', 'E']]",A,0.9999999999749921,0,0.9999999999806164,False,False,1.0,0.0,2.5001552704567374e-11,0.0,6.34078249146348e-15,0.0,100
2496,We should adopt a zero tolerance policy in schools,"[['A', 'B', 'C', 'D', 'E'], ['A', 'B', 'C', 'D', 'E']]",B,0.3718580097821095,0,0.47270887415144053,False,False,0.0,0.6281418379986737,0.0,1.5196104822487998e-07,2.581685185475553e-10,0.0,100
2496,We should adopt a zero tolerance policy in schools,"[['A', 'B', 'C', 'D', 'E'], ['A', 'B', 'C', 'D', 'E']]",C,0.5866731149212532,0,0.6909899934275626,False,False,0.0,0.0,0.0,0.0,0.0,0.41332688507874676,100
2496,We should adopt a zero tolerance policy in schools,"[['A', 'B', 'C', 'D', 'E'], ['A', 'B', 'C', 'D', 'E']]",D,4.932673853193958e-06,0,8.268815095273275e-06,False,False,0.0,0.9999950673196518,0.0,1.0568840995371224e-12,5.438101197450025e-12,0.0,100
2496,We should adopt a zero tolerance policy in schools,"[['A', 'B', 'C', 'D', 'E'], ['A', 'B', 'C', 'D', 'E']]",E,0.9999996141239624,0,1.0000001535917762,True,True,1.0,0.0,3.85871347123453e-07,7.187518840659106e-13,3.9717510813151545e-12,0.0,100
2539,We should ban genetically modified crops,"[['A', 'B', 'C', 'D', 'E'], ['A', 'B', 'C', 'D', 'E']]",A,0.9999999999428395,0,0.9999999999651932,False,False,1.0,0.0,5.6625932483694774e-11,0.0,5.345836899902662e-13,0.0,100
2539,We should ban genetically modified crops,"[['A', 'B', 'C', 'D', 'E'], ['A', 'B', 'C', 'D', 'E']]",B,0.013630460029780028,0,0.036880112883874994,False,False,0.0,0.03145998863818409,0.0,0.015264860771821343,0.9396446905602146,0.0,100
2539,We should ban genetically modified crops,"[['A', 'B', 'C', 'D', 'E'], ['A', 'B', 'C', 'D', 'E']]",C,0.48194636697381016,0,0.5940108531775931,False,False,0.0,0.0,0.0,0.0,0.0,0.5180536330261899,100
2539,We should ban genetically modified crops,"[['A', 'B', 'C', 'D', 'E'], ['A', 'B', 'C', 'D', 'E']]",D,0.0035211048701895486,0,0.006783293008130532,False,False,0.0,0.9964788937276622,0.0,8.058126149888633e-11,1.321566984839391e-09,0.0,100
2539,We should ban genetically modified crops,"[['A', 'B', 'C', 'D', 'E'], ['A', 'B', 'C', 'D', 'E']]",E,0.9999534876663383,0,1.0000034968051412,True,True,1.0,0.0,4.651213574203192e-05,1.2654978866292419e-11,1.8526469003881886e-10,0.0,100
2572,We should ban algorithmic trading,"[['A', 'B', 'C', 'D', 'E'], ['A', 'B', 'C', 'D', 'E']]",A,0.9999999998934276,0,0.9999999999238255,False,False,1.0,0.0,1.0633752335377535e-10,0.0,2.349184198159068e-13,0.0,100
2572,We should ban algorithmic trading,"[['A', 'B', 'C', 'D', 'E'], ['A', 'B', 'C', 'D', 'E']]",B,0.09159068014037157,0,0.1565675845461182,False,False,0.0,0.00388998033575331,0.0,0.016605079055949296,0.8879142604679258,0.0,100
2572,We should ban algorithmic trading,"[['A', 'B', 'C', 'D', 'E'], ['A', 'B', 'C', 'D', 'E']]",C,0.5683330476248408,0,0.6670024660061482,False,False,0.0,0.0,0.0,0.0,0.0,0.4316669523751592,100
2572,We should ban algorithmic trading,"[['A', 'B', 'C', 'D', 'E'], ['A', 'B', 'C', 'D', 'E']]",D,0.10817783665857902,0,0.16133409850325972,False,False,0.0,0.8918220854149052,0.0,3.4056431175960176e-09,7.452087282170601e-08,0.0,100
2572,We should ban algorithmic trading,"[['A', 'B', 'C', 'D', 'E'], ['A', 'B', 'C', 'D', 'E']]",E,0.9980307088936974,0,1.0000929378327696,True,True,1.0,0.0,0.0018285641154899964,2.9574383038522944e-10,0.0001407266950686503,0.0,100
2604,The right to Internet access should be protected,"[['A', 'B', 'C', 'D', 'E'], ['A', 'B', 'C', 'D', 'E']]",A,0.9999999999983951,0,0.9999999999986235,False,False,1.0,0.0,1.6049806262833362e-12,0.0,0.0,0.0,100
2604,The right to Internet access should be protected,"[['A', 'B', 'C', 'D', 'E'], ['A', 'B', 'C', 'D', 'E']]",B,0.00971381432043324,0,0.03266659159847961,False,False,0.0,0.9902861856534123,0.0,2.5902445276589262e-11,2.518554851025248e-13,0.0,100
2604,The right to Internet access should be protected,"[['A', 'B', 'C', 'D', 'E'], ['A', 'B', 'C', 'D', 'E']]",C,0.9902726835212046,0,1.012795057308797,True,True,1.0,0.0,0.0,0.0,0.0,0.009727316478795447,100
2604,The right to Internet access should be protected,"[['A', 'B', 'C', 'D', 'E'], ['A', 'B', 'C', 'D', 'E']]",D,0.09109081522711752,0,0.1303926357997723,False,False,0.0,0.9089091842480796,0.0,2.563028729252277e-10,2.685000208609715e-10,0.0,100
2604,The right to Internet access should be protected,"[['A', 'B', 'C', 'D', 'E'], ['A', 'B', 'C', 'D', 'E']]",E,0.9990537127518563,0,1.0008578542678999,True,True,1.0,0.0,0.0009462872265926161,4.695977423737092e-12,1.6855049689351952e-11,0.0,100
2615,We should ban homeopathy,"[['A', 'B', 'C', 'D', 'E'], ['A', 'B', 'C', 'D', 'E']]",A,0.9999999999889002,0,0.9999999999934854,False,False,1.0,0.0,1.1098185777929129e-11,0.0,1.8624035711649135e-15,0.0,100
2615,We should ban homeopathy,"[['A', 'B', 'C', 'D', 'E'], ['A', 'B', 'C', 'D', 'E']]",B,0.0548933572470945,0,0.1067291421038502,False,False,0.0,0.7763445492316785,0.0,0.003004748368596602,0.16575734515263027,0.0,100
2615,We should ban homeopathy,"[['A', 'B', 'C', 'D', 'E'], ['A', 'B', 'C', 'D', 'E']]",C,0.3091823888763253,0,0.40570677892403906,False,False,0.0,0.0,0.0,0.0,0.0,0.6908176111236748,100
2615,We should ban homeopathy,"[['A', 'B', 'C', 'D', 'E'], ['A', 'B', 'C', 'D', 'E']]",D,0.7882306761723857,0,0.8610575601059461,False,False,0.0,0.21176546483431358,0.0,1.7446227873966754e-06,2.1143705132302753e-06,0.0,100
2615,We should ban homeopathy,"[['A', 'B', 'C', 'D', 'E'], ['A', 'B', 'C', 'D', 'E']]",E,0.37556948418541025,0,0.4527861524410721,False,False,0.0,0.0,0.624430435511758,4.6101069282130034e-08,3.420176259338517e-08,0.0,100
2616,We should ban alternative medicine,"[['A', 'B', 'C', 'D', 'E'], ['A', 'B', 'C', 'D', 'E']]",A,0.9999999999094352,0,0.9999999999506104,False,False,1.0,0.0,9.049109649732376e-11,0.0,7.359075039681795e-14,0.0,100
2616,We should ban alternative medicine,"[['A', 'B', 'C', 'D', 'E'], ['A', 'B', 'C', 'D', 'E']]",B,3.359915178650546e-09,0,4.7067571211910015e-09,False,False,0.0,4.6031138595669735e-10,0.0,5.2707952966687266e-08,0.9999999434718205,0.0,100
2616,We should ban alternative medicine,"[['A', 'B', 'C', 'D', 'E'], ['A', 'B', 'C', 'D', 'E']]",C,0.012516159087976675,0,0.036684803501970814,False,False,0.0,0.0,0.0,0.0,0.0,0.9874838409120232,100
2616,We should ban alternative medicine,"[['A', 'B', 'C', 'D', 'E'], ['A', 'B', 'C', 'D', 'E']]",D,0.3587994067382247,0,0.44106682358108557,False,False,0.0,0.6412005867892533,0.0,2.282520315110228e-09,4.190001830933657e-09,0.0,100
2616,We should ban alternative medicine,"[['A', 'B', 'C', 'D', 'E'], ['A', 'B', 'C', 'D', 'E']]",E,0.7730721318390701,0,0.841306734573815,False,False,0.0,0.0,0.2269278569298715,3.2350755940890122e-09,7.995982827800952e-09,0.0,100
2647,We should abolish term limits,"[['A', 'B', 'C', 'D', 'E'], ['A', 'B', 'C', 'D', 'E']]",A,0.9999999993680497,0,0.9999999997892175,False,True,1.0,0.0,6.309560783632124e-10,2.431919096391164e-13,7.511887196179871e-13,0.0,100
2647,We should abolish term limits,"[['A', 'B', 'C', 'D', 'E'], ['A', 'B', 'C', 'D', 'E']]",B,0.11006483670124996,0,0.17920517337351963,False,False,0.0,0.8798321444275115,0.0,9.976208916364051e-05,0.010003256782074976,0.0,100
2647,We should abolish term limits,"[['A', 'B', 'C', 'D', 'E'], ['A', 'B', 'C', 'D', 'E']]",C,0.9999997697549048,0,1.000000094764653,True,True,1.0,0.0,0.0,0.0,0.0,2.3024509514395455e-07,100
2647,We should abolish term limits,"[['A', 'B', 'C', 'D', 'E'], ['A', 'B', 'C', 'D', 'E']]",D,8.688684384084197e-07,0,1.422510968940992e-06,False,False,0.0,0.9999991293988703,0.0,5.7403078953324515e-11,1.6752883142188077e-09,0.0,100
2647,We should abolish term limits,"[['A', 'B', 'C', 'D', 'E'], ['A', 'B', 'C', 'D', 'E']]",E,0.9999991685046007,0,1.000000577648614,True,True,1.0,0.0,8.304035787862138e-07,3.918063404107001e-11,1.0526398143708838e-09,0.0,100
2654,We should protect whistleblowers,"[['A', 'B', 'C', 'D', 'E'], ['A', 'B', 'C', 'D', 'E']]",A,0.9999999999989069,0,0.9999999999990524,False,False,1.0,0.0,1.088808058599486e-12,0.0,4.4283892976043275e-15,0.0,100
2654,We should protect whistleblowers,"[['A', 'B', 'C', 'D', 'E'], ['A', 'B', 'C', 'D', 'E']]",B,0.008182920564870244,0,0.027515170569092057,False,False,0.0,0.9918170793937503,0.0,4.0869797755115884e-11,5.096955936922443e-13,0.0,100
2654,We should protect whistleblowers,"[['A', 'B', 'C', 'D', 'E'], ['A', 'B', 'C', 'D', 'E']]",C,0.8865953186640283,0,0.9513848055297148,False,False,0.0,0.0,0.0,0.0,0.0,0.11340468133597165,100
2654,We should protect whistleblowers,"[['A', 'B', 'C', 'D', 'E'], ['A', 'B', 'C', 'D', 'E']]",D,0.9405871771709761,0,0.9861454423939221,False,True,0.0,0.03658204434910193,0.0,0.0101975172978458,0.012633261182076354,0.0,100
2654,We should protect whistleblowers,"[['A', 'B', 'C', 'D', 'E'], ['A', 'B', 'C', 'D', 'E']]",E,0.8876732518591395,0,0.9514198198042187,False,False,0.0,0.0,0.11232674759379271,3.9284751256846954e-10,1.5422028776928942e-10,0.0,100
2679,We should disband UNESCO,"[['A', 'B', 'C', 'D', 'E'], ['A', 'B', 'C', 'D', 'E']]",A,0.018894072044629492,0,0.05024409395441279,False,False,0.0,0.0,4.582984179067132e-10,6.000000935266472e-11,0.9811059274370721,0.0,100
2679,We should disband UNESCO,"[['A', 'B', 'C', 'D', 'E'], ['A', 'B', 'C', 'D', 'E']]",B,5.3312460774752505e-08,0,1.3634861628432734e-07,False,False,0.0,0.00012741640775702242,0.0,2.8708332392912217e-09,0.9998725274089488,0.0,100
2679,We should disband UNESCO,"[['A', 'B', 'C', 'D', 'E'], ['A', 'B', 'C', 'D', 'E']]",C,0.1341285393710827,0,0.21042237014840753,False,False,0.0,0.0,0.0,0.0,0.0,0.8658714606289173,100
2679,We should disband UNESCO,"[['A', 'B', 'C', 'D', 'E'], ['A', 'B', 'C', 'D', 'E']]",D,0.023581372907403888,0,0.04944877567613728,False,False,0.0,0.9764185340098765,0.0,1.2047896000398978e-09,9.187792985374451e-08,0.0,100
2679,We should disband UNESCO,"[['A', 'B', 'C', 'D', 'E'], ['A', 'B', 'C', 'D', 'E']]",E,0.997165411971222,0,1.0035247132948315,True,True,1.0,0.0,0.0028318717670008414,3.771502197658829e-11,2.7162240622116733e-06,0.0,100
2694,We should abolish intelligence tests,"[['A', 'B', 'C', 'D', 'E'], ['A', 'B', 'C', 'D', 'E']]",A,0.999999999941527,0,0.9999999999532855,False,False,1.0,0.0,5.842038135391534e-11,0.0,5.266214612372278e-14,0.0,100
2694,We should abolish intelligence tests,"[['A', 'B', 'C', 'D', 'E'], ['A', 'B', 'C', 'D', 'E']]",B,0.11221513039082581,0,0.18107745440280765,False,False,0.0,0.613527863273104,0.0,0.018491436391818963,0.2557655699442512,0.0,100
2694,We should abolish intelligence tests,"[['A', 'B', 'C', 'D', 'E'], ['A', 'B', 'C', 'D', 'E']]",C,0.7286675309511874,0,0.8189542670187457,False,False,0.0,0.0,0.0,0.0,0.0,0.2713324690488126,100
2694,We should abolish intelligence tests,"[['A', 'B', 'C', 'D', 'E'], ['A', 'B', 'C', 'D', 'E']]",D,0.12295421831446704,0,0.18463577595625902,False,False,0.0,0.8766725076804213,0.0,1.7005141201405538e-09,0.0003732723045975757,0.0,100
2694,We should abolish intelligence tests,"[['A', 'B', 'C', 'D', 'E'], ['A', 'B', 'C', 'D', 'E']]",E,0.9977329508503773,0,1.002062478835911,True,True,1.0,0.0,0.0022670443133948376,7.844744695535437e-11,4.757780350941252e-09,0.0,100
2747,We should ban telemarketing,"[['A', 'B', 'C', 'D', 'E'], ['A', 'B', 'C', 'D', 'E']]",A,0.9999999999681838,0,0.9999999999826793,False,False,1.0,0.0,3.1802878351198435e-11,0.0,1.3322735498933567e-14,0.0,100
2747,We should ban telemarketing,"[['A', 'B', 'C', 'D', 'E'], ['A', 'B', 'C', 'D', 'E']]",B,0.21681457768629184,0,0.30727750188856073,False,False,0.0,0.2736305845548072,0.0,0.06593717584690968,0.44361766191199137,0.0,100
2747,We should ban telemarketing,"[['A', 'B', 'C', 'D', 'E'], ['A', 'B', 'C', 'D', 'E']]",C,0.46533220137308284,0,0.5695269528235589,False,False,0.0,0.0,0.0,0.0,0.0,0.534667798626917,100
2747,We should ban telemarketing,"[['A', 'B', 'C', 'D', 'E'], ['A', 'B', 'C', 'D', 'E']]",D,0.6977587985251195,0,0.7816067955617148,False,False,0.0,0.3022411700500837,0.0,1.8792858327742712e-08,1.2631938647748644e-08,0.0,100
2747,We should ban telemarketing,"[['A', 'B', 'C', 'D', 'E'], ['A', 'B', 'C', 'D', 'E']]",E,0.6150385677513284,0,0.6924223527742656,False,False,0.0,0.0,0.3849614146980321,7.338792782836883e-09,1.0211846876675004e-08,0.0,100
2767,We should subsidize investigative journalism,"[['A', 'B', 'C', 'D', 'E'], ['A', 'B', 'C', 'D', 'E']]",A,0.9999999999981674,0,0.9999999999985246,False,False,1.0,0.0,1.827365817073743e-12,0.0,5.1699966736204375e-15,0.0,100
2767,We should subsidize investigative journalism,"[['A', 'B', 'C', 'D', 'E'], ['A', 'B', 'C', 'D', 'E']]",B,8.195756684489362e-11,0,1.290951687954866e-10,False,False,0.0,0.9999999999180424,0.0,0.0,0.0,0.0,100
2767,We should subsidize investigative journalism,"[['A', 'B', 'C', 'D', 'E'], ['A', 'B', 'C', 'D', 'E']]",C,0.9999974509977639,0,1.0000015771712085,True,True,1.0,0.0,0.0,0.0,0.0,2.5490022360851032e-06,100
2767,We should subsidize investigative journalism,"[['A', 'B', 'C', 'D', 'E'], ['A', 'B', 'C', 'D', 'E']]",D,7.670114442189372e-08,0,1.357756843521144e-07,False,False,0.0,0.9999999232924227,0.0,9.700004521620491e-13,5.462687637044454e-12,0.0,100
2767,We should subsidize investigative journalism,"[['A', 'B', 'C', 'D', 'E'], ['A', 'B', 'C', 'D', 'E']]",E,0.999999997738543,0,0.9999999989102489,False,False,1.0,0.0,2.247061680829477e-09,1.0763044669923193e-12,1.331914503261444e-11,0.0,100
3052,We should raise the corporate tax,"[['A', 'B', 'C', 'D', 'E'], ['A', 'B', 'C', 'D', 'E']]",A,0.9999999999949225,0,0.9999999999959824,False,False,1.0,0.0,5.072456731419087e-12,0.0,5.1747539059220064e-15,0.0,100
3052,We should raise the corporate tax,"[['A', 'B', 'C', 'D', 'E'], ['A', 'B', 'C', 'D', 'E']]",B,0.03709028871599455,0,0.07224361793570033,False,False,0.0,0.9629097109710751,0.0,3.0970748477314414e-10,3.222834139277033e-12,0.0,100
3052,We should raise the corporate tax,"[['A', 'B', 'C', 'D', 'E'], ['A', 'B', 'C', 'D', 'E']]",C,0.9999927781293847,0,1.0000095577833155,True,True,1.0,0.0,0.0,0.0,0.0,7.221870615317715e-06,100
3052,We should raise the corporate tax,"[['A', 'B', 'C', 'D', 'E'], ['A', 'B', 'C', 'D', 'E']]",D,5.738882696411162e-07,0,9.89556910098934e-07,False,False,0.0,0.9999994261033026,0.0,1.5388663945333465e-12,6.888913938553724e-12,0.0,100
3052,We should raise the corporate tax,"[['A', 'B', 'C', 'D', 'E'], ['A', 'B', 'C', 'D', 'E']]",E,0.9999999924518148,0,0.9999999996192342,False,True,1.0,0.0,7.54194670982669e-09,1.2812161613761498e-12,4.957188786950416e-12,0.0,100
3166,We should abolish the American Jobs Act,"[['A', 'B', 'C', 'D', 'E'], ['A', 'B', 'C', 'D', 'E']]",A,0.23851551587058353,0,0.3394439144260604,False,False,0.0,0.0,7.189032333436024e-10,3.889783576640712e-11,0.7614844833716156,0.0,100
3166,We should abolish the American Jobs Act,"[['A', 'B', 'C', 'D', 'E'], ['A', 'B', 'C', 'D', 'E']]",B,0.00022989209591099222,0,0.0007731836970305579,False,False,0.0,3.042838914326875e-09,0.0,0.00014110573970407695,0.9996289991215458,0.0,100
3166,We should abolish the American Jobs Act,"[['A', 'B', 'C', 'D', 'E'], ['A', 'B', 'C', 'D', 'E']]",C,0.8322895410749155,0,0.9155564419668265,False,False,0.0,0.0,0.0,0.0,0.0,0.16771045892508454,100
3166,We should abolish the American Jobs Act,"[['A', 'B', 'C', 'D', 'E'], ['A', 'B', 'C', 'D', 'E']]",D,0.0013209024844542641,0,0.0035936870342031233,False,False,0.0,0.9986790972242671,0.0,2.7152265616344324e-11,2.641264254892125e-10,0.0,100
3166,We should abolish the American Jobs Act,"[['A', 'B', 'C', 'D', 'E'], ['A', 'B', 'C', 'D', 'E']]",E,0.999966596753147,0,1.0000140255821321,True,True,1.0,0.0,3.340074687092468e-05,1.0426763113588936e-11,2.489555317467755e-09,0.0,100
3170,We should end mandatory retirement,"[['A', 'B', 'C', 'D', 'E'], ['A', 'B', 'C', 'D', 'E']]",A,0.99999999998899,0,0.999999999991742,False,False,1.0,0.0,1.0984795003002848e-11,0.0,2.509915156387138e-14,0.0,100
3170,We should end mandatory retirement,"[['A', 'B', 'C', 'D', 'E'], ['A', 'B', 'C', 'D', 'E']]",B,0.10639592018533056,0,0.17542470410737565,False,False,0.0,0.8936015941566415,0.0,2.4745041209264655e-06,1.1153907064812741e-08,0.0,100
3170,We should end mandatory retirement,"[['A', 'B', 'C', 'D', 'E'], ['A', 'B', 'C', 'D', 'E']]",C,0.9892081993760594,0,1.008292162296231,True,True,1.0,0.0,0.0,0.0,0.0,0.010791800623940558,100
3170,We should end mandatory retirement,"[['A', 'B', 'C', 'D', 'E'], ['A', 'B', 'C', 'D', 'E']]",D,0.06586303599267185,0,0.106593812016618,False,False,0.0,0.9241362797863214,0.0,2.290191734718301e-07,0.01000045520183334,0.0,100
3170,We should end mandatory retirement,"[['A', 'B', 'C', 'D', 'E'], ['A', 'B', 'C', 'D', 'E']]",E,0.9138062344824024,0,0.9740397934312716,False,True,0.0,0.0,0.026076694846848686,2.147182627144018e-06,0.06011492348812189,0.0,100
3194,We should abandon television,"[['A', 'B', 'C', 'D', 'E'], ['A', 'B', 'C', 'D', 'E']]",A,0.9999999996276903,0,0.9999999997975085,False,False,1.0,0.0,3.714737413413218e-10,2.301881718312866e-14,8.13189646271168e-13,0.0,100
3194,We should abandon television,"[['A', 'B', 'C', 'D', 'E'], ['A', 'B', 'C', 'D', 'E']]",B,0.005292259335840511,0,0.017783121239728555,False,False,0.0,3.2582753244198314e-09,0.0,0.00151735512670027,0.9931903822791837,0.0,100
3194,We should abandon television,"[['A', 'B', 'C', 'D', 'E'], ['A', 'B', 'C', 'D', 'E']]",C,0.08484899890696986,0,0.14508501126442622,False,False,0.0,0.0,0.0,0.0,0.0,0.91515100109303,100
3194,We should abandon television,"[['A', 'B', 'C', 'D', 'E'], ['A', 'B', 'C', 'D', 'E']]",D,0.9174486774609589,0,0.9681527864412269,False,True,0.0,0.08255130333063221,0.0,4.331677956874001e-09,1.4876730886642949e-08,0.0,100
3194,We should abandon television,"[['A', 'B', 'C', 'D', 'E'], ['A', 'B', 'C', 'D', 'E']]",E,0.40965699513881026,0,0.5046976025459144,False,False,0.0,0.0,0.5903428238639654,2.2097121564358933e-09,1.7878751229686435e-07,0.0,100
3195,Casinos should be banned,"[['A', 'B', 'C', 'D', 'E'], ['A', 'B', 'C', 'D', 'E']]",A,0.9999999999066612,0,0.9999999999412204,False,False,1.0,0.0,9.315200144446431e-11,0.0,1.8687550942295074e-13,0.0,100
3195,Casinos should be banned,"[['A', 'B', 'C', 'D', 'E'], ['A', 'B', 'C', 'D', 'E']]",B,0.00011223915857537749,0,0.0003714103084031197,False,False,0.0,2.5755804260017894e-09,0.0,2.8170257106507816e-05,0.9998595880087374,0.0,100
3195,Casinos should be banned,"[['A', 'B', 'C', 'D', 'E'], ['A', 'B', 'C', 'D', 'E']]",C,0.7422067023235783,0,0.8336734317417186,False,False,0.0,0.0,0.0,0.0,0.0,0.25779329767642145,100
3195,Casinos should be banned,"[['A', 'B', 'C', 'D', 'E'], ['A', 'B', 'C', 'D', 'E']]",D,0.39932200894658704,0,0.49833338431552676,False,False,0.0,0.6006779813271986,0.0,2.973707737180893e-09,6.752506652498505e-09,0.0,100
3195,Casinos should be banned,"[['A', 'B', 'C', 'D', 'E'], ['A', 'B', 'C', 'D', 'E']]",E,0.9202463196701238,0,0.9693082647909687,False,True,0.0,0.0,0.07975367643281957,7.908302147637634e-10,3.1062264663025954e-09,0.0,100
3196,We should increase immigration to the United States,"[['A', 'B', 'C', 'D', 'E'], ['A', 'B', 'C', 'D', 'E']]",A,0.999999999998306,0,0.999999999998551,False,False,1.0,0.0,1.6903401875134019e-12,0.0,3.4994507148177995e-15,0.0,100
3196,We should increase immigration to the United States,"[['A', 'B', 'C', 'D', 'E'], ['A', 'B', 'C', 'D', 'E']]",B,4.000266000511184e-10,0,6.707964664898044e-10,False,False,0.0,0.9999999995999727,0.0,0.0,6.431393937834803e-16,0.0,100
3196,We should increase immigration to the United States,"[['A', 'B', 'C', 'D', 'E'], ['A', 'B', 'C', 'D', 'E']]",C,0.992413171268537,0,1.0031915209437332,True,True,1.0,0.0,0.0,0.0,0.0,0.0075868287314629435,100
3196,We should increase immigration to the United States,"[['A', 'B', 'C', 'D', 'E'], ['A', 'B', 'C', 'D', 'E']]",D,0.06108539316245559,0,0.1134891383019612,False,False,0.0,0.9389146066884618,0.0,9.366659374775198e-11,5.541605799621346e-11,0.0,100
3196,We should increase immigration to the United States,"[['A', 'B', 'C', 'D', 'E'], ['A', 'B', 'C', 'D', 'E']]",E,0.999980688923071,0,1.00001287749495,True,True,1.0,0.0,1.9311069313361154e-05,9.434649000433168e-13,6.672246706710365e-12,0.0,100
3201,We should subsidize embryonic stem cell research,"[['A', 'B', 'C', 'D', 'E'], ['A', 'B', 'C', 'D', 'E']]",A,0.9999999999963236,0,0.9999999999972657,False,False,1.0,0.0,3.675778992636148e-12,0.0,7.287724094003771e-16,0.0,100
3201,We should subsidize embryonic stem cell research,"[['A', 'B', 'C', 'D', 'E'], ['A', 'B', 'C', 'D', 'E']]",B,1.7818222187821177e-10,0,3.206340145151902e-10,False,False,0.0,0.9999999998218179,0.0,0.0,0.0,0.0,100
3201,We should subsidize embryonic stem cell research,"[['A', 'B', 'C', 'D', 'E'], ['A', 'B', 'C', 'D', 'E']]",C,0.9999978860116618,0,1.000002147911093,True,True,1.0,0.0,0.0,0.0,0.0,2.1139883380049647e-06,100
3201,We should subsidize embryonic stem cell research,"[['A', 'B', 'C', 'D', 'E'], ['A', 'B', 'C', 'D', 'E']]",D,2.8648682050371834e-07,0,5.087062082123825e-07,False,False,0.0,0.9999997135082062,0.0,6.781377819823401e-13,4.2950979060407834e-12,0.0,100
3201,We should subsidize embryonic stem cell research,"[['A', 'B', 'C', 'D', 'E'], ['A', 'B', 'C', 'D', 'E']]",E,0.9999999875946102,0,1.000000004472779,True,True,1.0,0.0,1.2402203254694e-08,3.743142042441927e-13,2.8122272015720806e-12,0.0,100
3222,We should abolish bitcoins,"[['A', 'B', 'C', 'D', 'E'], ['A', 'B', 'C', 'D', 'E']]",A,0.9999999993048364,0,0.999999999556493,False,False,1.0,0.0,6.947397759459147e-10,0.0,4.2390134510456865e-13,0.0,100
3222,We should abolish bitcoins,"[['A', 'B', 'C', 'D', 'E'], ['A', 'B', 'C', 'D', 'E']]",B,0.16406101546530039,0,0.24691496328455584,False,False,0.0,0.14053320922134252,0.0,0.01179975240648538,0.6836060229068716,0.0,100
3222,We should abolish bitcoins,"[['A', 'B', 'C', 'D', 'E'], ['A', 'B', 'C', 'D', 'E']]",C,0.43844629624100206,0,0.5479625884418451,False,False,0.0,0.0,0.0,0.0,0.0,0.5615537037589979,100
3222,We should abolish bitcoins,"[['A', 'B', 'C', 'D', 'E'], ['A', 'B', 'C', 'D', 'E']]",D,0.39383676861646877,0,0.49247719529663253,False,False,0.0,0.6061629647980926,0.0,2.0465271606610783e-08,2.461201671315307e-07,0.0,100
3222,We should abolish bitcoins,"[['A', 'B', 'C', 'D', 'E'], ['A', 'B', 'C', 'D', 'E']]",E,0.9614596436459025,0,0.9966211252970495,False,True,1.0,0.0,0.028540342617488293,2.339276901960729e-09,0.010000011397332378,0.0,100
3223,We should fight global warming,"[['A', 'B', 'C', 'D', 'E'], ['A', 'B', 'C', 'D', 'E']]",A,0.9999999999995199,0,0.9999999999995877,False,False,1.0,0.0,4.746310313758517e-13,0.0,5.536566573336402e-15,0.0,100
3223,We should fight global warming,"[['A', 'B', 'C', 'D', 'E'], ['A', 'B', 'C', 'D', 'E']]",B,0.020017310587392798,0,0.05317247571306169,False,False,0.0,0.979982687008555,0.0,2.4015582868756865e-09,2.4942213901131757e-12,0.0,100
3223,We should fight global warming,"[['A', 'B', 'C', 'D', 'E'], ['A', 'B', 'C', 'D', 'E']]",C,0.549923667235048,0,0.6586715960732579,False,False,0.0,0.0,0.0,0.0,0.0,0.4500763327649519,100
3223,We should fight global warming,"[['A', 'B', 'C', 'D', 'E'], ['A', 'B', 'C', 'D', 'E']]",D,0.92082047679195,0,0.9773692602130659,False,True,0.0,0.055042246170945525,0.0,0.012135669957475604,0.012001607079628895,0.0,100
3223,We should fight global warming,"[['A', 'B', 'C', 'D', 'E'], ['A', 'B', 'C', 'D', 'E']]",E,0.7731640827361431,0,0.853717383359986,False,False,0.0,0.0,0.2268284544832067,7.109211082259202e-06,3.5356956794120567e-07,0.0,100
3234,The use of AI should be abandoned,"[['A', 'B', 'C', 'D', 'E'], ['A', 'B', 'C', 'D', 'E']]",A,0.39598355026213455,0,0.5113728110543925,False,False,0.0,0.0,1.8046799075011456e-08,9.404598290462392e-11,0.6040164315970205,0.0,100
3234,The use of AI should be abandoned,"[['A', 'B', 'C', 'D', 'E'], ['A', 'B', 'C', 'D', 'E']]",B,1.29307736909137e-08,0,3.551032669036782e-08,False,False,0.0,2.475061550845276e-07,0.0,4.96890929164874e-10,0.9999997390661802,0.0,100
3234,The use of AI should be abandoned,"[['A', 'B', 'C', 'D', 'E'], ['A', 'B', 'C', 'D', 'E']]",C,0.026061273563558304,0,0.06138041828047815,False,False,0.0,0.0,0.0,0.0,0.0,0.9739387264364416,100
3234,The use of AI should be abandoned,"[['A', 'B', 'C', 'D', 'E'], ['A', 'B', 'C', 'D', 'E']]",D,0.010969766210813452,0,0.025403303336223065,False,False,0.0,0.9690541231361833,0.0,3.4014274778275563e-10,0.019976110312860524,0.0,100
3234,The use of AI should be abandoned,"[['A', 'B', 'C', 'D', 'E'], ['A', 'B', 'C', 'D', 'E']]",E,0.9987632716979787,0,1.0005694809041212,True,True,1.0,0.0,0.0011630739134483826,7.234534546622016e-11,7.36543162276508e-05,0.0,100
3263,We should end the use of economic sanctions,"[['A', 'B', 'C', 'D', 'E'], ['A', 'B', 'C', 'D', 'E']]",A,0.9999999996085487,0,0.9999999996913548,False,False,1.0,0.0,3.9090490679949714e-10,1.1023192160984382e-13,4.36036495181537e-13,0.0,100
3263,We should end the use of economic sanctions,"[['A', 'B', 'C', 'D', 'E'], ['A', 'B', 'C', 'D', 'E']]",B,0.18447729431642748,0,0.2706167603682782,False,False,0.0,0.09067369712309784,0.0,0.022944361576644975,0.7019046469838297,0.0,100
3263,We should end the use of economic sanctions,"[['A', 'B', 'C', 'D', 'E'], ['A', 'B', 'C', 'D', 'E']]",C,0.9534681551872269,0,0.9959461638272243,False,True,1.0,0.0,0.0,0.0,0.0,0.04653184481277323,100
3263,We should end the use of economic sanctions,"[['A', 'B', 'C', 'D', 'E'], ['A', 'B', 'C', 'D', 'E']]",D,0.07555514238663277,0,0.12948068223936876,False,False,0.0,0.8143575114761746,0.0,8.576830414383763e-05,0.1100015778330486,0.0,100
3263,We should end the use of economic sanctions,"[['A', 'B', 'C', 'D', 'E'], ['A', 'B', 'C', 'D', 'E']]",E,0.9999419595001912,0,0.9999956584880236,False,True,1.0,0.0,5.740585353669207e-05,1.6723269069137334e-10,6.344790396310824e-07,0.0,100
3279,Blockade of the Gaza Strip should be ended,"[['A', 'B', 'C', 'D', 'E'], ['A', 'B', 'C', 'D', 'E']]",A,0.9999999999855268,0,0.9999999999892372,False,False,1.0,0.0,1.4426173922073748e-11,0.0,4.702485213118186e-14,0.0,100
3279,Blockade of the Gaza Strip should be ended,"[['A', 'B', 'C', 'D', 'E'], ['A', 'B', 'C', 'D', 'E']]",B,1.9841832951384648e-07,0,4.404352150434555e-07,False,False,0.0,0.9999998015813445,0.0,2.999549014464144e-13,2.606494380349843e-14,0.0,100
3279,Blockade of the Gaza Strip should be ended,"[['A', 'B', 'C', 'D', 'E'], ['A', 'B', 'C', 'D', 'E']]",C,0.9963362232154189,0,1.001132537188322,True,True,1.0,0.0,0.0,0.0,0.0,0.0036637767845810625,100
3279,Blockade of the Gaza Strip should be ended,"[['A', 'B', 'C', 'D', 'E'], ['A', 'B', 'C', 'D', 'E']]",D,0.07950059480983558,0,0.12754150709793197,False,False,0.0,0.9204994044655836,0.0,3.8833315142590734e-10,3.3624775589903736e-10,0.0,100
3279,Blockade of the Gaza Strip should be ended,"[['A', 'B', 'C', 'D', 'E'], ['A', 'B', 'C', 'D', 'E']]",E,0.9995025283125664,0,1.0002688675448554,True,True,1.0,0.0,0.0004970174571632627,1.455550210039679e-11,4.5421571500128455e-07,0.0,100
3581,We should end cheerleading,"[['A', 'B', 'C', 'D', 'E'], ['A', 'B', 'C', 'D', 'E']]",A,0.9999999972493966,0,0.9999999987430814,False,False,1.0,0.0,2.750107130142796e-09,1.058663241161378e-13,3.9041741480861397e-13,0.0,100
3581,We should end cheerleading,"[['A', 'B', 'C', 'D', 'E'], ['A', 'B', 'C', 'D', 'E']]",B,0.009995603800664728,0,0.0336136970434042,False,False,0.0,0.009999767887528068,0.0,0.009972993477210897,0.9700316348345964,0.0,100
3581,We should end cheerleading,"[['A', 'B', 'C', 'D', 'E'], ['A', 'B', 'C', 'D', 'E']]",C,0.6873112747287459,0,0.7887900535393383,False,False,0.0,0.0,0.0,0.0,0.0,0.3126887252712542,100
3581,We should end cheerleading,"[['A', 'B', 'C', 'D', 'E'], ['A', 'B', 'C', 'D', 'E']]",D,0.10821200729052871,0,0.16181400424670128,False,False,0.0,0.8917879695832502,0.0,1.0964174644319517e-09,2.202980348496107e-08,0.0,100
3581,We should end cheerleading,"[['A', 'B', 'C', 'D', 'E'], ['A', 'B', 'C', 'D', 'E']]",E,0.9270742194021763,0,0.9710790817171372,False,False,0.0,0.0,0.072921505894233,9.094825720120595e-10,4.273794108018588e-06,0.0,100
3699,We should abolish primary elections,"[['A', 'B', 'C', 'D', 'E'], ['A', 'B', 'C', 'D', 'E']]",A,0.9999999922657679,0,0.9999999976455286,False,True,1.0,0.0,7.734014770201705e-09,1.856107551158054e-13,3.1695657506407806e-14,0.0,100
3699,We should abolish primary elections,"[['A', 'B', 'C', 'D', 'E'], ['A', 'B', 'C', 'D', 'E']]",B,0.35080995282038707,0,0.4552050012402367,False,False,0.0,0.3722004266498826,0.0,0.1680897259975622,0.10889989453216822,0.0,100
3699,We should abolish primary elections,"[['A', 'B', 'C', 'D', 'E'], ['A', 'B', 'C', 'D', 'E']]",C,0.9816855044673872,0,1.0081689206691615,True,True,1.0,0.0,0.0,0.0,0.0,0.018314495532612652,100
3699,We should abolish primary elections,"[['A', 'B', 'C', 'D', 'E'], ['A', 'B', 'C', 'D', 'E']]",D,0.011851164577938245,0,0.025409435376531363,False,False,0.0,0.950829857150948,0.0,5.889729370525383e-09,0.037318972381384395,0.0,100
3699,We should abolish primary elections,"[['A', 'B', 'C', 'D', 'E'], ['A', 'B', 'C', 'D', 'E']]",E,0.9515161643404825,0,1.0002965176511325,True,True,1.0,0.0,0.0013179783539806309,1.2879573101492155e-09,0.04716585601757948,0.0,100
3759,Tattoos should be banned,"[['A', 'B', 'C', 'D', 'E'], ['A', 'B', 'C', 'D', 'E']]",A,0.25017679299211126,0,0.3530596401284099,False,False,0.0,0.0,9.962543087789874e-09,2.339985885945749e-10,0.7498231968113471,0.0,100
3759,Tattoos should be banned,"[['A', 'B', 'C', 'D', 'E'], ['A', 'B', 'C', 'D', 'E']]",B,1.2960169740340999e-09,0,3.408820218813978e-09,False,False,0.0,3.1158928960038025e-10,0.0,7.051399306761047e-09,0.9999999913409944,0.0,100
3759,Tattoos should be banned,"[['A', 'B', 'C', 'D', 'E'], ['A', 'B', 'C', 'D', 'E']]",C,0.2217052671716992,0,0.3147517596141735,False,False,0.0,0.0,0.0,0.0,0.0,0.7782947328283008,100
3759,Tattoos should be banned,"[['A', 'B', 'C', 'D', 'E'], ['A', 'B', 'C', 'D', 'E']]",D,1.9395259794799605e-05,0,4.366582710772755e-05,False,False,0.0,0.999980226733815,0.0,6.965051087461576e-11,3.7793673965809445e-07,0.0,100
3759,Tattoos should be banned,"[['A', 'B', 'C', 'D', 'E'], ['A', 'B', 'C', 'D', 'E']]",E,0.9999862239132195,0,1.000003713608319,True,True,1.0,0.0,5.059491985032397e-06,5.943509258490121e-11,8.716535360602101e-06,0.0,100
802,We should protect Antarctica,"[['A', 'B', 'C', 'D', 'E'], ['A', 'B', 'C', 'D', 'E']]",A,0.9999999999979937,0,0.9999999999982643,False,False,1.0,0.0,1.961533119760815e-12,0.0,4.4801221741026775e-14,0.0,100
802,We should protect Antarctica,"[['A', 'B', 'C', 'D', 'E'], ['A', 'B', 'C', 'D', 'E']]",B,1.0172323480272287e-07,0,3.4124941486003793e-07,False,False,0.0,0.9999998982766938,0.0,4.349026044837851e-14,2.7822129773120754e-14,0.0,100
802,We should protect Antarctica,"[['A', 'B', 'C', 'D', 'E'], ['A', 'B', 'C', 'D', 'E']]",C,0.8569552451689959,0,0.932298346489977,False,False,0.0,0.0,0.0,0.0,0.0,0.14304475483100426,100
802,We should protect Antarctica,"[['A', 'B', 'C', 'D', 'E'], ['A', 'B', 'C', 'D', 'E']]",D,0.6817802727759478,0,0.7745510131018466,False,False,0.0,0.2464262746420701,0.0,0.030182553150303434,0.04161089943167865,0.0,100
802,We should protect Antarctica,"[['A', 'B', 'C', 'D', 'E'], ['A', 'B', 'C', 'D', 'E']]",E,0.7743301421511383,0,0.8552832094379132,False,False,0.0,0.0,0.22566985606613119,1.428357457373333e-09,3.5437305444489264e-10,0.0,100
2122,We should further exploit green technology,"[['A', 'B', 'C', 'D', 'E'], ['A', 'B', 'C', 'D', 'E']]",A,0.9999999999985998,0,0.9999999999988423,False,False,1.0,0.0,1.392819479517415e-12,0.0,7.358550460770042e-15,0.0,100
2122,We should further exploit green technology,"[['A', 'B', 'C', 'D', 'E'], ['A', 'B', 'C', 'D', 'E']]",B,0.04926456019366931,0,0.10030395708882815,False,False,0.0,0.9507354108232243,0.0,2.896590715388053e-08,1.719914489746511e-11,0.0,100
2122,We should further exploit green technology,"[['A', 'B', 'C', 'D', 'E'], ['A', 'B', 'C', 'D', 'E']]",C,0.8962982136434715,0,0.9565895418275547,False,False,0.0,0.0,0.0,0.0,0.0,0.10370178635652842,100
2122,We should further exploit green technology,"[['A', 'B', 'C', 'D', 'E'], ['A', 'B', 'C', 'D', 'E']]",D,0.784305146649277,0,0.8659941641852374,False,False,0.0,0.21569424987290603,0.0,6.025059206013065e-07,9.718963951520311e-10,0.0,100
2122,We should further exploit green technology,"[['A', 'B', 'C', 'D', 'E'], ['A', 'B', 'C', 'D', 'E']]",E,0.9185997905471173,0,0.9715955391976,False,True,0.0,0.0,0.08140020862842894,6.67952470087718e-10,1.565012489981979e-10,0.0,100
2124,We should subsidize higher education,"[['A', 'B', 'C', 'D', 'E'], ['A', 'B', 'C', 'D', 'E']]",A,0.9999999999983932,0,0.9999999999985911,False,False,1.0,0.0,1.6033248538009135e-12,0.0,3.66666585395408e-15,0.0,100
2124,We should subsidize higher education,"[['A', 'B', 'C', 'D', 'E'], ['A', 'B', 'C', 'D', 'E']]",B,0.00882390664492445,0,0.029650935589783822,False,False,0.0,0.9911760933519163,0.0,3.020720823964009e-12,1.3861190395257019e-13,0.0,100
2124,We should subsidize higher education,"[['A', 'B', 'C', 'D', 'E'], ['A', 'B', 'C', 'D', 'E']]",C,0.9999942185027433,0,1.000001551128444,True,True,1.0,0.0,0.0,0.0,0.0,5.781497256613746e-06,100
2124,We should subsidize higher education,"[['A', 'B', 'C', 'D', 'E'], ['A', 'B', 'C', 'D', 'E']]",D,0.00015626307660659714,0,0.0004887177473114978,False,False,0.0,0.9998437369106661,0.0,3.8769915475839505e-12,8.850474707795014e-12,0.0,100
2124,We should subsidize higher education,"[['A', 'B', 'C', 'D', 'E'], ['A', 'B', 'C', 'D', 'E']]",E,0.9999997553204052,0,1.0000001663430522,True,True,1.0,0.0,2.446756443343891e-07,5.715546193593548e-13,3.378970627230656e-12,0.0,100
2184,We should legalize public nudity,"[['A', 'B', 'C', 'D', 'E'], ['A', 'B', 'C', 'D', 'E']]",A,0.9999999999515881,0,0.9999999999731658,False,False,1.0,0.0,4.8412107983253586e-11,0.0,0.0,0.0,100
2184,We should legalize public nudity,"[['A', 'B', 'C', 'D', 'E'], ['A', 'B', 'C', 'D', 'E']]",B,0.13600770376228344,0,0.20344537805187968,False,False,0.0,0.8639922917927001,0.0,4.428580864560454e-09,1.6435705167892767e-11,0.0,100
2184,We should legalize public nudity,"[['A', 'B', 'C', 'D', 'E'], ['A', 'B', 'C', 'D', 'E']]",C,0.9999862360567688,0,1.000014256814182,True,True,1.0,0.0,0.0,0.0,0.0,1.3763943231061196e-05,100
2184,We should legalize public nudity,"[['A', 'B', 'C', 'D', 'E'], ['A', 'B', 'C', 'D', 'E']]",D,0.0009050169009719207,0,0.0027020103723574503,False,False,0.0,0.9990906504673649,0.0,2.1044096647628487e-11,4.332610619114322e-06,0.0,100
2184,We should legalize public nudity,"[['A', 'B', 'C', 'D', 'E'], ['A', 'B', 'C', 'D', 'E']]",E,0.9999991247178407,0,1.0000001355248682,True,True,1.0,0.0,8.684103775242134e-07,7.953646084515428e-12,6.86382817144021e-09,0.0,100
2225,We should ban factory farming,"[['A', 'B', 'C', 'D', 'E'], ['A', 'B', 'C', 'D', 'E']]",A,0.9999999999985001,0,0.9999999999988008,False,False,1.0,0.0,1.4939899971786353e-12,0.0,5.881658891906031e-15,0.0,100
2225,We should ban factory farming,"[['A', 'B', 'C', 'D', 'E'], ['A', 'B', 'C', 'D', 'E']]",B,0.13507140645026663,0,0.20892177014808833,False,False,0.0,0.638370583175093,0.0,0.014453141150827617,0.21210486922381278,0.0,100
2225,We should ban factory farming,"[['A', 'B', 'C', 'D', 'E'], ['A', 'B', 'C', 'D', 'E']]",C,0.6754820836868941,0,0.7705828090592493,False,False,0.0,0.0,0.0,0.0,0.0,0.3245179163131058,100
2225,We should ban factory farming,"[['A', 'B', 'C', 'D', 'E'], ['A', 'B', 'C', 'D', 'E']]",D,0.7619455722589918,0,0.8407989224183334,False,False,0.0,0.2380543934641567,0.0,3.263028993449977e-08,1.6465615612398675e-09,0.0,100
2225,We should ban factory farming,"[['A', 'B', 'C', 'D', 'E'], ['A', 'B', 'C', 'D', 'E']]",E,0.7095198424247507,0,0.7928823764111265,False,False,0.0,0.0,0.2904801559565893,8.562422806898749e-10,7.624177251860232e-10,0.0,100
2227,We should ban whaling,"[['A', 'B', 'C', 'D', 'E'], ['A', 'B', 'C', 'D', 'E']]",A,0.9999999999982139,0,0.9999999999985343,False,False,1.0,0.0,1.7747367456831519e-12,0.0,1.1418225464875075e-14,0.0,100
2227,We should ban whaling,"[['A', 'B', 'C', 'D', 'E'], ['A', 'B', 'C', 'D', 'E']]",B,5.714315228028464e-11,0,1.604726872001049e-10,False,False,0.0,0.9999999999428533,0.0,0.0,3.5750215855780914e-15,0.0,100
2227,We should ban whaling,"[['A', 'B', 'C', 'D', 'E'], ['A', 'B', 'C', 'D', 'E']]",C,0.9039266635608056,0,0.9610220928678401,False,False,0.0,0.0,0.0,0.0,0.0,0.09607333643919419,100
2227,We should ban whaling,"[['A', 'B', 'C', 'D', 'E'], ['A', 'B', 'C', 'D', 'E']]",D,0.9089153268961419,0,0.9646215153717304,False,True,0.0,0.09108355312101794,0.0,1.1173823857915201e-06,2.600454320763605e-09,0.0,100
2227,We should ban whaling,"[['A', 'B', 'C', 'D', 'E'], ['A', 'B', 'C', 'D', 'E']]",E,0.7851892675571668,0,0.8576020649649416,False,False,0.0,0.0,0.21481072974022417,1.8337428876196837e-09,8.688662212990812e-10,0.0,100
2482,We should limit the use of birth control,"[['A', 'B', 'C', 'D', 'E'], ['A', 'B', 'C', 'D', 'E']]",A,0.439999999837758,0,0.5579672663204429,False,False,0.0,0.0,1.6922837345174122e-10,1.2454982697315705e-12,0.5599999999917682,0.0,100
2482,We should limit the use of birth control,"[['A', 'B', 'C', 'D', 'E'], ['A', 'B', 'C', 'D', 'E']]",B,0.1802465590691828,0,0.26396365203175653,False,False,0.0,0.728209970880393,0.0,0.0013749787610540076,0.0901684912893704,0.0,100
2482,We should limit the use of birth control,"[['A', 'B', 'C', 'D', 'E'], ['A', 'B', 'C', 'D', 'E']]",C,0.6204852908927345,0,0.7281699241291204,False,False,0.0,0.0,0.0,0.0,0.0,0.37951470910726554,100
2482,We should limit the use of birth control,"[['A', 'B', 'C', 'D', 'E'], ['A', 'B', 'C', 'D', 'E']]",D,2.757518349604898e-06,0,8.931073697081417e-06,False,False,0.0,0.9999972424626455,0.0,2.7899250443828713e-12,1.6214889827542148e-11,0.0,100
2482,We should limit the use of birth control,"[['A', 'B', 'C', 'D', 'E'], ['A', 'B', 'C', 'D', 'E']]",E,0.9999997714924084,0,1.000000086621666,True,True,1.0,0.0,2.2848442982954856e-07,2.7323695804670945e-12,2.0429634977738596e-11,0.0,100
2483,We should ban anonymous posts,"[['A', 'B', 'C', 'D', 'E'], ['A', 'B', 'C', 'D', 'E']]",A,0.9999999999423879,0,0.9999999999598734,False,False,1.0,0.0,5.760487194163536e-11,0.0,7.472677970412638e-15,0.0,100
2483,We should ban anonymous posts,"[['A', 'B', 'C', 'D', 'E'], ['A', 'B', 'C', 'D', 'E']]",B,0.41842430882617243,0,0.5253300311105831,False,False,0.0,0.48501019567016923,0.0,0.07424776513160668,0.022317730372051696,0.0,100
2483,We should ban anonymous posts,"[['A', 'B', 'C', 'D', 'E'], ['A', 'B', 'C', 'D', 'E']]",C,0.32338717373468134,0,0.4266268830700708,False,False,0.0,0.0,0.0,0.0,0.0,0.6766128262653187,100
2483,We should ban anonymous posts,"[['A', 'B', 'C', 'D', 'E'], ['A', 'B', 'C', 'D', 'E']]",D,0.021590321417023627,0,0.04768426270986889,False,False,0.0,0.9784096706689093,0.0,1.3127085831951598e-09,6.601358716872866e-09,0.0,100
2483,We should ban anonymous posts,"[['A', 'B', 'C', 'D', 'E'], ['A', 'B', 'C', 'D', 'E']]",E,0.9998706171024669,0,1.0000934098721177,True,True,1.0,0.0,4.361872106400744e-05,2.179718952709808e-10,8.576395849717379e-05,0.0,100
2588,Assisted suicide should be a criminal offence,"[['A', 'B', 'C', 'D', 'E'], ['A', 'B', 'C', 'D', 'E']]",A,0.9999999999123641,0,0.9999999999632513,False,False,1.0,0.0,5.91465992037956e-11,2.3355254448838527e-14,2.8466102985126904e-11,0.0,100
2588,Assisted suicide should be a criminal offence,"[['A', 'B', 'C', 'D', 'E'], ['A', 'B', 'C', 'D', 'E']]",B,0.021064905849278802,0,0.051437372756027194,False,False,0.0,0.11892311133695556,0.0,0.010698054117458555,0.8493139286963073,0.0,100
2588,Assisted suicide should be a criminal offence,"[['A', 'B', 'C', 'D', 'E'], ['A', 'B', 'C', 'D', 'E']]",C,0.9679015630320126,0,1.0025946311028908,True,True,1.0,0.0,0.0,0.0,0.0,0.03209843696798736,100
2588,Assisted suicide should be a criminal offence,"[['A', 'B', 'C', 'D', 'E'], ['A', 'B', 'C', 'D', 'E']]",D,1.9399809039142244e-05,0,5.487521641343843e-05,False,False,0.0,0.9999805994452282,0.0,8.178770393715702e-11,6.639449471171948e-10,0.0,100
2588,Assisted suicide should be a criminal offence,"[['A', 'B', 'C', 'D', 'E'], ['A', 'B', 'C', 'D', 'E']]",E,0.9999939210086979,0,1.0000003065242116,True,True,1.0,0.0,6.07533613287233e-06,7.824356490808443e-11,3.5769256064164746e-09,0.0,100
2613,We should abolish the two-party system,"[['A', 'B', 'C', 'D', 'E'], ['A', 'B', 'C', 'D', 'E']]",A,0.9999999999926392,0,0.9999999999942193,False,False,1.0,0.0,7.337226453445686e-12,0.0,2.3726040338218257e-14,0.0,100
2613,We should abolish the two-party system,"[['A', 'B', 'C', 'D', 'E'], ['A', 'B', 'C', 'D', 'E']]",B,0.20522387230901867,0,0.2979675168460657,False,False,0.0,0.6434760580060189,0.0,0.032842135452034064,0.11845793423292829,0.0,100
2613,We should abolish the two-party system,"[['A', 'B', 'C', 'D', 'E'], ['A', 'B', 'C', 'D', 'E']]",C,0.964685690815462,0,1.0062990038811712,True,True,1.0,0.0,0.0,0.0,0.0,0.03531430918453807,100
2613,We should abolish the two-party system,"[['A', 'B', 'C', 'D', 'E'], ['A', 'B', 'C', 'D', 'E']]",D,0.032911525982083335,0,0.05988682551193865,False,False,0.0,0.9670884712854501,0.0,7.849551513349818e-10,1.947511479223571e-09,0.0,100
2613,We should abolish the two-party system,"[['A', 'B', 'C', 'D', 'E'], ['A', 'B', 'C', 'D', 'E']]",E,0.9940204987848041,0,1.007329095434395,True,True,1.0,0.0,0.005969578867854918,8.77057157890143e-09,9.913576769360247e-06,0.0,100
2621,We should disband the United Nations,"[['A', 'B', 'C', 'D', 'E'], ['A', 'B', 'C', 'D', 'E']]",A,0.1800000002319532,0,0.2713028519605457,False,False,0.0,0.0,2.978851146859143e-10,4.6509799147629145e-12,0.8199999994655108,0.0,100
2621,We should disband the United Nations,"[['A', 'B', 'C', 'D', 'E'], ['A', 'B', 'C', 'D', 'E']]",B,2.567566138845591e-10,0,4.885993813738488e-10,False,False,0.0,5.888725693769827e-10,0.0,3.2590381400714593e-10,0.9999999988284672,0.0,100
2621,We should disband the United Nations,"[['A', 'B', 'C', 'D', 'E'], ['A', 'B', 'C', 'D', 'E']]",C,0.11469523328849902,0,0.1887724255073722,False,False,0.0,0.0,0.0,0.0,0.0,0.8853047667115009,100
2621,We should disband the United Nations,"[['A', 'B', 'C', 'D', 'E'], ['A', 'B', 'C', 'D', 'E']]",D,0.000666151442619826,0,0.002088733546783652,False,False,0.0,0.9993338443754948,0.0,5.7844413966349316e-11,4.124041078729683e-09,0.0,100
2621,We should disband the United Nations,"[['A', 'B', 'C', 'D', 'E'], ['A', 'B', 'C', 'D', 'E']]",E,0.999995402725351,0,0.9999999208208463,False,True,1.0,0.0,3.012157445369309e-06,6.279138434249273e-12,1.5851109245028467e-06,0.0,100
2678,We should subsidize distance education,"[['A', 'B', 'C', 'D', 'E'], ['A', 'B', 'C', 'D', 'E']]",A,0.9999999999953424,0,0.9999999999963249,False,False,1.0,0.0,4.657530145345911e-12,0.0,0.0,0.0,100
2678,We should subsidize distance education,"[['A', 'B', 'C', 'D', 'E'], ['A', 'B', 'C', 'D', 'E']]",B,2.4768197819692556e-05,0,6.609008335512609e-05,False,False,0.0,0.9999752318018489,0.0,3.3153927601112753e-13,0.0,0.0,100
2678,We should subsidize distance education,"[['A', 'B', 'C', 'D', 'E'], ['A', 'B', 'C', 'D', 'E']]",C,0.9977526464722368,0,1.0030183385814873,True,True,1.0,0.0,0.0,0.0,0.0,0.002247353527763182,100
2678,We should subsidize distance education,"[['A', 'B', 'C', 'D', 'E'], ['A', 'B', 'C', 'D', 'E']]",D,0.00012909896043092293,0,0.000389965690237379,False,False,0.0,0.9998709010273796,0.0,2.772201598172046e-12,9.41719211120241e-12,0.0,100
2678,We should subsidize distance education,"[['A', 'B', 'C', 'D', 'E'], ['A', 'B', 'C', 'D', 'E']]",E,0.9999999981871369,0,0.9999999990771343,False,False,1.0,0.0,1.8079073895698123e-09,5.511606988120584e-13,4.404536211931149e-12,0.0,100
2689,We should subsidize Wikipedia,"[['A', 'B', 'C', 'D', 'E'], ['A', 'B', 'C', 'D', 'E']]",A,0.9999999999935383,0,0.9999999999953046,False,False,1.0,0.0,6.459206235248447e-12,0.0,2.3803870659168056e-15,0.0,100
2689,We should subsidize Wikipedia,"[['A', 'B', 'C', 'D', 'E'], ['A', 'B', 'C', 'D', 'E']]",B,0.01214144232197149,0,0.036060641546256066,False,False,0.0,0.9878585575972538,0.0,8.009276119440749e-11,6.820400937263611e-13,0.0,100
2689,We should subsidize Wikipedia,"[['A', 'B', 'C', 'D', 'E'], ['A', 'B', 'C', 'D', 'E']]",C,0.9998083189978385,0,1.0002335502632052,True,True,1.0,0.0,0.0,0.0,0.0,0.00019168100216164545,100
2689,We should subsidize Wikipedia,"[['A', 'B', 'C', 'D', 'E'], ['A', 'B', 'C', 'D', 'E']]",D,7.056498749682103e-05,0,0.00017103228974134149,False,False,0.0,0.9999291580002143,0.0,1.8616250871240258e-11,2.7699367264990834e-07,0.0,100
2689,We should subsidize Wikipedia,"[['A', 'B', 'C', 'D', 'E'], ['A', 'B', 'C', 'D', 'E']]",E,0.9999681018144004,0,1.0000431205231934,True,True,1.0,0.0,7.587053474644038e-09,7.54107317287647e-12,3.1890591005121525e-05,0.0,100
3168,We should introduce year round schooling,"[['A', 'B', 'C', 'D', 'E'], ['A', 'B', 'C', 'D', 'E']]",A,0.9999999999764384,0,0.999999999984184,False,False,1.0,0.0,2.356173518471075e-11,0.0,0.0,0.0,100
3168,We should introduce year round schooling,"[['A', 'B', 'C', 'D', 'E'], ['A', 'B', 'C', 'D', 'E']]",B,5.5126204476219336e-05,0,0.00017856069403843298,False,False,0.0,0.9999448737949027,0.0,6.213097099839855e-13,0.0,0.0,100
3168,We should introduce year round schooling,"[['A', 'B', 'C', 'D', 'E'], ['A', 'B', 'C', 'D', 'E']]",C,0.9999999661852328,0,1.0000000186337668,True,True,1.0,0.0,0.0,0.0,0.0,3.3814767147698436e-08,100
3168,We should introduce year round schooling,"[['A', 'B', 'C', 'D', 'E'], ['A', 'B', 'C', 'D', 'E']]",D,0.041063348147996816,0,0.07476554139367259,False,False,0.0,0.9589366515906131,0.0,1.0071915322374125e-10,1.6067089388774863e-10,0.0,100
3168,We should introduce year round schooling,"[['A', 'B', 'C', 'D', 'E'], ['A', 'B', 'C', 'D', 'E']]",E,0.9999616318705727,0,1.0000367212904289,True,True,1.0,0.0,3.8368105565226797e-05,3.689041285255603e-12,2.0172860423242273e-11,0.0,100
3180,We should introduce goal line technology,"[['A', 'B', 'C', 'D', 'E'], ['A', 'B', 'C', 'D', 'E']]",A,0.9999999999875792,0,0.9999999999918533,False,False,1.0,0.0,1.2411709868933008e-11,0.0,9.139126811383104e-15,0.0,100
3180,We should introduce goal line technology,"[['A', 'B', 'C', 'D', 'E'], ['A', 'B', 'C', 'D', 'E']]",B,0.01047840172183491,0,0.03413922020689221,False,False,0.0,0.9895215982538335,0.0,2.4129556710095204e-11,2.0206493398721026e-13,0.0,100
3180,We should introduce goal line technology,"[['A', 'B', 'C', 'D', 'E'], ['A', 'B', 'C', 'D', 'E']]",C,0.9999566520456098,0,1.0000530045253722,True,True,1.0,0.0,0.0,0.0,0.0,4.3347954390092445e-05,100
3180,We should introduce goal line technology,"[['A', 'B', 'C', 'D', 'E'], ['A', 'B', 'C', 'D', 'E']]",D,0.0024858167000828004,0,0.006142735804048864,False,False,0.0,0.9975141831776877,0.0,4.953449866229586e-11,7.269513589411496e-11,0.0,100
3180,We should introduce goal line technology,"[['A', 'B', 'C', 'D', 'E'], ['A', 'B', 'C', 'D', 'E']]",E,0.9999999937993276,0,0.9999999963750574,False,False,1.0,0.0,6.177366506298585e-09,4.129041736862824e-12,1.9176972746432148e-11,0.0,100
3183,We should increase airport racial profiling in the United States,"[['A', 'B', 'C', 'D', 'E'], ['A', 'B', 'C', 'D', 'E']]",A,0.9999968289846446,0,0.9999983985265359,False,False,1.0,0.0,3.1710142882785895e-06,1.0637291503559208e-12,3.463442795109175e-15,0.0,100
3183,We should increase airport racial profiling in the United States,"[['A', 'B', 'C', 'D', 'E'], ['A', 'B', 'C', 'D', 'E']]",B,0.692844666925552,0,0.7906367246546805,False,False,0.0,0.016750543812666493,0.0,0.18451783878234684,0.10588695047943471,0.0,100
3183,We should increase airport racial profiling in the United States,"[['A', 'B', 'C', 'D', 'E'], ['A', 'B', 'C', 'D', 'E']]",C,0.11712624335232463,0,0.18819051990197683,False,False,0.0,0.0,0.0,0.0,0.0,0.8828737566476755,100
3183,We should increase airport racial profiling in the United States,"[['A', 'B', 'C', 'D', 'E'], ['A', 'B', 'C', 'D', 'E']]",D,2.1351415600258981e-10,0,3.5157538475161054e-10,False,False,0.0,0.9999999997826476,0.0,4.4865687644024574e-13,3.3895061699702576e-12,0.0,100
3183,We should increase airport racial profiling in the United States,"[['A', 'B', 'C', 'D', 'E'], ['A', 'B', 'C', 'D', 'E']]",E,0.9999999999471127,0,0.9999999999580679,False,False,1.0,0.0,4.905879643104547e-11,4.079817580616721e-13,3.4204876425756626e-12,0.0,100
3185,We should adopt socialism,"[['A', 'B', 'C', 'D', 'E'], ['A', 'B', 'C', 'D', 'E']]",A,0.999999999828675,0,0.9999999998881511,False,False,1.0,0.0,1.7129467024703512e-10,5.3765110630817665e-15,2.480561199297225e-14,0.0,100
3185,We should adopt socialism,"[['A', 'B', 'C', 'D', 'E'], ['A', 'B', 'C', 'D', 'E']]",B,0.35538088664856643,0,0.4612553042391766,False,False,0.0,0.6446061651687748,0.0,1.294768441179485e-05,4.982469698727965e-10,0.0,100
3185,We should adopt socialism,"[['A', 'B', 'C', 'D', 'E'], ['A', 'B', 'C', 'D', 'E']]",C,0.9977143505130387,0,1.0029803929834735,True,True,1.0,0.0,0.0,0.0,0.0,0.002285649486961382,100
3185,We should adopt socialism,"[['A', 'B', 'C', 'D', 'E'], ['A', 'B', 'C', 'D', 'E']]",D,7.911843426605013e-10,0,1.1318014658543803e-09,False,False,0.0,0.9999999992030744,0.0,8.540940172759946e-13,4.887092334394429e-12,0.0,100
3185,We should adopt socialism,"[['A', 'B', 'C', 'D', 'E'], ['A', 'B', 'C', 'D', 'E']]",E,0.9999999998478354,0,0.9999999998815022,False,False,1.0,0.0,1.4585543412982306e-10,9.74488026471086e-13,5.334518724070669e-12,0.0,100
3191,We should introduce recall elections,"[['A', 'B', 'C', 'D', 'E'], ['A', 'B', 'C', 'D', 'E']]",A,0.9999999999913683,0,0.9999999999942079,False,False,1.0,0.0,8.628657769357478e-12,0.0,3.057910557193151e-15,0.0,100
3191,We should introduce recall elections,"[['A', 'B', 'C', 'D', 'E'], ['A', 'B', 'C', 'D', 'E']]",B,3.761038169010126e-06,0,1.172502729947687e-05,False,False,0.0,0.9999962389615032,0.0,3.2784461376782906e-13,0.0,0.0,100
3191,We should introduce recall elections,"[['A', 'B', 'C', 'D', 'E'], ['A', 'B', 'C', 'D', 'E']]",C,0.994385337099595,0,1.0050638176327453,True,True,1.0,0.0,0.0,0.0,0.0,0.005614662900405073,100
3191,We should introduce recall elections,"[['A', 'B', 'C', 'D', 'E'], ['A', 'B', 'C', 'D', 'E']]",D,2.986746497513861e-06,0,9.161416206614847e-06,False,False,0.0,0.9999970132327409,0.0,3.804200125821796e-12,1.695753745810319e-11,0.0,100
3191,We should introduce recall elections,"[['A', 'B', 'C', 'D', 'E'], ['A', 'B', 'C', 'D', 'E']]",E,0.9999999900762606,0,0.9999999967056474,False,True,1.0,0.0,9.908233344456857e-09,2.3983782539905236e-12,1.310759721558823e-11,0.0,100
3198,We should limit the right of self-defense,"[['A', 'B', 'C', 'D', 'E'], ['A', 'B', 'C', 'D', 'E']]",A,0.9999999959690442,0,0.9999999977818547,False,False,1.0,0.0,4.028568569503166e-09,6.214412613473601e-13,1.765654948783971e-12,0.0,100
3198,We should limit the right of self-defense,"[['A', 'B', 'C', 'D', 'E'], ['A', 'B', 'C', 'D', 'E']]",B,0.085445686954912,0,0.14731000870622246,False,False,0.0,0.9145542944763606,0.0,1.8455359708235386e-08,1.1336769075852524e-10,0.0,100
3198,We should limit the right of self-defense,"[['A', 'B', 'C', 'D', 'E'], ['A', 'B', 'C', 'D', 'E']]",C,0.9102069457524776,0,0.9711886179141025,False,True,0.0,0.0,0.0,0.0,0.0,0.08979305424752235,100
3198,We should limit the right of self-defense,"[['A', 'B', 'C', 'D', 'E'], ['A', 'B', 'C', 'D', 'E']]",D,1.1225005152640479e-07,0,3.515850959675652e-07,False,False,0.0,0.9999998871562245,0.0,1.2049595761698853e-11,5.816744192664507e-10,0.0,100
3198,We should limit the right of self-defense,"[['A', 'B', 'C', 'D', 'E'], ['A', 'B', 'C', 'D', 'E']]",E,0.9999998874786432,0,1.0000001271412253,True,True,1.0,0.0,7.0381369536785314e-09,9.886462611271338e-12,1.0547333364416382e-07,0.0,100
3199,We should fight urbanization,"[['A', 'B', 'C', 'D', 'E'], ['A', 'B', 'C', 'D', 'E']]",A,0.9999999979185479,0,1.0000000013449286,True,True,1.0,0.0,2.0807111878114514e-09,1.6290699637808883e-13,5.778252632416091e-13,0.0,100
3199,We should fight urbanization,"[['A', 'B', 'C', 'D', 'E'], ['A', 'B', 'C', 'D', 'E']]",B,0.2122556871391159,0,0.30393377480073513,False,False,0.0,0.3807287410219706,0.0,0.022807745077010187,0.3842078267619033,0.0,100
3199,We should fight urbanization,"[['A', 'B', 'C', 'D', 'E'], ['A', 'B', 'C', 'D', 'E']]",C,0.48611079295547116,0,0.5845192334415495,False,False,0.0,0.0,0.0,0.0,0.0,0.5138892070445289,100
3199,We should fight urbanization,"[['A', 'B', 'C', 'D', 'E'], ['A', 'B', 'C', 'D', 'E']]",D,0.23011006803729966,0,0.3073058727001609,False,False,0.0,0.7698898759296939,0.0,1.4735182251480318e-08,4.129782406195936e-08,0.0,100
3199,We should fight urbanization,"[['A', 'B', 'C', 'D', 'E'], ['A', 'B', 'C', 'D', 'E']]",E,0.9984133735538578,0,1.001914035465685,True,True,1.0,0.0,0.0015856620509268466,1.5687002758834717e-10,9.642383451379195e-07,0.0,100
3207,We should abandon social media,"[['A', 'B', 'C', 'D', 'E'], ['A', 'B', 'C', 'D', 'E']]",A,0.9999999999193804,0,0.9999999999449805,False,False,1.0,0.0,8.045160643038714e-11,0.0,1.6799497180046983e-13,0.0,100
3207,We should abandon social media,"[['A', 'B', 'C', 'D', 'E'], ['A', 'B', 'C', 'D', 'E']]",B,1.3426419576331547e-05,0,4.110950525362762e-05,False,False,0.0,2.7399406616729194e-09,0.0,1.0854308553902885e-06,0.9999854854096273,0.0,100
3207,We should abandon social media,"[['A', 'B', 'C', 'D', 'E'], ['A', 'B', 'C', 'D', 'E']]",C,0.13780474251382713,0,0.20787443636213992,False,False,0.0,0.0,0.0,0.0,0.0,0.8621952574861729,100
3207,We should abandon social media,"[['A', 'B', 'C', 'D', 'E'], ['A', 'B', 'C', 'D', 'E']]",D,0.8832210564290284,0,0.9384449359752995,False,False,0.0,0.11677872441915219,0.0,1.8589654966279713e-08,2.0056216465373826e-07,0.0,100
3207,We should abandon social media,"[['A', 'B', 'C', 'D', 'E'], ['A', 'B', 'C', 'D', 'E']]",E,0.42185627350354254,0,0.5122912682658732,False,False,0.0,0.0,0.5779219169506127,3.425041151171218e-08,0.0002217752954333335,0.0,100
3208,We should prohibit slum tourism,"[['A', 'B', 'C', 'D', 'E'], ['A', 'B', 'C', 'D', 'E']]",A,0.9999999999916049,0,0.9999999999936019,False,False,1.0,0.0,8.368747250669696e-12,0.0,2.6462479160961868e-14,0.0,100
3208,We should prohibit slum tourism,"[['A', 'B', 'C', 'D', 'E'], ['A', 'B', 'C', 'D', 'E']]",B,0.0026190627200150603,0,0.008123076740133702,False,False,0.0,0.879706780423551,0.0,0.0014163657706581449,0.11625779108577573,0.0,100
3208,We should prohibit slum tourism,"[['A', 'B', 'C', 'D', 'E'], ['A', 'B', 'C', 'D', 'E']]",C,0.8749967555111094,0,0.9411678506924487,False,False,0.0,0.0,0.0,0.0,0.0,0.1250032444888906,100
3208,We should prohibit slum tourism,"[['A', 'B', 'C', 'D', 'E'], ['A', 'B', 'C', 'D', 'E']]",D,0.943246691200773,0,0.984957929250098,False,True,0.0,0.05670726577979829,0.0,1.5400671251813777e-06,4.450295230356094e-05,0.0,100
3208,We should prohibit slum tourism,"[['A', 'B', 'C', 'D', 'E'], ['A', 'B', 'C', 'D', 'E']]",E,0.49671115472897703,0,0.5837865234266028,False,False,0.0,0.0,0.4844412531305772,1.035252971795188e-06,0.018846556887474095,0.0,100
3212,We should adopt the teacher tenure reform,"[['A', 'B', 'C', 'D', 'E'], ['A', 'B', 'C', 'D', 'E']]",A,0.9999999999889286,0,0.999999999993913,False,False,1.0,0.0,1.1068195826073107e-11,0.0,3.073067165896043e-15,0.0,100
3212,We should adopt the teacher tenure reform,"[['A', 'B', 'C', 'D', 'E'], ['A', 'B', 'C', 'D', 'E']]",B,2.9081330864639623e-07,0,9.417101705713736e-07,False,False,0.0,0.9999997091866483,0.0,4.255867735248656e-14,5.675685230088146e-16,0.0,100
3212,We should adopt the teacher tenure reform,"[['A', 'B', 'C', 'D', 'E'], ['A', 'B', 'C', 'D', 'E']]",C,0.9911861798311646,0,1.0120134243382592,True,True,1.0,0.0,0.0,0.0,0.0,0.008813820168835274,100
3212,We should adopt the teacher tenure reform,"[['A', 'B', 'C', 'D', 'E'], ['A', 'B', 'C', 'D', 'E']]",D,0.000243173776071357,0,0.0007864655816056109,False,False,0.0,0.8497568261908919,0.0,9.218694119345259e-12,0.15000000002381828,0.0,100
3212,We should adopt the teacher tenure reform,"[['A', 'B', 'C', 'D', 'E'], ['A', 'B', 'C', 'D', 'E']]",E,0.9999989130179113,0,1.0000001800258296,True,True,1.0,0.0,1.0869641773746502e-06,3.4329756688598776e-12,1.447832001267799e-11,0.0,100
3227,We should abolish capital punishment,"[['A', 'B', 'C', 'D', 'E'], ['A', 'B', 'C', 'D', 'E']]",A,0.9999999999939146,0,0.9999999999953474,False,False,1.0,0.0,6.0545781667162385e-12,0.0,3.0792106713051574e-14,0.0,100
3227,We should abolish capital punishment,"[['A', 'B', 'C', 'D', 'E'], ['A', 'B', 'C', 'D', 'E']]",B,0.03568491764587564,0,0.0768857136138637,False,False,0.0,0.8000000343743386,0.0,0.0630647722465874,0.10125027573319835,0.0,100
3227,We should abolish capital punishment,"[['A', 'B', 'C', 'D', 'E'], ['A', 'B', 'C', 'D', 'E']]",C,0.9997679219750024,0,1.0003112142667028,True,True,1.0,0.0,0.0,0.0,0.0,0.0002320780249975675,100
3227,We should abolish capital punishment,"[['A', 'B', 'C', 'D', 'E'], ['A', 'B', 'C', 'D', 'E']]",D,0.0005278687517246323,0,0.0014214718976426682,False,False,0.0,0.9994721311228402,0.0,2.9956035687895894e-11,9.547909238268253e-11,0.0,100
3227,We should abolish capital punishment,"[['A', 'B', 'C', 'D', 'E'], ['A', 'B', 'C', 'D', 'E']]",E,0.9999996519728359,0,1.0000001727728391,True,True,1.0,0.0,3.479357699969767e-07,6.208837499549034e-12,8.518529595580098e-11,0.0,100
3232,We should cancel pride parades,"[['A', 'B', 'C', 'D', 'E'], ['A', 'B', 'C', 'D', 'E']]",A,0.9699945463042688,0,1.0105346843061307,True,True,1.0,0.0,5.453000922351188e-06,9.222564523025822e-12,0.0300000006855862,0.0,100
3232,We should cancel pride parades,"[['A', 'B', 'C', 'D', 'E'], ['A', 'B', 'C', 'D', 'E']]",B,0.2582733430745734,0,0.35640896710455094,False,False,0.0,0.00043062403628566144,0.0,0.06414620739164671,0.677149825497494,0.0,100
3232,We should cancel pride parades,"[['A', 'B', 'C', 'D', 'E'], ['A', 'B', 'C', 'D', 'E']]",C,0.6819328697161541,0,0.7858077611480043,False,False,0.0,0.0,0.0,0.0,0.0,0.31806713028384603,100
3232,We should cancel pride parades,"[['A', 'B', 'C', 'D', 'E'], ['A', 'B', 'C', 'D', 'E']]",D,4.810408454066447e-07,0,1.0431854976575312e-06,False,False,0.0,0.9999974845173515,0.0,6.879563460353762e-12,2.034434923586792e-06,0.0,100
3232,We should cancel pride parades,"[['A', 'B', 'C', 'D', 'E'], ['A', 'B', 'C', 'D', 'E']]",E,0.9999999779992474,0,0.9999999944883693,False,True,1.0,0.0,2.1599028858706718e-08,3.90186603999649e-12,3.978218110584228e-10,0.0,100
3487,We should close landfills,"[['A', 'B', 'C', 'D', 'E'], ['A', 'B', 'C', 'D', 'E']]",A,0.9999999999969753,0,0.9999999999976811,False,False,1.0,0.0,3.0170712291031015e-12,0.0,7.632255740956966e-15,0.0,100
3487,We should close landfills,"[['A', 'B', 'C', 'D', 'E'], ['A', 'B', 'C', 'D', 'E']]",B,0.00018544127611552338,0,0.0005256847429026229,False,False,0.0,0.9998145587218804,0.0,2.004287696055344e-12,0.0,0.0,100
3487,We should close landfills,"[['A', 'B', 'C', 'D', 'E'], ['A', 'B', 'C', 'D', 'E']]",C,0.9634052343847421,0,0.9952930344440512,False,True,1.0,0.0,0.0,0.0,0.0,0.03659476561525793,100
3487,We should close landfills,"[['A', 'B', 'C', 'D', 'E'], ['A', 'B', 'C', 'D', 'E']]",D,0.5875791810107064,0,0.6808201096670538,False,False,0.0,0.41242081553699106,0.0,2.6281370887401668e-09,8.241655154629915e-10,0.0,100
3487,We should close landfills,"[['A', 'B', 'C', 'D', 'E'], ['A', 'B', 'C', 'D', 'E']]",E,0.9101026523603928,0,0.9576332898605096,False,False,0.0,0.0,0.08989734715345482,1.8464049114572115e-10,3.0151197845200454e-10,0.0,100
3492,We should further exploit natural gas,"[['A', 'B', 'C', 'D', 'E'], ['A', 'B', 'C', 'D', 'E']]",A,0.9999999992706415,0,0.9999999998775493,False,True,1.0,0.0,7.293491453619618e-10,8.835122995839886e-15,6.431393939638708e-16,0.0,100
3492,We should further exploit natural gas,"[['A', 'B', 'C', 'D', 'E'], ['A', 'B', 'C', 'D', 'E']]",B,0.05781201822351766,0,0.10074466739187829,False,False,0.0,0.9421879808405312,0.0,9.278807309614688e-10,8.07062212362597e-12,0.0,100
3492,We should further exploit natural gas,"[['A', 'B', 'C', 'D', 'E'], ['A', 'B', 'C', 'D', 'E']]",C,0.9999522425038206,0,0.999990639833587,False,True,1.0,0.0,0.0,0.0,0.0,4.77574961793471e-05,100
3492,We should further exploit natural gas,"[['A', 'B', 'C', 'D', 'E'], ['A', 'B', 'C', 'D', 'E']]",D,5.333071792648796e-10,0,6.742379994197501e-10,False,False,0.0,0.9999999994632531,0.0,6.066594664742789e-13,2.8330494612383266e-12,0.0,100
3492,We should further exploit natural gas,"[['A', 'B', 'C', 'D', 'E'], ['A', 'B', 'C', 'D', 'E']]",E,0.9999999996813806,0,0.9999999998041974,False,False,1.0,0.0,3.148434578816554e-10,6.590397012505087e-13,3.116758208990949e-12,0.0,100
3661,We should abolish foster care,"[['A', 'B', 'C', 'D', 'E'], ['A', 'B', 'C', 'D', 'E']]",A,0.989950011020118,0,1.0135951027038843,True,True,1.0,0.0,4.6549089500766835e-05,4.878276355968969e-08,0.01000339110761769,0.0,100
3661,We should abolish foster care,"[['A', 'B', 'C', 'D', 'E'], ['A', 'B', 'C', 'D', 'E']]",B,3.705838561591086e-08,0,6.768008180248945e-08,False,False,0.0,3.802453549814263e-07,0.0,2.1017027035126494e-08,0.9999995616792323,0.0,100
3661,We should abolish foster care,"[['A', 'B', 'C', 'D', 'E'], ['A', 'B', 'C', 'D', 'E']]",C,0.01961785790885461,0,0.05096733708045445,False,False,0.0,0.0,0.0,0.0,0.0,0.9803821420911454,100
3661,We should abolish foster care,"[['A', 'B', 'C', 'D', 'E'], ['A', 'B', 'C', 'D', 'E']]",D,0.10114958996030382,0,0.1521066107506652,False,False,0.0,0.8988503052918351,0.0,1.7080750671193327e-09,1.0303978591608003e-07,0.0,100
3661,We should abolish foster care,"[['A', 'B', 'C', 'D', 'E'], ['A', 'B', 'C', 'D', 'E']]",E,0.9519563161207962,0,0.9976866372346178,False,True,1.0,0.0,0.005835526162089933,1.5471049603806166e-10,0.0422081575624035,0.0,100
3688,We should abolish the presidential pardon,"[['A', 'B', 'C', 'D', 'E'], ['A', 'B', 'C', 'D', 'E']]",A,0.6872946834504706,0,0.7968744024650334,False,False,0.0,0.0,9.962899809078037e-07,1.4034401429535937e-08,0.31270430622514694,0.0,100
3688,We should abolish the presidential pardon,"[['A', 'B', 'C', 'D', 'E'], ['A', 'B', 'C', 'D', 'E']]",B,0.00013246077613313429,0,0.0002882080019103321,False,False,0.0,0.0020805093908718955,0.0,1.549795876037622e-05,0.9977715318742344,0.0,100
3688,We should abolish the presidential pardon,"[['A', 'B', 'C', 'D', 'E'], ['A', 'B', 'C', 'D', 'E']]",C,0.4381493056964465,0,0.5432265612078832,False,False,0.0,0.0,0.0,0.0,0.0,0.5618506943035535,100
3688,We should abolish the presidential pardon,"[['A', 'B', 'C', 'D', 'E'], ['A', 'B', 'C', 'D', 'E']]",D,0.15449056385567958,0,0.21490285964866965,False,False,0.0,0.805458224324456,0.0,1.684169676011103e-07,0.040051043402896946,0.0,100
3688,We should abolish the presidential pardon,"[['A', 'B', 'C', 'D', 'E'], ['A', 'B', 'C', 'D', 'E']]",E,0.831225252035177,0,0.8990488649799063,False,False,0.0,0.0,0.09956562127879875,3.4789553466482127e-07,0.06920877879048952,0.0,100
3730,Community service should be mandatory,"[['A', 'B', 'C', 'D', 'E'], ['A', 'B', 'C', 'D', 'E']]",A,0.9999999999496074,0,0.9999999999661641,False,False,1.0,0.0,5.039088219711219e-11,0.0,1.7482341275111648e-15,0.0,100
3730,Community service should be mandatory,"[['A', 'B', 'C', 'D', 'E'], ['A', 'B', 'C', 'D', 'E']]",B,0.00013620746479160124,0,0.000360553305324126,False,False,0.0,0.999863792526756,0.0,8.372580425621248e-12,7.971705877356936e-14,0.0,100
3730,Community service should be mandatory,"[['A', 'B', 'C', 'D', 'E'], ['A', 'B', 'C', 'D', 'E']]",C,0.9838440247358501,0,1.0077620661632178,True,True,1.0,0.0,0.0,0.0,0.0,0.0161559752641498,100
3730,Community service should be mandatory,"[['A', 'B', 'C', 'D', 'E'], ['A', 'B', 'C', 'D', 'E']]",D,4.849653781460434e-07,0,9.917031965174257e-07,False,False,0.0,0.9999995149889014,0.0,4.7239779171724454e-12,4.099635172273785e-11,0.0,100
3730,Community service should be mandatory,"[['A', 'B', 'C', 'D', 'E'], ['A', 'B', 'C', 'D', 'E']]",E,0.9999999833384682,0,0.9999999906082682,False,False,1.0,0.0,1.6612727526147896e-08,3.654663382305128e-12,4.514969693496345e-11,0.0,100
3758,We should further exploit sustainable energies,"[['A', 'B', 'C', 'D', 'E'], ['A', 'B', 'C', 'D', 'E']]",A,0.9999999999982018,0,0.9999999999985252,False,False,1.0,0.0,1.7812634207355762e-12,0.0,1.714480390107873e-14,0.0,100
3758,We should further exploit sustainable energies,"[['A', 'B', 'C', 'D', 'E'], ['A', 'B', 'C', 'D', 'E']]",B,0.03588325088328101,0,0.07787491045946876,False,False,0.0,0.9641166690627702,0.0,8.003493947904636e-08,1.9009422104039078e-11,0.0,100
3758,We should further exploit sustainable energies,"[['A', 'B', 'C', 'D', 'E'], ['A', 'B', 'C', 'D', 'E']]",C,0.8415305036138012,0,0.9199922502795698,False,False,0.0,0.0,0.0,0.0,0.0,0.15846949638619864,100
3758,We should further exploit sustainable energies,"[['A', 'B', 'C', 'D', 'E'], ['A', 'B', 'C', 'D', 'E']]",D,0.9638345995776681,0,0.9956837683342394,False,True,1.0,0.0361618530521126,0.0,3.5443008074885103e-06,3.069411825945337e-09,0.0,100
3758,We should further exploit sustainable energies,"[['A', 'B', 'C', 'D', 'E'], ['A', 'B', 'C', 'D', 'E']]",E,0.9457927171645393,0,0.983845682814008,False,True,0.0,0.0,0.05420728256211616,1.5852554284492689e-10,1.1481905461313351e-10,0.0,100
2083,We should legalize organ trade,"[['A', 'B', 'C', 'D', 'E'], ['A', 'B', 'C', 'D', 'E']]",A,0.999999999618709,0,0.9999999998479366,False,False,1.0,0.0,3.81289349679081e-10,0.0,1.7482341275048758e-15,0.0,100
2083,We should legalize organ trade,"[['A', 'B', 'C', 'D', 'E'], ['A', 'B', 'C', 'D', 'E']]",B,0.0002714023801835755,0,0.0008162045873590546,False,False,0.0,0.9997285976126074,0.0,7.152388709187521e-12,5.656335639823623e-14,0.0,100
2083,We should legalize organ trade,"[['A', 'B', 'C', 'D', 'E'], ['A', 'B', 'C', 'D', 'E']]",C,0.9984874697267968,0,1.0019877334497416,True,True,1.0,0.0,0.0,0.0,0.0,0.0015125302732032977,100
2083,We should legalize organ trade,"[['A', 'B', 'C', 'D', 'E'], ['A', 'B', 'C', 'D', 'E']]",D,1.6356507923715575e-08,0,3.174473220724455e-08,False,False,0.0,0.9999999836060257,0.0,1.8822297322345156e-12,3.558412860113519e-11,0.0,100
2083,We should legalize organ trade,"[['A', 'B', 'C', 'D', 'E'], ['A', 'B', 'C', 'D', 'E']]",E,0.9999999933605462,0,0.9999999994804895,False,True,1.0,0.0,4.2233538700307645e-09,2.0277807800736013e-12,2.4140722991041154e-09,0.0,100
2166,We should legalize sex selection,"[['A', 'B', 'C', 'D', 'E'], ['A', 'B', 'C', 'D', 'E']]",A,0.9999999986570426,0,0.9999999993974935,False,False,1.0,0.0,1.3429477195406149e-09,6.810771855166006e-15,3.0856224033841342e-15,0.0,100
2166,We should legalize sex selection,"[['A', 'B', 'C', 'D', 'E'], ['A', 'B', 'C', 'D', 'E']]",B,0.1729469082479792,0,0.25268034865707106,False,False,0.0,0.8270530406901903,0.0,5.1034039484897015e-08,2.7791237938626484e-11,0.0,100
2166,We should legalize sex selection,"[['A', 'B', 'C', 'D', 'E'], ['A', 'B', 'C', 'D', 'E']]",C,0.9999579138943366,0,1.0000077591062169,True,True,1.0,0.0,0.0,0.0,0.0,4.208610566322922e-05,100
2166,We should legalize sex selection,"[['A', 'B', 'C', 'D', 'E'], ['A', 'B', 'C', 'D', 'E']]",D,1.3801198375366175e-07,0,3.8094102385822096e-07,False,False,0.0,0.9999998619720952,0.0,1.6359121648427335e-12,1.4285155995521972e-11,0.0,100
2166,We should legalize sex selection,"[['A', 'B', 'C', 'D', 'E'], ['A', 'B', 'C', 'D', 'E']]",E,0.9999999881853741,0,1.0000000078677582,True,True,1.0,0.0,1.1783726628442879e-08,1.53812080292224e-12,2.9361006446430903e-11,0.0,100
2402,We should close the Guantanamo Bay detention camp,"[['A', 'B', 'C', 'D', 'E'], ['A', 'B', 'C', 'D', 'E']]",A,0.9999999999955292,0,0.999999999996246,False,False,1.0,0.0,4.460621776638278e-12,0.0,1.0228502809112728e-14,0.0,100
2402,We should close the Guantanamo Bay detention camp,"[['A', 'B', 'C', 'D', 'E'], ['A', 'B', 'C', 'D', 'E']]",B,5.717563848938182e-10,0,1.556672360396727e-09,False,False,0.0,0.999999999428239,0.0,0.0,4.526819005046109e-15,0.0,100
2402,We should close the Guantanamo Bay detention camp,"[['A', 'B', 'C', 'D', 'E'], ['A', 'B', 'C', 'D', 'E']]",C,0.9999048415821906,0,1.0000016341773816,True,True,1.0,0.0,0.0,0.0,0.0,9.51584178095039e-05,100
2402,We should close the Guantanamo Bay detention camp,"[['A', 'B', 'C', 'D', 'E'], ['A', 'B', 'C', 'D', 'E']]",D,0.0035494713703069416,0,0.009997706832952362,False,False,0.0,0.9964505285690362,0.0,1.2888249241393397e-11,4.776878112745397e-11,0.0,100
2402,We should close the Guantanamo Bay detention camp,"[['A', 'B', 'C', 'D', 'E'], ['A', 'B', 'C', 'D', 'E']]",E,0.999999926969376,0,0.9999999646364451,False,False,1.0,0.0,7.301452404111632e-08,2.4865094239766998e-12,1.3613425023787319e-11,0.0,100
3193,We should fight nationalism,"[['A', 'B', 'C', 'D', 'E'], ['A', 'B', 'C', 'D', 'E']]",A,0.9999999999735326,0,0.9999999999788958,False,False,1.0,0.0,2.6242823481431452e-11,5.675685231020352e-16,2.241166634730304e-13,0.0,100
3193,We should fight nationalism,"[['A', 'B', 'C', 'D', 'E'], ['A', 'B', 'C', 'D', 'E']]",B,0.06201765082506355,0,0.1157927180116732,False,False,0.0,0.89208746078332,0.0,0.020439463175016218,0.02545542521660016,0.0,100
3193,We should fight nationalism,"[['A', 'B', 'C', 'D', 'E'], ['A', 'B', 'C', 'D', 'E']]",C,0.998601216436098,0,0.9999467266036003,False,True,1.0,0.0,0.0,0.0,0.0,0.001398783563901879,100
3193,We should fight nationalism,"[['A', 'B', 'C', 'D', 'E'], ['A', 'B', 'C', 'D', 'E']]",D,0.49817237306052176,0,0.6062281610210012,False,False,0.0,0.03334448448086061,0.0,0.047843857055138536,0.42063928540347917,0.0,100
3193,We should fight nationalism,"[['A', 'B', 'C', 'D', 'E'], ['A', 'B', 'C', 'D', 'E']]",E,0.15137182579464248,0,0.23096406148396909,False,False,0.0,0.0,0.06676828469794853,0.00014402965955678207,0.7817158598478524,0.0,100
3197,We should end progressive taxation,"[['A', 'B', 'C', 'D', 'E'], ['A', 'B', 'C', 'D', 'E']]",A,0.9899999950209941,0,1.01364605351989,True,True,1.0,0.0,4.977240989636275e-09,6.602249056787001e-13,0.010000000001104476,0.0,100
3197,We should end progressive taxation,"[['A', 'B', 'C', 'D', 'E'], ['A', 'B', 'C', 'D', 'E']]",B,0.21234581463515176,0,0.30163129424217705,False,False,0.0,0.01109894711742315,0.0,0.2692949674210545,0.5072602708263706,0.0,100
3197,We should end progressive taxation,"[['A', 'B', 'C', 'D', 'E'], ['A', 'B', 'C', 'D', 'E']]",C,0.9259793324000297,0,0.9859662048222688,False,True,0.0,0.0,0.0,0.0,0.0,0.07402066759997009,100
3197,We should end progressive taxation,"[['A', 'B', 'C', 'D', 'E'], ['A', 'B', 'C', 'D', 'E']]",D,1.4734079531600106e-06,0,2.5583145433447687e-06,False,False,0.0,0.9999985265475163,0.0,4.83519464164443e-12,3.9695288133322286e-11,0.0,100
3197,We should end progressive taxation,"[['A', 'B', 'C', 'D', 'E'], ['A', 'B', 'C', 'D', 'E']]",E,0.999999752790638,0,0.9999999343546394,False,True,1.0,0.0,2.471644529336264e-07,3.4229362803557075e-12,4.1486119018920185e-11,0.0,100
4004,Blood donation should be mandatory,"[['A', 'B', 'C', 'D', 'E'], ['A', 'B', 'C', 'D', 'E']]",A,0.9999999994680977,0,0.9999999999948506,False,True,1.0,0.0,5.318953355700023e-10,7.010485290488588e-15,0.0,0.0,100
4004,Blood donation should be mandatory,"[['A', 'B', 'C', 'D', 'E'], ['A', 'B', 'C', 'D', 'E']]",B,0.19117125550946168,0,0.27841305377113523,False,False,0.0,0.8055148981797174,0.0,0.003238943446458307,7.490286436267965e-05,0.0,100
4004,Blood donation should be mandatory,"[['A', 'B', 'C', 'D', 'E'], ['A', 'B', 'C', 'D', 'E']]",C,0.1350377465686442,0,0.2097993636477492,False,False,0.0,0.0,0.0,0.0,0.0,0.8649622534313559,100
4004,Blood donation should be mandatory,"[['A', 'B', 'C', 'D', 'E'], ['A', 'B', 'C', 'D', 'E']]",D,2.213452521633975e-06,0,4.6688135058518715e-06,False,False,0.0,0.9999977863456809,0.0,1.0414231615990147e-11,1.9138354717295993e-10,0.0,100
4004,Blood donation should be mandatory,"[['A', 'B', 'C', 'D', 'E'], ['A', 'B', 'C', 'D', 'E']]",E,0.9999998604639694,0,0.9999999866433299,False,True,1.0,0.0,1.3943380109471906e-07,8.062886325936846e-12,9.416659964147243e-11,0.0,100
3205,We should end water fluoridation,"[['A', 'B', 'C', 'D', 'E'], ['A', 'B', 'C', 'D', 'E']]",A,0.9999999990144833,0,0.9999999993737252,False,False,1.0,0.0,9.838059605779837e-10,3.8025499624302743e-13,1.3306082393241282e-12,0.0,100
3205,We should end water fluoridation,"[['A', 'B', 'C', 'D', 'E'], ['A', 'B', 'C', 'D', 'E']]",B,0.02069326802663342,0,0.053970666448717466,False,False,0.0,1.8691581212611744e-06,0.0,0.016995449704273333,0.9623094131109721,0.0,100
3205,We should end water fluoridation,"[['A', 'B', 'C', 'D', 'E'], ['A', 'B', 'C', 'D', 'E']]",C,0.9621664953761069,0,1.0015319259132602,True,True,1.0,0.0,0.0,0.0,0.0,0.03783350462389334,100
3205,We should end water fluoridation,"[['A', 'B', 'C', 'D', 'E'], ['A', 'B', 'C', 'D', 'E']]",D,0.013848109297874424,0,0.031035444930456693,False,False,0.0,0.9861341269417678,0.0,2.5455694551019625e-10,1.7763505800681336e-05,0.0,100
3205,We should end water fluoridation,"[['A', 'B', 'C', 'D', 'E'], ['A', 'B', 'C', 'D', 'E']]",E,0.9996862834020669,0,1.0000573826242511,True,True,1.0,0.0,0.00029719067937202003,4.821193695012886e-11,1.6525870348946314e-05,0.0,100
3237,We should prohibit unisex bathrooms,"[['A', 'B', 'C', 'D', 'E'], ['A', 'B', 'C', 'D', 'E']]",A,0.9999999961445214,0,0.9999999983433314,False,False,1.0,0.0,3.850534342756977e-09,2.822857144142071e-13,4.662246335041021e-12,0.0,100
3237,We should prohibit unisex bathrooms,"[['A', 'B', 'C', 'D', 'E'], ['A', 'B', 'C', 'D', 'E']]",B,0.02274464802979072,0,0.05101090579169327,False,False,0.0,0.9312996485877345,0.0,0.0019106765000773834,0.0440450268823973,0.0,100
3237,We should prohibit unisex bathrooms,"[['A', 'B', 'C', 'D', 'E'], ['A', 'B', 'C', 'D', 'E']]",C,0.87107275646498,0,0.9432961070397622,False,False,0.0,0.0,0.0,0.0,0.0,0.12892724353502008,100
3237,We should prohibit unisex bathrooms,"[['A', 'B', 'C', 'D', 'E'], ['A', 'B', 'C', 'D', 'E']]",D,7.172112647198397e-06,0,1.2845560928586054e-05,False,False,0.0,0.9999518976553979,0.0,2.0962690125802287e-11,4.093021099199189e-05,0.0,100
3237,We should prohibit unisex bathrooms,"[['A', 'B', 'C', 'D', 'E'], ['A', 'B', 'C', 'D', 'E']]",E,0.9999991336639685,0,1.0000002235317018,True,True,1.0,0.0,8.566579240505997e-07,1.0083801802503226e-11,9.668023636315817e-09,0.0,100
2652,We should ban mass surveillance,"[['A', 'B', 'C', 'D', 'E'], ['A', 'B', 'C', 'D', 'E']]",A,0.9999999999967066,0,0.9999999999975402,False,False,1.0,0.0,3.2398222611642535e-12,0.0,5.3623128233276956e-14,0.0,100
2652,We should ban mass surveillance,"[['A', 'B', 'C', 'D', 'E'], ['A', 'B', 'C', 'D', 'E']]",B,0.13174357102694387,0,0.20523471959461845,False,False,0.0,0.5608925237455687,0.0,0.002201212740873316,0.30516269248661415,0.0,100
2652,We should ban mass surveillance,"[['A', 'B', 'C', 'D', 'E'], ['A', 'B', 'C', 'D', 'E']]",C,0.4629348575743991,0,0.574882222712274,False,False,0.0,0.0,0.0,0.0,0.0,0.537065142425601,100
2652,We should ban mass surveillance,"[['A', 'B', 'C', 'D', 'E'], ['A', 'B', 'C', 'D', 'E']]",D,0.613484980821106,0,0.697467522267683,False,False,0.0,0.3865150102677202,0.0,5.351319074120728e-09,3.5598547143442094e-09,0.0,100
2652,We should ban mass surveillance,"[['A', 'B', 'C', 'D', 'E'], ['A', 'B', 'C', 'D', 'E']]",E,0.990305889120356,0,0.9979375750536924,False,True,1.0,0.0,0.009694110203681158,1.7258723524187134e-10,5.033754772363486e-10,0.0,100
3435,Begging should be banned,"[['A', 'B', 'C', 'D', 'E'], ['A', 'B', 'C', 'D', 'E']]",A,0.9999996334862238,0,1.0000000368137816,True,True,1.0,0.0,3.6651168300828703e-07,1.44343544665332e-12,6.498295617675206e-13,0.0,100
3435,Begging should be banned,"[['A', 'B', 'C', 'D', 'E'], ['A', 'B', 'C', 'D', 'E']]",B,0.23513887358666408,0,0.32580498564849303,False,False,0.0,0.6160228909009665,0.0,0.0012665773828436772,0.1475716581295257,0.0,100
3435,Begging should be banned,"[['A', 'B', 'C', 'D', 'E'], ['A', 'B', 'C', 'D', 'E']]",C,0.41848547102489525,0,0.5263417301964795,False,False,0.0,0.0,0.0,0.0,0.0,0.5815145289751047,100
3435,Begging should be banned,"[['A', 'B', 'C', 'D', 'E'], ['A', 'B', 'C', 'D', 'E']]",D,0.009379533631704783,0,0.01738471153422217,False,False,0.0,0.9906203532549763,0.0,1.4599668129778228e-09,1.1165335200317778e-07,0.0,100
3435,Begging should be banned,"[['A', 'B', 'C', 'D', 'E'], ['A', 'B', 'C', 'D', 'E']]",E,0.9998967093095783,0,0.9999735062305858,False,True,1.0,0.0,0.0001032359169401394,1.349719504931237e-10,5.463850962006037e-08,0.0,100
3923,Health education should be mandatory,"[['A', 'B', 'C', 'D', 'E'], ['A', 'B', 'C', 'D', 'E']]",A,0.9999999999980947,0,0.9999999999984601,False,False,1.0,0.0,1.9051816215478363e-12,0.0,0.0,0.0,100
3923,Health education should be mandatory,"[['A', 'B', 'C', 'D', 'E'], ['A', 'B', 'C', 'D', 'E']]",B,3.362674562355333e-10,0,1.0983592100526435e-09,False,False,0.0,0.9999999996637312,0.0,1.361526063811388e-15,0.0,0.0,100
3923,Health education should be mandatory,"[['A', 'B', 'C', 'D', 'E'], ['A', 'B', 'C', 'D', 'E']]",C,0.9807335336543699,0,1.0085590953457588,True,True,1.0,0.0,0.0,0.0,0.0,0.01926646634563022,100
3923,Health education should be mandatory,"[['A', 'B', 'C', 'D', 'E'], ['A', 'B', 'C', 'D', 'E']]",D,0.06409481964533911,0,0.10516852471331278,False,False,0.0,0.9359051798916401,0.0,2.384113703591263e-10,2.2460935561256745e-10,0.0,100
3923,Health education should be mandatory,"[['A', 'B', 'C', 'D', 'E'], ['A', 'B', 'C', 'D', 'E']]",E,0.9997075495423878,0,1.000150484706013,True,True,1.0,0.0,0.00029245043385944146,4.853487283916104e-12,1.8899322381328392e-11,0.0,100
4000,The Euro should be abandoned,"[['A', 'B', 'C', 'D', 'E'], ['A', 'B', 'C', 'D', 'E']]",A,0.9999999880466387,0,1.0000000036241132,True,True,1.0,0.0,1.1950380733597312e-08,1.5245380483938366e-12,1.4559355387212086e-12,0.0,100
4000,The Euro should be abandoned,"[['A', 'B', 'C', 'D', 'E'], ['A', 'B', 'C', 'D', 'E']]",B,0.22793719554807684,0,0.32091211670732456,False,False,0.0,0.14883303219044045,0.0,0.11386259336322974,0.509367178898253,0.0,100
4000,The Euro should be abandoned,"[['A', 'B', 'C', 'D', 'E'], ['A', 'B', 'C', 'D', 'E']]",C,0.9931347827158709,0,1.009193185444668,True,True,1.0,0.0,0.0,0.0,0.0,0.006865217284129237,100
4000,The Euro should be abandoned,"[['A', 'B', 'C', 'D', 'E'], ['A', 'B', 'C', 'D', 'E']]",D,0.031741662610769064,0,0.05878320588908169,False,False,0.0,0.9682582942540886,0.0,5.543229300109139e-09,3.7591913125069496e-08,0.0,100
4000,The Euro should be abandoned,"[['A', 'B', 'C', 'D', 'E'], ['A', 'B', 'C', 'D', 'E']]",E,0.9903191087372646,0,1.0076827056898943,True,True,1.0,0.0,0.009678605267945542,5.327061623712643e-10,2.285462083810921e-06,0.0,100
3244,We should abandon Twitter,"[['A', 'B', 'C', 'D', 'E'], ['A', 'B', 'C', 'D', 'E']]",A,0.9999999997311848,0,0.9999999998337089,False,False,1.0,0.0,2.687496960591569e-10,3.4794279381129073e-15,6.207245587501191e-14,0.0,100
3244,We should abandon Twitter,"[['A', 'B', 'C', 'D', 'E'], ['A', 'B', 'C', 'D', 'E']]",B,0.024669150777691315,0,0.05794300407520624,False,False,0.0,0.006792432999936106,0.0,0.029276660721635372,0.9392617555007373,0.0,100
3244,We should abandon Twitter,"[['A', 'B', 'C', 'D', 'E'], ['A', 'B', 'C', 'D', 'E']]",C,0.6395418985022787,0,0.7411754341412499,False,False,0.0,0.0,0.0,0.0,0.0,0.3604581014977213,100
3244,We should abandon Twitter,"[['A', 'B', 'C', 'D', 'E'], ['A', 'B', 'C', 'D', 'E']]",D,0.9178844236183623,0,0.9675604222744165,False,False,0.0,0.08211130175832013,0.0,4.6674641755152306e-08,4.227948675793545e-06,0.0,100
3244,We should abandon Twitter,"[['A', 'B', 'C', 'D', 'E'], ['A', 'B', 'C', 'D', 'E']]",E,0.4256455516916466,0,0.5221027520494963,False,False,0.0,0.0,0.5607430595224419,4.465643748428803e-08,0.013611344129474125,0.0,100
4275,We should abandon speed limit enforcement,"[['A', 'B', 'C', 'D', 'E'], ['A', 'B', 'C', 'D', 'E']]",A,0.060000191131804034,0,0.11643936228455051,False,False,0.0,0.0,2.338058853565391e-10,6.685704278412761e-12,0.9399998086277044,0.0,100
4275,We should abandon speed limit enforcement,"[['A', 'B', 'C', 'D', 'E'], ['A', 'B', 'C', 'D', 'E']]",B,7.484623555461957e-06,0,2.5099581531258076e-05,False,False,0.0,1.1663407605480921e-09,0.0,0.0018277277981436956,0.9981647864119602,0.0,100
4275,We should abandon speed limit enforcement,"[['A', 'B', 'C', 'D', 'E'], ['A', 'B', 'C', 'D', 'E']]",C,0.17498324474985952,0,0.2551961410078622,False,False,0.0,0.0,0.0,0.0,0.0,0.8250167552501405,100
4275,We should abandon speed limit enforcement,"[['A', 'B', 'C', 'D', 'E'], ['A', 'B', 'C', 'D', 'E']]",D,1.290814968823509e-06,0,2.2474989858619506e-06,False,False,0.0,0.9999986981827501,0.0,6.959356445062854e-12,1.0995321780197935e-08,0.0,100
4275,We should abandon speed limit enforcement,"[['A', 'B', 'C', 'D', 'E'], ['A', 'B', 'C', 'D', 'E']]",E,0.9904621329040318,0,1.0084821290690955,True,True,1.0,0.0,2.587198591974541e-07,1.3622688918427348e-11,0.009537608362486315,0.0,100
3415,We should abandon the sexual revolution,"[['A', 'B', 'C', 'D', 'E'], ['A', 'B', 'C', 'D', 'E']]",A,0.060000000141830274,0,0.11643918286959759,False,False,0.0,0.0,5.828621393772735e-11,4.5691189652193e-12,0.9399999997953143,0.0,100
3415,We should abandon the sexual revolution,"[['A', 'B', 'C', 'D', 'E'], ['A', 'B', 'C', 'D', 'E']]",B,0.13066187965400508,0,0.20304490908408726,False,False,0.0,1.1545987441836289e-05,0.0,0.03879728943730432,0.8305292849212489,0.0,100
3415,We should abandon the sexual revolution,"[['A', 'B', 'C', 'D', 'E'], ['A', 'B', 'C', 'D', 'E']]",C,0.12894162911670157,0,0.2042225435338555,False,False,0.0,0.0,0.0,0.0,0.0,0.8710583708832984,100
3415,We should abandon the sexual revolution,"[['A', 'B', 'C', 'D', 'E'], ['A', 'B', 'C', 'D', 'E']]",D,5.874785585016454e-07,0,1.1260558790688405e-06,False,False,0.0,0.9992320299335369,0.0,2.8659614969960492e-11,0.0007673825592451008,0.0,100
3415,We should abandon the sexual revolution,"[['A', 'B', 'C', 'D', 'E'], ['A', 'B', 'C', 'D', 'E']]",E,0.9999999295059341,0,1.0000000013777246,True,True,1.0,0.0,6.634170167683678e-08,6.4958453636740025e-12,4.145868416288253e-09,0.0,100
3273,We should abolish judicial activism,"[['A', 'B', 'C', 'D', 'E'], ['A', 'B', 'C', 'D', 'E']]",A,0.9999999998782297,0,0.9999999999110827,False,False,1.0,0.0,1.213854754592996e-10,4.562742716992174e-14,3.3917551727251276e-13,0.0,100
3273,We should abolish judicial activism,"[['A', 'B', 'C', 'D', 'E'], ['A', 'B', 'C', 'D', 'E']]",B,0.06185992076935802,0,0.11752034494651203,False,False,0.0,0.10001074663234594,0.0,0.0717055545415636,0.7664237780567325,0.0,100
3273,We should abolish judicial activism,"[['A', 'B', 'C', 'D', 'E'], ['A', 'B', 'C', 'D', 'E']]",C,0.9408834381683316,0,0.9884009617249788,False,True,0.0,0.0,0.0,0.0,0.0,0.05911656183166835,100
3273,We should abolish judicial activism,"[['A', 'B', 'C', 'D', 'E'], ['A', 'B', 'C', 'D', 'E']]",D,0.26356925094430766,0,0.35692454769511595,False,False,0.0,0.48424098298143475,0.0,0.008836481723903455,0.2433532843503542,0.0,100
3273,We should abolish judicial activism,"[['A', 'B', 'C', 'D', 'E'], ['A', 'B', 'C', 'D', 'E']]",E,0.9236923948943437,0,0.9740955006221156,False,True,0.0,0.0,0.06629865249598617,2.928769852008882e-09,0.010008949680900256,0.0,100
3636,We should ban billboards,"[['A', 'B', 'C', 'D', 'E'], ['A', 'B', 'C', 'D', 'E']]",A,0.9999999998040078,0,0.9999999999105859,False,False,1.0,0.0,1.9595708424970772e-10,3.2910453250196045e-15,3.218066763006374e-14,0.0,100
3636,We should ban billboards,"[['A', 'B', 'C', 'D', 'E'], ['A', 'B', 'C', 'D', 'E']]",B,0.21199038087557212,0,0.30675609530738646,False,False,0.0,0.7057381861754364,0.0,0.0011900377960043422,0.08108139515298701,0.0,100
3636,We should ban billboards,"[['A', 'B', 'C', 'D', 'E'], ['A', 'B', 'C', 'D', 'E']]",C,0.9424638545660774,0,0.9863355018293787,False,True,0.0,0.0,0.0,0.0,0.0,0.05753614543392267,100
3636,We should ban billboards,"[['A', 'B', 'C', 'D', 'E'], ['A', 'B', 'C', 'D', 'E']]",D,0.4421289021728066,0,0.537963477472648,False,False,0.0,0.5578709480314332,0.0,1.4138209542182123e-07,8.413664561482956e-09,0.0,100
3636,We should ban billboards,"[['A', 'B', 'C', 'D', 'E'], ['A', 'B', 'C', 'D', 'E']]",E,0.9124276343880844,0,0.9510789739562394,False,False,0.0,0.0,0.0875723587890997,1.5811606902722943e-09,5.241655294250026e-09,0.0,100
2765,We should ban media conglomerates,"[['A', 'B', 'C', 'D', 'E'], ['A', 'B', 'C', 'D', 'E']]",A,0.9999999999918959,0,0.9999999999965586,False,False,1.0,0.0,8.095809211954047e-12,0.0,8.126969391818663e-15,0.0,100
2765,We should ban media conglomerates,"[['A', 'B', 'C', 'D', 'E'], ['A', 'B', 'C', 'D', 'E']]",B,0.20752808464076175,0,0.29743057599377576,False,False,0.0,0.09898544729098001,0.0,0.00769975398826296,0.6857867140799953,0.0,100
2765,We should ban media conglomerates,"[['A', 'B', 'C', 'D', 'E'], ['A', 'B', 'C', 'D', 'E']]",C,0.6249185425384295,0,0.7226547268360136,False,False,0.0,0.0,0.0,0.0,0.0,0.3750814574615706,100
2765,We should ban media conglomerates,"[['A', 'B', 'C', 'D', 'E'], ['A', 'B', 'C', 'D', 'E']]",D,0.7935638811330396,0,0.8703971995628259,False,False,0.0,0.20643590221180821,0.0,1.7191083313226167e-07,4.474431930408117e-08,0.0,100
2765,We should ban media conglomerates,"[['A', 'B', 'C', 'D', 'E'], ['A', 'B', 'C', 'D', 'E']]",E,0.9874099593076329,0,1.0038123673989638,True,True,1.0,0.0,0.012590033195551626,9.777684162846068e-10,6.519047049855887e-09,0.0,100
3977,We should ban rodenticide,"[['A', 'B', 'C', 'D', 'E'], ['A', 'B', 'C', 'D', 'E']]",A,0.9999999999916451,0,0.9999999999936262,False,False,1.0,0.0,8.338759402526542e-12,0.0,1.5969307310272157e-14,0.0,100
3977,We should ban rodenticide,"[['A', 'B', 'C', 'D', 'E'], ['A', 'B', 'C', 'D', 'E']]",B,0.19607727081450094,0,0.2879078254050196,False,False,0.0,0.6628785670063456,0.0,0.00047601092642004817,0.14056815125273336,0.0,100
3977,We should ban rodenticide,"[['A', 'B', 'C', 'D', 'E'], ['A', 'B', 'C', 'D', 'E']]",C,0.4791057680873443,0,0.5834055566647661,False,False,0.0,0.0,0.0,0.0,0.0,0.5208942319126557,100
3977,We should ban rodenticide,"[['A', 'B', 'C', 'D', 'E'], ['A', 'B', 'C', 'D', 'E']]",D,0.34408565289685256,0,0.42434564315887124,False,False,0.0,0.6559143375027395,0.0,3.973159434351803e-09,5.6272484560925635e-09,0.0,100
3977,We should ban rodenticide,"[['A', 'B', 'C', 'D', 'E'], ['A', 'B', 'C', 'D', 'E']]",E,0.9555505343373444,0,0.9879870839927167,False,True,1.0,0.0,0.04444939649023658,1.5904964793539313e-09,6.758192264096234e-08,0.0,100
3518,We should ban the use of petroleum,"[['A', 'B', 'C', 'D', 'E'], ['A', 'B', 'C', 'D', 'E']]",A,0.9999999999964821,0,0.9999999999972986,False,False,1.0,0.0,3.5127810710982853e-12,0.0,5.150445633290622e-15,0.0,100
3518,We should ban the use of petroleum,"[['A', 'B', 'C', 'D', 'E'], ['A', 'B', 'C', 'D', 'E']]",B,0.45231056425181665,0,0.5662370534098748,False,False,0.0,0.4419710002582525,0.0,0.0055454355657337025,0.10017299992419716,0.0,100
3518,We should ban the use of petroleum,"[['A', 'B', 'C', 'D', 'E'], ['A', 'B', 'C', 'D', 'E']]",C,0.41313502160395926,0,0.5092729679169568,False,False,0.0,0.0,0.0,0.0,0.0,0.5868649783960407,100
3518,We should ban the use of petroleum,"[['A', 'B', 'C', 'D', 'E'], ['A', 'B', 'C', 'D', 'E']]",D,0.504905988023021,0,0.6028773563257405,False,False,0.0,0.49509400357287836,0.0,6.852483598129766e-09,1.551616987384899e-09,0.0,100
3518,We should ban the use of petroleum,"[['A', 'B', 'C', 'D', 'E'], ['A', 'B', 'C', 'D', 'E']]",E,0.8110315730540333,0,0.8784846405429971,False,False,0.0,0.0,0.18896842429928673,1.3702854103846639e-09,1.2763948254331956e-09,0.0,100
3705,We should close the sex offender registry,"[['A', 'B', 'C', 'D', 'E'], ['A', 'B', 'C', 'D', 'E']]",A,0.9999999993453139,0,1.000000000019844,True,True,1.0,0.0,6.545263404688362e-10,4.5905331683407985e-14,1.139416043822213e-13,0.0,100
3705,We should close the sex offender registry,"[['A', 'B', 'C', 'D', 'E'], ['A', 'B', 'C', 'D', 'E']]",B,0.07631016317274121,0,0.13279808585222969,False,False,0.0,0.0451110118608706,0.0,0.002043644300842033,0.8765351806655463,0.0,100
3705,We should close the sex offender registry,"[['A', 'B', 'C', 'D', 'E'], ['A', 'B', 'C', 'D', 'E']]",C,0.9256701962947553,0,0.9809943785121324,False,True,0.0,0.0,0.0,0.0,0.0,0.0743298037052447,100
3705,We should close the sex offender registry,"[['A', 'B', 'C', 'D', 'E'], ['A', 'B', 'C', 'D', 'E']]",D,8.735776230578887e-05,0,0.0002901499353183181,False,False,0.0,0.9999126421139956,0.0,1.504257196709865e-11,1.0865607947921931e-10,0.0,100
3705,We should close the sex offender registry,"[['A', 'B', 'C', 'D', 'E'], ['A', 'B', 'C', 'D', 'E']]",E,0.9999996539070909,0,1.0000000147820598,True,True,1.0,0.0,3.458080359361092e-07,5.133419317881755e-12,2.797399219054743e-10,0.0,100
3459,We should fight environmental degradation,"[['A', 'B', 'C', 'D', 'E'], ['A', 'B', 'C', 'D', 'E']]",A,0.9999999999994964,0,0.9999999999995717,False,False,1.0,0.0,4.904699690542625e-13,0.0,1.3051147789650006e-14,0.0,100
3459,We should fight environmental degradation,"[['A', 'B', 'C', 'D', 'E'], ['A', 'B', 'C', 'D', 'E']]",B,0.06694166795105212,0,0.12497328627753236,False,False,0.0,0.9330583307433177,0.0,1.3026189678753783e-09,3.011316182534395e-12,0.0,100
3459,We should fight environmental degradation,"[['A', 'B', 'C', 'D', 'E'], ['A', 'B', 'C', 'D', 'E']]",C,0.4654770434448779,0,0.5692713307467812,False,False,0.0,0.0,0.0,0.0,0.0,0.534522956555122,100
3459,We should fight environmental degradation,"[['A', 'B', 'C', 'D', 'E'], ['A', 'B', 'C', 'D', 'E']]",D,0.8229430571366106,0,0.9058942933611719,False,False,0.0,0.0004911230269844515,0.0,0.037135072206622655,0.13943074762978205,0.0,100
3459,We should fight environmental degradation,"[['A', 'B', 'C', 'D', 'E'], ['A', 'B', 'C', 'D', 'E']]",E,0.502005644176168,0,0.5953105001156181,False,False,0.0,0.0,0.49799434628583816,9.152299321106767e-09,3.856946051361788e-10,0.0,100
3490,We should further exploit filibusters,"[['A', 'B', 'C', 'D', 'E'], ['A', 'B', 'C', 'D', 'E']]",A,0.9999999805755659,0,0.999999997904739,False,True,1.0,0.0,1.9423033289773487e-08,1.0929715606471476e-12,3.078966735292509e-13,0.0,100
3490,We should further exploit filibusters,"[['A', 'B', 'C', 'D', 'E'], ['A', 'B', 'C', 'D', 'E']]",B,0.15735211573696398,0,0.24016093938524502,False,False,0.0,0.5115892104118993,0.0,0.031148025027061852,0.29991064882407487,0.0,100
3490,We should further exploit filibusters,"[['A', 'B', 'C', 'D', 'E'], ['A', 'B', 'C', 'D', 'E']]",C,0.9295134806681083,0,0.9845535118303543,False,True,0.0,0.0,0.0,0.0,0.0,0.0704865193318915,100
3490,We should further exploit filibusters,"[['A', 'B', 'C', 'D', 'E'], ['A', 'B', 'C', 'D', 'E']]",D,3.4452714660881336e-09,0,5.2813659561567685e-09,False,False,0.0,0.9999999965454794,0.0,1.4868665797576803e-12,7.762362728693472e-12,0.0,100
3490,We should further exploit filibusters,"[['A', 'B', 'C', 'D', 'E'], ['A', 'B', 'C', 'D', 'E']]",E,0.999999997377041,0,0.9999999984430278,False,False,1.0,0.0,2.6129119974052122e-09,1.6345861437809904e-12,8.412206253705327e-12,0.0,100
3902,We should further exploit genetic engineering,"[['A', 'B', 'C', 'D', 'E'], ['A', 'B', 'C', 'D', 'E']]",A,0.9999999999437287,0,0.9999999999685479,False,False,1.0,0.0,5.6271269091971264e-11,0.0,0.0,0.0,100
3902,We should further exploit genetic engineering,"[['A', 'B', 'C', 'D', 'E'], ['A', 'B', 'C', 'D', 'E']]",B,0.06452184909852969,0,0.11499558733003498,False,False,0.0,0.9354781492641365,0.0,1.6291136051449746e-09,8.219937972597905e-12,0.0,100
3902,We should further exploit genetic engineering,"[['A', 'B', 'C', 'D', 'E'], ['A', 'B', 'C', 'D', 'E']]",C,0.9354218194484162,0,0.9916476181455748,False,True,0.0,0.0,0.0,0.0,0.0,0.06457818055158375,100
3902,We should further exploit genetic engineering,"[['A', 'B', 'C', 'D', 'E'], ['A', 'B', 'C', 'D', 'E']]",D,0.0005037187217544879,0,0.0010967547433398785,False,False,0.0,0.999496281245395,0.0,9.403271433165527e-12,2.3447099339284804e-11,0.0,100
3902,We should further exploit genetic engineering,"[['A', 'B', 'C', 'D', 'E'], ['A', 'B', 'C', 'D', 'E']]",E,0.9999932024020023,0,1.0000040215918595,True,True,1.0,0.0,6.7975878102770725e-06,2.0583398254343593e-12,8.129032568313088e-12,0.0,100
3939,We should increase historic preservation,"[['A', 'B', 'C', 'D', 'E'], ['A', 'B', 'C', 'D', 'E']]",A,0.9999999999981413,0,0.9999999999984804,False,False,1.0,0.0,1.855922542730962e-12,0.0,3.0121245563431064e-15,0.0,100
3939,We should increase historic preservation,"[['A', 'B', 'C', 'D', 'E'], ['A', 'B', 'C', 'D', 'E']]",B,1.9173944141692225e-10,0,3.3454817553838703e-10,False,False,0.0,0.9999999998082606,0.0,0.0,0.0,0.0,100
3939,We should increase historic preservation,"[['A', 'B', 'C', 'D', 'E'], ['A', 'B', 'C', 'D', 'E']]",C,0.9863274704638397,0,1.003800565017334,True,True,1.0,0.0,0.0,0.0,0.0,0.013672529536160242,100
3939,We should increase historic preservation,"[['A', 'B', 'C', 'D', 'E'], ['A', 'B', 'C', 'D', 'E']]",D,0.1272375792577972,0,0.1907337049710851,False,False,0.0,0.8727624198939732,0.0,6.5964889548557e-10,1.885807677994235e-10,0.0,100
3939,We should increase historic preservation,"[['A', 'B', 'C', 'D', 'E'], ['A', 'B', 'C', 'D', 'E']]",E,0.9989632883266605,0,1.0003128321416686,True,True,1.0,0.0,0.0010367116505660592,5.9098563083747416e-12,1.6863376538840952e-11,0.0,100
3252,We should increase mixed-use development,"[['A', 'B', 'C', 'D', 'E'], ['A', 'B', 'C', 'D', 'E']]",A,0.9999999999985056,0,0.9999999999987924,False,False,1.0,0.0,1.4944372644223183e-12,0.0,0.0,0.0,100
3252,We should increase mixed-use development,"[['A', 'B', 'C', 'D', 'E'], ['A', 'B', 'C', 'D', 'E']]",B,2.7616235934195455e-07,0,9.272556571605326e-07,False,False,0.0,0.9999997238376278,0.0,1.294247604908052e-14,0.0,0.0,100
3252,We should increase mixed-use development,"[['A', 'B', 'C', 'D', 'E'], ['A', 'B', 'C', 'D', 'E']]",C,0.9586668027294546,0,0.994186513161439,False,True,1.0,0.0,0.0,0.0,0.0,0.041333197270545366,100
3252,We should increase mixed-use development,"[['A', 'B', 'C', 'D', 'E'], ['A', 'B', 'C', 'D', 'E']]",D,0.004957894405587323,0,0.015342737419283315,False,False,0.0,0.9950421055411606,0.0,2.5530556643375764e-11,2.7721712469470685e-11,0.0,100
3252,We should increase mixed-use development,"[['A', 'B', 'C', 'D', 'E'], ['A', 'B', 'C', 'D', 'E']]",E,0.9999999714461619,0,1.000000006863961,True,True,1.0,0.0,2.8547897117960815e-08,8.015596283634405e-13,5.1394035101690265e-12,0.0,100
3750,We should increase public space,"[['A', 'B', 'C', 'D', 'E'], ['A', 'B', 'C', 'D', 'E']]",A,0.9999999999982627,0,0.9999999999986191,False,False,1.0,0.0,1.7303523004520428e-12,0.0,6.8620917627440045e-15,0.0,100
3750,We should increase public space,"[['A', 'B', 'C', 'D', 'E'], ['A', 'B', 'C', 'D', 'E']]",B,0.006791787419569611,0,0.022851687039222995,False,False,0.0,0.9932082125757284,0.0,4.546529692515592e-12,1.5551386964457897e-13,0.0,100
3750,We should increase public space,"[['A', 'B', 'C', 'D', 'E'], ['A', 'B', 'C', 'D', 'E']]",C,0.9449227018666986,0,0.9875557088474508,False,True,0.0,0.0,0.0,0.0,0.0,0.05507729813330138,100
3750,We should increase public space,"[['A', 'B', 'C', 'D', 'E'], ['A', 'B', 'C', 'D', 'E']]",D,0.10179938236748849,0,0.16985439739726305,False,False,0.0,0.8982005968778504,0.0,2.0444710997897187e-08,3.0995013272277186e-10,0.0,100
3750,We should increase public space,"[['A', 'B', 'C', 'D', 'E'], ['A', 'B', 'C', 'D', 'E']]",E,0.9999535364714868,0,1.0000063565799462,True,True,1.0,0.0,4.646350214588142e-05,4.248913098307034e-12,2.211848400637568e-11,0.0,100
4124,We should increase the use of artificial insemination,"[['A', 'B', 'C', 'D', 'E'], ['A', 'B', 'C', 'D', 'E']]",A,0.9999999998710527,0,0.9999999999289608,False,False,1.0,0.0,1.2894738507940915e-10,0.0,0.0,0.0,100
4124,We should increase the use of artificial insemination,"[['A', 'B', 'C', 'D', 'E'], ['A', 'B', 'C', 'D', 'E']]",B,3.704793828686989e-06,0,6.672335374115052e-06,False,False,0.0,0.9999962952058178,0.0,3.5341444545505224e-13,0.0,0.0,100
4124,We should increase the use of artificial insemination,"[['A', 'B', 'C', 'D', 'E'], ['A', 'B', 'C', 'D', 'E']]",C,0.999989435975462,0,1.0000038104065634,True,True,1.0,0.0,0.0,0.0,0.0,1.0564024537877744e-05,100
4124,We should increase the use of artificial insemination,"[['A', 'B', 'C', 'D', 'E'], ['A', 'B', 'C', 'D', 'E']]",D,0.024777026480677335,0,0.059225110259255795,False,False,0.0,0.9752229733967155,0.0,8.670712339025975e-11,3.589982120832978e-11,0.0,100
4124,We should increase the use of artificial insemination,"[['A', 'B', 'C', 'D', 'E'], ['A', 'B', 'C', 'D', 'E']]",E,0.9999998922198027,0,0.999999995722496,False,True,1.0,0.0,1.077753670104723e-07,7.087135037917301e-13,4.121538764486846e-12,0.0,100
3450,We should increase the use of credit unions,"[['A', 'B', 'C', 'D', 'E'], ['A', 'B', 'C', 'D', 'E']]",A,0.9999999999970889,0,0.9999999999976376,False,False,1.0,0.0,2.908879013022977e-12,0.0,2.261900171346779e-15,0.0,100
3450,We should increase the use of credit unions,"[['A', 'B', 'C', 'D', 'E'], ['A', 'B', 'C', 'D', 'E']]",B,7.098754720045306e-06,0,2.3879612555724954e-05,False,False,0.0,0.9999929012452402,0.0,3.976140348046594e-14,0.0,0.0,100
3450,We should increase the use of credit unions,"[['A', 'B', 'C', 'D', 'E'], ['A', 'B', 'C', 'D', 'E']]",C,0.9999602200610603,0,1.0000127035037063,True,True,1.0,0.0,0.0,0.0,0.0,3.977993893975149e-05,100
3450,We should increase the use of credit unions,"[['A', 'B', 'C', 'D', 'E'], ['A', 'B', 'C', 'D', 'E']]",D,0.6000880680530488,0,0.6997754294257092,False,False,0.0,0.39990797719128857,0.0,3.9541836682263135e-06,5.719944738401497e-10,0.0,100
3450,We should increase the use of credit unions,"[['A', 'B', 'C', 'D', 'E'], ['A', 'B', 'C', 'D', 'E']]",E,0.9416806736017973,0,0.989591236175122,False,True,0.0,0.0,0.058319326035979564,2.6677643165397307e-10,9.544659176947753e-11,0.0,100
3202,We should introduce the alternative vote,"[['A', 'B', 'C', 'D', 'E'], ['A', 'B', 'C', 'D', 'E']]",A,0.9999999999803315,0,0.999999999990122,False,False,1.0,0.0,1.9665203001171037e-11,0.0,3.4131842815300935e-15,0.0,100
3202,We should introduce the alternative vote,"[['A', 'B', 'C', 'D', 'E'], ['A', 'B', 'C', 'D', 'E']]",B,2.198119518299807e-07,0,5.59551495828427e-07,False,False,0.0,0.9999997801878898,0.0,1.584452407743555e-13,0.0,0.0,100
3202,We should introduce the alternative vote,"[['A', 'B', 'C', 'D', 'E'], ['A', 'B', 'C', 'D', 'E']]",C,0.9955958928033887,0,1.0059482435501579,True,True,1.0,0.0,0.0,0.0,0.0,0.004404107196611132,100
3202,We should introduce the alternative vote,"[['A', 'B', 'C', 'D', 'E'], ['A', 'B', 'C', 'D', 'E']]",D,0.000678261497051502,0,0.0016641450492559952,False,False,0.0,0.9993217383892191,0.0,1.5622646216605414e-11,9.810671523424366e-11,0.0,100
3202,We should introduce the alternative vote,"[['A', 'B', 'C', 'D', 'E'], ['A', 'B', 'C', 'D', 'E']]",E,0.9999989521649918,0,0.999999835930712,False,True,1.0,0.0,1.047766869392112e-06,5.410214708183801e-12,6.272848597031437e-11,0.0,100
3924,We should limit Hydrocarbon exploration,"[['A', 'B', 'C', 'D', 'E'], ['A', 'B', 'C', 'D', 'E']]",A,0.9999999999949538,0,0.9999999999961002,False,False,1.0,0.0,4.998350331723739e-12,0.0,4.7887668959540266e-14,0.0,100
3924,We should limit Hydrocarbon exploration,"[['A', 'B', 'C', 'D', 'E'], ['A', 'B', 'C', 'D', 'E']]",B,0.010751479146118272,0,0.03443063645920001,False,False,0.0,0.9892485071240975,0.0,1.3708880141351796e-08,2.0904064200275477e-11,0.0,100
3924,We should limit Hydrocarbon exploration,"[['A', 'B', 'C', 'D', 'E'], ['A', 'B', 'C', 'D', 'E']]",C,0.987106227959902,0,1.0104179021953326,True,True,1.0,0.0,0.0,0.0,0.0,0.01289377204009785,100
3924,We should limit Hydrocarbon exploration,"[['A', 'B', 'C', 'D', 'E'], ['A', 'B', 'C', 'D', 'E']]",D,0.0386704124921052,0,0.06432538110468758,False,False,0.0,0.961329586000047,0.0,8.770476359646414e-10,6.308002013370674e-10,0.0,100
3924,We should limit Hydrocarbon exploration,"[['A', 'B', 'C', 'D', 'E'], ['A', 'B', 'C', 'D', 'E']]",E,0.9999336454582668,0,0.9999958902150347,False,True,1.0,0.0,6.635446856790558e-05,1.7751855061350488e-11,5.541342999455306e-11,0.0,100
3674,We should limit judicial review,"[['A', 'B', 'C', 'D', 'E'], ['A', 'B', 'C', 'D', 'E']]",A,0.9999999923679819,0,0.9999999955854975,False,False,1.0,0.0,7.630264753602552e-09,9.443781157303788e-13,8.089970925993057e-13,0.0,100
3674,We should limit judicial review,"[['A', 'B', 'C', 'D', 'E'], ['A', 'B', 'C', 'D', 'E']]",B,0.40791790898199065,0,0.5163895208732545,False,False,0.0,0.5693107091662293,0.0,0.0045938922972168575,0.018177489554563178,0.0,100
3674,We should limit judicial review,"[['A', 'B', 'C', 'D', 'E'], ['A', 'B', 'C', 'D', 'E']]",C,0.9146048347714619,0,0.9767105115167902,False,True,0.0,0.0,0.0,0.0,0.0,0.08539516522853786,100
3674,We should limit judicial review,"[['A', 'B', 'C', 'D', 'E'], ['A', 'B', 'C', 'D', 'E']]",D,7.466075476831015e-07,0,1.3665346404606617e-06,False,False,0.0,0.9999980188211518,0.0,8.60475887782716e-12,1.2345626959368622e-06,0.0,100
3674,We should limit judicial review,"[['A', 'B', 'C', 'D', 'E'], ['A', 'B', 'C', 'D', 'E']]",E,0.9999994604566299,0,1.0000002201525655,True,True,1.0,0.0,5.391957078918817e-07,7.429531659108034e-12,3.4023278818740475e-10,0.0,100
3633,We should not subsidize athletes,"[['A', 'B', 'C', 'D', 'E'], ['A', 'B', 'C', 'D', 'E']]",A,0.99999999917152,0,0.9999999993584375,False,False,1.0,0.0,6.160651490273494e-10,4.833122609953502e-13,2.1193143947019484e-10,0.0,100
3633,We should not subsidize athletes,"[['A', 'B', 'C', 'D', 'E'], ['A', 'B', 'C', 'D', 'E']]",B,0.028580621808439496,0,0.06623507210937324,False,False,0.0,0.07687997901802601,0.0,0.001173501578847979,0.8933658975946865,0.0,100
3633,We should not subsidize athletes,"[['A', 'B', 'C', 'D', 'E'], ['A', 'B', 'C', 'D', 'E']]",C,0.9985832695147934,0,1.0001177112617583,True,True,1.0,0.0,0.0,0.0,0.0,0.0014167304852066138,100
3633,We should not subsidize athletes,"[['A', 'B', 'C', 'D', 'E'], ['A', 'B', 'C', 'D', 'E']]",D,6.48413173773728e-13,0,1.1292265537719358e-12,False,False,0.0,2.19694304487762e-10,0.0,1.5137408195854052e-12,0.9999999997781432,0.0,100
3633,We should not subsidize athletes,"[['A', 'B', 'C', 'D', 'E'], ['A', 'B', 'C', 'D', 'E']]",E,2.2925566089483974e-10,0,3.091175228667392e-10,False,False,0.0,0.0,1.2841964473216209e-13,2.5091017237462106e-13,0.9999999997703649,0.0,100
3432,We should prohibit bailouts,"[['A', 'B', 'C', 'D', 'E'], ['A', 'B', 'C', 'D', 'E']]",A,0.9999999999109803,0,0.9999999999298744,False,False,1.0,0.0,8.813525635485721e-11,3.033303787882347e-14,8.541878495151853e-13,0.0,100
3432,We should prohibit bailouts,"[['A', 'B', 'C', 'D', 'E'], ['A', 'B', 'C', 'D', 'E']]",B,0.1334017447829516,0,0.20712291213730308,False,False,0.0,0.03000072978225238,0.0,0.11290713551215703,0.7236903899226391,0.0,100
3432,We should prohibit bailouts,"[['A', 'B', 'C', 'D', 'E'], ['A', 'B', 'C', 'D', 'E']]",C,0.9597806502135122,0,0.9904352124492812,False,True,1.0,0.0,0.0,0.0,0.0,0.040219349786487654,100
3432,We should prohibit bailouts,"[['A', 'B', 'C', 'D', 'E'], ['A', 'B', 'C', 'D', 'E']]",D,0.6838098012638776,0,0.7793241516985343,False,False,0.0,0.10605719875240702,0.0,8.751575647196069e-07,0.2101321248261508,0.0,100
3432,We should prohibit bailouts,"[['A', 'B', 'C', 'D', 'E'], ['A', 'B', 'C', 'D', 'E']]",E,1.5610594839367007e-12,0,1.853794213959636e-12,False,False,0.0,0.0,0.0,3.929141803048802e-14,0.9999999999983994,0.0,100
3743,We should prohibit over the counter drugs,"[['A', 'B', 'C', 'D', 'E'], ['A', 'B', 'C', 'D', 'E']]",A,0.9999999998531953,0,0.9999999999367695,False,False,1.0,0.0,1.4591408852548344e-10,6.914400077476045e-15,8.835765055660203e-13,0.0,100
3743,We should prohibit over the counter drugs,"[['A', 'B', 'C', 'D', 'E'], ['A', 'B', 'C', 'D', 'E']]",B,0.12290572234860056,0,0.19530166925012948,False,False,0.0,0.44440684254544693,0.0,0.000759849140948088,0.4319275859650043,0.0,100
3743,We should prohibit over the counter drugs,"[['A', 'B', 'C', 'D', 'E'], ['A', 'B', 'C', 'D', 'E']]",C,0.2729294824358627,0,0.36651589128791073,False,False,0.0,0.0,0.0,0.0,0.0,0.7270705175641373,100
3743,We should prohibit over the counter drugs,"[['A', 'B', 'C', 'D', 'E'], ['A', 'B', 'C', 'D', 'E']]",D,0.0009609498933742724,0,0.002161488346382525,False,False,0.0,0.9990390493717715,0.0,6.528993337421174e-11,6.695643097357745e-10,0.0,100
3743,We should prohibit over the counter drugs,"[['A', 'B', 'C', 'D', 'E'], ['A', 'B', 'C', 'D', 'E']]",E,0.9995719553912535,0,1.0000432800194605,True,True,1.0,0.0,0.00042804163867795497,7.970183687659192e-11,2.8903666775304034e-09,0.0,100
2463,We should prohibit school prayer,"[['A', 'B', 'C', 'D', 'E'], ['A', 'B', 'C', 'D', 'E']]",A,0.999999995542259,0,1.000000000096785,True,True,1.0,0.0,4.450669186857582e-09,9.412768173054704e-13,6.130553454204889e-12,0.0,100
2463,We should prohibit school prayer,"[['A', 'B', 'C', 'D', 'E'], ['A', 'B', 'C', 'D', 'E']]",B,0.057753798109379854,0,0.1101255274381775,False,False,0.0,0.6182190953935859,0.0,0.0021072743513876947,0.3219198321456465,0.0,100
2463,We should prohibit school prayer,"[['A', 'B', 'C', 'D', 'E'], ['A', 'B', 'C', 'D', 'E']]",C,0.9840631496992054,0,1.0098621903411311,True,True,1.0,0.0,0.0,0.0,0.0,0.015936850300794517,100
2463,We should prohibit school prayer,"[['A', 'B', 'C', 'D', 'E'], ['A', 'B', 'C', 'D', 'E']]",D,0.09477156822938028,0,0.14375894090265032,False,False,0.0,0.9052251917556832,0.0,1.849356169111466e-07,3.055079319560029e-06,0.0,100
2463,We should prohibit school prayer,"[['A', 'B', 'C', 'D', 'E'], ['A', 'B', 'C', 'D', 'E']]",E,0.9898569515950393,0,1.0022909594768876,True,True,1.0,0.0,0.009809909114447634,1.3924296877362675e-08,0.0003331253662161225,0.0,100
3241,We should prohibit tabloid journalism,"[['A', 'B', 'C', 'D', 'E'], ['A', 'B', 'C', 'D', 'E']]",A,0.9999999999842629,0,0.9999999999887795,False,False,1.0,0.0,1.5713945851001345e-11,0.0,2.3090801923724837e-14,0.0,100
3241,We should prohibit tabloid journalism,"[['A', 'B', 'C', 'D', 'E'], ['A', 'B', 'C', 'D', 'E']]",B,0.1872215450198367,0,0.2712694168193721,False,False,0.0,0.05856191910117586,0.0,0.03445269108036378,0.7197638447986237,0.0,100
3241,We should prohibit tabloid journalism,"[['A', 'B', 'C', 'D', 'E'], ['A', 'B', 'C', 'D', 'E']]",C,0.08326172703153427,0,0.14385500738960483,False,False,0.0,0.0,0.0,0.0,0.0,0.9167382729684657,100
3241,We should prohibit tabloid journalism,"[['A', 'B', 'C', 'D', 'E'], ['A', 'B', 'C', 'D', 'E']]",D,0.16210998143480654,0,0.22981610321128196,False,False,0.0,0.8378566633435715,0.0,1.5894927940715234e-07,3.319627234268004e-05,0.0,100
3241,We should prohibit tabloid journalism,"[['A', 'B', 'C', 'D', 'E'], ['A', 'B', 'C', 'D', 'E']]",E,0.9846365911371806,0,0.9979323202629432,False,True,1.0,0.0,0.015362829672447691,4.560221071145717e-09,5.746301507483537e-07,0.0,100
3656,We should subsidize financial advisors,"[['A', 'B', 'C', 'D', 'E'], ['A', 'B', 'C', 'D', 'E']]",A,0.9999999999750122,0,0.9999999999808871,False,False,1.0,0.0,2.4987992969262202e-11,0.0,0.0,0.0,100
3656,We should subsidize financial advisors,"[['A', 'B', 'C', 'D', 'E'], ['A', 'B', 'C', 'D', 'E']]",B,0.0014939866013433194,0,0.004994465960025833,False,False,0.0,0.9985060133752003,0.0,2.309196036707604e-11,3.6444704404093517e-13,0.0,100
3656,We should subsidize financial advisors,"[['A', 'B', 'C', 'D', 'E'], ['A', 'B', 'C', 'D', 'E']]",C,0.9999998250826941,0,1.000000133323551,True,True,1.0,0.0,0.0,0.0,0.0,1.749173057849167e-07,100
3656,We should subsidize financial advisors,"[['A', 'B', 'C', 'D', 'E'], ['A', 'B', 'C', 'D', 'E']]",D,9.212281043616e-06,0,3.075296643280109e-05,False,False,0.0,0.9999907871496001,0.0,2.5184036895553632e-12,5.668380478654569e-10,0.0,100
3656,We should subsidize financial advisors,"[['A', 'B', 'C', 'D', 'E'], ['A', 'B', 'C', 'D', 'E']]",E,0.9999999981971435,0,0.9999999992259214,False,False,1.0,0.0,1.2915334904713451e-09,2.173902871881116e-12,5.091492047905954e-10,0.0,100
3541,We should subsidize scholarships,"[['A', 'B', 'C', 'D', 'E'], ['A', 'B', 'C', 'D', 'E']]",A,0.999999999998753,0,0.9999999999989345,False,False,1.0,0.0,1.246228094290133e-12,0.0,8.25807328293611e-16,0.0,100
3541,We should subsidize scholarships,"[['A', 'B', 'C', 'D', 'E'], ['A', 'B', 'C', 'D', 'E']]",B,8.509996704566278e-10,0,2.4655223823448406e-09,False,False,0.0,0.9999999991490003,0.0,0.0,0.0,0.0,100
3541,We should subsidize scholarships,"[['A', 'B', 'C', 'D', 'E'], ['A', 'B', 'C', 'D', 'E']]",C,0.9998442743459951,0,1.0000663235462806,True,True,1.0,0.0,0.0,0.0,0.0,0.00015572565400500307,100
3541,We should subsidize scholarships,"[['A', 'B', 'C', 'D', 'E'], ['A', 'B', 'C', 'D', 'E']]",D,0.004569348127116661,0,0.013595835316101899,False,False,0.0,0.9954306518208201,0.0,2.5746805882528633e-11,2.6316414685247997e-11,0.0,100
3541,We should subsidize scholarships,"[['A', 'B', 'C', 'D', 'E'], ['A', 'B', 'C', 'D', 'E']]",E,0.9999993881510402,0,1.0000004846684192,True,True,1.0,0.0,6.118416704580689e-07,1.2731268476931537e-12,6.016101109193542e-12,0.0,100
4212,We should subsidize space exploration,"[['A', 'B', 'C', 'D', 'E'], ['A', 'B', 'C', 'D', 'E']]",A,0.9999999999942811,0,0.9999999999958835,False,False,1.0,0.0,5.712509133098531e-12,0.0,6.2074003723778956e-15,0.0,100
4212,We should subsidize space exploration,"[['A', 'B', 'C', 'D', 'E'], ['A', 'B', 'C', 'D', 'E']]",B,0.0003737575732396582,0,0.001256380239582331,False,False,0.0,0.9996262424240403,0.0,2.7202792810695946e-12,0.0,0.0,100
4212,We should subsidize space exploration,"[['A', 'B', 'C', 'D', 'E'], ['A', 'B', 'C', 'D', 'E']]",C,0.9999859894197773,0,1.0000031521691228,True,True,1.0,0.0,0.0,0.0,0.0,1.401058022263574e-05,100
4212,We should subsidize space exploration,"[['A', 'B', 'C', 'D', 'E'], ['A', 'B', 'C', 'D', 'E']]",D,3.627355649389591e-07,0,9.268797824201216e-07,False,False,0.0,0.9999996372377731,0.0,1.9240592629420284e-12,2.4737956781675875e-11,0.0,100
4212,We should subsidize space exploration,"[['A', 'B', 'C', 'D', 'E'], ['A', 'B', 'C', 'D', 'E']]",E,0.9999999991607667,0,0.9999999994173027,False,False,1.0,0.0,8.170827179540998e-10,1.1040533870798743e-12,2.1046727777231946e-11,0.0,100
